Date,EW,GMV,GMR,MD,MV,MSV,SemiV,WUBC,WLBC,WUBC_Alt,FSD,SSD,SRF_LP,DMV,DMV_Yager,DMV_Return,DMV_Vars,EWMV,RP,HRP,CVaR,MAD
2021-06-14,0.0,0.0,0.0,0.0,0.0,0.0,0.0,0.0,0.0,0.0,0.0,0.0,0.0,0.0,0.0,0.0,0.0,0.0,0.0,0.0,0.0,0.0
2021-06-15,0.0,0.08234122343363444,0.0,0.030362759479471632,0.05825151041962938,0.008207044981309395,2.8292760520753352e-06,0.020095497070014734,0.01952942427571465,0.019526961933849167,5.926481527751548e-11,5.617034615212901e-15,0.0028741923078262344,0.016948202873612282,1.4906709200346313e-10,0.05819644698515723,0.015535710810405095,0.02912575520981471,0.01080287434604238,0.06629325890812553,6.8486882831564344e-15,0.03268385568027358
2021-06-16,0.0,0.014721319885807502,2.0,0.006203895829976967,0.0509790356027278,0.0,1.9999968276006377,0.036633489403601345,0.023939744062507214,0.023947115661925436,1.70865821491617e-11,6.189493362285248e-15,0.06359306139332668,0.02155898253148729,1.5294725208558901e-10,0.0382589690467171,0.01753933713130328,0.025489517801370695,0.0014771316005767893,0.1650834219192278,1.8186840922140846e-14,0.0494185962171146
2021-06-17,0.0,0.02700605418167597,0.0,0.00842544894151406,0.03997399046046858,0.023737473182514415,2.5134317840732294e-06,0.020847452161498088,0.006911978681882001,0.006912688494204858,9.774074605228833e-11,0.11723966017113675,0.14085828988907767,0.015762803756586292,1.6680583303507746e-10,0.03833954237457518,0.01549882694030897,0.019986995230234103,0.0024238492025127414,0.003468012838913837,0.0,0.07407697611511446
2021-06-18,0.0,0.006023075275107053,0.0,0.006252740384882888,0.055329905235650303,0.023737473182514415,2.9315710235766033e-07,0.024788757337718268,0.0016890423027984339,0.0016848113583769059,9.35465316320716e-11,0.11723966017110996,0.11020175158621053,0.02311747485739861,2.0172499781700992e-10,0.05599177153734809,0.021755973711503215,0.027664952617824583,0.0018666257767203445,0.0025229189164968392,1.8802667756112612e-14,0.01674966559277495
2021-06-21,0.0,0.03849764290668282,0.0,0.020381949154922398,0.0764407912684327,0.0,3.1723714741346736e-07,0.045436129844382056,0.026051159285139375,0.026056897836987315,5.108112544061072e-11,1.2601031329495527e-14,0.0538939663360222,0.034082172602366,6.046480677257549e-10,0.06171132971440744,0.03248438697515968,0.03822039563421594,0.0043023944564193894,0.006654382919952309,7.202571872255703e-15,0.09172792556988885
2021-06-22,0.0,0.02805108015189246,0.0,0.019970184001792093,0.020427367481458604,0.1999999999999999,5.601870987247516e-06,0.007998587141011837,0.009149231138961586,0.009149400945012633,6.38378239159465e-16,7.43537176273179e-14,0.018585973561195027,0.016229395402693338,3.4110184121693976e-10,0.06057302327427544,0.011548994679823739,0.010213683740741358,0.004544593170350837,0.045824428914812664,0.0,0.015808594492473182
2021-06-23,0.0,0.014988033780845789,0.0,0.010108844791436571,0.0403709382589873,0.002260185615499388,4.423695908088044e-06,0.024131485443338128,0.029430666934532675,0.02943077748899435,0.0,7.693151671261944e-14,0.10865813887729003,0.026680659109218845,1.4727474795250828e-10,0.05036774025020096,0.022282550146558763,0.020185469129494607,0.002515973717197681,0.0036382144152117997,8.465450562766819e-16,0.04178047399008925
2021-06-24,0.0,0.029403183362058195,2.0,0.011357300659013343,0.03907093568805298,0.002260185615499388,1.9999980278319476,0.009392999023090414,0.007431704534858363,0.007431703705524928,7.871560347982864e-11,1.7052331768852014e-14,0.0,0.020121684851248305,3.8086020448524494e-10,0.07314546137247195,0.017909784134699486,0.019535467844027682,0.003670226884813249,0.22002326474632694,0.0,0.03796856500678192
2021-06-25,0.0,0.01166719572022226,2.0,0.00538457140174481,0.030509514389237602,0.06205971888622999,1.9999987035415616,0.036877318078894696,0.006800375969650989,0.006800375101457069,6.401812413514563e-11,2.439368151918586e-14,0.06360652358361885,0.0288967284273595,3.4626709832785707e-10,0.05287756736803495,0.027902297061687672,0.015254757194620529,0.0006951535116689195,0.07199404072505698,6.522560269672795e-16,0.015720096709230913
2021-06-28,0.0,0.001868886271276461,0.0,0.005307214598572114,0.04194806896552054,0.08485343889645629,5.338524232583378e-07,0.015134954983044088,0.02391382706055497,0.023913991815209153,2.1329438215644814e-11,1.3645334862033565e-14,0.09549576219765317,0.025911998867458676,2.2741844518670007e-10,0.052181001414636635,0.02223479931265087,0.020974034482761243,0.0006684527331392506,0.07237987315104288,8.31799906730879e-15,0.023399307123151386
2021-06-29,0.0,0.03926866157712256,0.0,0.034506753247862475,0.0968879540699189,0.29424997047309276,3.6637231815222363e-07,0.06590188729695287,0.017409364165569777,0.017409488252394856,5.156429450092759e-11,0.0797749468344576,0.10289271334235933,0.05556451887696121,2.646819707852188e-10,0.12120154229277454,0.058902765722699604,0.04844397703495998,0.00927438481686449,0.0794681034579288,0.09385189659184667,0.020140111239308006
2021-06-30,0.0,0.03493567645770318,0.0,0.033394855077803653,0.024561958829439505,0.011731836742543314,2.311304395600273e-08,0.01777860537382326,0.009342333076172375,0.009342465918695253,8.814086960295953e-11,4.50195436485501e-14,0.02575365868048772,0.018393761140178426,3.8178724071080694e-10,0.05307500731084404,0.01792441841879097,0.012280979414722476,0.0069478170266317335,0.008210150130972274,0.0,0.029098699227021976
2021-07-01,0.0,0.001539452307873402,0.0,0.005750040310731518,0.03035375031732352,0.011731836742543314,1.2584198254478816e-08,0.02901402918120971,0.015569246184428509,0.015569227560923708,8.895852110502034e-11,2.963601586358777e-14,0.0555242567635071,0.024010708229642897,1.777107350164897e-10,0.05532483877591156,0.02847520019913201,0.015176875158663707,0.00046757893196243405,0.0008731528959263282,2.1963333929342355e-14,0.04152014747397043
2021-07-02,0.0,0.01247428215064071,0.0,0.0044365725170788396,0.04110070384616508,0.06457593732703604,2.103168160041193e-08,0.010873238485781122,0.017645198559392478,0.017644954815775736,7.957437486716401e-11,0.25262935264200004,0.055317181850994226,0.015636174808821054,1.9578537402420437e-10,0.04399197925482703,0.018065362078657846,0.02055035192308257,0.0019495401584917818,0.18859652038703112,3.1948402257064856e-14,0.03135805117616984
2021-07-06,0.0,0.010808146847418565,0.0,0.0031146265402270854,0.048487884196199225,0.06457593732703604,7.0837800959063975e-09,0.004470048213810822,0.022428979833147254,0.022429045910464795,3.8580791339448695e-11,1.5487611193520934e-14,0.03462027513798185,0.02050316771680198,1.704339169794622e-10,0.047075627405067266,0.01893556467560825,0.024243942098100296,0.0011706823867570215,0.00202748267997864,0.0,0.06498548886908023
2021-07-07,0.0,0.0176056324208044,0.0,0.011402305763081032,0.05271069168526576,0.0,1.36994023644426e-08,0.03554092530442742,0.03684831795090771,0.03684807318384211,5.477435172096534e-11,1.3322676295501878e-15,0.1672018608315654,0.036237785367897686,5.617510900890466e-10,0.05148244672839329,0.03398221781162199,0.02635534584263286,0.0027495275673631303,0.004624741574445278,1.2009490624187436e-14,0.07112499741871181
2021-07-08,0.0,0.07929837538970856,0.0,0.02201847998764471,0.037154484218776596,0.0,7.050577880120308e-09,0.008230302319276746,0.017666603862963155,0.01766701938197144,2.8513788552508856e-11,0.3614526980455889,0.2114306178032623,0.020452534114076392,3.2549371531409577e-10,0.06442434901295606,0.024435159184125456,0.018577242109388624,0.008410120270018973,0.012864414005085641,0.0,0.06833981171124116
2021-07-09,0.0,0.0064891556855611,0.0,0.007589793613424805,0.07075198336798769,0.0,4.61250463879686e-09,0.029550973391450252,0.03741440998420453,0.03741476354789806,8.360676040375381e-11,3.011479954295737e-15,0.06722697339014154,0.02667572745654864,4.967871253258593e-10,0.06170687280796397,0.024066494987246955,0.03537599168399392,0.0007127674601448558,0.003196821246881122,1.2819606487468604e-15,0.1125908672727531
2021-07-12,0.0,0.09383841703930194,0.0,0.016076089701254424,0.042724784675877744,0.0,2.536341672530715e-09,0.033434719706772295,0.023194505026492222,0.023194366985391582,9.942097145554385e-11,0.16160883209461793,0.2308705379046207,0.040553373502473455,2.886306194049837e-10,0.09459300584688753,0.03718383464570972,0.021362392337940676,0.007581632630328822,0.007948643296453485,0.24882440860134633,0.1826118989006255
2021-07-13,0.0,0.013122001793657368,0.0,0.007138739705878493,0.038377105057548995,0.0,8.088197998525553e-09,0.01975560953461232,0.027528040988327687,0.027525690186590193,4.9739878882348876e-11,1.201816424156732e-14,0.22267891690329894,0.01998307699656433,2.7474805763816335e-10,0.049682203726212876,0.020645978610301707,0.0191885525287755,0.0017449105234798867,0.2123166224067948,1.4360387878831204e-13,0.12706744517328683
2021-07-14,0.0,0.00391876880197813,0.0,0.0016347818564207174,0.02164637829500954,0.0,1.1246325573014534e-09,0.012590150511789999,0.011925689703611596,0.011926849017032386,5.060944718859872e-11,5.07788255887931e-14,0.00457773577134226,0.014409990630155769,7.793278522516545e-11,0.028505677743188268,0.01493707526873014,0.01082318914750479,0.0006574862477606927,0.0011805204224002164,0.0,0.07089158270915004
2021-07-15,0.0,0.005566057061798406,0.0,0.0026418248087336014,0.04404792017730889,0.0,6.949748239023968e-09,0.005681945922994551,0.009888196802763913,0.009887832638247704,1.3725355574312204e-10,2.248201624865942e-14,0.18248302319472612,0.019696528713483784,1.3798025222389043e-10,0.06347238449403192,0.016903780909294834,0.02202396008865514,0.0009108178946276232,0.06816801162401032,0.0,0.08652084694270762
2021-07-16,0.0,0.00504505472625392,0.0,0.023817608977801094,0.0756339051314342,0.1918078411668873,8.71075805692524e-09,0.021848621226292494,0.009786804296496192,0.009786804139595533,1.2543610594661914e-10,0.9846812009621084,0.12738195920550227,0.038621106108784456,4.797467006989464e-10,0.08285727140467258,0.048020069575838056,0.03781695256571704,0.003408195408139636,0.1151356141549616,1.3095427520148917e-13,0.07726236706994466
2021-07-19,0.0,0.027639199004644874,0.0,0.016431620528376573,0.07312137203448534,0.11926175335910831,1.3146967896850725e-08,0.004874308777619929,0.014512698738552966,0.014512702344157705,3.563284389773713e-11,4.8155923693116165e-15,0.12243042746423374,0.025154747757918712,1.660822174232024e-10,0.09468786563594525,0.030040058423578764,0.03656068601724285,0.003510190789727155,0.07079689293780674,1.4445042384458873e-14,0.06145417507850528
2021-07-20,0.0,0.010540122784903589,0.0,0.010845272475593193,0.07975155655122992,0.11024238782588074,9.765549017574403e-09,0.01977623983394354,0.01178974385312962,0.011789744750760542,5.6158216965584984e-11,5.009881398621019e-15,0.15536344980335642,0.024190582302322683,1.2516088165881456e-10,0.05985804272800163,0.027758297824409056,0.03987577827561473,0.0019474666327722115,0.0024094220135720545,1.2254086634300165e-14,0.028231250078730667
2021-07-21,0.0,0.009849431883046959,0.0,0.008565970428840126,0.026814915508633012,0.15325854379331738,7.473090694601951e-09,0.018432341117914634,0.024915345764663803,0.02491534164720502,5.095576738334273e-11,1.51684220739412e-14,0.1585129833358196,0.01505970812145916,1.0005712924865406e-10,0.027917512276404963,0.015783905428796076,0.013407457754316544,0.0023818224309886254,0.002256715371859244,0.0,0.021277669915788028
2021-07-22,0.0,0.026817998942515575,0.0,0.019404993655704746,0.07507786237428636,0.17595563939081807,9.31874707120744e-09,0.05123555479218794,0.007763198339821524,0.007763199335385981,4.439361378505424e-11,1.239286451237831e-14,0.15049034312233894,0.04404395751499106,1.8559248582405985e-10,0.08462919189098767,0.050517146886718337,0.037538931187142986,0.0031214946472922916,0.004920217050843612,0.13040720569286224,0.03427889913680337
2021-07-23,0.0,0.02739519536361546,0.0,0.01746623577047669,0.03847945166989629,0.07963404391784752,9.936777421669535e-09,0.023993203424495322,0.019026857387343374,0.01902685456156144,6.530069540655603e-11,6.744604874597826e-15,0.1402549744424299,0.024084968883110666,2.6531958574604886e-10,0.053613145506286604,0.02644810309338836,0.019239725834949366,0.00371101277485171,0.009058678049802968,0.0,0.05897828866443921
2021-07-26,0.0,0.014414780226192431,0.0,0.011964147670509026,0.07061866229231673,0.04232839254220337,4.38932398913066e-08,0.018728873942396584,0.014153949448280176,0.014153945569080555,6.862774237781366e-11,1.9789725413943415e-14,0.04089318569285061,0.03205506012733464,3.496790634827107e-10,0.08103478059971868,0.034461474036072554,0.035309331146158626,0.0014689660013203487,0.07251941457509381,0.0,0.05600471369834334
2021-07-27,0.0,0.006065051407377388,0.0,0.0025940811865227333,0.036221103855970625,0.05582509773817728,1.2773640280097442e-07,0.03269023860497079,0.00888013647122967,0.00888013119755976,5.529396385206553e-11,0.3367261290455482,0.0,0.015453997874061796,1.5133341801920608e-10,0.04396579500407173,0.01770700842878129,0.018110551927985198,0.001452647428015895,0.00174543985512976,0.0,0.033836188819749285
2021-07-28,0.0,0.01745670787096451,0.0,0.004279446182564355,0.023852422759661283,0.14344146190276758,4.97415600982469e-08,0.024306888723748164,0.016235623924692792,0.016235615389727245,3.14649001298406e-11,2.4980018054066022e-15,0.04089318569285061,0.025146687322089824,2.071224719513154e-10,0.04625962657513497,0.02345206282110491,0.011926211379830673,0.001250285914315613,0.0016161338985373266,0.0,0.04529557504336706
2021-07-29,0.0,0.019624503941976564,0.0,0.009600311911035948,0.05500002912647991,0.05378851275563186,9.296615070176103e-08,0.04085159153930876,0.025649149660303114,0.02564912867341606,2.1371793224034263e-15,0.33672612904556537,0.042900902222998735,0.027262179030639794,5.407592013062512e-10,0.07838535920045768,0.030109502939384646,0.027500014563239805,0.0032541083243159755,0.0038149017226165316,1.5248219353836134e-15,0.01471408904953692
2021-07-30,0.0,0.010368227183013026,0.0,0.02570532619089895,0.09701692770846186,0.007018253717984049,1.0012203864161031e-08,0.050222955712025445,0.024519637550233134,0.02451961691067797,1.7033315036218966e-10,5.537237335317968e-15,0.20352315990696535,0.033778631635185866,3.430235956392025e-10,0.10661293961217673,0.04143136581215335,0.04850846385423368,0.0019020891754231162,0.05262916389122335,0.06970242908501278,0.14370329766966666
2021-08-02,0.0,0.023533924659856688,0.0,0.005939113148291198,0.06326382227722549,0.22222222222222227,8.562662979143035e-09,0.07251277350761208,0.0123135595797597,0.012313557359465398,1.7033206789474065e-10,0.20058327933520226,0.0804483814876681,0.045023183516663304,3.0284455498907903e-10,0.07629399118620857,0.04845095030982282,0.03163191113861406,0.001742841419506258,0.06366557746119321,2.2219726059091727e-13,0.09210533403728884
2021-08-03,0.0,0.005317898273160549,0.0,0.007408161995178482,0.05735185935708019,0.0,1.6335165547752235e-08,0.04731175253623099,0.007436410902191777,0.007436410698557654,3.2335245592207684e-15,0.20058327933520895,0.11168028365751134,0.029177400164022822,3.5301465917125796e-10,0.062390179991195394,0.035291115373016484,0.028675929678540123,0.0018595619750661069,0.05572404950863148,1.3478801408339791e-14,0.1080607159393895
2021-08-04,0.0,0.011588080798608078,0.0,0.00702359062616518,0.023092433520837747,0.0837160427222422,1.8885614967748295e-08,0.029511401768255334,0.014285505454793311,0.014285503551161205,0.0,3.0253577421035516e-15,0.0491692554929873,0.017411478306686337,4.767676392569697e-10,0.029697055396023898,0.019859600063010067,0.011546216760418913,0.0005190580688609614,0.0019151284427391113,7.70911112724093e-15,0.003245326400386637
2021-08-05,0.0,0.007026641090605393,0.0,0.012679065829503103,0.05545481038782416,0.03191182746778509,4.184810713453388e-07,0.046004252115155256,0.0005804529749223464,0.0005804562006291661,2.040034807748725e-15,0.2935106717679691,0.09386411278512781,0.032787878193319964,3.391540520647496e-10,0.05971401987288226,0.03793490821541479,0.02772740519391214,0.0009222500278730575,0.05503166154390902,4.225786387479502e-15,0.015097323726167117
2021-08-06,0.0,0.041567992071357425,0.0,0.027704631157806886,0.07135036088772884,0.12405398626186129,4.3654895958969244e-07,0.042662274894658764,0.024894685986748342,0.02489467291672911,2.525757381022231e-15,0.37802352624669255,0.200422622078839,0.02573108828060329,3.5198358117050077e-10,0.08493045283732269,0.035521530822259686,0.035675180443864286,0.005619024765744406,0.20183408498265726,0.0,0.08085166923998766
2021-08-09,0.0,0.012820634572771614,0.0,0.004215364215350602,0.07189954289745568,0.034995052317518,7.131734251334894e-09,0.027066313691430997,0.03480047212907941,0.03480045710067834,4.107224282901001e-11,0.2005832793352441,0.16409211930293366,0.020917821785750502,3.6581758455778157e-10,0.055375800284882384,0.015913483642333984,0.03594977144872797,0.0011736310508672285,0.0040903544589188,0.18658907969756647,0.12517673637590263
2021-08-10,0.0,0.006009610151221735,0.0,0.002973793706325109,0.047097752440261445,0.00028862042502721813,5.304066952997472e-09,0.034413660956654143,0.015974751494740348,0.015974748556361197,5.084090093365745e-11,0.20058327933519876,0.04068716939480379,0.014463711779313694,1.247473235821417e-10,0.042925924422978205,0.015048065332855881,0.023548876220129855,0.0004337622665507232,0.0008983388236327022,0.0,0.05997895174173022
2021-08-11,0.0,0.0018814624426858125,0.0,0.0012766995333606662,0.02400058175738367,0.0893475543693705,2.9256713614612085e-09,0.036849467976765284,0.0003919260903756869,0.0003919259085530119,5.991994400655898e-11,8.770761894538737e-15,0.038215316382098054,0.014558508151384084,1.2145520700279633e-10,0.03130921881239525,0.01648133398948337,0.012000290878692928,0.000601775887930936,0.0009071295021193283,0.0,5.437890963691343e-05
2021-08-12,0.0,0.006594148655174878,0.0,0.0029781749511987353,0.052233577594874944,0.058882830987591096,1.914284196532858e-08,0.06037024242359603,0.009570404438739785,0.009570400888252568,5.030528771321485e-11,1.3281042932078435e-14,0.07264700111624292,0.019194254303615176,2.866446385807464e-10,0.03766390642338856,0.02138630853323855,0.02611678879743845,0.0009202836474840118,0.24063323160607383,9.957312752106873e-16,0.006306055802427098
2021-08-13,0.0,0.011443647643339725,0.0,0.0040487681852516616,0.01920958260442962,0.01412654470962952,6.235500942691853e-09,0.04069603443941405,0.0009412116124901809,0.000941211150022464,4.1072076295556315e-11,1.9949319973733282e-14,0.0020652901388728984,0.012245725907078536,3.310593466032685e-10,0.035777972471876425,0.014829078007428095,0.009604791302215164,0.0016398688913766557,0.0022767808302758402,0.0,0.0110417419097189
2021-08-16,0.0,0.004042351432879624,0.0,0.0021825221870525086,0.03422348439872313,0.003631949622223643,1.0997416249139345e-08,0.052303560973475105,0.0026366531190504944,0.0026366516171036497,0.0,8.520961713998076e-15,0.0020652901388728984,0.018813275739828043,1.774219521299969e-10,0.03874991069658732,0.020699771638416527,0.01711174219937088,0.0005082318977294026,0.0007239376093187908,1.6445178552260131e-15,0.004080171206195851
2021-08-17,0.0,0.004913586335733936,0.0,0.006751130103100775,0.05657829656445407,0.031776810706345957,1.7955033889969453e-08,0.05619021259138233,0.003459766871056799,0.0034597652673507354,6.642748850982372e-11,1.6105172750968677e-14,0.003452568973936308,0.028252184834870686,5.103523298410906e-10,0.053648345502699306,0.03252526979722186,0.028289148282234097,0.002139115615451194,0.0028799696532367247,0.0,0.033501925387376896
2021-08-18,0.0,0.00724054463898904,0.0,0.005115691635220226,0.058424116980323224,0.0448645146130983,9.468523310268454e-09,0.062145060669921336,0.024336031593377216,0.024336022946190188,6.642739136530906e-11,0.1481133623027167,0.10609894559650375,0.025500749752732844,1.846733599375483e-10,0.07566263690158187,0.02829035811686649,0.029212058490162382,0.0029302884336088186,0.004026311095601975,6.415007414162233e-15,0.08885287498272523
2021-08-19,0.0,0.09309096947344664,0.0,0.04737908643455549,0.1266772228814243,0.21183768319566187,8.065212951893834e-09,0.09318323046637177,0.06621439062977508,0.06621437848398598,4.463930614040379e-11,0.2709027350589629,0.08658757888450924,0.05157403084648178,2.644791469164076e-10,0.1415571326560301,0.04848251647909323,0.06333861144071673,0.022504834856013477,0.07150335507002423,0.11409723748224859,0.12723930458156452
2021-08-20,0.0,0.04787614255885578,0.0,0.020631436840014568,0.06055852621003523,0.03594856752331757,1.592176641410798e-08,0.049279516976064905,0.00666563184892624,0.006665623002255962,4.463822367295478e-11,1.2323475573339238e-14,0.11381804569500076,0.023128423227082966,1.9089645142411626e-10,0.05334555072895934,0.027897720715696565,0.03027926310501894,0.003307900981655426,0.008818517068286222,0.0,0.10660289578451136
2021-08-23,0.0,0.015533316643759407,0.0,0.004982910522596579,0.05309056923890561,0.009637975849413546,8.93165895712229e-09,0.028588036121155576,0.0018978145900591936,0.0018978103256962753,2.2065682614424986e-15,4.246603069191224e-15,0.034768220763056704,0.021489156241003823,3.2390139181881494e-10,0.055095560208479874,0.021052858345302912,0.026545284619453012,0.002259085581953528,0.06064447573436425,5.341213582532589e-15,0.029159511838646266
2021-08-24,0.0,0.03408357922673705,0.0,0.013225852109094972,0.08832156846359954,0.026620940767062576,2.11707919968843e-08,0.04793059099036442,0.012706152897719064,0.012706136217306332,3.3987770930998806e-11,0.16791435266576885,0.12838328162272036,0.02513663316963833,2.551322902943909e-10,0.07179065072157478,0.027952060370471446,0.0441607842317992,0.004248786767319476,0.05317609389453028,0.0,0.09550923901193281
2021-08-25,0.0,0.009449170457461253,0.0,0.0028944934289236975,0.029401358942356202,0.03568347246366162,4.570012919032054e-09,0.043502726532343224,0.013212688435906117,0.013212670538146662,3.398895054296247e-11,0.1679143526657718,0.07204497664392404,0.016467392984629126,2.1601816169170007e-10,0.04519544198013454,0.01556030239243239,0.014700679471177619,0.0005521215375422148,0.0012684213053861318,0.0,0.0825765426421766
2021-08-26,0.0,0.006740444405100397,0.0,0.004438870630380943,0.04575849758124319,0.0962168098576739,6.983057740029645e-09,0.0469280504265457,0.009934726318215743,0.009934710980108674,3.615195642847624e-11,9.575673587391975e-15,0.1079759624657646,0.026782353228251572,1.4117883251341112e-10,0.09480421426941046,0.026950174612118315,0.022879248790624238,0.00029639409482747764,0.08677156120717482,5.92755011741275e-15,0.02129665517478063
2021-08-27,0.0,0.005280050501457733,0.0,0.003550589408999904,0.01392218783948929,0.09305846142927932,2.378257353570994e-09,0.018159850033467442,0.006559069182241389,0.006559060981233621,1.9433968323490092e-11,1.0075273948473296e-14,0.07496125449805581,0.01995378424429075,9.6400762372717e-11,0.04535753035726795,0.019297840796021502,0.006961093919744379,0.0006177024262639663,0.08571922283260797,0.0,0.03962932411910742
2021-08-30,0.0,0.010635039518661914,0.0,0.003568807195569285,0.030124906256667063,0.09947694892924289,2.4715448908344623e-09,0.014025481742107188,0.0012853778475159852,0.0012853757174380379,2.953780275927187e-11,2.4702462297909733e-15,0.022786281674480966,0.016207012179805406,1.6648209200109676e-10,0.055016567306549885,0.01657555350593813,0.01506245312833393,0.002347759081498979,0.0033071752819147718,0.0,0.0286765444370212
2021-08-31,0.0,0.003607695159183646,0.0,0.0018068881091893505,0.018106277039675208,0.03830426436231723,9.319846636911924e-10,0.020828596028595027,0.00015807211499280216,0.0001580719970426664,3.124354941430596e-11,1.5265566588595902e-15,0.06818155378279891,0.008721657411279761,7.33963029242446e-11,0.03389893040316746,0.007944074578203994,0.009053138519837967,0.0008639329845267427,0.0013292941265749397,6.37857822116672e-15,0.01994589136669537
2021-09-01,0.0,0.009862367902540295,0.0,0.00531915779904559,0.0304679876167408,0.10521395940264847,5.59117753818575e-09,0.01724838154574849,0.010266071329151812,0.010266061933556253,3.1244146159181696e-11,6.106226635438361e-16,0.06051326989643925,0.011738683825083647,5.4866902687855656e-11,0.040473966704000525,0.012834928361729933,0.015233993808375146,0.0015923505996688347,0.0021238817668853688,0.024354897806132928,0.024908295223874954
2021-09-02,0.0,0.005359468559233267,0.0,0.002757427834103232,0.027507996564742437,0.03180216062869762,6.452265014803477e-09,0.027146536596124423,0.0062684281861062965,0.0062684258126508435,0.0,1.199040866595169e-14,0.09065190057215594,0.013361596196005479,1.459211779186731e-10,0.036146168442694325,0.0166659640137809,0.01375399828237673,0.000950868412775592,0.0010950886050193828,2.216570677004981e-12,0.060578388785143523
2021-09-03,0.0,0.02045144060257126,0.0,0.01974134752985629,0.10757669298047265,0.055952848317259926,2.032107029860883e-09,0.06799968247875898,0.08737516705156814,0.08737513038933178,5.092470889422884e-11,1.27675647831893e-15,0.23674222623479346,0.03988885536043575,1.8699297665847325e-10,0.1177958687011951,0.03334820223338982,0.05378834649023734,0.006593865632673758,0.00982882670925201,2.189327712176503e-12,0.34529848886515946
2021-09-07,0.0,0.004804513046929004,0.0,0.0031301827053372387,0.04537891735306217,0.0,4.495356437550786e-09,0.027286729706179635,0.01959486501465603,0.019594836863965487,5.092300192632848e-11,1.2351231148954867e-14,0.013692343348355,0.021498991434811918,2.2236103236483729e-10,0.046440727012178176,0.020159250469756904,0.02268945867653218,0.00066374871680977,0.0020067786047486894,1.3468826748352924e-13,0.07301782888437527
2021-09-08,0.0,0.015183626272385597,0.0,0.004927505727485287,0.05191699124328957,0.06387863065612975,3.078924097895132e-09,0.03844180046829946,0.009639907293282908,0.009639892997729493,2.248201624865942e-15,3.0808688933348094e-15,0.02020911627652974,0.02135611374047345,1.3568478285375107e-10,0.06107014161559724,0.02268127033823964,0.025958495621644824,0.001906922651922091,0.0022222143265506547,1.031726787337206e-14,0.04433757688277505
2021-09-09,0.0,0.006621493366451052,0.0,0.007336623888248231,0.036370373006601564,0.13719323837225994,5.9820464608068865e-09,0.05355650125904897,0.025378975694217654,0.025378966087042293,2.8449465006019636e-15,5.717648576819556e-15,0.09261196997755758,0.03005948060997942,3.83416590143959e-10,0.06368224339626799,0.026923013614113908,0.018185186503301524,0.0026553832974951577,0.00482923615999227,5.7375978967932895e-15,0.05544994360612878
2021-09-10,0.0,0.0033027061391877484,0.0,0.0038967815753198653,0.028806106732611737,0.021150353193832537,2.7778995695630456e-09,0.03608369468288066,0.018615336243757427,0.018615326343402724,0.0,8.604228440844963e-15,0.07750305939598535,0.014785195414670549,6.713180011885811e-11,0.03519722544832764,0.015897160407721538,0.01440305336630654,0.000362097240390262,0.0007367357195511293,4.8823792231367236e-15,0.09290984648754409
2021-09-13,0.0,0.0296261868532987,0.0,0.008309971356502143,0.06899208751320371,0.12085710625403666,1.013632944258486e-08,0.03138011929574948,0.01017746084547691,0.010177460318181751,4.752524762619004e-11,5.662137425588298e-15,0.058818801053944894,0.02545241231223188,2.398198861719436e-10,0.08181925614119054,0.024173874188865803,0.03449604375660286,0.0027522260892672637,0.00570977261496803,0.0,0.13262696349359523
2021-09-14,0.0,0.0085352569939386,0.0,0.004146941477471225,0.031366598319527796,0.0744673577099084,3.881062336476297e-09,0.03589802348096235,0.0057020768865234245,0.005702076498931896,6.25495766293227e-11,2.3869795029440866e-15,0.03830872331195273,0.0292816087611747,2.9034451232146097e-10,0.05252019569388842,0.03052614414045446,0.015683299159763457,0.001725903150081906,0.0026833386263151113,0.10974808642521358,0.06288037306029186
2021-09-15,0.0,0.011029307330441258,0.0,0.0020126016575659727,0.03990481577556832,0.09019272767354877,6.243712175222563e-09,0.019122531448536925,0.0014687543572958206,0.001468744404769802,5.510576717160376e-11,2.248201624865942e-15,0.023699800605657968,0.014991156731909983,5.462499896857764e-11,0.05308073220995087,0.016388584476882982,0.01995240788778803,0.001423751325567213,0.0026677063497379735,4.2952967571618927e-13,0.03476988002212544
2021-09-16,0.0,0.02595589903104296,0.0,0.014012807630378973,0.051297387597883985,0.07217872974146468,8.044988543969437e-09,0.03011384411813907,0.022699900891956747,0.02269989277884863,6.738050395416195e-11,1.3600232051658168e-15,0.04918120989483631,0.024803793089848758,1.7832901821890346e-10,0.07347663647851337,0.022259603622924673,0.025648693798942135,0.0035890762492227918,0.055660370936045714,4.079193580142082e-13,0.10841315747128767
2021-09-17,0.0,0.013854230702400314,0.0,0.015845789421780155,0.034201226548189,0.11367151368474622,4.831645078421871e-09,0.06987696391287435,0.014561041010680238,0.014561033117716428,1.0577824727242557e-10,2.4147350785597155e-15,0.07553777408416544,0.031751227290015005,1.419307033012629e-10,0.07011367018041242,0.03669214401009209,0.017100613274094532,0.0010810211859860266,0.0050525705533597115,3.648123469979225e-15,0.057645002762565484
2021-09-20,0.0,0.02109885441513228,0.0,0.011553198826450638,0.0678975795012522,0.2376962353854043,1.8725418756346837e-09,0.03740664953178864,0.010814850449688551,0.010814840242748987,1.0577752562745957e-10,4.6629367034256575e-15,0.082575280870402,0.04006389473577051,1.1246928388608524e-10,0.09337676194309,0.03774143640226994,0.03394878975062701,0.004297597131615573,0.06601465838801981,0.03449315759299808,0.14393496742693107
2021-09-21,0.0,0.012808891796617108,0.0,0.009281942516937794,0.05137085552687184,0.2909594966306561,1.0713534233643553e-08,0.039734764914207875,0.0033219871907190987,0.003321986954316361,6.747635783455053e-11,1.3322676295501878e-15,0.025269738051027293,0.019812992583864646,7.280533120823662e-11,0.07248102239891586,0.021579586252968033,0.025685427763435804,0.0018228857950508826,0.08376371691671565,0.11231484394759744,0.02384029483260933
2021-09-22,0.0,0.0032237319057308537,0.0,0.0056416520232946965,0.03896704466464503,0.08772997380175988,7.482635615236795e-09,0.0387961425918243,0.019659189352971902,0.019659188248156316,1.007263578101103e-10,3.394506897791416e-14,0.09307547423032024,0.015062580563293071,6.640976657479314e-11,0.043719776890750746,0.01520332040086271,0.01948352233232256,0.0003739740015716239,0.001275221778725525,2.1163626406917047e-16,0.12161652270097856
2021-09-23,0.0,0.011887363266214241,0.0,0.004819504682886057,0.041733475278647424,0.35092297310823406,4.522262433348956e-09,0.020194953677837045,0.00993727897045786,0.009937278451547897,6.222751480766675e-11,4.0994985184283905e-14,0.08366021718865992,0.01945032896356967,1.0808440253917695e-10,0.05988816529233634,0.016143163885755714,0.02086673763932305,0.0020410967677962633,0.08301201512887327,6.47433495704064e-14,0.08994692364359819
2021-09-24,0.0,0.01873324217886514,0.0,0.021697981699366153,0.03351832151183738,0.1673204307317847,1.645716348464608e-09,0.04427436410249233,0.007978233097605807,0.007978232661560433,2.8033131371785203e-15,5.662137425588298e-15,0.018335511182939433,0.026705253116897067,1.8273042801109085e-10,0.054994681690888225,0.028771568524210644,0.01675916075593037,0.003068356589522883,0.0674575287373615,0.0,0.037105957686021394
2021-09-27,0.0,0.044841223216046,0.0,0.010107237413212872,0.029436899856592605,0.13541656405307628,1.9652826182266866e-09,0.02858365108083167,0.006815274623945593,0.00681527424749391,8.937950379817039e-11,3.191891195797325e-15,0.16628076577896225,0.02138424986558598,1.8631692022541557e-10,0.06711269107952318,0.01545834029388203,0.014718449928309146,0.0062920672435694824,0.06304470685805004,0.0,0.09279818854076269
2021-09-28,0.0,0.009602187210153481,0.0,0.003174354776628833,0.03178616456156862,0.02684997378815482,6.252966845716991e-09,0.019720296370627013,0.008466627875041606,0.008466627413986502,0.0,8.076872504148014e-15,0.13111222719742516,0.023873516963865714,9.720674265523144e-11,0.04315296533083545,0.025309534027994303,0.01589308228079135,0.001770846946977947,0.0018414343413674927,0.0,0.08135748758742242
2021-09-29,0.0,0.029379376078253108,0.0,0.013363696731013236,0.11049036364895863,0.7012690294135782,1.18057722604147e-08,0.0819178355866656,0.047576131730808116,0.04757612276871676,8.937985074286559e-11,5.023759186428833e-15,0.27777124818280813,0.048186377381985016,2.533814130734058e-10,0.09722843823258139,0.05019871714465043,0.055245181824478996,0.003421404158259478,0.04024194329658191,0.17137462679527743,0.10207434929471731
2021-09-30,0.0,0.020166847149716997,0.0,0.008862131329734992,0.10397680529617642,0.541228439572324,5.880083875908157e-09,0.033308207980035184,0.047557394396461894,0.04755738564013434,2.376270014092796e-11,3.0253577421035516e-15,0.20833761915619498,0.03848268290412006,1.5270648634491124e-10,0.09911765940711731,0.028877244190677276,0.05198840264808632,0.005768409215874772,0.009768213307240002,9.21626056721303e-16,0.25316833709952535
2021-10-01,0.0,0.07782174672311573,0.0,0.11913015864925197,0.07064766598811623,0.23664235928811184,1.2919028150358217e-08,0.14404997517685802,0.005043414188069417,0.0050433911773052065,2.376322749686466e-11,5.745404152435185e-15,0.06338742713682664,0.06539980081667386,4.5847275975674506e-10,0.09367988136997495,0.10140173792265364,0.035323832994057204,0.008551541641766594,0.04119759230887194,0.12026113579526296,0.07999263421353354
2021-10-04,0.0,0.02282090708526131,0.0,0.008174872482299792,0.04861874581832684,0.13365216100267766,5.0982968103422416e-09,0.014299755985912953,0.00862184364536922,0.008621840041427194,2.3100410473375632e-11,2.1094237467877974e-15,0.08256043330831828,0.019522273522877477,4.644760964733763e-11,0.04220093580938299,0.021383770583816297,0.02430937290916342,0.0024813342522121834,0.0019039575103096812,6.951036968239066e-15,0.018218945618686123
2021-10-05,0.0,0.013306417366658628,0.0,0.0048735993394619665,0.049255243134896896,0.19767085575755197,1.0317777388624333e-08,0.06546046249383256,0.01983204537501343,0.019832043702313354,2.3098092882811727e-11,1.609823385706477e-15,0.0999393369489146,0.02300366899527622,3.509641188781387e-11,0.04670968288572857,0.031014052201599196,0.02462762156744823,0.002637164243114408,0.005057468352352171,0.018099647983267582,0.06071590876656785
2021-10-06,0.0,0.019140543090287156,0.0,0.02367432667677636,0.07330650297448774,0.15336627465965744,9.350773986354841e-09,0.08031441339675813,0.0036538238512506746,0.0036538218915289494,1.1518563880486e-15,0.27090273505894896,0.08150176598529095,0.032646665444334935,9.080140805917125e-11,0.0834163525477426,0.05001815883497748,0.03665325148724871,0.004758282208851286,0.006809657243451575,0.0,0.055756196356346543
2021-10-07,0.0,0.0022582554530721213,0.0,0.00406835311108333,0.07806284963624553,0.08812878787034106,2.2429373472374245e-09,0.029950879797375922,0.009278657588493285,0.009278656468161423,0.0,6.800116025829084e-16,0.05706684490355447,0.015084009071456697,3.7196537516770434e-11,0.0352708411450514,0.016685735276432554,0.03903142481811836,0.0007395570995779449,0.0014798139821360773,1.817990202823694e-15,0.06081035056616635
2021-10-08,0.0,0.013265499649311606,0.0,0.024930679048262617,0.1379036032881135,0.19925835315418342,3.7270394362963586e-08,0.031279938505668056,0.039371566337523485,0.039371548779785936,1.7208456881689926e-15,4.0245584642661925e-16,0.36779687323425886,0.040937702939538814,1.0400513783537235e-10,0.12822331709252213,0.05001007038638863,0.0689518016440567,0.0036067021927926116,0.06693708171649032,1.2559397966072083e-15,0.19594407385320894
2021-10-11,0.0,0.023944123548987187,0.0,0.004581223436193845,0.08340665376604867,0.3126526353616542,9.83777912187657e-06,0.02827461840668507,0.007049886158315956,0.007049874217449244,1.4710455076283324e-15,3.2057689836051395e-15,0.12664003086864004,0.026127425178848585,7.564678050631102e-11,0.10727997328839078,0.027382731681256076,0.041703326883017575,0.0031795311972484808,0.07516365950430233,2.2620794126737565e-15,0.046895434049414327
2021-10-12,0.0,0.009044055391414441,2.0,0.01470091909345512,0.055775785149678084,0.11672801842469044,1.9999897399671447,0.04296204856397112,0.010917561096556498,0.01091752540891485,1.1379786002407855e-15,2.3869795029440866e-15,0.0,0.029601825080096393,7.022002423973106e-11,0.05674929159852303,0.037607841203108214,0.02788789257484895,0.0022019277815827007,0.0036483966140664764,5.2388648974499574e-15,0.006025821251109235
2021-10-13,0.0,0.010908559737174,0.0,0.006362448785018754,0.060108022429066994,0.13304643901686342,3.2971606774175236e-06,0.0158142016393813,0.018665174622672094,0.01866513002446263,0.0,1.2351231148954867e-15,0.0692501445429809,0.022646515489320153,4.1802242223276664e-11,0.04060481695791569,0.02344617004527888,0.030054011214533216,0.0011164619408932028,0.002055957519470672,4.0314973581701e-15,0.06585093869965163
2021-10-14,0.0,0.0060581237404227625,2.0,0.0023644802606587524,0.01273610585931736,0.05012931817581672,1.9999935938433697,0.012999710146019965,0.004526595834979628,0.004526592796399505,2.858824288409778e-15,3.469446951953614e-16,0.0310969156271377,0.01386936729497086,3.7291530974314924e-11,0.01812656308564833,0.015543637848851589,0.0063680529296545815,0.0015305196538371452,0.002074173952922302,4.440892098500626e-16,0.006211720326356918
2021-10-15,0.0,0.01882563078012384,0.0,0.010769729887829734,0.032843452986021475,0.4581365971330525,2.5263492733718002e-06,0.03288289564460776,0.0015293078321212544,0.0015293066755426993,3.094746681142624e-15,2.0261570199409107e-15,0.12119627801033148,0.01935329007104921,4.4736242488241373e-11,0.08028651242071613,0.01865455128819947,0.016421726493011247,0.003968139289007751,0.004399231975404087,0.04632387068441406,0.07378793944152182
2021-10-18,0.0,0.000751479861394802,0.0,0.006267015585744881,0.09228753493498518,0.09268822574845527,8.831482766884584e-08,0.0007006787067408357,0.01734156836792891,0.01734154685607925,1.124100812432971e-15,1.6930901125533637e-15,0.22422461975781846,0.03216223205057977,7.092985920831296e-11,0.09539139281996249,0.03337146012513239,0.04614376746750393,0.0015783664629965694,0.002746059173717029,2.7124136270373356e-14,0.14940773192719364
2021-10-19,0.0,0.01612324234631459,0.0,0.010540198019170442,0.06676070108237822,0.23464720414760112,1.4161127542594116e-07,0.07570868340499734,0.010082493213497967,0.010082442175875547,2.733924198139448e-15,2.192690473634684e-15,0.0,0.03051095766244455,5.839706496146846e-11,0.08362876107798153,0.046938276231042325,0.0333803505411853,0.0024306780142537426,0.003901488738933194,0.014759866149766043,0.05326918093775798
2021-10-20,0.0,0.018892582740366683,0.0,0.014671573486146262,0.034118117561987384,0.1613232401822643,3.6023011520119175e-07,0.023335162178780997,0.00580187690885086,0.005801839385983887,2.7755575615628914e-15,1.4155343563970746e-15,0.038680774288969946,0.017483459424143546,5.4896004408888643e-11,0.03777882730762349,0.021505417816434478,0.01705905878098836,0.003595018136221581,0.0035901677515393776,5.079270337660091e-14,0.030438510363560232
2021-10-21,0.0,0.25072788851180733,0.0,0.04030969255197282,0.36161346464233346,0.02413039095836342,1.761992047276905e-07,0.039318129315794745,0.24463737089492818,0.1576974721854228,1.4016565685892601e-15,2.7478019859472624e-15,0.46681247854985647,0.06265859960710815,1.0261416716339511e-10,0.28318382185107344,0.04924446463757086,0.1808067323211625,0.017662912244899714,0.08403188482885987,0.16956303340585355,0.37715796934326323
2021-10-22,0.0,0.002642939894792294,0.0,0.023748224865521646,0.03133503369729739,0.10773942983301771,8.198027554092179e-08,0.017073667256910254,0.016047385274584644,2.363486177603402e-09,1.2744340305292923e-10,3.2890357104520263e-15,0.10436181369021497,0.023146146293651807,4.998049196736076e-11,0.029289015075040843,0.03311927007614683,0.015667516848649234,0.0010207510795629676,0.002947272285020841,2.6117996654306808e-14,0.07707583102324575
2021-10-25,0.0,0.07479426194322576,0.0,0.033873120902105806,0.10292645745868531,0.13371226786792706,1.393838762748579e-06,0.04450376683117076,0.051184388992675266,3.274853219159546e-08,1.2744379163098785e-10,2.9004576518332215e-15,0.11468428525308932,0.06491569793348816,1.0217515722388271e-10,0.1314146082865267,0.07413220875778234,0.051463228729343405,0.008599554095285372,0.022547855119650517,2.2593038551121936e-14,0.08246821286661726
2021-10-26,0.0,0.014877434010642251,0.0,0.001956077722368628,0.06572303782390083,0.11150532482866413,1.505754454851142e-06,0.04747092316545624,0.0314703741873494,3.257716969795599e-08,1.0685896612017132e-15,1.2212453270876722e-15,0.09413761037896262,0.03054286032385203,9.314708726559928e-11,0.06732158011407302,0.031053536178942593,0.03286151891194996,0.0022108302985900732,0.0036505910226420357,0.0,0.01721711656100813
2021-10-27,0.0,0.01075584843641078,0.0,0.0026852870730861085,0.036332531384612135,0.14947113747527904,3.993802598815741e-08,0.034852759853747084,0.008126274547114183,1.7136589369748378e-10,1.9819423879852138e-11,1.8735013540549517e-15,0.08345559733539853,0.029848087189454357,4.920379381712081e-11,0.06754087241180491,0.04028007480087535,0.018166265692305936,0.0010340347401972816,0.0020531125123242275,0.0,0.07204715554745993
2021-10-28,0.0,0.017012071522460065,0.0,0.022775291538890078,0.04605680491074027,0.1297873038228201,1.4271247688163597e-08,0.0098028962046313,0.03575918773772289,4.06743131189935e-08,1.9819049179581327e-11,1.970645868709653e-15,0.07074144378280425,0.028555083711275703,7.231433507559615e-11,0.049870664053857046,0.027476585318410296,0.0230284024553696,0.0016616088306050936,0.005417548812549945,9.575673587391975e-15,0.0015346491664645755
2021-10-29,0.0,0.0027577609313774493,0.0,0.0009761286774774481,0.06350687739797686,0.11402320287530143,3.351757431976449e-08,0.027586747566296088,0.0051990898032504215,1.3923173641794406e-08,1.4710455076283324e-15,3.0531133177191805e-16,0.08811728007816128,0.025097841449958646,5.7381766005448753e-11,0.0568118078977477,0.02770173574161723,0.03175343869898663,0.0005353681613470967,0.001923897905299475,9.499345754448996e-15,0.10195090085639207
2021-11-01,0.0,0.002372132344134046,0.0,0.00317000569356951,0.05287194351984844,0.11261486199392877,2.3431850448908638e-08,0.021725394821043104,0.013709651532068531,2.3236110188729064e-08,9.992007221626409e-16,1.1934897514720433e-15,0.03387318256487189,0.03072567025280749,6.234868177301678e-11,0.07496992055247191,0.028583600785081136,0.026435971759930656,0.0008037354349030301,0.19313471920961192,5.637851296924623e-15,0.02579664458307071
2021-11-02,0.0,0.007696095451802898,0.0,0.01535346297088905,0.0981423284262926,0.12183643031194259,2.640449798966379e-08,0.023203611818296117,0.06154875594786348,5.431508475622904e-08,1.8041124150158794e-15,3.7192471324942744e-15,0.17854060070577193,0.028835154396908553,6.367452398681195e-11,0.08937389189894154,0.02283758152696723,0.04907116421314561,0.0016682863133850867,0.14441564953147393,0.0,0.058252297697033016
2021-11-03,0.0,0.18079311365215364,0.0,0.0519651953313219,0.09986315974573419,0.33924297114245394,9.414258540484063e-09,0.01040143518496132,0.03168982867068565,6.839831478977487e-10,1.5265566588595902e-15,0.2107275863875196,0.024240011074371664,0.02966640987930786,2.1942642147720903e-10,0.27300521222989704,0.05926913262161113,0.04993157987287242,0.030231121736608857,0.1125290949330546,5.204170427930421e-15,0.08941221804782791
2021-11-04,0.0,0.006079106706021799,0.0,0.006108974433412192,0.05489896459399729,0.19686167045470693,1.2893968479672923e-09,0.004918286463722771,0.02219590609535802,3.843096807454316e-08,1.8946580415679648e-11,7.216449660063518e-16,0.2233036957145494,0.04295718666413517,9.45813566355369e-11,0.1498909877967423,0.04128806819892131,0.027449482296998638,0.0014126710369078005,0.0021374560115414373,7.566863802210833e-15,0.10074791894405113
2021-11-05,0.0,0.007263179523645344,0.0,0.006834284948453622,0.04839005649525261,0.13013907817827142,4.897273567809378e-09,6.280266452337804e-09,0.011728189641401564,3.867209202867983e-08,1.8946261226560068e-11,1.3877787807814457e-16,0.05687500321798659,0.028831583121267566,8.917987182055498e-11,0.08030215585584606,0.029531863755016045,0.0241950282476307,0.0034311166133250068,0.09721704170575851,1.4953316362920077e-15,0.05421804610638123
2021-11-08,0.0,0.00467255234477213,0.0,0.010722877237217071,0.0434964965789419,0.21406672658989148,5.201998113018599e-10,0.03190337045473757,0.012933388271629383,1.926368829729963e-08,2.213906835635271e-11,6.661338147750939e-16,0.10513750586027397,0.02962008578297541,7.833843296278786e-11,0.05508976330426705,0.039711689266953946,0.02174824828946982,0.0018037844589873786,0.0028545698671447323,3.562428130265971e-14,0.06724852718310584
2021-11-09,0.0,0.008697462282439002,0.0,0.012487723452046486,0.03974517193341087,0.21666711655703647,7.248439083536459e-10,0.031902878110426365,0.016070342853784357,1.670064844055963e-08,2.2139109989716133e-11,6.522560269672795e-16,0.013714850484787065,0.029123415851127134,9.864467576115032e-11,0.0952196665922214,0.043125544982013306,0.01987258596666369,0.004511680402289303,0.14385777730396485,3.732084086216503e-14,0.02561692069831263
2021-11-10,0.0,0.016217302271731293,0.0,0.03951287036642495,0.06299934807488594,0.011184125505928066,1.8393422584747047e-09,0.004750371749577009,0.03798369923834814,3.4253909195203214e-08,5.3719945158903215e-12,1.2490009027033011e-15,0.06390189821533636,0.043991985499995716,8.749220792303447e-11,0.181837715915856,0.04448910715073721,0.03149967403747622,0.0025741737726216393,0.00642842802964887,2.061892323546033e-14,0.03505419547996111
2021-11-11,0.0,0.05927722201876942,0.0,0.035660937708579574,0.05705149569029748,0.011184125505928066,3.64551819827949e-10,0.025676060920206363,0.0002471475528738609,1.0333807143325657e-09,5.372036149253745e-12,1.7892724136124798,0.06350493448451401,0.04839081383718341,8.560202546803453e-11,0.11124055410663727,0.06374463816340753,0.028525747845148094,0.013215337531046423,0.15848099416936648,0.05326746857183538,0.061438096673324824
2021-11-12,0.0,0.025758330590931175,0.0,0.006509127922862329,0.07638892282662368,0.13032185490890524,1.4500231524910243e-09,3.040467422038879e-09,0.06588297887139699,6.84486148316843e-10,3.161595985012866e-11,5.551115123125783e-16,0.13837125566124636,0.03434178859267085,8.081958713379578e-11,0.17293268899762074,0.03374428858784958,0.03819446141331167,0.00415948938548534,0.1487849763868249,2.7356589216154248e-14,0.036694346036513704
2021-11-15,0.0,0.06294842188306475,0.0,0.01984895472772044,0.10148696293809982,0.546872141403554,3.0949056896731103e-09,1.3742857628647926e-09,0.0542947818622307,1.2723170503270431e-09,3.161591821676524e-11,0.8698944169919594,0.17747048490340447,0.04684487552353021,9.740815098968625e-11,0.2230166531677254,0.05074784840087649,0.05074348146904893,0.008705018885406833,0.06691896159658975,0.005065268295345614,0.06657112312142827
2021-11-16,0.0,0.03267194017685014,0.0,0.01071410622178052,0.10500465478554269,0.1838435433843975,2.2351986902774906e-09,1.7817275232694174e-09,0.020372024057677372,1.3651537053571694e-09,3.497202527569243e-15,3.3861802251067274e-15,0.15366162218370696,0.018625768529609652,1.2338743915485395e-10,0.11834180451720289,0.023858675968632465,0.052502327392767424,0.006719102131634104,0.10682566691265875,3.121461422672667e-14,0.0589012637252841
2021-11-17,0.0,0.02940178049679537,0.0,0.014678722260686066,0.16260618196469306,0.23345063018176673,2.1770791743205466e-09,2.0312729827923767e-09,0.0013488837800570835,2.9927446562605375e-09,2.42861286636753e-15,0.8161056801309001,0.14172129251087018,0.03284074470916208,7.327009832192033e-11,0.14441362329963353,0.039937252046800854,0.08130309098233826,0.0038094539327761384,0.005060496831835848,0.026677545533400696,0.054789326739600644
2021-11-18,0.0,0.0016285725870735415,0.0,0.004161615413936337,0.10144133879906822,0.05509886265159462,4.6057676930262425e-09,1.0933656789723541e-07,0.02727374100975881,2.0506987566393242e-09,1.4155343563970746e-15,0.34411145267263515,0.07256588185546353,0.027883648353404723,6.901386406799048e-11,0.10101620484869227,0.04257242321559434,0.05072066939953424,0.002176924674370466,0.0029639054568134614,2.286712486032627e-14,0.17218371572089364
2021-11-19,0.0,0.0925159573446667,0.0,0.06832234009401764,0.1547262391774324,0.04300371394798822,3.3926553286369666e-09,0.02391056148022797,0.11473818709074318,0.04133309401814725,1.6930901125533637e-15,0.11340178482988206,0.11017171641665639,0.03953169770564543,1.4017116634068572e-10,0.18513339686434566,0.03403083117285778,0.0773631195887163,0.002777728973847704,0.16122525736604634,0.17317699550047067,0.2213886330914662
2021-11-22,0.0,0.011666615481627524,0.0,0.013357570340194368,0.08030303318400847,0.0,4.785974798318149e-09,0.003629898874089144,0.009452983292938547,0.009452903878422333,3.164135620181696e-15,6.05765437811101e-15,0.07078373516688136,0.02470676151934446,1.8892193365260823e-10,0.1025179946552594,0.03770447253054233,0.04015151659200274,0.0017470199221683858,0.0030272034001198878,6.654399253847032e-15,0.07858055565580006
2021-11-23,0.0,0.014651539765579254,0.0,0.016705638788028145,0.04378504761284579,0.0,9.178373929722618e-10,0.001762632267629585,0.03780696593600025,0.03187824626216259,1.734723475976807e-15,0.40162542194443895,0.03129101142780299,0.029011470484978284,5.359794552628472e-11,0.05769195164100641,0.029605366291691637,0.02189252380642439,0.0039855159853292715,0.0053426528847723455,4.475586568020162e-15,0.059082616709234655
2021-11-24,0.0,0.012928259716246818,0.0,0.0065275577919204,0.04834757439894648,0.0,1.2101439425252061e-09,0.03051540645606011,0.002550375248501227,1.6671701702219988e-06,0.0,0.40338144859145275,0.01091008843881711,0.023699565797210304,9.004856582617293e-11,0.06484118875236261,0.02909014938635643,0.024173787199479713,0.0022066767175287286,0.0034421546098284024,9.481998519689228e-15,0.020685738924930506
2021-11-26,0.0,0.013148871638684128,0.0,0.010177157976270503,0.07979871285070919,0.0,3.489317490723791e-10,0.0013275380645729144,0.014457313717159102,0.011080613257646671,1.0685896612017132e-15,0.5942590101631997,0.01768042800944422,0.02661492931881203,1.4110165813541187e-10,0.05528456024375495,0.035041072727166375,0.03989935642535412,0.0027492109053077335,0.0034928836964017926,0.05118554561161749,0.09953811363016163
2021-11-29,0.0,0.021782532157114644,0.0,0.015013633679153524,0.12014571081304633,0.0,8.58288955139116e-10,0.004292471049776341,0.02433538108857021,0.01108087433901258,2.5521251778570786e-14,2.220446049250313e-15,0.19410035776246032,0.030951149810498547,1.4268393411231983e-10,0.11481853770971431,0.03631524033542955,0.06007285540652364,0.00534906308682169,0.0037906534178062147,0.033620942689480626,0.0943529559554235
2021-11-30,0.0,0.038856593713091594,0.0,0.02485561906004888,0.04519634908565702,0.0,1.8720879614791333e-09,0.028540849702130926,0.008898363279342979,5.501132022134314e-08,2.4619195571062846e-14,0.34411145267263055,0.07129445364952014,0.01899574268273096,4.2774768449493905e-10,0.07921540912352644,0.02222098133939578,0.02259817454283318,0.0066315712265186885,0.00798949200290476,1.7161619347838553e-14,0.02887982648198494
2021-12-01,0.0,0.017556531281669903,0.0,0.01519982455749223,0.015130604261117751,0.0,7.868745428453051e-10,0.023166780905254595,0.0030551253080149457,3.982099226751412e-09,1.4849232954361469e-15,0.3182325311302139,0.0,0.03262971429807143,8.43416031459654e-11,0.039159209606262485,0.03387087258418465,0.007565302130591298,0.005805937488713608,0.1467206918901858,0.1611321272442415,0.05234996583218157
2021-12-02,0.0,0.055068687067954536,0.0,0.022532108890445567,0.056810519030378315,0.058656570671220126,1.083802870300913e-09,0.13485489612994933,0.037807336103781744,4.952539080227414e-09,1.4849232954361469e-15,3.3029134982598407e-15,0.16636487742524717,0.06790038662762636,2.4270727094766187e-10,0.14179005138355327,0.07889141288267484,0.028405259515214117,0.010908601670892776,0.045205365658365804,4.850991570243268e-15,0.18825426089651603
2021-12-03,0.0,0.03451328548540751,0.0,0.018066094446445205,0.02199407480816116,0.08677660373219928,6.553377397177192e-10,0.03544307594133607,0.002063221648415832,1.179031816622711e-09,4.6363871075705276e-11,2.6922908347160046e-15,0.0878195037833889,0.019574083621488037,2.3508946178640855e-10,0.061069294935697946,0.017859650145825686,0.010997037404088826,0.004141956025827516,0.005529228343630302,4.355099180591848e-14,0.055408530357541425
2021-12-06,0.0,0.02688468384532622,0.0,0.013421760306787664,0.0363624374502873,0.36733999044835747,6.198027250500536e-10,0.017745421387831813,0.009733721082672134,2.779032642896695e-09,6.525469053997313e-11,1.5543122344752192e-15,0.028542699604229522,0.04383993864851232,1.2072921828920613e-10,0.12065417759082553,0.04470715096529581,0.01818121872514336,0.007089726679818512,0.14248049928416168,4.1995947734976835e-14,0.09096609157830997
2021-12-07,0.0,0.009283019488209969,0.0,0.011121356941296451,0.02958169945797606,0.03174038675614129,3.948811582119481e-09,0.026202761054993723,0.012113260175589606,1.9168826595472588e-09,6.122993778667762e-11,0.6440820821534365,0.04108303566426812,0.028608989498018635,1.2961004491884864e-10,0.06182969285729311,0.037698986837374375,0.014790849728990058,0.0015622273716466364,0.003236216018433699,0.0,0.1005757752720625
2021-12-08,0.0,0.017337780723889085,0.0,0.011321658108051984,0.026086257967252918,0.08092653049772378,2.230460696560284e-09,0.01927170276505196,0.01297376328605604,2.341575891517955e-09,4.579669976578771e-15,9.603429163007604e-15,0.04004842590992696,0.011163560857740177,1.2972360685648e-10,0.05359210006194427,0.010176718687054376,0.013043128983626799,0.002623472882081812,0.10274315423681524,4.2926789510164265e-14,0.023265008806673006
2021-12-09,0.0,0.013491834665545509,0.0,0.016502322312233086,0.021040359636339823,0.12066992017400531,6.211336156891446e-10,0.01181779289390739,0.01016478038564058,4.6052607005631074e-09,3.941291737419306e-15,3.219646771412954e-15,0.06701278441012731,0.019214305468185356,3.2944062755557724e-10,0.07914126566338346,0.019103307293354174,0.010520179818169023,0.0026216119214422795,0.10605222524608815,0.047104134926281065,0.0723458601962342
2021-12-10,0.0,0.020688473207622887,0.0,0.015275262867269582,0.038884166913914615,0.1004618131874917,4.01761065381396e-09,0.025901214195425643,0.0031799540305924995,2.2383824169192046e-09,3.164135620181696e-15,0.3037333446052252,0.07940613551784047,0.018844639847185894,8.767578330015624e-11,0.041510891068842,0.023108664897829773,0.01944208345695613,0.004742690532411567,0.0055798535188063825,0.1680167887308954,0.019744473855576716
2021-12-13,0.0,0.040596433506464455,0.0,0.015115225431574893,0.07057090472800487,0.06836051022899946,1.3280099728295176e-08,0.020990682040858494,0.030404727666223458,5.459274657337865e-09,3.3262767540342963e-11,1.6514567491299204e-15,0.08556680456278365,0.02434059631799909,1.647542102745092e-10,0.09096304217583945,0.02461461945854903,0.03528545236400456,0.00469991393101591,0.00787915330686128,1.9761102476589798e-14,0.08904135363159521
2021-12-14,0.0,0.014424021054978772,0.0,0.006460088610939337,0.15108407151714182,0.10419731421023658,9.782325157592472e-07,0.0664718373040371,0.024816183940053013,2.8535806911866857e-09,3.326418307469936e-11,1.5387056078627896,0.18043376561476612,0.039873484602230246,2.165136681053781e-10,0.08773370098872138,0.06211559734672892,0.07554203575857144,0.0044775450730017916,0.0057288078596824735,2.214981670300986e-14,0.08675313312427779
2021-12-15,0.0,0.05349445286851282,0.0,0.0343213023383098,0.14465232224736543,0.27301963762672776,5.982184276105338e-07,0.05670886568800141,0.012073907255111316,8.30544159141633e-09,2.4617044513952635e-11,9.992007221626409e-16,0.1448157753025304,0.04486308672026315,1.1383700926348439e-10,0.11208524579347733,0.04372602173222735,0.07232616112368404,0.006079036667775317,0.011134839835071797,0.1944545526510791,0.2079699403841195
2021-12-16,0.0,0.04285694825947245,0.0,0.03192438031704221,0.04694297945232873,0.0,3.8369184862488193e-07,0.024716325743573558,0.01601402224679547,9.050939185628604e-09,3.366226741796652e-11,0.6219157472374529,0.06039173991099013,0.0145016757704388,9.395527411637516e-11,0.056765826277192406,0.021158012592943778,0.023471489726163808,0.008708610182129893,0.009607323014986263,0.0,0.07158570896131253
2021-12-17,0.0,0.009143912693196369,0.0,0.01200281271187518,0.13151473232131744,0.0,2.171376429815829e-08,0.1727346136486623,0.04789171449775666,2.70825176035272e-08,5.234281064137036e-11,2.8033131371785203e-15,0.14668539188971108,0.060434794520666045,1.339529598354261e-10,0.19621589143319734,0.07776679575580278,0.06575736616063907,0.009451260165722009,0.06499988401832761,7.178285743592028e-15,0.16648108326217387
2021-12-20,0.0,0.028593035683056527,0.0,0.01054899537435991,0.07463607225268709,0.0,6.535986661677166e-09,0.022752503807429235,0.04254392913558732,2.8132361128141437e-08,5.2851542586829225e-11,0.6440820821534429,0.06580795707310959,0.02296254415304747,5.937962621604953e-11,0.13710857033241342,0.02791107298432376,0.037318036126351,0.005353999340666021,0.008735786260198185,5.325601071248798e-16,0.11722267318036529
2021-12-21,0.0,0.010954560769897021,0.0,0.00539627145990713,0.052191047095671586,0.07129729959624112,5.4827154469423315e-09,0.010501411304057129,0.01742527269367794,3.433477044345601e-09,1.8318679906315083e-15,2.942091015256665e-15,0.13563435558942502,0.025096921293424362,2.361190132305069e-10,0.10404906322377153,0.019987955950067988,0.026095523547835668,0.001327593484337787,0.003102860161870613,8.966785647324116e-15,0.12305306755461198
2021-12-22,0.0,0.012247506157006092,0.0,0.006140028097106585,0.028309576963159458,0.07129729959624112,2.3807741217657074e-08,0.0015356184593825596,0.00702655952416658,1.2452855545352914e-08,2.2302173996457952e-11,1.1102230246251565e-15,0.13396147240686576,0.018898053387161662,1.1629340546104316e-10,0.16695320165342814,0.015867345316975808,0.014154788481584413,0.002542305289302174,0.0025970494792898827,1.0536710393083126e-14,0.027889193585252714
2021-12-23,0.0,0.008451875811428563,0.0,0.0026364278266999288,0.022611337680494795,0.0,2.1482675716611365e-09,8.006059327699042e-07,0.020061572533298044,1.0713090879688192e-08,2.706168622523819e-15,2.886579864025407e-15,0.023937496834362564,0.010796691727154773,2.5567090111699997e-11,0.07809478715471094,0.010724282807788766,0.011305668840249014,0.001150035130760084,0.0015608525871700883,3.6099595535077356e-15,0.044017266096456606
2021-12-27,0.0,0.004064334282548744,0.0,0.0015454587327717627,0.02412158618633732,0.0,3.781283532072527e-09,0.004535248298465745,0.011997755428179172,2.1612392910042022e-08,0.0,1.1379786002407855e-15,0.01615458777711546,0.014824916731609631,8.961444086796888e-11,0.043823206839912116,0.014045145527474328,0.012060793093170367,0.0008072436167573943,0.0016687361371724857,3.0878077872387166e-15,0.008259376426406981
2021-12-28,0.0,0.025446629097260934,0.0,0.018412412694854566,0.02730225758992062,0.0,1.4238084350373303e-09,0.001706368872298424,0.004278700160781308,4.32195363594956e-08,2.4251350927428916e-11,5.551115123125783e-16,0.052061375655402885,0.029735301398759614,1.8234642962244862e-10,0.07780762787102867,0.028326906271906444,0.013651128794958708,0.004024906406999242,0.003512882010857317,0.06637736845908053,0.04307220144449916
2021-12-29,0.0,0.0024973327154920967,0.0,0.006385182566037726,0.07902848634555065,0.0,3.0904881583129583e-09,0.0011077366663096754,0.03094651933433791,6.647241021506822e-10,7.482542363490552e-12,8.604228440844963e-16,0.04419833168446392,0.02236525033112816,6.244664507715214e-11,0.0729912369658591,0.026415018433296186,0.039514243172777255,0.0005879888105936731,0.0009443206748580742,7.144545371984279e-14,0.048565099846352835
2021-12-30,0.0,0.019162164762932733,0.0,0.046275117196097094,0.06166071355369468,0.1297074578818816,1.884039963395846e-09,0.0039370432393107955,0.040015319504455166,3.735795776893536e-09,2.163495771423385e-11,6.38378239159465e-16,0.0766761129683369,0.025712546851250403,4.594371411092979e-10,0.13821504567103715,0.02739112989168998,0.030830356776844495,0.0017615729170998157,0.007509527476202198,0.08653549087656737,0.05367827058350397
2021-12-31,0.0,0.006596698433086999,0.0,0.006893104885173249,0.07363010974409681,0.02831100003430516,2.607218512743265e-09,0.0024573602372014586,0.022301667833725752,3.8698738241693675e-09,4.121702978920894e-15,4.440892098500626e-15,0.0820030981399506,0.02180657257233706,4.868600522733857e-10,0.10327366684522954,0.0238851084641386,0.036815054872055074,0.0016410058831472993,0.0016527155055116177,9.13852327144582e-15,0.009902552811934513
2022-01-03,0.0,0.005697763397496761,0.0,0.023846214993967357,0.07123541957945598,0.10568988626399044,5.186978024354299e-10,0.0024572721007655117,0.027181353142149187,1.0929759791666882e-08,4.08006961549745e-15,2.4147350785597155e-15,0.0,0.03815433350182118,1.1067860516966732e-10,0.10807304626094297,0.04275263620516703,0.03561770978972662,0.0020993229851869882,0.01464944327035727,1.7659484985443896e-14,0.00765115190996803
2022-01-04,0.0,0.037997152166781116,0.0,0.026928831069093054,0.07485137231965323,0.015522838524704277,3.119893427906446e-09,2.1709035016689326e-06,0.004905266279187782,1.0096508407109184e-08,1.9459170386149083e-11,3.2751579226442118e-15,0.024205518168383143,0.029361799852844758,1.6742672526159907e-10,0.15595930743532305,0.03699371483523728,0.037425686159826846,0.008432359463211254,0.1046952890325365,0.1071576652940842,0.022073310841077776
2022-01-05,0.0,0.027009166293399195,0.0,0.03241190511763188,0.08116537702023442,0.0678514101769006,4.841151279056689e-09,0.01614264395166668,0.006476089405646271,5.847226793032068e-09,2.4075658133781985e-11,2.192690473634684e-15,0.043653358621302256,0.03539270490818269,1.0285687579436598e-10,0.12732498021019273,0.040611904327861825,0.040582688510110765,0.004489270638713065,0.04792434209912084,0.07336938327150076,0.0839680565257007
2022-01-06,0.0,0.06700589954371133,0.0,0.04352591215217861,0.03649992910924103,0.20927754909452106,1.916297299779232e-09,0.018003108100601867,0.007185239501427368,7.58562282432429e-10,0.0,0.2727077784718923,0.09706761102572588,0.06649058718179736,1.5706579092888973e-10,0.08739055389700544,0.06537122989014363,0.018249964554619476,0.015318028506880348,0.0650043932399845,0.12595086271517808,0.04188364674543921
2022-01-07,0.0,0.01150570089388165,0.0,0.006564249537752042,0.07147358753919997,0.007812018946364227,3.805280966088978e-09,0.018029631907000725,0.003364424693665616,4.376952272844292e-10,2.4429666622971524e-11,1.609823385706477e-15,0.16856354261958295,0.02810968184045465,1.4493872768639449e-10,0.13611175321274788,0.028014115157308665,0.03573679376960017,0.0029294455521540405,0.004233935437032349,2.9386215683047112e-15,0.038605918236423245
2022-01-10,0.0,0.044562756831886735,0.0,0.05793813207625829,0.1192779322311866,0.048596579729097686,1.2449083368033163e-09,0.01155708972191128,3.0495536533503564e-08,6.037702837691228e-08,9.71445146547012e-16,1.27675647831893e-15,0.06440868518866999,0.050797440057542366,8.658983252640695e-11,0.1801503033430955,0.033979549662892135,0.059638966115592926,0.00930813755038365,0.0990816083797203,1.6202317265623378e-15,0.10084072317803608
2022-01-11,0.0,0.007035506002291177,0.0,0.004959211453781839,0.020429678203566552,0.10805587760920198,2.1050287958549323e-09,0.027506516884319713,3.7299560662340525e-10,4.009137766214366e-08,1.2490009027033011e-15,9.43689570931383e-16,0.056921155962216065,0.015801620655637092,1.4372282530761282e-10,0.054218195156080964,0.01661553967344975,0.010214839101779491,0.0011458268771073962,0.04647739325967106,1.3183898417423734e-15,0.03283613009862648
2022-01-12,0.0,0.019368061922296516,0.0,0.02261691793931,0.027111419831355746,0.004439114432346264,2.4735641733315593e-09,0.011431343544331925,3.4464971154779533e-10,8.284300474781237e-09,0.0,1.1102230246251565e-16,0.056921155962216065,0.014281897992730407,1.612368155656796e-10,0.045756383615749414,0.0158220295058958,0.013555709915681502,0.003572390400216771,0.05140204333696558,0.0,0.013946565110158689
2022-01-13,0.0,0.06092567478878831,0.0,0.036424740976507546,0.03493755640507541,0.12129453432696623,1.2718351193845406e-09,0.01146122747418722,1.1030419425073212e-09,6.318784891157225e-09,8.305314769252448e-12,1.1102230246251565e-16,0.08031851565524703,0.009165971942205229,6.568097454806576e-11,0.1717431721167408,0.010576306500050228,0.017468778202538088,0.01576594172867825,0.1402259993190355,7.077671781985373e-16,0.020965231965761274
2022-01-14,0.0,0.03903897612456531,0.0,0.01927406928446834,0.04572975949111298,0.25400265611240436,1.10896078881509e-08,0.0349588425973246,4.871074862911051e-10,9.026760128261202e-08,2.177959201876689e-11,1.6653345369377348e-16,0.020072868383159102,0.032063804802499596,1.1631426377611831e-10,0.3302230683776116,0.03019881999815537,0.02286487974555739,0.004581692466041745,0.007120627495034039,0.06764553646435553,0.09763314853765792
2022-01-18,0.0,0.004113553966099524,0.0,0.005625830182533828,0.041161504129107934,0.0652534537846954,5.711616732881137e-09,0.018097932574999438,4.829818420204468e-10,4.893552237039689e-09,3.049496766216464e-11,6.661338147750939e-16,0.03771697888360079,0.013394602357805293,4.647712770200485e-11,0.09378249155821732,0.013536474818484004,0.0205807520645543,0.0010419774676751759,0.0012831212450729462,1.259409243559162e-15,0.036283190628911076
2022-01-19,0.0,0.04832705885375429,0.0,0.0390462085172661,0.06878087590250866,0.0946024525307594,1.910531232747709e-08,0.08943987611125538,2.5038407180932865e-09,4.208448106710061e-06,3.524133762589088e-11,3.3306690738754696e-16,0.054340705672518926,0.0645443082115472,1.1023523760478326e-10,0.2030817127828547,0.06058112696584472,0.034390437951254384,0.017357108350303616,0.02349604097617701,1.016547956922409e-15,0.04317773478267134
2022-01-20,0.0,0.03239319527324846,0.0,0.016002837586379007,0.16396834241189015,0.1279786951890767,6.069222180840584e-09,0.011012449895167198,6.825625470385788e-08,0.015114404166403056,3.680040994158418e-11,5.551115123125783e-16,0.12551379942483454,0.057014364016163666,1.6809810488016552e-10,0.1889697960975755,0.03981287690970328,0.08198417120594864,0.008924351660018315,0.09227917863096938,1.0130785099704553e-15,0.07037535240716637
2022-01-21,0.0,0.04010085813718571,0.0,0.02627508719660089,0.0627425731085543,0.28072787053277615,4.475228925807902e-09,0.04715541834762147,1.260493158392051e-07,0.0031826624084084,2.869753046308432e-11,5.551115123125783e-17,0.07490367481802726,0.031714721558528135,8.306479115649523e-11,0.20594841656078436,0.03125488499132031,0.031371286554275506,0.004714530651143731,0.08710427501547559,0.10309390107696698,0.039638154633217376
2022-01-24,0.0,0.24575726760693933,0.0,0.17402940998852276,0.06254002116818658,0.09030887093979909,4.643657643139807e-09,0.17349538095018743,7.43259877533653e-08,0.03081438538136761,2.838060342291726e-11,0.11410350101985156,0.03835205521410477,0.10841095910417013,2.502668766668492e-10,0.23043701529986182,0.15709793172012368,0.03127001058409336,0.029624339286873545,0.14773906062016542,0.39245859699767965,0.06696445850966735
2022-01-25,0.0,0.09514517932535847,0.0,0.021961583471166692,0.02287274507012529,0.11069005546976113,9.078144557685662e-09,0.016769694964631047,4.1231939945651774e-08,0.010489584311537882,2.6156798949017457e-11,4.996003610813204e-16,0.21375828594409665,0.025837297729778518,1.0161073371595108e-10,0.12405306806515339,0.032111379825514645,0.011436372535062717,0.007449912255334042,0.10521094342090957,3.642919299551295e-16,0.03546220349357613
2022-01-26,0.0,0.03783519491251163,0.0,0.027274684586027942,0.05003158108763809,0.5793275758243364,2.5126682974238966e-09,0.007654125971931441,3.477676138730068e-08,0.006987624621966559,2.6157132015924844e-11,0.001221540268727228,0.044314689672420596,0.02558451270165595,8.675760110321562e-11,0.1357335236641383,0.034074375852550104,0.025015790543818944,0.005039546065954796,0.0612247435575176,0.09627343682841433,0.05505429077446313
2022-01-27,0.0,0.024563528035435114,0.0,0.018588371948811327,0.11463819987660348,0.4194313507007536,1.016325874390667e-09,0.00837417913578815,0.021024279799832624,0.040917980077729746,5.069360209386531e-11,7.216449660063518e-16,0.05763014308990916,0.03924900630062352,2.410278088227358e-10,0.08321743381349267,0.036452919591210386,0.05731909993830224,0.0009672326892423144,0.0027697764199172276,0.05986982994090502,0.09966886633732039
2022-01-28,0.0,0.01712837518855998,0.0,0.02722698535763796,0.10450571141101637,0.0979120495284214,8.46321668311907e-09,0.06465961067103157,0.015890281147432662,0.03847078003519892,5.1254944732903596e-11,0.9002482760170839,0.050438881413793796,0.05427493888712901,4.964915978344919e-10,0.125844799500536,0.062183389253346814,0.05225285570550924,0.0033893691287029196,0.009363551688326595,0.11779571487314255,0.10053826821326348
2022-01-31,0.0,0.05813019978975757,0.0,0.02726077532864709,0.0453950409027524,0.32210664642961045,2.581143347519831e-09,0.003830747154847966,0.005915348852490711,0.0017746824984137821,1.278045724806276e-11,1.3822276656583199e-14,0.03267128063197462,0.02080082469563242,2.2325331860972852e-10,0.0817177638637378,0.03066052518616285,0.022697520451379787,0.00739815337586696,0.011257903663391106,4.874572967494828e-15,0.048661275554199225
2022-02-01,0.0,0.031094957154615355,0.0,0.044587937308239824,0.06931569450298342,0.12658574929998617,1.1869174438778913e-08,0.005181758257995973,0.020179734455978905,0.01566429334962839,1.332901844453005e-11,0.014799546384065693,0.020643582681228456,0.027758095811793396,2.38929792617526e-10,0.12185649880949766,0.02692994181827589,0.03465784725149222,0.01115935636429137,0.014265050513763387,0.0,0.05160315734441019
2022-02-02,0.0,0.012671382809671974,0.0,0.017945886588062978,0.13425350669225875,0.0,2.0849885777024258e-09,0.02542948021530436,0.04860926504108435,0.05940232345960318,7.983794181321002e-12,6.411537967210279e-15,0.1589132555914876,0.035489386180964096,8.914467775067436e-11,0.1808354617746584,0.03466204708790783,0.06712675334612929,0.0018264118934183601,0.0049125679799095,1.826663820203578e-15,0.17436127891474304
2022-02-03,0.0,0.07743919375547773,0.0,0.2372481655491124,0.06846122883057763,0.0,4.0072472196744166e-09,0.03954690042571362,0.09020229501812763,0.06632038178777902,1.909698787994074e-11,0.938383557909259,0.09031049181396353,0.032128439373278625,5.040278361345685e-09,0.20708482361619485,0.053362023287965236,0.034230614415288935,0.005938074418627502,0.1164661498017252,4.119968255444917e-15,0.008539177361818043
2022-02-04,0.0,0.08948958915026121,0.0,0.04663372705523848,0.08842491091653235,0.0,7.338004184040147e-09,0.017034927511628602,0.03564186464506768,7.330914265912813e-08,1.8707591031841275e-11,0.06060306656411667,0.10176418130770036,0.0530190017001434,2.849327176979166e-09,0.1895507860972038,0.05729724540752615,0.04421245545826642,0.00900931876718166,0.020210489120386782,0.09954471039091778,0.013877792365374925
2022-02-07,0.0,0.08152305117557844,0.0,0.08541104659315918,0.062169693562255046,0.0,4.2939380284811325e-09,0.005862022592940039,0.005517489932367767,7.172224874424371e-08,2.789110609136003e-11,1.6375789613221059e-15,0.056860836071404366,0.03577580385776121,1.2398472665209326e-09,0.164010980977956,0.027362860039428557,0.0310848467811278,0.0070524670499440695,0.027003541092747017,1.426636586643326e-14,0.0009846401213782635
2022-02-08,0.0,0.010373805267556322,0.0,0.014524712781868525,0.045540096546303435,0.0,5.834868254646687e-09,0.010911287177516688,0.012063609666628373,9.832127207051733e-07,2.271664800712614e-11,0.8272940604860561,0.039705956774755566,0.022362601722610884,2.0133789774279265e-09,0.04920252096228341,0.035462807347677115,0.02277004827315135,0.002617813481513444,0.004062793995843278,1.4771170397942512e-14,0.01179488545074285
2022-02-09,0.0,0.02109432561944043,0.0,0.014500680355059274,0.04996389416470657,0.0,2.9201378079456057e-09,0.016098820593031297,0.011593825840907887,0.024752460560744156,1.714289821208581e-11,0.010034256451323886,0.02759662941134744,0.01789178941340651,1.4369823109205981e-09,0.06222137700424651,0.02085129862586441,0.024981947082353448,0.002724923348085745,0.055772731956015696,2.7113727929517495e-15,0.0033268167085476474
2022-02-10,0.0,0.018880533675273634,0.0,0.04150015298305909,0.06537132617512376,0.0,3.5476028289784675e-09,0.0025273479624472084,0.011323908538271817,0.04758161917297095,2.7970556426559767e-11,4.246603069191224e-15,0.09110103214625187,0.03164653670267459,1.2603995208637642e-09,0.09101314354514148,0.038122381170705606,0.03268566308756187,0.003076102353867266,0.08576905908601759,1.5171891520893155e-13,0.0036398989460909997
2022-02-11,0.0,0.015834496059154293,0.0,0.012951315685634228,0.025627463914372785,0.038152361744509034,1.7795663009378637e-09,0.019120013705855463,0.01373812392637213,0.01626617814593881,3.026061345945408e-11,0.02093178241546803,0.05567391718249114,0.027715256326603807,1.1557934054273744e-09,0.04389782141977423,0.03367729648078435,0.012813731957186339,0.005068406777440047,0.006752786971986842,0.06301798729383958,0.0071108396015381325
2022-02-14,0.0,0.022632703537670187,0.0,0.020789235218994645,0.08139246027673021,0.7097259323262202,6.673305010329951e-09,0.04504935766705689,0.02283942792872539,0.025239847873759887,3.7168018662825375e-11,0.035270157985041795,0.08804724950992995,0.048272394560265885,1.110141617521876e-09,0.10922942233142309,0.059339306901055815,0.04069623013836529,0.004413802592427747,0.005640876866560875,0.06360564906990779,0.026810473846972452
2022-02-15,0.0,0.006346485675918878,0.0,0.011606375697400789,0.04480346081411747,0.9148483116816059,1.0152312820322692e-09,0.009765291812205777,0.030571149244739027,0.026471520744022876,2.496415574260169e-11,7.494005416219807e-16,0.11543056313505266,0.023487036155129717,1.091215853787908e-09,0.07663442724640329,0.022048036966956543,0.02240173040705877,0.00017595996988052642,0.0030152852091485036,1.942890293094024e-15,0.036283826323848065
2022-02-16,0.0,0.019775887616674873,0.0,0.019122161874335172,0.0713321079199269,0.8262678524677824,9.289623461735693e-09,0.007496449261026778,0.004064825328913835,0.011541355208353213,2.3518201275329886e-11,1.304512053934559e-15,0.005987067519733279,0.023782086106078335,1.1365302962640378e-08,0.07535665599086501,0.029876067708908962,0.0356660539599636,0.004380897464337868,0.005016935857416208,0.0,0.040872017794892856
2022-02-17,0.0,0.009394568564707126,0.0,0.014069596444847796,0.0568765499376367,0.16861528926959252,2.409715318816766e-10,0.0044781991155832986,0.04839284832432002,0.01804417961280417,1.6336085262302902e-11,0.04474941715383621,0.02900049450657557,0.019024800601644888,3.1333866057359216e-11,0.04847735114779348,0.014050886585958686,0.02843827496881835,0.003351903620278429,0.004878268677724298,1.974982677399595e-14,0.11177303417131963
2022-02-18,0.0,0.00957639122508729,0.0,0.023831603938769534,0.11853643260688601,0.39083770396611894,7.101535669649763e-09,0.011200547183075879,0.09737249176670987,0.02484647593832702,1.4909767864779155e-11,0.05045459651022205,0.13936787456065966,0.044027719792888435,3.286598770912974e-11,0.13500528368420747,0.04295250473572963,0.05926821630344299,0.009527552161490142,0.06260994975170545,0.0,0.16911786895879463
2022-02-22,0.0,0.006441682078155926,0.0,0.011330721837847557,0.07898850219072535,0.2987961384778568,6.65480609568625e-09,0.0016727251932700032,0.04871119431106518,0.003486668176124162,2.620878514214553e-11,0.863993784283885,0.060575831602389274,0.037454215095621045,1.511267500031721e-11,0.09688068335441759,0.04481811612583378,0.03949425109536266,0.003689631730656423,0.0028526604125759317,1.7286519438108883e-14,0.0032428727135303675
2022-02-23,0.0,0.015391287737027462,0.0,0.018524629763767373,0.06105011906787357,0.17437170163006338,9.089188931401732e-09,0.021142343291596453,0.025527639106776856,0.02218596674782205,2.9200017404029666e-11,0.8639937842838945,0.05684580246366143,0.026346684913664896,2.001561416609121e-11,0.10460665518123181,0.031674156476078574,0.03052505953393707,0.002849419597527901,0.004043027450123568,0.22534095936184814,0.004280992523655706
2022-02-24,0.0,0.0414134224462511,0.0,0.025282525786361365,0.10252466673875354,0.6027599023815985,6.4152817508468124e-09,0.021328932004016164,0.03132372634455536,0.01878580596179595,2.0911813947144253e-11,0.019505213991509424,0.05202909220020774,0.038852715182618555,1.8049770011963062e-11,0.2009309253585232,0.041384034813545585,0.05126233336937771,0.005880822627795046,0.03705432587523257,0.05568483232037296,0.036628538285630216
2022-02-25,0.0,0.05423196200334912,0.0,0.031822901260605094,0.05266008480197452,1.336099941413154,1.0740777254113946e-08,0.0036071033637886845,0.015535690009982228,0.005640186698956953,2.0912077625112602e-11,2.7200464103316335e-15,0.055337326700303585,0.011535093686990475,4.394208608093919e-11,0.2407674406215402,0.022588495425577,0.02633004240098665,0.009849477786199677,0.02562170507491455,0.0,0.01920077582539983
2022-02-28,0.0,0.01474243567142167,0.0,0.015926254393028562,0.042524461533514475,1.3360999414131542,1.3355555122336004e-09,0.012961886283296814,0.004956220621682918,1.199297352469375e-07,1.7486012637846216e-15,7.16093850883226e-15,0.0,0.017058541088660516,2.2335355787106437e-11,0.05960081157560561,0.021341456301046672,0.021262230766757366,0.0033859443963486294,0.006353680453264954,8.673617379884035e-16,0.01915465256868759
2022-03-01,0.0,0.0032598449636088035,0.0,0.010672582358678854,0.053928179803821134,0.08434748693853987,1.6180184647554712e-09,0.00748847492967821,0.03278440748730274,5.2133385920749564e-08,3.738076514991917e-11,0.9139779895847622,0.02534637558051764,0.026364668553175683,1.5817555598651722e-11,0.07703454803758826,0.02375631612516808,0.026964089901909682,0.0017569228962388966,0.004554002135158289,2.636779683484747e-16,0.01780877412577676
2022-03-02,0.0,0.011215441994730223,0.0,0.019028085714330505,0.06531911110328897,0.5141612874877346,1.6853965291525373e-08,0.020019421510466,0.0009926773552522417,6.38665183586018e-08,3.737968268247016e-11,1.2073675392798577e-15,0.07612319313347943,0.028656990077569115,4.434760891847134e-11,0.06635502936084489,0.034229789831887125,0.03265955555164505,0.003607101141648847,0.004365485658157614,0.09214535564568824,0.06963981314124937
2022-03-03,0.0,0.026356566045472124,0.0,0.018329656796403863,0.07799923802284138,0.4613590653850186,6.630870360353155e-09,0.011027285796914704,0.012088836072540174,5.118878015908379e-09,5.897421440081985e-12,0.9349921370401373,0.04473377404738915,0.02246584053690753,6.679824748889729e-11,0.06477105391406407,0.024679112133799638,0.038999619011419,0.004242639879649263,0.007983163020283505,1.4030443473700416e-14,0.046066670908781075
2022-03-04,0.0,0.009595283864763883,0.0,0.013769576154160114,0.027183105833767388,0.007505957465998386,1.5667582828285704e-09,0.012734916364053285,0.019903588570426387,1.0181546709897571e-08,6.661338147750939e-16,0.0990312163006026,0.0031688003878685422,0.022784330939254114,4.5013853755548894e-11,0.05704297556198703,0.02025182782443315,0.013591552916883728,0.0030801035082539743,0.003060384748840593,6.654399253847032e-15,0.017659966580914177
2022-03-07,0.0,0.0042175493429143255,0.0,0.003077368986756842,0.06937152297167606,2.0,7.192911914720548e-09,0.007436491682637786,0.027842035584101414,7.076225570779027e-09,4.819797339017384e-12,1.5154544286133387e-14,0.059977287778606544,0.01952528660494383,2.0623280860831983e-11,0.07153653209162147,0.013839574365070365,0.03468576148583798,0.0019426812224154905,0.002884059945013666,4.142519660632615e-15,0.014793938452986766
2022-03-08,0.0,0.047061908047719224,0.0,0.025565432573634115,0.0600651313584794,0.19676597786086078,1.4308795604826995e-08,0.008051199281325336,0.05883291883734383,4.874314041974914e-08,4.189065760940025e-12,0.05747671922619971,0.04913964198695876,0.0412595936573315,2.0211055051788662e-11,0.21636150020622774,0.04159088819780711,0.030032565679238808,0.005587541635192879,0.007823715909285642,0.1140551284239432,0.0052206834135426206
2022-03-09,0.0,0.014735298893516227,0.0,0.017278871353121047,0.0766718515906481,0.1210091891002382,7.594332516457926e-09,0.02765301302333144,0.038176344946095196,4.9672507232423335e-08,6.498246385433504e-12,1.5709655798445965e-14,0.14590455201135644,0.03200618068183105,6.263549401364088e-11,0.06711558271740808,0.02982596624236744,0.038335925795323744,0.0017546948036436597,0.004656932887008733,0.09921446327524212,0.0022379446976973265
2022-03-10,0.0,0.04345421246034553,0.0,0.029467388384831105,0.029566358252518594,2.0,7.22777678047023e-09,0.009958783458425347,0.01579748834927651,3.1523017460233227e-09,8.354428260304303e-15,1.1275767854426495,0.0,0.011749006416243445,1.3448894775613951e-11,0.12197748967407428,0.015314878796689385,0.014783179126261092,0.0063562179793190815,0.007315607785663036,0.0,0.006446048823925928
2022-03-11,0.0,0.024824000135199878,0.0,0.04622949886459358,0.03828702155305263,2.0,2.19479950277515e-09,0.003508612980567255,0.016345302083936232,1.4546365847967202e-09,1.6375789613221059e-15,2.123301534595612e-15,0.010332714603543819,0.03612701831899649,2.5913979295744127e-11,0.11168708173858004,0.026898871786843095,0.019143510776526144,0.0029945804489291197,0.0366274839180427,0.08790078494299464,0.004347420152591597
2022-03-14,0.0,0.012573426381555008,0.0,0.010756163133299012,0.023131823894853843,0.055818665400092726,1.9944687379058987e-08,0.004497238692491116,0.018715594401314595,4.393447251838101e-09,1.7069679003611782e-15,1.5265566588595902e-16,0.03478673827366495,0.025057248945023845,1.2312928454605299e-11,0.04152958373828712,0.020029060288985937,0.011565911947425456,0.0028520288343079486,0.003860353496092317,1.582067810090848e-15,0.0008624280877537194
2022-03-15,0.0,0.020899944382986656,0.0,0.012167365557003984,0.10051230742402288,0.09763442610519099,3.06724303435736e-08,0.0008071117756779607,0.039564134075179315,8.567271268800081e-08,8.0175310834818e-12,3.0531133177191805e-16,0.11690359906693124,0.02776237973829149,3.733048592469146e-11,0.1351622121876681,0.01863300152342569,0.05025615371201236,0.0022594152563539874,0.03557682031385608,0.06318776165488371,0.0035170001471963586
2022-03-16,0.0,0.03218674418336802,0.0,0.02102959115579028,0.10964299846950715,2.0,6.880252835621332e-08,0.0020072078835634273,0.025744543048561323,1.8226368895396527e-07,8.019071517928467e-12,1.1211681274307301,0.055271514739195615,0.037794226924692295,2.6721000412344154e-11,0.18524501502107413,0.03439592720625334,0.05482149923475254,0.005653932037040198,0.006182084436310159,0.0,0.04930678557747
2022-03-17,0.0,0.031172608109142512,0.0,0.024351786229112306,0.009718730985207319,1.3094488464448806,4.246987349270634e-09,0.004438261837277477,0.003278302054285885,1.6564705177662953e-07,0.0,5.440092820663267e-15,0.009511143469581457,0.012650212192110197,4.049420521123892e-11,0.13774674164793552,0.015519750385059925,0.004859365492603594,0.006952398073942212,0.034526256965819076,0.0,0.023415367195979912
2022-03-18,0.0,0.009175698081954333,0.0,0.013081768544716092,0.013711591577877191,1.6517894491158163,4.074011677298408e-09,0.015008648369797283,0.01204250063364544,1.8809077775017169e-06,9.544393053673161e-12,5.10702591327572e-15,0.009511143469581457,0.020292706332501572,9.540507273086973e-12,0.04414448107360809,0.016258805136291896,0.006855795788939682,0.0016329733066789767,0.035361267072598526,0.0,0.022705633057343824
2022-03-21,0.0,0.0059018309172549485,0.0,0.007477194710188282,0.08884241840502398,0.38030490107666726,6.642857102454512e-09,0.019996265184509344,0.048662320557989136,1.979933206552875e-06,9.544739998368357e-12,9.159339953157541e-15,0.07373037737499971,0.03225964992495589,5.595204854991209e-11,0.13964408671081044,0.021103161296071527,0.044421209202513294,0.002718894676388507,0.035156506068642165,0.0,0.07569917406003421
2022-03-22,0.0,0.005387728008908965,0.0,0.007640229185562643,0.029916268416883784,0.6416760571674538,7.049736527993738e-10,0.015280585444337287,0.020134933991786542,3.110620763122074e-07,1.429412144204889e-15,2.0650148258027912e-14,0.05864935634760801,0.021674331897816892,5.29665755699682e-11,0.054316991752543536,0.019020010472328583,0.014958134208441706,0.0004230527198792536,0.0014411569110888006,0.0,0.04879874887767835
2022-03-23,0.0,0.008554768437206773,0.0,0.012518158416218417,0.03720363160749611,0.2447125664143728,3.216234338868929e-09,0.008837121516559321,0.004801931742699175,2.3256213185773866e-07,4.8365339511136085e-12,0.052392847846259166,0.06239132209721687,0.021470825159823858,1.4216322563598283e-11,0.07341091070147525,0.023880492405734265,0.01860181580374761,0.0023520153793423967,0.005719949828431034,1.7687240561059525e-14,0.03907383341406767
2022-03-24,0.0,0.024371427977378495,0.0,0.01763588486954556,0.0925316025286407,0.3153900968202087,2.1659314960570722e-09,0.005572404623725148,0.034980238517905785,6.028097067345417e-08,2.33361940882304e-12,1.0687752795844832,0.0994810402525478,0.04798505286941001,1.6712478623226446e-11,0.2291347801852218,0.0447571819029977,0.04626580126431987,0.006323126870866773,0.08948180037596787,0.14562921028099488,0.08883461226880279
2022-03-25,0.0,0.016798879393715428,0.0,0.013313276859467203,0.058197640442868744,0.6273782488828902,7.483216984927995e-09,0.01691741049551094,0.02516748991167378,3.545049561543001e-08,6.293354726238931e-12,1.0800851534143583,0.08669195306260867,0.033757097183954164,5.849208617458856e-11,0.212650295426795,0.037400156208959916,0.029098820221434667,0.004391167766838323,0.005740321787024556,4.579669976578771e-15,0.041324232300012205
2022-03-28,0.0,0.006311731206934792,0.0,0.004922967224719046,0.05975721406981122,0.3239506664172491,1.1078389869910675e-09,0.0024718215733720364,0.0417686413815045,1.0564140266733357e-07,9.924672195182893e-12,0.026657083268245618,0.07653810677399704,0.02042370170864069,5.4185766984460315e-11,0.05395750696352143,0.018926512715609623,0.029878607034895664,0.001308123762030447,0.0022895838377665415,0.0,0.041113476866438015
2022-03-29,0.0,0.05418818087457605,0.0,0.0501038659877485,0.08492802386984909,1.0019516772658708,1.7511334142568973e-09,0.016764423094966046,0.033483230552284735,0.0010138960656536009,9.925421595724515e-12,5.88418203051333e-15,0.0724411318187699,0.025734876136447576,8.383731209260503e-11,0.06050267603209611,0.019351704254580944,0.04246401193491684,0.010597623698943584,0.099865160400337,0.0,0.058828479200574935
2022-03-30,0.0,0.015563236009171578,0.0,0.01802653629835843,0.06656366057696685,0.5197029046648719,8.476972848786785e-10,0.012418168936634569,0.008477418909844256,0.010267437637732482,3.0531133177191805e-16,2.55351295663786e-15,0.06688099976594962,0.02703136525305078,4.2922609910789333e-11,0.0922822813917683,0.02800235425814864,0.03328183028848476,0.0045702887102650885,0.05463242048645034,2.1510571102112408e-16,0.1749660804571329
2022-03-31,0.0,0.02756771174093394,0.0,0.035297342087208736,0.05328401770496143,1.0286872153041127,1.6304835510398796e-09,0.018908887005776916,0.028958174377897397,0.002674062646666385,0.0,0.6791159032915177,0.04764717492286433,0.03990895927733168,3.8796368895255284e-11,0.1479031569837796,0.03703241403105821,0.026642008852480616,0.0036401758295376216,0.013325417222633095,0.0,0.014116868668723083
2022-04-01,0.0,0.013664894969413583,0.0,0.019016672797262005,0.0835017094762055,0.6965818724205793,1.8851726338235972e-09,0.04219271444233246,0.017426094109284536,0.008606620392295282,7.771561172376096e-16,0.04769556076177188,0.06484847016988504,0.036003510484306576,2.6827942645191172e-11,0.08349606780317124,0.01226539347508799,0.04175085473808876,0.002751623696141764,0.003654079219589299,0.0,0.03213319877905965
2022-04-04,0.0,0.004827332680099004,0.0,0.0031442621379071363,0.02391466052257923,1.2778001588460333,1.2762029280811439e-09,0.0018778350617463008,0.00861938378773329,6.245248536443371e-07,2.831068712794149e-15,1.1102230246251565e-16,0.0,0.009033601805814117,5.196858221534484e-11,0.0436580233113638,0.007870848885334063,0.011957330261288437,0.00042754183192816875,0.001378037176281946,0.0,0.025234048308462736
2022-04-05,0.0,0.02209594235441062,0.0,0.03820935312437019,0.1755237347118641,1.8643532275122303,6.669764153011414e-10,0.007859829571793014,0.09709308819567618,1.7565330447111283e-08,1.0360461100145102e-10,0.6733282856100158,0.20771404809552085,0.04984515908553033,3.822067662362372e-11,0.21010995846540684,0.0377758757608472,0.08776186735593254,0.006293514697298309,0.087180869284336,0.0,0.06319415889785279
2022-04-06,0.0,0.012483176189823931,0.0,0.0177986564041519,0.12857623210447222,1.4118527127635678,1.2501791326247441e-09,0.009127928231800893,0.03835905851849865,4.438960414521187e-09,1.0360441671242171e-10,0.07695086612357921,0.04149798290578155,0.035394815640662464,3.2104291447510036e-11,0.13565090898111584,0.0266248047944574,0.06428811605223939,0.0034335751355740116,0.07004807052804582,0.0,0.018857630504905964
2022-04-07,0.0,0.03204820497225534,0.0,0.011041791769511153,0.09966410369140932,1.4417902301789156,5.80199610378613e-09,0.0050260962397849236,0.03651245387220579,1.1371694930845111e-07,3.09172132340052e-11,0.036889212807459604,0.09495965109253379,0.03621605581677836,1.609665178925468e-11,0.10546265573734255,0.03249127073750788,0.04983205184570646,0.004532862886774382,0.007217466544844731,0.20217251502182357,0.05679504991619974
2022-04-08,0.0,0.030173567106451988,0.0,0.014902382644498181,0.036733649451333936,1.191502104453022,1.8365781827927283e-09,0.0037573777484241435,0.021446121128827246,1.0333363892334191e-07,3.091511768804622e-11,0.1457761213272627,0.014808178965394755,0.013401605465702895,5.722755602732832e-12,0.07441308317070086,0.015174860453771432,0.018366824725666878,0.003275753644219649,0.08447820515648799,1.9095836023552692e-14,0.01091265558192395
2022-04-11,0.0,0.01060920115755688,0.0,0.00654450683384594,0.04422202842969616,0.5067988411379161,1.1685316229041524e-08,0.003899249745513982,0.022332078444161706,1.655186988094859e-07,1.5681900222830336e-15,0.12120370850173406,0.055365506244703086,0.01583711118159013,1.180068542883106e-11,0.1548019697620814,0.02002766052326285,0.022111014214847798,0.0022569811916323124,0.045013186018036465,7.330247520087596e-14,0.008005042057654621
2022-04-12,0.0,0.029945730942674772,0.0,0.06351436793837278,0.133001446774786,1.6312428940264878,5.186917435634111e-09,0.015131235829511121,0.04374747295468263,0.11486385012481976,3.3306690738754696e-15,0.6888175261006065,0.08572982723922061,0.04669751698519416,2.087399697536796e-11,0.1565332318215966,0.0454755037522626,0.06650072338739302,0.0041685546940639084,0.08349059921095889,0.02027210572657763,0.06989634266424688
2022-04-13,0.0,0.05458126516953488,0.0,0.026735277100221444,0.06164507750558114,1.7425933848204609,1.3475553830606618e-08,0.0021398376245420066,2.9976820935251336e-08,0.012053260411956139,4.5102810375396984e-15,3.3306690738754696e-16,0.09060083637887711,0.020946513736781098,7.371701860048319e-11,0.21357686858614394,0.014791180357960227,0.030822538752790514,0.004723431811720483,0.007983617747464755,0.0,0.006393655099280943
2022-04-14,0.0,0.02246794214428567,0.0,0.008981666830705955,0.07112059076351634,0.11818914771073806,5.268538621655983e-09,0.008358099333490028,6.059151559170695e-07,0.028273571839821043,7.993605777301127e-15,1.4258755980575761,0.045576579791757305,0.01641164592538441,6.08187666895077e-11,0.10447569281304321,0.014636398613274395,0.03556029538175818,0.00170207190078564,0.0031413514245582676,0.0,0.08506439121859609
2022-04-18,0.0,0.014785753813426191,0.0,0.016309708706906102,0.023086748510896364,0.37822981297529434,4.775293948511457e-08,0.02900389547557181,0.0026052496895929284,0.01876980948430572,4.202903303163197e-11,0.006888508980425312,0.045879418390125035,0.027850827883933293,4.63143690065948e-11,0.16290077548792548,0.036295209470564756,0.011543374255448123,0.002260837330239497,0.004647007187559778,0.09141619191117759,0.06123368453737261
2022-04-19,0.0,0.008424319364043783,0.0,0.003803957012211235,0.053453733470245963,0.16685921298000816,1.442551038096118e-08,0.025734786171795112,0.003954559317065426,0.010049784001211946,4.20294493652662e-11,1.3322676295501878e-15,0.03824427841955537,0.01806919260053381,6.391349949286251e-11,0.05540054200255491,0.022243749623559173,0.026726866735123013,0.0004439644427605832,0.0012678406367089175,9.266892808668103e-15,0.04320143297710916
2022-04-20,0.0,0.026140442975533792,0.0,0.005730558355661288,0.04927600062834345,0.2528439755753782,2.1864845024626693e-08,0.022999263673336226,0.0065602205509518036,0.01424132149156878,2.373101715136272e-15,4.440892098500626e-16,0.03606896427779177,0.01617874799084154,3.043316987305644e-11,0.1483864477370157,0.019770194939572105,0.02463800031417178,0.001750776824417724,0.005346977879765336,0.06876381192233327,0.00901616732317738
2022-04-21,0.0,0.10760351070250626,0.0,0.1061308800913247,0.10252399580621488,0.4799097363651518,7.601257079724526e-08,0.1833753023638959,1.383889259368165e-07,0.03610111674765581,5.079270337660091e-15,0.060202302590247225,0.01676639768364388,0.02878143791374853,1.0380941939391874e-10,0.09971238798702414,0.050115796380444,0.051261997903107454,0.02294742892207837,0.18442624905544022,0.0,0.025650770503058876
2022-04-22,0.0,0.014874490417568643,0.0,0.01658119901187608,0.06646180386164922,0.2685746094229975,1.5016068265250072e-07,0.006955505229851431,6.019040518084884e-08,0.04330061086853994,4.4825254619240695e-15,0.011739517153260381,0.0959796596581593,0.02537112169546731,5.300723054935119e-10,0.09672438264126375,0.015383009681018363,0.033230901930824744,0.003591261419624514,0.08926338068537085,0.0,0.06706532475173402
2022-04-25,0.0,0.02983392091599169,0.0,0.026168209633734462,0.10994636398181518,0.34247723641596595,4.9431522537357335e-09,0.0029043492585181063,1.821826136824689e-07,0.06709193909475089,1.7069679003611782e-15,0.003397536401341328,0.07985555661822387,0.03596294859094209,5.27599963717762e-10,0.09904607270024966,0.029835316746352508,0.05497318199090748,0.004017232973301178,0.003829086184626511,0.06791411320494266,0.03545212598593167
2022-04-26,0.0,0.01841591809155841,0.0,0.00769821291061382,0.023342933108004883,0.1008668824627259,3.0697842388434435e-09,0.009121157686796428,1.7338701399638445e-07,0.012803588049384383,2.0816681711721685e-15,0.005317327045975484,0.0666901801243116,0.01466010951244595,3.9988062860984996e-10,0.08614833865161137,0.015427975782455406,0.011671466554002398,0.0019540481785338404,0.003110656215658626,0.0,0.015293896574474317
2022-04-27,0.0,0.01954761950824673,0.0,0.019261795076553637,0.03750943005916623,0.1008668824627259,1.3331213287692681e-09,0.00013052221232699322,4.81251870784738e-08,8.788570075921043e-05,1.6930901125533637e-15,0.0035467969506549624,0.09771694120319427,0.02214381456341488,9.440234705060391e-11,0.09448512010175984,0.025515775276810117,0.018754715029583063,0.002443254129221077,0.04299189820497704,0.010100110337337317,0.020620072104586745
2022-04-28,0.0,0.07391794070793958,0.0,0.038061256089656076,0.2777209277543023,0.04665098927008973,7.857900640424176e-08,0.00013174504404361192,3.473441351903306e-08,0.07052774347971802,3.83026943495679e-15,1.1102230246251565e-16,0.5912666779212012,0.04387784698142245,9.560387204121668e-11,0.19330439503044825,0.026392425653001848,0.1388604638771511,0.002734825805368102,0.1246358780585933,0.12411561295606693,0.43082709303930244
2022-04-29,0.0,0.038925503551308784,0.0,0.03167742959481551,0.061266930433181266,0.4533490107299103,2.0263269591163932e-07,1.171740148784013e-07,0.026358245041695635,0.015305688492771037,8.770761894538737e-15,0.0072803134795671465,0.058573069048877685,0.020439197823780515,5.36178115795316e-10,0.04724961386307184,0.015584724071814859,0.030633465216590675,0.00668483618876696,0.007820067818245381,0.02808155519495909,0.0366079544360338
2022-05-02,0.0,0.14271368718824526,0.0,0.05642110050295929,0.01757833959374957,0.06834281472758165,3.8896573484353026e-07,5.470205685724108e-08,0.006727904971860606,0.009763673381335707,8.770761894538737e-15,0.012956044796336441,0.0,0.07534530024008008,7.398390233781527e-11,0.22145155688486112,0.06482812758501554,0.008789169796874718,0.015462860695184946,0.02549462489166139,0.09483318451779674,0.06965915161902428
2022-05-03,0.0,0.01906568194568523,0.0,0.02507851698238638,0.019988378653229423,0.013468973215857686,4.224851303455521e-07,2.9789273415118612e-08,0.002373262244613192,0.008804501212492176,2.706168622523819e-15,3.885780586188048e-16,0.0,0.010296785085589044,3.953613825213864e-11,0.08040300966818242,0.009672452219373903,0.009994189326614882,0.002482855443044295,0.0033271266898502877,0.0,0.011434971864988555
2022-05-04,0.0,0.02470816728508429,0.0,0.016091544543220503,0.10982836906958456,0.03658364581652694,1.0903657982259897e-07,1.0683323064366485e-07,0.06302269923053458,0.054262112175152734,4.385380947269368e-15,0.01984106123791418,0.12630690474165793,0.031847064206759576,2.637801088667402e-11,0.1537181704236187,0.03639661634261877,0.05491418453479239,0.004227683344525439,0.006189160883346437,0.0779743560974375,0.08088705974393968
2022-05-05,0.0,0.03141667328225282,0.0,0.03984429212187953,0.05646631766731622,0.10530003085253004,3.284937345900727e-08,1.904651048246162e-09,0.018879006146670256,7.864859788223044e-07,3.95516952522712e-15,1.2212453270876722e-15,0.07201255603896375,0.026763621527728536,6.503109162281362e-11,0.17933078650026127,0.03337421624753629,0.028233158833658088,0.005041383182066497,0.005797503301587431,0.0,0.05829004825930755
2022-05-06,0.0,0.04118194888275116,0.0,0.04064855766746181,0.08325375099531081,0.1814779118763633,1.2258496859884345e-07,1.254566175882831e-09,0.06139992873949988,0.03517994650495085,3.4139358007223564e-15,0.46078208486732847,0.07122985246476046,0.03600039736251277,1.1756515205796347e-10,0.2537197044464882,0.029785345354924986,0.041626875497655404,0.006442801863238395,0.006406176391103344,0.032827029189057194,0.0506545367346774
2022-05-09,0.0,0.013217521014515735,0.0,0.014020345267488694,0.06366919584071642,0.01002057478169447,1.684918440260992e-10,2.0498411910218693e-09,0.02992250133697149,0.035179936320636714,2.5118795932144167e-15,0.7749176954469261,0.10895473527350527,0.02415244060968292,1.7526109730159334e-10,0.09717812855351186,0.02219961735299216,0.03183459792035843,0.0018470385363338823,0.0026772857496429256,0.0,0.06311653245713296
2022-05-10,0.0,0.016499925777215443,0.0,0.013260688564745273,0.03875380469655904,0.09235533729813536,1.694626464265091e-09,6.986493941213343e-09,0.021021466504496128,5.47600815622995e-07,1.4849232954361469e-15,1.7208456881689926e-15,0.045335155011751026,0.03441762581599815,2.000223875420204e-10,0.08310532767745166,0.04077040455855914,0.019376902348279712,0.004541758617327932,0.005382580239802967,0.045115393118525124,0.03556427486909142
2022-05-11,0.0,0.01810804055950534,0.0,0.023436703764569133,0.055096683494510246,0.11832689521213605,1.6500511654924865e-07,4.587630523236287e-09,0.008638013791811928,5.646631822675552e-07,4.704570066849101e-15,6.661338147750939e-16,0.0605686781307183,0.027837905361883266,3.7959704823897766e-11,0.1515905657983783,0.024651634288945155,0.02754834174725495,0.002754291987758735,0.003975681769074466,0.0,0.06977936838403137
2022-05-12,0.0,0.08356295338982463,0.0,0.0424401585953492,0.11986079487444778,0.2699052770646789,1.664637000695037e-07,1.0722682269100472e-09,0.017539739515235214,0.0032420171815436133,4.829470157119431e-15,7.771561172376096e-16,0.15000068622620302,0.0301620141446017,3.250352764716524e-11,0.25791016794488697,0.020950444058927285,0.05993039743722523,0.006956395673862054,0.06264588315029163,0.07489856046629156,0.10059767931448657
2022-05-13,0.0,0.013508492202672523,0.0,0.024927883537469456,0.13187642574859393,0.2259081566923817,1.248081660465599e-07,2.2818050585628646e-09,0.04303306685102854,0.0032419080070232656,2.8171909249863347e-15,2.498001805406602e-16,0.13179940333959422,0.04406396557783696,6.65602850613567e-11,0.18786568692271974,0.031562883877756166,0.06593821287429696,0.007056864561697684,0.007411505862027403,1.2904954882486663e-13,0.13683303010821862
2022-05-16,0.0,0.046483557289053345,0.0,0.037525363058800894,0.03852016672536909,0.11660536863375821,2.599973270902772e-08,1.8602137659431127e-09,0.017842844308431943,2.404507283351731e-07,2.0261570199409107e-15,0.7386128177218092,0.05669087302490143,0.010140715553538926,4.9455287087774025e-11,0.09271629984211055,0.010575854524992104,0.01926008336268463,0.007719397160706638,0.008434161518371036,0.0,0.008543183048282249
2022-05-17,0.0,0.008173790998407586,0.0,0.002948508482750265,0.06009779055613162,0.0997493885840957,4.049942877865816e-08,7.473543883369467e-09,0.02164349512450122,4.99117164785845e-07,9.853229343548264e-16,4.440892098500626e-16,0.06220955705759418,0.018127245353953977,2.4696217293396217e-11,0.08754481267368122,0.010243953816073596,0.030048895278065826,0.0007950937016100307,0.0009198803749461797,2.5604518505417673e-15,0.060640153017334525
2022-05-18,0.0,0.03139045265722253,0.0,0.032820973384604935,0.03147431004156201,0.10189431395644621,1.4230770686549686e-07,4.3292073730392624e-09,0.007677795844350861,1.5132404092288443e-07,2.4980018054066022e-15,0.7410137930765982,0.004834394538178646,0.012208567084620023,9.638113918075675e-11,0.0920707560095615,0.012890352993274241,0.015737155020780984,0.005430787517247765,0.009260568477426376,0.0,0.003996703843532887
2022-05-19,0.0,0.03378869839348606,0.0,0.042440644286409535,0.08826907837886458,0.32437239618658437,7.551042859851613e-10,1.0960605371610503e-09,0.022254303466625824,0.039477896566636854,2.373101715136272e-15,0.01930079016676753,0.06854253200163653,0.04030922765362632,1.0895565005775154e-10,0.21592792460387866,0.03625566514368736,0.044134539189432304,0.008593307981947441,0.015314515590553975,0.05598891700538002,0.1238516363298399
2022-05-20,0.0,0.27545894801499393,0.0,0.08444583668470075,0.4286316330482837,0.17305245774882036,1.7421679959383073e-07,8.952382066290294e-08,0.3238880667555195,0.12238434333173359,2.3037127760972e-15,0.7102962497700757,0.3979118176041981,0.07501004054824577,1.5822404497711773e-10,0.32165385082985376,0.03128213002320139,0.21431581652414178,0.01364190417396171,0.10168664528299995,0.25180503919658714,0.2752225014224036
2022-05-23,0.0,0.011145767450600879,0.0,0.014014565381964005,0.04574540731475526,0.1600513429311831,1.7466842500958976e-07,3.7104363166939685e-08,0.04444412773338469,0.040789569278146545,3.733124920302089e-15,4.0245584642661925e-15,0.07401593037101217,0.023982181644759105,1.9708373821814007e-11,0.05124477321543863,0.019936698319553036,0.022872703657377612,0.0008337496701728564,0.07449770634721908,0.0,0.0037060781780816343
2022-05-24,0.0,0.02182861296255094,0.0,0.004770325011189883,0.029523548863601985,0.07340279415260553,4.41591440601149e-10,4.8763709543882697e-08,0.03600212290901865,0.03337162267584217,4.371503159461554e-15,9.159339953157541e-16,0.06307701866599388,0.01562818640240457,3.781661095381139e-11,0.2529250229116119,0.013193358228047812,0.014761774431801024,0.002043840981798578,0.076809387075813,0.0,0.015396292509218562
2022-05-25,0.0,0.019557641176565325,0.0,0.015100200162802438,0.10789875001290813,0.02819255633552456,2.6826277833108063e-07,5.388159822076998e-08,0.017169013990862243,0.017169383802867852,2.8171909249863347e-15,0.015347091146263842,0.11413699738497159,0.024581452073184306,2.5698471128876577e-11,0.15285650736309256,0.012764218431778471,0.05394937500645412,0.0037510728639624027,0.005703940695129278,0.025902018675429843,0.16178155271459915
2022-05-26,0.0,0.006235744966989557,0.0,0.007019255630448095,0.03151668824186587,0.07918744750139162,1.460908886126792e-07,1.940149345954149e-08,0.012221773994454496,0.012221733892475183,1.9290125052862095e-15,3.3029134982598407e-15,0.001775295076033398,0.010744815131539938,1.2156581297162461e-11,0.06838144365440704,0.003315019463211399,0.015758344120932813,0.0010808856774835035,0.00161306346229248,0.0,0.025138400421343257
2022-05-27,0.0,0.02434732526246476,0.0,0.021924668129723907,0.029951394521470057,0.13131729556207924,4.111078559108836e-08,4.1982571212771e-09,0.006967362339031426,0.006967356380386751,1.2073675392798577e-15,1.1657341758564144e-15,0.001775295076033398,0.012594732164108249,3.345988763836516e-11,0.09727972670190693,0.012661436424118511,0.014975697260734958,0.002800259171402565,0.0035979271234284627,1.360999834154001e-15,0.021001623492429247
2022-05-31,0.0,0.03557150098511131,0.0,0.017751053054361872,0.035915379382740295,0.13992212115907585,7.921718898809404e-08,1.287813727625253e-08,0.03555917073813574,0.03555916472609108,1.1379786002407855e-15,0.7256924370151675,0.05197964601026005,0.019527786702691542,4.4015263656049797e-11,0.13769462332994328,0.016923005483078964,0.017957689691370203,0.0035098684728149462,0.005314452620799687,0.0,0.06807398494819289
2022-06-01,0.0,0.010032521464122077,0.0,0.013858975707080381,0.04998700503412925,0.0,1.5861748938011375e-08,7.105722620861587e-09,0.035762827660978574,0.03576289934861008,1.096345236817342e-15,0.005120503827671652,0.019876909599084697,0.023849806041514102,4.433134415116058e-11,0.08609086963650912,0.020339147748310395,0.02499350251706465,0.0012396860342018534,0.003010259095431865,2.1965393913470077e-15,0.14617501217421663
2022-06-02,0.0,0.004265689604209848,0.0,0.04822738374163021,0.047743179473711476,0.0,1.2777083213037641e-08,5.6202002582978363e-08,0.04568272682931474,0.04568267274704491,2.1371793224034263e-15,0.7302434036656095,0.04277093539120205,0.03458866884095203,6.265962748663867e-11,0.14453223556714406,0.03574358125426812,0.02387158973685565,0.0008078468208522344,0.04009934700002535,6.631757216133977e-15,0.015200377271406273
2022-06-03,0.0,0.06495877288090934,0.0,0.054089174199585456,0.0799187940371832,0.0,6.149625034249658e-08,4.39309881441813e-08,0.028651607486685,0.028651794671232952,1.9290125052862095e-15,0.7302434036656094,0.15196132767385354,0.019936381460904866,2.768352214133074e-11,0.13726967283833877,0.020545537204001114,0.03995939701859158,0.008352250788484332,0.051025769963337346,4.254601601312146e-15,0.04323129569875539
2022-06-06,0.0,0.027386300516016135,0.0,0.01128723054387064,0.10879935019606074,0.05374688351672534,4.1431617288343557e-07,1.1214365490269301e-07,0.08224900013010145,0.08224917301922155,1.8318679906315083e-15,0.02198782842328731,0.15348432108952761,0.022387215340197608,5.5133467236068157e-11,0.1270682945291222,0.0070089357425834374,0.05439967509803031,0.002281092580508383,0.04349563037524257,0.025902018675432355,0.08999326668846758
2022-06-07,0.0,0.0103729444120651,0.0,0.003204355227637684,0.014906461928874515,0.05374688351672534,4.986647638168923e-08,1.765063912850233e-07,0.013461934410641835,0.013461934398915035,0.0,2.275957200481571e-15,0.012736175965238433,0.008972622983509176,1.870184562768884e-11,0.09461342455068192,0.0074229176687826285,0.0074532309644372505,0.0007003990219320091,0.001398119177749943,2.274222477005594e-15,0.05732776926896918
2022-06-08,0.0,0.00216224779554458,0.0,0.006215128739215282,0.009642471741727094,0.0,3.1134981937917914e-07,1.7964058398158957e-07,0.006577119570043033,0.0065770993403104355,0.0,2.3314683517128287e-15,0.008798851324157864,0.014082761291485422,1.4860959685059072e-11,0.06465971673227297,0.013838161005427767,0.004821235870863562,0.001123935067074651,0.0412659030615439,4.996003610813204e-16,0.07140667286202661
2022-06-09,0.0,0.029329763468962163,0.0,0.024945760084544234,0.030161230000724275,0.06927337792744166,1.0441685516858647e-07,0.0013270273891210292,0.029536011474394053,0.029536005791247384,0.0,1.6653345369377348e-15,0.028944764807027817,0.02189953106949917,1.5381890206001003e-11,0.11921315440903886,0.017296463491500953,0.015080615000362042,0.003250961017855096,0.0063579532086778315,0.03972014272437599,0.09500794968939942
2022-06-10,0.0,0.02859529140251229,0.0,0.01580911722557161,0.054813690008854166,0.2764138438954259,2.4240068931552458e-08,0.0013269842813500466,0.05214371274215598,0.05214373186072941,1.5681900222830336e-15,0.014412830054970904,0.02961347747795895,0.022716830734767067,1.5906165273804618e-11,0.26191703920952225,0.01779264591642197,0.027406845004427055,0.0030504551418188974,0.04550888920984175,0.1711331175759403,0.12848924529882116
2022-06-13,0.0,0.029864784628339466,0.0,0.01790716975515096,0.08033446139310005,0.25826511204540353,9.800589906832343e-08,7.362619719151631e-07,0.061754649168358156,0.016238702059608083,4.7990639240325095e-12,0.005638393925167712,0.20403904106375034,0.035602198075368685,4.4073619753781657e-11,0.295001149545256,0.02097045856741397,0.04016723069654995,0.0046058827381846995,0.008679588899053937,0.15537427717065047,0.07138745402986124
2022-06-14,0.0,0.023022050506455907,0.0,0.019932658220957904,0.09125334596162524,0.13725483535759003,2.700314526283999e-07,0.006165903498606094,0.09387417700371256,0.005114336896810741,4.799050046244702e-12,0.0021263513030845282,0.15336476714340788,0.03379318160229081,6.131249674634631e-11,0.1940644352142386,0.023635096704183064,0.045626672980812605,0.004812937769839022,0.008401125741021809,0.09459704564103283,0.14497892751357372
2022-06-15,0.0,0.005546403909111949,0.0,0.004167687235082243,0.01906515971186451,0.08356257907645842,5.791451979681056e-10,0.005718000574286266,0.01581183116632614,0.012201815985399128,2.0122792321330962e-15,1.2490009027033011e-15,0.06141629508688745,0.007425585705229637,9.991779625906361e-11,0.03702550637087604,0.0051125822505051,0.009532579855932297,0.0008621343432916526,0.0012075889206416106,2.4147350785597155e-15,0.009084999046132483
2022-06-16,0.0,0.018957542482929704,0.0,0.015821226840406127,0.030234599060474925,0.15363902723457126,2.4632336531349247e-09,0.003796815860582717,0.026096501414843966,0.020792973777197805,1.2490009027033011e-15,0.6801519384144559,0.0,0.011058886843910098,4.3561571017036727e-11,0.12669761920745162,0.010488923286534566,0.015117299530237459,0.0032705049485711943,0.002977923594953382,2.4424906541753444e-15,0.006090150958206864
2022-06-17,0.0,0.02097421307542552,2.0,0.013504999693154163,0.047135320738879875,0.09382635911826409,1.9999999684519665,0.024485468484542233,0.05048800290907017,0.010869972645956592,6.661338147750939e-16,1.0244894840181773,0.034111319896592746,0.02444144762995241,1.6200937813515282e-10,0.2152667819004026,0.01455887447519586,0.023567660369439913,0.003188661924862189,0.006313710014498861,0.16752936298481258,0.023655446528706464
2022-06-21,0.0,0.0040230850244886256,0.0,0.004096083869491264,0.027716763979588277,0.1848431967848984,4.3914862940717825e-05,0.004023616158965694,0.0214913482555968,0.01837654766851738,1.27675647831893e-15,1.4432899320127035e-15,0.00516916046746807,0.015138012860643169,2.3310700592027445e-11,0.06069965585106786,0.014507631658944102,0.013858381989794305,0.0009486014478006233,0.001458485953511876,0.0,0.008780438182968711
2022-06-22,0.0,0.024923403470324783,2.0,0.007785228350003671,0.031945629817042895,0.20967211863889137,1.9999562937516542,0.009208095602828424,0.03462092084856667,0.02337485659397502,8.021361352916756e-15,0.4063545536387237,0.029848756999941467,0.009909169010040419,4.101108341814097e-11,0.21370622666833483,0.008279831727005863,0.01597281490852151,0.002352771478950265,0.003804056187998634,7.125550149922333e-14,0.035631709786221336
2022-06-23,0.0,0.006949651945469325,0.0,0.0029032397974515997,0.009865186778136664,0.17094915078206907,1.9999983685770235,0.018585515764017128,0.00834562401047937,0.006349571781088768,4.2802011934739426e-12,0.34557915902383884,0.02951972362916752,0.007971631944831904,2.8309507515977828e-11,0.1924553199594347,0.008956883929943987,0.00493259338906827,0.001024065838810248,0.001862500705570945,7.369105325949477e-14,0.007795514909957418
2022-06-24,0.0,0.007286265473001314,2.0,0.011254232255646424,0.0650234709429185,0.25212283675117575,6.862755281244208e-07,0.0019878171534098415,0.06162917910749649,0.009847249003163548,3.047007091083742e-12,0.34652846329134857,0.08016631916728119,0.018285660130230925,9.052912586238193e-11,0.13629034683442964,0.013224587806045672,0.03251173547145931,0.0018667721618689584,0.0034463849785890295,0.0,0.009455623680960118
2022-06-27,0.0,0.030132627740966998,2.0,0.025660850686404762,0.0333207985564,0.3137609199681506,1.9999988508294848,0.013828496895763554,0.030078653904426718,0.02870039408424166,6.370112770603953e-12,1.0232485890809733,0.07512809078237823,0.010787428530029062,6.967797172574564e-11,0.2281908230709719,0.007468140083915793,0.016660399278200018,0.0037237774620741057,0.005104713009628531,5.4539706084710815e-15,0.06478132232668443
2022-06-28,0.0,0.012446603249029723,0.0,0.00402894429600948,0.07065166968104894,0.10690499926150858,9.177427324726045e-07,0.0007648248515932545,0.05435154257408449,0.04623652078659139,2.9004576518332215e-15,0.6788118140143052,0.1350808060489017,0.021905490244485182,3.324564235018812e-11,0.0899649746809521,0.01494026951706661,0.035325834840524394,0.0014861432481171333,0.002918545590611374,7.78543896018391e-15,0.0703799321633151
2022-06-29,0.0,0.013923415690140828,0.0,0.011005601514328806,0.03172254699450854,0.25083949278529616,1.0752780848992198,0.019583154446746017,0.034472924882031006,0.01580304825365094,3.164135620181696e-15,0.3455791590238392,0.06284352549899429,0.02989854259605059,1.247656561398358e-10,0.2120856856712377,0.025100843501739505,0.015861273497254164,0.0019773026803577357,0.0033896212696933915,0.08129385947631844,0.05583465786240954
2022-06-30,0.0,0.0026967703665376516,2.0,0.007705533318898617,0.04930844228957905,0.07874627798573233,0.9247216453460891,0.004890281295084527,0.02838483908811939,0.006048745101831024,2.8727020762175925e-15,0.3465284632913451,0.09462848882863295,0.016778301644963994,2.5274046744350187e-11,0.06636087319235429,0.013001311853973041,0.024654221144789462,0.0006002469736283017,0.0007329454863832865,2.7720881146109377e-14,0.06934255714861368
2022-07-01,0.0,0.007973932413558087,0.0,0.012331803878223248,0.052703464513760186,0.11973852242427122,2.11046414254745e-08,0.00821359460438528,0.026463369931047823,0.014553829405546372,1.817990202823694e-15,0.0,0.11835922116471882,0.03120239250728935,8.225897740743449e-11,0.16420458975723878,0.01778472487471767,0.02635173225688016,0.0013234442619737621,0.005236278699115436,2.491062911502695e-14,0.0468140822341896
2022-07-05,0.0,0.0012243706416195583,0.0,0.0065171054734794965,0.03198705366483289,0.02959547198762849,2.557999211464659e-09,0.017484037044538405,0.010840111602119652,0.0065220213883517425,1.7763568394002505e-15,0.0,0.01039515271430132,0.021064339437255625,5.094993871246345e-11,0.15216475061226545,0.023026345568319468,0.01599352683241643,0.0005684943221562835,0.041519090946701316,2.546574062733953e-15,0.024648712326545974
2022-07-06,0.0,0.009534529804141495,0.0,0.005290406739890765,0.06862942696595434,0.19930237158943648,9.788139138951005e-10,0.0008307484311127509,0.02207570744186431,0.01546878232271861,4.607259018740706e-12,0.0,0.09992971663149189,0.011383574310596284,1.5310647194510807e-10,0.11342006400064962,0.0072543223064720245,0.03431471348297722,0.0023533465784716517,0.004021858221879997,1.915134717478395e-14,0.0496582594020653
2022-07-07,0.0,0.01933135733194675,0.0,0.0033014280114066034,0.13022699827994588,0.1484630591005782,2.116125704358332e-08,0.0060812076520802205,0.05151842048437545,0.04734157798629197,4.608452508492178e-12,0.0,0.09992971663149189,0.021899887514516922,1.7883171332666592e-10,0.1141138403326313,0.01436899745294335,0.06511349913997296,0.0006260251448906712,0.09218074044009625,2.0518309273853674e-14,0.08961817279357712
2022-07-08,0.0,0.021616641537740594,0.0,0.007324246156507772,0.02055147964652468,0.12998510973351646,2.0359380162443343e-08,0.002747959578569939,0.01464708021581615,0.0034243721668086036,3.039235529911366e-15,0.0,0.04561107124454828,0.009130984687428744,9.102217590761796e-11,0.21252874396872595,0.008444131085431784,0.010275739823262353,0.001846003048753042,0.00295575085070042,0.0,0.008428122992584282
2022-07-11,0.0,0.007204659344809315,0.0,0.0028213234373120322,0.0643033206469544,0.11009904013521749,3.832118668328646e-09,0.011161109358348286,0.047140235172037595,0.043596810354743304,2.275957200481571e-15,0.0,0.05539059182498535,0.013313478806797691,5.451444851090059e-11,0.13645651801996583,0.010361416445112166,0.032151660323477285,0.0007284654481914468,0.0007166748453160954,8.049116928532385e-16,0.022103952745709123
2022-07-12,0.0,0.012020673457765309,0.0,0.007304366165140093,0.055461107605271204,0.12065508027828761,3.78382137038978e-09,0.0033640435790598983,0.032467478713770426,0.025525676872559334,4.052314039881821e-15,0.0,0.05539059182498535,0.016829369946591753,1.0501184644073902e-10,0.1478996829887561,0.013422870124787127,0.02773055380263554,0.001881276003403154,0.0027162035236227983,0.0,0.0020931108777351368
2022-07-13,0.0,0.032637380622284135,0.0,0.007720897439216765,0.1670537151823877,0.024262569875391896,1.0492769026654215e-08,0.010338382590866831,0.11381637600874109,0.1470422281100735,4.2049697057677804e-15,0.0,0.2838166332701859,0.02424056942068874,2.6430574395774897e-10,0.1690265646752943,0.0105952142959685,0.0835268575911938,0.0021835136262807198,0.05460948160993812,8.278100427361323e-15,0.16411853173767144
2022-07-14,0.0,0.0025384245415107556,0.0,0.00247718568206947,0.061563580742102476,0.1448303749458003,2.2611275588837887e-10,0.006795054864344352,0.007547544304950353,0.0071358881875333985,2.9837243786801082e-15,0.0,0.046034832882766136,0.01757950848150098,3.3722552528203664e-11,0.07231071914719224,0.016111951865365848,0.030781790371051762,0.0002199731294361476,0.0007462946928964188,0.0,0.0018205867173768653
2022-07-15,0.0,0.00743671173212785,0.0,0.0101331410680892,0.054558510796987765,0.2430344028824404,5.383683130432167e-10,0.005442456985381613,0.03762808331885544,0.007139998219645338,3.372302437298913e-15,0.0,0.019987505664189775,0.016997269589437203,1.8437790183511993e-10,0.07218375767216288,0.013668955866546897,0.02727925539849422,0.0011710771639350526,0.0029772902188739472,0.0,0.06757043568130874
2022-07-18,0.0,0.011683551276210964,0.0,0.020489880174375884,0.01621732377684308,0.17660402229956626,4.755713394626785e-10,0.008891037040375652,0.007361330624018711,9.795022239827977e-08,3.2751579226442118e-15,0.0,0.06246896843379235,0.011782973628117314,1.8719653605003828e-10,0.03739084032513093,0.010338956291709337,0.008108661888421867,0.0028754791712018724,0.0037846437940142405,0.0,0.00015038136456846374
2022-07-19,0.0,0.012118853227650621,0.0,0.012025261169754007,0.03602338036033026,0.006588546061980227,2.5773542218708073e-09,0.004318994840401221,0.01899233848113168,8.555947051541724e-08,3.0253577421035516e-15,0.0,0.07213542477034707,0.022236374520263075,6.075215330803019e-11,0.1341489376111156,0.01730611175631716,0.018011690180165033,0.0017662024782722358,0.0026901195416962516,7.514822097931528e-15,0.00043227962464156833
2022-07-20,0.0,0.0332325873015205,0.0,0.013017594833010744,0.03094088720502155,0.28866078779208626,6.451393425480378e-08,0.0035522134396249096,0.0006287889260060547,8.832180235784914e-08,1.6792123247455493e-15,0.0,0.07213542477034707,0.012701611097890485,2.4174731660941973e-11,0.2181030523506443,0.009771399596785229,0.015470443602520242,0.003707048378359376,0.005608919402342847,0.0,0.008768501828221476
2022-07-21,0.0,0.012508092763405948,2.0,0.01967338657308604,0.022113438926034682,0.3785491558249783,1.999999907951407,0.004344129371429619,0.010478736230398356,5.08623213130166e-08,1.124100812432971e-15,0.3465284632913496,0.07213542477034707,0.013192235214424582,2.811036126093569e-11,0.1764631827358179,0.014351378830132133,0.011056719463018762,0.004694014154441817,0.09531507073426808,0.0721964584071295,0.010488508683772158
2022-07-22,0.0,0.003975701529045907,0.0,0.012766539114601854,0.009084640246239957,0.11581519299221127,3.7733205337258003e-07,0.0013702405085785796,0.0029794254940072595,8.14685861133535e-08,9.159339953157541e-16,2.3314683517128287e-15,0.0,0.011503581289448065,3.3799130161327184e-11,0.07464878911856222,0.011043260933994523,0.004542320123108547,0.0010961952418292453,0.0015093166117113206,0.0,0.007754051947693907
2022-07-25,0.0,0.024846396552834507,0.0,0.015136018295933057,0.043547301698915054,0.40939844262865577,1.9999836750784117,0.012928810648261038,0.015749438817250022,1.0831526048998841e-07,1.2184697695261093e-14,1.6653345369377348e-15,0.09185614999059571,0.027566208259027225,1.736907839777757e-11,0.12749467038488888,0.012112766393292927,0.021773650849457774,0.0023127829057667457,0.005577062254253921,0.0,0.003548763276622513
2022-07-26,0.0,0.0020156373745365296,2.0,0.005747369778201914,0.013352175614126133,0.030517255979612825,1.5997370020974164e-05,0.0032709302863166544,0.005214265088729866,4.869711155153222e-09,1.201816424156732e-14,0.3465284632913456,0.019720725220248647,0.012680718476950487,3.7803954411330665e-11,0.03171251951135771,0.008828488116161154,0.006676087807063663,0.00041736244730323363,0.0006763999689723722,0.0,0.00020283101975732132
2022-07-27,0.0,0.01210423199002546,0.0,0.010356412031008672,0.0476192399238546,0.12968354434550544,7.23750761069937e-08,0.00173832923637016,0.015601351737207954,1.9598635221662608e-08,4.093947403305265e-15,0.0,0.03443708591411712,0.02231583354662155,6.940735486349325e-11,0.05927496154396157,0.012368348731679635,0.02380961996192886,0.0023880084375905164,0.05080588075357867,1.0408340855860843e-16,0.10956582648093247
2022-07-28,0.0,0.06852365032147063,2.0,0.04207408495251655,0.008156057070634881,0.45007048591565546,2.633714767512016e-05,0.00045187924707642364,0.004339816910946856,2.469424090698058e-07,6.647460359943125e-15,0.34652846329134857,0.01252242409166826,0.013286227627642493,1.0370125591574464e-10,0.19240235288984917,0.016627948222553826,0.004078028535319245,0.007983651109884901,0.09820684881840512,5.100087019371813e-16,0.018372104533595057
2022-07-29,0.0,0.02319781707823274,2.0,0.009861618142684464,0.04473227952174015,0.23720928752177262,2.617596118111924e-05,0.0008870814926218967,0.02343940641374201,3.181004658153741e-07,5.551115123125783e-15,0.34652846329134857,0.03189927390688921,0.012030022979560458,4.2820108570040816e-11,0.06260389560572852,0.007597457622937423,0.0223661397608721,0.001792446062965851,0.002893849161228715,0.0,0.07995372825646863
2022-08-01,0.0,0.03069446602427717,0.0,0.07295411268590148,0.05365910314375895,0.11907331410477084,1.558735834507508e-07,0.005527220545185367,0.03873297093609677,0.003551640696436008,3.5110803153770576e-15,0.0,0.06350854200003225,0.03843889757220986,3.358757716398486e-11,0.17925329091249534,0.02658094245417344,0.02682955157187982,0.002247384390215816,0.015393374565619768,1.4328815911568427e-15,0.08685577088720664
2022-08-02,0.0,0.009945578565218835,0.0,0.008334707998838212,0.02084559332327143,0.01061551326010543,1.503042416330112e-07,0.00261768092781433,0.0011361827707359676,0.0011317467326968159,1.124100812432971e-15,0.0,0.05389788598297138,0.016623345839794242,2.7830307502973994e-11,0.11937588400528357,0.014426198809339328,0.010422796661635786,0.0014149898202818964,0.0020246644226517077,0.0,0.01817711403497818
2022-08-03,0.0,0.00954564039120292,2.0,0.009306230146453067,0.01641245314574948,0.061897934835209834,1.3613002410233774,0.0050852717703613595,0.0015402381537812718,0.0015398837398687068,3.2370731095632266e-11,0.7980638581911188,0.01252242409166826,0.015712049405042554,2.0850515758397137e-11,0.04662783783816906,0.013779331282655988,0.00820622657287464,0.0005389150221165942,0.0013119751555400669,3.0010716134398763e-15,0.09452780797895416
2022-08-04,0.0,0.012529620337739576,2.0,0.019550318292211294,0.007444311552885143,0.13444570331383845,1.3613000851841162,0.000554623033712983,0.002787157385164163,0.002782331476489014,3.237063395111761e-11,0.7980638581911188,0.0,0.00957277524339589,7.88247522809371e-11,0.15767191097013827,0.009319936135460383,0.0037221557764424845,0.0028149487786154823,0.003878523873314735,3.028827189055505e-15,0.013518225497148206
2022-08-05,0.0,0.002116623681759676,0.0,0.01139904885082875,0.024735588683820683,0.0004590897343315081,1.3254838801254882e-06,0.005040178322778173,0.0190880492521133,0.01908716828507178,4.0511261012454725e-11,0.0,0.038397090087420066,0.02098198818324781,3.0654007110442194e-11,0.048511527796358755,0.015471936684260225,0.012367794341910501,0.0004891022784868776,0.0010410648751668916,5.204170427930421e-16,0.07649966040597694
2022-08-08,0.0,0.0015914382358657808,0.0,0.0039872448327346955,0.019252551453996736,0.03772129428365156,1.121815396468556e-06,0.008916245622629286,0.011837297864975713,0.011837519246893809,4.0513856158774786e-11,0.0,0.3468471662430702,0.019595057593462466,1.612966704644947e-11,0.030975609196644622,0.021978172095501756,0.00962627572699832,0.0008015607637555308,0.0016119105234684017,7.33441085642994e-15,0.027213842910083608
2022-08-09,0.0,0.003319349037803061,0.0,0.003013797110429166,0.0070693482146526815,0.09424242954821438,2.925331864531454e-07,0.02654316368097781,0.006156300708353553,0.0061565333007908354,1.035813101957217e-11,0.0,0.009558813187181103,0.013801617996802863,2.5778282286559318e-11,0.01722689470738052,0.015012353805281327,0.0035346741073264618,0.0003435544530768289,0.0012530573590873312,7.667477763817487e-15,0.001351931276402596
2022-08-10,0.0,0.003642231273413142,0.0,0.004799135263406952,0.026248030446799703,0.07847805931967014,5.8391968064344395e-08,0.014051189530387226,0.002602720600426503,0.0026027179709000037,1.035559138440334e-11,0.0,0.021578159702642707,0.022414389483355668,2.1469270805596352e-11,0.19194423083617337,0.019155563223873122,0.013124015223399794,0.0013932352407944049,0.0017950053939340058,8.021361352916756e-15,0.01699728905816067
2022-08-11,0.0,0.0072714929075670875,0.0,0.004934611637734396,0.024604632296949154,0.24829327946918983,9.80235166596867e-09,0.008250715792883164,0.02292838987885166,0.02292841595783448,1.8318679906315083e-15,0.0,0.0,0.01211401308632927,2.5058094488272786e-11,0.24202714119678945,0.00803461398020513,0.012302316148474615,0.00225149951439,0.002457831075234833,0.0,0.029049112542335442
2022-08-12,0.0,0.003698374446770407,0.0,0.005310711582368255,0.011402270418097738,0.054382188090137146,1.8422453283782045e-09,0.0044451146154444385,0.005827000191251215,0.005826981115620827,2.1510571102112408e-15,0.0,0.0246994579963426,0.006088420062523354,1.0483683365869467e-11,0.21562840981192194,0.004217715742813408,0.005701135209048851,0.0008634994743010119,0.0009002511736444993,0.0,0.03768092293937758
2022-08-15,0.0,0.006946005007870177,0.0,0.003790308767218654,0.027791644670390143,0.08624966390608793,7.7320052200723e-09,0.0015947164183939065,0.0010390489537053862,0.0010390478447729959,1.9845236565174673e-15,0.0,0.0,0.00650253913009531,1.0443493292378037e-11,0.19604431037435724,0.005103940535218968,0.013895822335194971,0.0006654029856422369,0.0007472497326164104,4.479056014972116e-15,0.024850708605543587
2022-08-16,0.0,0.001058306572373127,0.0,0.0007394340508123059,0.021911382045157534,0.008179438088333824,7.991356033750977e-09,0.004736334548163984,0.0036223692364302507,0.0036223560016057713,3.8719027983802334e-15,0.0,0.0,0.011243229926219619,1.4266976489096805e-11,0.037811158292160425,0.009932590023904734,0.010955691022578859,0.00019877312885000636,0.00039539614250597155,0.0,0.007959252251170196
2022-08-17,0.0,0.0001388073360024801,0.0,0.0009119811295574249,0.013013976512127044,0.0007302316740640802,1.2939403776423388e-08,0.0004603237835360722,0.010029953460018969,0.010029901228714909,0.0,0.0,0.0,0.008219629937841637,9.088160779491261e-12,0.02204550818922264,0.006906031710155815,0.006506988256063474,8.137335399682755e-05,0.0001299116495469821,0.0,0.006630863190020209
2022-08-18,0.0,0.010608149959258925,0.0,0.010206007700239973,0.06480833325334,0.083401230644251,4.207840034807467e-08,0.003347136083256085,0.033086255374278895,0.03308618116190976,2.7200464103316335e-15,0.0,0.06321512270402103,0.02009847778119717,3.847160090497681e-11,0.11758516955612916,0.01481499431747925,0.03240416662666999,0.0013758719052600898,0.002128762358470565,0.0,0.04090957811070561
2022-08-19,0.0,0.04021546156229623,0.0,0.020838786660915588,0.060826873181717804,0.02545170560308538,2.5933069038063106e-08,0.002796954503608509,0.049631665089789556,0.04963165894738518,2.858824288409778e-15,0.0,0.08345850298141486,0.01804307484095502,1.3309950364082113e-11,0.14315269172851733,0.01660915385362946,0.0304134365908589,0.003149498427643588,0.012525861895398026,4.0419056990259605e-15,0.02956393848374006
2022-08-22,0.0,0.008069073607708841,0.0,0.008919851152717978,0.04097175912474422,0.12309513951766399,8.864065732091395e-09,0.009723082883576968,0.03201418884009854,0.026220496215263345,2.345346139520643e-15,0.0,0.23458563166170998,0.016794072957453606,1.6006765357623465e-11,0.15794075012135192,0.012404815776758704,0.020485879562372113,0.0016995201817349218,0.0022658391507202544,4.191091917959966e-15,0.008279052309245749
2022-08-23,0.0,0.020526094383694894,0.0,0.016113438440319802,0.023018779838370123,0.12219417443207306,1.3033408353989935e-09,0.004690166444394162,0.005870870667161361,3.85666298167997e-07,8.18789480661053e-15,0.0,0.15537375963465977,0.014800567911608456,8.138156815107322e-12,0.08890286906577641,0.009052159856874855,0.011509389919185063,0.0020923699189953696,0.004154655086277027,0.16389255543874026,0.006729781595962381
2022-08-24,0.0,0.0021071064927376706,0.0,0.002677509103843325,0.01058436042378921,0.0052340708956415405,4.228060818555965e-09,0.005746003609442511,0.005819858314139843,4.426088787770621e-07,9.728329253277934e-15,0.0,0.2586272586763258,0.008088406556209841,1.3346143634684893e-11,0.030106387764603927,0.005385589387554492,0.005292180211894634,0.00014444795697746843,0.00023524543365273376,0.0,0.01470511210329356
2022-08-25,0.0,0.0018022080643251067,0.0,0.004656278635023118,0.014016043931056071,0.0017474211589718625,1.3071715076618391e-08,0.011404580556408351,0.005832187009691209,5.281068506807207e-08,3.802513859341161e-15,0.0,0.013649690395860947,0.015773347017539525,2.140922161775194e-11,0.13605152599049203,0.015217954052765529,0.007008021965527959,0.0012851443249033284,0.0020896244360130573,0.0,0.008660682301188383
2022-08-26,0.0,0.007093072576464336,0.0,0.028337761857901118,0.01971250457398541,0.0808755181704727,4.7121763113208255e-09,0.005079762620850127,0.003454496540063662,8.784016021501362e-09,2.5118795932144167e-15,0.0,0.11534506607065936,0.026208281054163694,2.643661678458642e-11,0.16778628555846334,0.023710871790168446,0.009856252286992676,0.001928587013955256,0.004043677369482829,0.04564613279192192,0.011343784421596115
2022-08-29,0.0,0.01996515958896362,0.0,0.011432245440251695,0.01292600198148128,0.20295108367616804,9.998817639270054e-09,0.029843261188167512,0.012206859817664471,1.6475859421216654e-07,6.310174605062002e-12,0.0,0.0,0.017152711852157304,1.9713161658607703e-11,0.3174052951013309,0.008527428790304785,0.00646300099074059,0.0025265484887940434,0.004637109326895941,0.05844250332052209,0.022606035086362775
2022-08-30,0.0,0.0024732924945029995,0.0,0.0027000778397501517,0.021698152382273527,0.1691160013584424,9.010253305613486e-09,0.015464907042270097,0.021260867445367843,1.5434886518200797e-07,6.7661848346389775e-12,0.0,0.12711935908958333,0.011551815262238679,1.7456106005120375e-11,0.11756621405146193,0.008887937544024919,0.01084907619113696,0.0007493686575082426,0.0009611420859206368,6.189493362285248e-15,0.02529472539660879
2022-08-31,0.0,0.0047318354610960305,0.0,0.0053562086985761695,0.01907699843412777,0.07406144099769416,4.931335200192496e-09,0.006939354784946419,0.014050099922186601,1.3073519503081776e-08,2.7825464155029067e-11,0.0,0.03050237564475622,0.009769884205876343,7.219169706473849e-12,0.07285913532952992,0.007848693832711832,0.009538499217063748,0.0005488421840025987,0.0009500546320678135,6.661338147750939e-15,0.07366060684725242
2022-09-01,0.0,0.004459300323568341,0.0,0.0072987679312425625,0.004046730374152793,0.06951911275240191,7.0585288747001905e-09,0.014261789615963017,0.003072244852057024,1.655020349933256e-09,2.5290325389448753e-11,0.0,0.012615399834198793,0.015369131391822109,2.2443893965551354e-11,0.06857705805856405,0.01653030155196238,0.0020233651870763675,0.0008067258486924439,0.0011279135921269737,8.382183835919932e-15,0.00631142763743453
2022-09-02,0.0,0.002870414085771411,0.0,0.006747193951023751,0.00706272684850137,0.045533189102151594,9.05206059040224e-09,0.013817024675855976,0.0002800783855248304,3.1226777413850826e-10,3.771685741504882e-11,0.0,0.04957704101661188,0.012641893185006225,1.202768440400348e-11,0.08338513802323634,0.012977053213392271,0.003531363424250658,0.00019304650307486182,0.0019810683242727292,2.1788126858268697e-15,0.003907701132469729
2022-09-06,0.0,0.005094493009675073,0.0,0.008938888134943004,0.015386660660882233,0.14631221270646463,4.2695928447039625e-09,0.00021685933213071737,0.0094032265932922,3.753778315962464e-09,4.111801177320018e-11,0.0,0.04021562796075001,0.014450297043556418,9.452175153690234e-12,0.17769263069305816,0.01309335536778,0.0076933303304412,0.0015133028509986476,0.0023355337692201883,3.2890357104520263e-15,0.01575327350337956
2022-09-07,0.0,0.005141653447492575,0.0,0.010311085726306794,0.020851049357762486,0.10807358267494935,1.3969852126306293e-09,0.014826855014721148,0.018095429437824863,3.141197420231112e-09,2.1542351236192303e-12,0.0,0.031499940328835005,0.013558990496023582,3.267379422577932e-11,0.11869901872931708,0.009101532667059003,0.010425524678881339,0.0007403672013337262,0.0014326313216716097,0.0,0.09792729378826016
2022-09-08,0.0,0.005317244140035901,0.0,0.01267071289845645,0.02369746145535883,0.2501781076806403,2.9269459988278335e-09,0.003472786251867043,0.004729178354322246,8.610045384993548e-10,1.0543080297686913e-11,0.0,0.03452965174567181,0.00832216412970423,2.650614450150357e-11,0.10663344196146744,0.005548125841882614,0.011848730727679488,0.001336458903607854,0.0017568727576485269,0.0,0.0013176151121964408
2022-09-09,0.0,0.0016114411029878274,0.0,0.008031859522387955,0.023421753060639434,0.10195473639076814,8.111641733416805e-09,0.009553069549232844,0.009546863201501221,1.1087344931048904e-09,5.0659518247009316e-11,0.0,0.0,0.010647019629562594,1.4059537922772591e-08,0.08011090314450557,0.006883122249735232,0.011710876530319672,0.0005727826352644114,0.0005697934419696613,0.0,0.002676207571579617
2022-09-12,0.0,0.0032983896004023148,0.0,0.005769408152828185,0.0016335706621113096,0.11226673056512125,7.255625936081409e-09,0.00455085123263364,0.0015445064458963764,1.1372969926926046e-10,6.459859036578308e-11,0.0,0.039936429092175985,0.0056871380026508765,1.4071432560824881e-08,0.034241679905031165,0.0058309693336950595,0.0008167853310555515,0.0011905510810578668,0.0018054757613174197,0.0,0.00014031296063936327
2022-09-13,0.0,0.01983622098108383,0.0,0.012726802275615063,0.013374278509158705,0.009977319490681147,1.5149570998692157e-08,0.0018382676870707941,0.006276935117821923,5.826070945125217e-10,7.8698825234369e-11,0.0,0.0744660808378478,0.013482323737940534,5.6616794585906405e-12,0.1125017075270654,0.010787519669976918,0.006687139254579366,0.0012679571090730007,0.0025994968497035018,2.3592239273284576e-15,0.014950566490446654
2022-09-14,0.0,0.026571952732034946,0.0,0.042863715828691425,0.04210728078673474,0.33121722089060485,1.4078741013396332e-08,0.026704359756865664,0.03469986625035369,3.6157919020007867e-09,1.457167719820518e-15,0.0,0.12704145695460825,0.02819181110224161,1.2535375792932513e-08,0.2582743068670769,0.023909918724350693,0.02105364039336735,0.0067522040205893336,0.052759914998666654,0.20933254003376295,0.11563616525980115
2022-09-15,0.0,0.0010743771678928924,0.0,0.002627798891119773,0.025620983110754572,0.0,1.052759772505343e-08,0.0007872316419648417,0.021556145208650818,2.228522429092994e-09,1.457167719820518e-15,0.0,0.14591251385589615,0.01036104425710878,1.4874917270146781e-09,0.06509749931102554,0.006841599247250255,0.012810491555377328,0.0005878251329957465,0.0006555578495093146,4.1543157802692576e-14,0.0653441884559316
2022-09-16,0.0,0.011140622076934682,0.0,0.1337119519657475,0.010683111834949096,0.14852101032454634,6.429639538249359e-09,0.028847307138239946,0.007897844971059158,1.7822358172603359e-10,9.029804681759401e-12,0.0,0.03452965174567181,0.06354691194604851,1.0361122515512022e-09,0.11612047020650366,0.07535346194445879,0.0053415559174745456,0.005077724537347471,0.13253139639493944,2.983724378680108e-16,0.10667044419650917
2022-09-19,0.0,0.0014595680311523577,0.0,0.004449879447846274,0.02059951871822426,0.0941292390680251,7.191047387081732e-09,0.015542802942233824,0.017139257624134194,1.6858046000822746e-09,7.222625275637995e-12,0.0,0.14727558717637426,0.012746414538389548,2.343976887586585e-09,0.04279684866083277,0.009449509861777308,0.010299759359112245,0.00046465125801667395,0.0007518670948541105,8.743006318923108e-16,0.09254172468080878
2022-09-20,0.0,0.005843783714398334,0.0,0.002256601332326369,0.04437326131598067,0.028589526980574622,9.30995517268605e-09,0.0022080804774709845,0.01545370683523626,3.200669750069718e-09,1.1912873465469431e-11,0.0,0.15923294321200937,0.011993288608027676,1.0506748943095445e-09,0.06614269742088734,0.009341969875217779,0.022186630657990543,0.0005192337880747869,0.0011602680129013249,0.0,0.09300195596824813
2022-09-21,0.0,0.017202468055676358,0.0,0.005131477345733245,0.03269902881015443,0.25806636642738157,2.8067571494109343e-09,0.007451989719786347,0.030740027434848723,1.2210017372171755e-09,2.0261570199409107e-15,0.0,0.01292534465861256,0.010055927149499922,1.2973494098456051e-08,0.08268976960385266,0.005754878313060847,0.01634951440507744,0.0011583478728644306,0.0016091537051983566,0.0,0.004185863273475893
2022-09-22,0.0,0.00651536571978903,0.0,0.005484851928909591,0.01809454180740751,0.10264114312517698,8.588987667108612e-09,0.008964462836269949,0.0003882291370653976,2.6418884441214985e-10,1.49165957363806e-11,0.0,0.06122534326980756,0.011706153340350588,1.3319665329025732e-08,0.0821231228086928,0.011992569402237094,0.009047270903703802,0.0012297070831378057,0.0018598320997544812,0.04588907939685525,0.0025521960262462895
2022-09-23,0.0,0.0022638024981633652,0.0,0.004660740680721382,0.025272066727434133,0.04429131755675329,2.8914761722187727e-09,0.017600578363504663,0.021607909338324092,1.6786010290092968e-09,1.9261217620858417e-11,0.0,0.08332168252511966,0.016265463277624875,1.3297807022194519e-08,0.07803037188205199,0.02152322970001916,0.012636033363717068,0.0010284983678510856,0.0018736970251091653,9.159339953157541e-16,0.07375679026574412
2022-09-26,0.0,0.0069200490277562445,0.0,0.004600876898294887,0.03189989446705196,0.10026417139669298,1.6044107261585855e-08,0.014915682920258386,0.012833549638256198,3.2870743280066783e-09,2.8348073888295744e-11,0.0,0.15167678797593576,0.01608196577143882,8.844494581161655e-12,0.04479332699423076,0.012522062088695452,0.01594994723352608,0.000877402823042786,0.0016502498288981822,8.257283745649602e-16,0.002389465051408607
2022-09-27,0.0,0.008919006283020555,0.0,0.005820770004487467,0.014814450334730077,0.12471561626382571,1.2706865588723662e-08,0.009205977163847688,0.007791160609660196,2.248733241283496e-09,0.0,0.0,0.1316514998853866,0.008822566774470365,3.984780561072654e-11,0.05613380651182483,0.012366318787289915,0.007407225167364931,0.000949158712411205,0.0015448371269969098,0.0,0.005518050488631618
2022-09-28,0.0,0.004289046643268296,0.0,0.003180473416705986,0.042504305855858286,0.06059742362209321,1.4376520652394553e-08,0.006617867720277818,0.016344352703586355,8.222244884947827e-09,2.511407748428951e-11,0.0,0.1316514998853866,0.01103188967895506,1.3775119933612245e-11,0.026507042371133677,0.007288362912686404,0.02125215292792918,0.0006864105448865301,0.0009143016562065814,0.0,0.009091423377705882
2022-09-29,0.0,0.015934469327144103,0.0,0.03133184386596381,0.04786258354782798,0.05411012009909685,8.691099153055358e-09,0.006310070961997587,0.017165535203845915,8.454044388150894e-09,3.8024666748626146e-11,0.0,0.15167678797593576,0.014646065606539835,6.459056900443017e-11,0.03043874418651917,0.013255690845413625,0.023931291773914017,0.002979516955197249,0.004134246167789266,0.0,0.0015688344798510667
2022-09-30,0.0,0.03251789922592112,0.0,0.018369553275274442,0.10487899146286504,0.10515370608875661,2.4146514293867965e-08,0.0035725793786311323,0.04715915313339285,1.2119506356822463e-08,1.0005885009434223e-14,0.0,0.12107744179931884,0.025540938035078592,1.3458414938050112e-11,0.03506554298771096,0.011929192617750006,0.0524394957314325,0.0027588845891199157,0.006238933244723497,0.289161550883711,0.11004634965717283
2022-10-03,0.0,0.009468988306572286,0.0,0.0048905627232460605,0.03961771847865583,0.1525723514684454,1.0587526102623152e-07,0.002287835728976331,0.020017544038363068,5.149777428103963e-08,6.022959908591474e-15,0.0,0.05118326937626588,0.011165802456413677,9.917677790127755e-12,0.06010818154304067,0.0070319833219392265,0.019808859239328028,0.0008733367238089873,0.001758774067848537,0.0,0.07470468908254152
2022-10-04,0.0,0.010823324235985235,0.0,0.009714249259613644,0.01649236630283568,0.269093585868557,1.2900006285247447e-10,0.007665880803403316,0.012577826663464443,3.081515117381306e-08,2.6645352591003757e-15,0.0,0.02623503498689611,0.012387330098766705,3.9954567432332055e-12,0.07531199510116914,0.009752606206837754,0.008246183151417952,0.0030540894867819787,0.003749062218482254,4.7878367936959876e-15,0.032916387869484615
2022-10-05,0.0,0.01259300570783013,0.0,0.012723538602886676,0.01578658805083197,0.20822721501516245,9.155108746667944e-08,0.004557913575679079,0.004008479449081184,1.6354017029485135e-08,3.066991105526995e-15,0.0,0.0,0.012928173535504267,1.1537069771749842e-08,0.04579248074071989,0.006258344041873203,0.007893294025416088,0.002504480096483061,0.0039822481324942975,0.0,0.15343661960957297
2022-10-06,0.0,0.001390136074886128,0.0,0.012769128091671694,0.004175774652558409,0.023005100592963817,1.8343525819877888e-08,0.020492249957068644,0.001073204154196046,3.3543160263271865e-09,3.2057689836051395e-15,0.0,0.0,0.005498750007281019,4.666714431555974e-09,0.015391951218890953,0.003479383203021689,0.002087887326279181,0.0001502160640465336,0.0013614844475334474,0.0,0.0015862571204721954
2022-10-07,0.0,0.0020514845677205955,0.0,0.03256050230267602,0.012089425967862357,0.07325496872064743,2.5873943213878076e-09,0.015257969134806138,0.008639614563798748,6.116880703344041e-09,9.334685802109277e-12,0.0,0.012099772748479981,0.023872001873764023,1.5320556906450733e-09,0.06426247093023277,0.018480499329198093,0.0060447129839311525,0.0006262528690556823,0.00254256078409755,4.871103520542874e-15,0.1301575848958842
2022-10-10,0.0,0.03864775764695235,0.0,0.016870057896237703,0.05752114612217276,0.09256065652795852,1.0358223123670212e-08,0.06658558393011027,0.010210790540671852,2.047246343284126e-08,1.261783733053079e-11,0.0,0.16204795112009823,0.023360354427664227,9.801079253746181e-10,0.051205719699620476,0.009855339074733661,0.028760573061086432,0.005115617104315254,0.061471162095969055,0.2608703862582833,0.21154664978757592
2022-10-11,0.0,0.01315526729183522,0.0,0.006501517023830109,0.03956742221522949,0.2253719237624812,6.542484437622693e-09,0.032915952336624824,0.014867104279671174,2.856247467708517e-09,1.5404344466674047e-15,0.0,0.09973102728724392,0.012760083667389115,2.2107995850673134e-09,0.03021735416554256,0.007039203408296487,0.019783711107614836,0.00145464331052933,0.0020339658587148063,9.450773497121645e-15,0.057294407351635934
2022-10-12,0.0,0.004449442467475702,0.0,0.008344844278731823,0.022546185343549095,0.2694225642778536,2.932973489785033e-09,0.019637195893762633,0.00989863121160394,2.427551076822354e-10,6.89062695791165e-12,0.0,0.08500380442700103,0.011765037859718603,7.830199821867723e-10,0.037505528350856174,0.007217364335764803,0.011273092671774398,0.0008908129965203154,0.001126344317353048,0.0,0.00036678969329980576
2022-10-13,0.0,0.0028007397105716285,0.0,0.012944056448410922,0.005445137637935572,0.1272462242372217,3.5124050898260536e-09,0.016038432669338694,0.0033917256463447815,1.415229738954693e-10,6.721512235685623e-12,0.0,0.0,0.007582314982862141,7.244600197520157e-10,0.02149456573921697,0.005857765172556171,0.002722568818967784,0.0004751155726648859,0.0008822265636822049,2.095545958979983e-15,0.0014727089057651535
2022-10-14,0.0,0.033835370235130766,0.0,0.03466353245444703,0.006684281235812888,0.15022302143889435,3.5029980454466054e-09,0.010273883440575879,0.001973049416535727,1.7300586657720274e-10,1.16086029677831e-11,0.0,0.0,0.004430376499329282,1.3327593473277943e-09,0.05539652978768233,0.008469721220651781,0.0033421406179064833,0.003929887459044053,0.004720965607307205,6.966649479522857e-15,0.006950010464342432
2022-10-17,0.0,0.010327490714259804,0.0,0.004376779091408293,0.03989597873893974,0.08927596366887705,8.700818178604482e-09,0.012681479628448641,0.034370997686843596,1.32517598283588e-09,4.194061764550838e-12,0.0,0.009977192613008001,0.01720106101853539,1.4501696371516104e-09,0.03626176320165295,0.01079610512655059,0.019947989369469864,0.0018459380798018163,0.0029550318267256744,0.0,0.02651085864418442
2022-10-18,0.0,0.01604475994633437,0.0,0.013722516973807629,0.016819425448305742,0.3184128406294353,3.6261583550580772e-09,0.0016970381719419616,0.0065735468364718636,3.4576302238020773e-10,7.875269880663893e-12,0.0,0.028568579939226103,0.009725767353097539,2.334968426942474e-09,0.034416214160175616,0.007439711299847795,0.00840971272415273,0.002776646496932683,0.004283225869032493,0.0,0.02861541363882096
2022-10-19,0.0,0.005224622374359503,0.0,0.012318428706260614,0.007871698772037866,0.10976649666086213,3.2522748939969306e-09,0.0034951147684902767,0.0006567741497992066,3.5350228300146114e-10,9.88691073455783e-12,0.0,0.0,0.017166703076858802,7.228777160195321e-10,0.033072210718562915,0.014190898810007005,0.0039358493860187985,0.00071313831624778,0.0009194969575574315,0.0,0.012414725744197996
2022-10-20,0.0,0.0048393371611640985,0.0,0.01820451591168005,0.011523155720336234,0.21200892963812726,1.2167386465080062e-08,0.01994016617591643,0.009718959347835072,3.319697988724002e-10,9.886994001284677e-12,0.0,0.0,0.02932137647629155,7.031668303181249e-10,0.02468806689932946,0.02180355124320311,0.005761577860168128,0.0011574033238854267,0.002359613487319886,8.0629947163402e-15,0.008007300656893812
2022-10-21,0.0,0.0015196557901352831,0.0,0.004983781238103683,0.01167457616269094,0.09912753131333028,1.5179978730563173e-09,0.006702357935555389,0.0007071529355514999,3.4453054992278354e-10,7.72086561351415e-12,0.0,0.028568579939226103,0.010355514286463266,5.593400187464681e-10,0.023348240572797965,0.008546521786860559,0.005837288081345468,0.0003238855453483666,0.0004504847267668838,1.5404344466674047e-15,0.010150993760909548
2022-10-24,0.0,0.017414047844912958,0.0,0.02101372836031596,0.01572816602281389,0.30776504831591445,1.856093347906971e-08,0.013869946166176268,0.015541113476109307,7.564657580894085e-10,1.3183690250606617e-11,0.0,0.004219696622679681,0.00981863256438238,3.015791130711598e-09,0.03705310118242619,0.006751484015512923,0.00786408301140682,0.002775368040316209,0.003264733430932105,1.712519015484304e-14,0.008947821864539539
2022-10-25,0.0,0.008672156167874319,0.0,0.0018956720865176693,0.005571301202645962,0.1853057680185725,6.3490063495431e-09,0.0067062200719136544,2.9071525426832556e-06,3.969392453617715e-10,3.0403762840691684e-11,0.0,0.0,0.008584433480556706,5.431788491216949e-10,0.04083160579354133,0.009341362235984429,0.0027856506013229504,0.0010102743906561587,0.001526971016278824,2.1316282072803006e-14,0.00832633604950802
2022-10-26,0.0,0.008937705914212926,0.0,0.018845377824230857,0.05017382206894767,0.21158421171641056,2.4534809922442745e-08,0.01101038588589553,0.012943702246472774,1.938428986769658e-09,5.2577178721868734e-11,0.0,0.004219696622679681,0.01393870843133257,2.7574582339706666e-09,0.04670353446416976,0.008015089741097457,0.025086911034473816,0.0017786457935115851,0.002247662716423633,1.1879386363489175e-14,0.014212121431238137
2022-10-27,0.0,0.06596458749839595,0.0,0.04292111825849573,0.17016725943456573,0.14939238746372888,1.6781047212864884e-08,0.011603223026130031,0.007098441573630189,2.9147989376310246e-08,3.083253097280192e-11,0.0,0.0,0.0647234096158728,1.8600369022792052e-09,0.11022368422820474,0.02579818224508238,0.0850836297172827,0.006821616921242217,0.018111975668488378,3.774758283725532e-15,0.09909798242431173
2022-10-28,0.0,0.02437684113737546,0.0,0.00432962891495376,0.03889703351813788,0.3035369206447634,9.48200892392405e-09,0.0026751873844449254,0.032373278345587495,1.454281906704269e-08,4.927580565805556e-11,0.0,0.07081073730194243,0.023704485140415694,5.587895840486468e-10,0.05723722363999078,0.014611967420584229,0.01944851675906896,0.0024572213985985455,0.00428874044040348,6.800116025829084e-15,0.02180645431691125
2022-10-31,0.0,0.10456884370491831,0.0,0.09497587476112504,0.010829436449165489,0.3052537917578943,1.9678865392960323e-08,0.0035936908841786045,0.014929176175266047,4.678553981729561e-09,5.2693627239364105e-11,0.0,0.06659104067926275,0.008815942529551297,2.9001428203390134e-09,0.07346247459712274,0.024890507508547488,0.005414718224582497,0.008458602287326693,0.01616595536402459,2.886579864025407e-15,0.01743768607427404
2022-11-01,0.0,0.00786149280385973,0.0,0.004348367233605103,0.008193976079574401,0.29461365360611674,4.805740854187423e-09,0.004267067637155042,0.0019019420707885593,9.934036024339399e-10,2.4702462297909733e-15,0.0,0.05425052804574165,0.011812876573803569,1.870774951617804e-09,0.036981160390814304,0.008464339559245727,0.004096988039787225,0.0008704389636421533,0.0016445459819501088,2.4841240175987878e-15,0.0037652666992921136
2022-11-02,0.0,0.0078005922940422665,0.0,0.010461442113774685,0.016954654637864504,0.3236638984707102,4.359729439120027e-09,0.003833757135297077,0.012313335300290697,4.052649639485484e-09,2.0261570199409107e-15,0.0,0.012340512633521095,0.0265399096284378,1.2770587781707476e-09,0.04946903339469631,0.019046323571678864,0.008477327318932013,0.0014574581471728104,0.002915903029827027,7.216449660063518e-16,0.018981563323141437
2022-11-03,0.0,0.013731579131393425,0.0,0.014453593563087288,0.0245643846616911,0.4566957052768444,3.631019286401657e-09,0.012048170692499083,0.025510827219029863,7.713112190610438e-09,1.295939744405672e-11,0.0,0.04787059969034296,0.025631319886560863,8.483111019197409e-10,0.04267754068453226,0.01826131825580993,0.012282192330845577,0.0020630520459622437,0.0031794184784138466,0.10077328408702972,0.0031916118335436616
2022-11-04,0.0,0.02812207137984883,0.0,0.011615909844740974,0.06876530684102357,0.23168724292445197,1.9178807477058237e-08,0.0201069434979656,0.04271514363074418,2.149969310222266e-08,1.2962436679586631e-11,0.0,0.0738366245962448,0.030853654910963278,9.863289754385995e-09,0.03865026678420892,0.01761204618290892,0.034382653420511805,0.0027732985483151507,0.0033993518926005474,0.2210855874228077,0.031809284615788025
2022-11-07,0.0,0.0404300126032793,0.0,0.007951004175229702,0.06948534110711178,0.06391972223285515,6.999581814213468e-08,0.01957614615434284,0.02372260323540542,1.097909096969829e-09,4.718447854656915e-15,0.0,0.03324890575634476,0.02208165368450773,6.171622934925125e-11,0.036969568834444515,0.01784002754781106,0.03474267055355593,0.0028918416537517394,0.004676073640903184,6.534009444614242e-14,0.08839847876270851
2022-11-08,0.0,0.009757562441134213,0.0,0.0035496051560998843,0.03800856490848341,0.04743354365566257,9.988152075748546e-08,0.008171546352708493,6.96345111877994e-07,6.248933315244898e-10,6.3369309799554685e-12,0.0,0.0,0.018303436665481485,2.4267060583227362e-11,0.0470280053512257,0.016378166029400912,0.019004282454241857,0.0017403053511093336,0.0028706871490998126,0.0,0.07299251507993126
2022-11-09,0.0,0.001308309420731845,0.0,0.002720461001901818,0.007206021498280143,0.024335651521995856,6.315751797054422e-09,0.013555303691648701,4.324894529381118e-07,3.586765537355596e-10,6.336001168172345e-12,0.0,0.0,0.00503889467680755,1.1311799122393218e-08,0.012329530576974087,0.004006932930977363,0.0036030107491400176,0.0004554562704526602,0.000638130264826231,6.925363060794609e-14,0.0010818603714049524
2022-11-10,0.0,0.013981417846573188,0.0,0.0069666940555695835,0.05039911725035009,0.1493874407084758,9.990331043197314e-09,0.013607673116122017,1.099858310531221e-06,5.448880763259112e-09,3.0956875951559937e-11,0.0,0.054688138598477376,0.02115768036347063,6.616751174748359e-10,0.03788107096322355,0.013634161504987223,0.02519955862517495,0.0018467287756876935,0.0032080267758110223,0.06699117539666714,0.07945425081938845
2022-11-11,0.0,0.05717954748790038,0.0,0.030238342752730626,0.013841137574404389,0.7730292474546993,1.1059565101793119e-08,0.008640026861508882,2.9310719787400963e-07,4.688307825295723e-09,2.98200492077072e-11,0.0,0.08793704435482214,0.010924304013375928,1.9225781106024797e-09,0.08042481316571945,0.013031198294446506,0.00692056878720225,0.006357395823359431,0.01261754613742384,4.544108145321246e-15,0.012243089571890742
2022-11-14,0.0,0.001755286678545874,0.0,0.014119329770018027,0.03454696010986865,0.2580759861701355,9.704831880708935e-09,0.007743657746520579,2.7501772116578227e-08,1.4767221674649722e-08,3.416987526261295e-11,0.0,0.0,0.011315529249925325,1.3322613567900987e-09,0.05584605555169698,0.006518358114190579,0.017273480054934134,0.002731728111947357,0.0026850102757523774,0.0,0.07569784065852403
2022-11-15,0.0,0.004968491851123323,0.0,0.0023667553458663923,0.04544772135171308,0.12907809524677372,5.2552939289506224e-09,0.010188535843617747,8.403465014128475e-09,1.8273893440112765e-08,9.367631670365029e-12,0.0,0.0,0.017759719459194145,8.099673987072009e-10,0.04001151494405948,0.015012725639864541,0.022723860675856376,0.0002862197623946308,0.0006633433273892445,2.568258106183663e-15,0.00043289155951919955
2022-11-16,0.0,0.0037049239295366514,0.0,0.002506532808228763,0.014111672039874026,0.13115850725840292,8.612175111900686e-09,0.013441014204947997,1.4347014776899814e-07,1.427981809187795e-09,0.0,0.0,0.0,0.008312828917489844,1.29377400459596e-09,0.01934634611663854,0.007528971201381678,0.007055836019936909,0.0008788473502242336,0.0010896449801392032,6.860831347488272e-15,0.002284490972768116
2022-11-17,0.0,0.015195312461927459,0.0,0.008007054313466643,0.05182743395979586,0.13134918310465224,3.176517153004349e-08,0.008119965799061376,1.798173810824144e-07,4.724238354680832e-09,8.963690900642973e-12,0.0,0.12170722428658776,0.033931842399960284,1.5906753830785547e-09,0.025852464060660534,0.013366371203934992,0.02591371697989791,0.0019609050279526877,0.0037445283888884427,4.888450755302642e-15,0.04294121792554356
2022-11-18,0.0,0.03205971944360729,0.0,0.014338226033618149,0.017998087010160403,0.08247682323990428,5.450640917108648e-09,0.008202897416960373,2.9362960389522907e-08,7.735971169209321e-10,2.4841240175987878e-15,0.0,0.04787059969034296,0.017869691998834415,9.037644382869914e-10,0.11530346598088069,0.016211794957700438,0.008999043505080316,0.0004702745826401372,0.0060958201594608664,0.0,0.03589517568044204
2022-11-21,0.0,0.00799823874290354,0.0,0.005129342128572508,0.04667330876794271,0.04611470901934747,8.448700690632162e-09,0.002185089343681657,9.468913138993562e-08,1.0380707890500496e-09,8.174405596861334e-12,0.0,0.0,0.014849059435734295,1.1283705525499954e-08,0.07739046905778234,0.008163791347921672,0.023336654383971103,0.00016635191714672176,0.0016800612190240212,2.310651670001107e-15,0.016881271150843258
2022-11-22,0.0,0.01027848603874053,0.0,0.004718331292322618,0.04324699539654743,0.18955170989198278,1.5239765177488654e-08,0.017617148413917785,8.702262917908987e-08,8.403931092693107e-10,8.174030896590523e-12,0.0,0.10708553035258955,0.018763768157143496,3.941766357762333e-11,0.02756966304063139,0.009641990369028998,0.021623497698273687,0.0010250037209646873,0.001890569007905199,3.256075964408467e-15,0.047861607395980166
2022-11-23,0.0,0.006149693492614152,0.0,0.003881890341192877,0.010160994596564834,0.10365939166758853,6.8430551092872884e-09,0.0066348615467107155,1.6475560984940962e-09,1.6941183178520447e-10,7.250297584526777e-12,0.0,0.0,0.007461914784856648,3.567481032806796e-11,0.03854150318327061,0.005569652403380947,0.00508049729828236,0.0013063274747361978,0.0016398802361008782,4.174612044938186e-14,0.004410803008271125
2022-11-25,0.0,0.003385202899442097,0.0,0.0019551414617033492,0.016135614589165365,0.0746701817429222,5.641299042992112e-09,0.008119736307821524,9.886784231583068e-09,3.279377464027178e-11,7.249242872653383e-12,0.0,0.03324890575634476,0.012887380673433488,1.8245058241994627e-11,0.04054303092511849,0.007240328881589416,0.008067807294582695,0.0007024809719829092,0.0008585246645421429,4.378008372496467e-14,0.02432309789141862
2022-11-28,0.0,0.005749356785166072,0.0,0.00388612720819343,0.0302803532886893,0.11668506025057734,3.297716447393327e-09,0.004243503406743364,8.409347336535422e-09,1.3879990143350618e-09,6.835240706770662e-12,0.0,0.03324890575634476,0.009803886851062786,9.22760479138418e-12,0.04496129849298194,0.006643927437782559,0.01514017664434468,0.0007055229195011142,0.0010074631524133078,5.303917027799088e-15,0.018225560197060342
2022-11-29,0.0,0.011448787351467581,0.0,0.004218809102437158,0.040275320833515135,0.03255345496891327,1.1530435184494381e-08,0.011375768444658162,8.686512988076434e-09,1.0938494277024091e-09,6.625450188479931e-12,0.0,0.0699838187255093,0.02132065033089732,2.0124860111714327e-11,0.04088513685345502,0.012938523642165831,0.020137660416757512,0.0007423021864471149,0.0016766338823097394,4.1772141301521515e-15,0.09686382868184767
2022-11-30,0.0,0.0034632761316291554,0.0,0.010008764375166257,0.045934100976436146,0.1455594585681567,8.629147839759049e-08,0.008422404844880436,1.6206249883743418e-09,5.920899388833778e-09,7.144757008248348e-12,0.0,0.09840528395898229,0.01726500048386141,2.8648333705305618e-11,0.022121983340835545,0.012553674597303475,0.0229670504882181,0.000678683499309822,0.0007740453918694788,4.498137973207861e-15,0.016313723273219338
2022-12-01,0.0,0.04440170074700513,0.0,0.019414193730374604,0.01681225036176043,0.2694102441227191,1.8412565912111327e-07,0.0029854026365392786,4.36989749941219e-10,1.5990116591924064e-09,4.497083261334467e-12,0.0,0.08858439689505687,0.014156004820278926,5.993104623680523e-11,0.09236528396506904,0.014775370673915109,0.00840612518088018,0.004263943853382364,0.00724576729919281,0.0,0.004398806385587983
2022-12-02,0.0,0.0012758310740632745,0.0,0.025764289380371643,0.0046754775002696486,0.485153631198436,8.600203171217555e-11,0.008944759223082063,1.293707502236785e-10,1.624132592303873e-09,7.580727712230839e-12,0.0,0.0,0.033338545651528786,2.2364582408229694e-11,0.103991176762698,0.033138933388093365,0.002337738750134967,0.00022878008324982158,0.0026038133317169247,6.947567521287112e-16,0.0009760314379827773
2022-12-05,0.0,0.00758657313280883,0.0,0.0034850194853346993,0.024116864129210578,0.08442129724369793,7.072219875477188e-11,0.005950580905346258,1.7765242055212127e-10,7.682622669979988e-09,7.582157124375044e-12,0.0,0.008120651152921876,0.015131744173747665,5.652898982244636e-11,0.051738833783151944,0.010903297500828654,0.012058432064605426,0.0008581615044817234,0.001271347854062379,1.3678294608077124e-14,0.0012193021756097544
2022-12-06,0.0,0.014257173784802728,0.0,0.01152635706159381,0.018012139138865523,0.07705336543655902,1.0520166078385049e-07,0.007218972585922639,8.784287672258806e-10,4.90246149925655e-09,4.777178652659586e-12,0.0,0.0,0.029604230657332184,3.154046468445415e-11,0.07128420430970858,0.01994751475090081,0.009006069569432729,0.0023875085782870398,0.003923215194880324,1.6442576467046166e-14,0.021747722864589203
2022-12-07,0.0,0.007753575835549922,0.0,0.004302571464535799,0.02649863481925406,0.11831478806568871,1.0510704378611698e-07,0.015312612221691845,9.917558094207912e-10,2.8333849301509506e-08,4.776484763269195e-12,0.0,0.008120651152921876,0.016597408930575198,2.2532101184857822e-11,0.06114552019298575,0.013293980002052895,0.013249317409626947,0.0009315009661727616,0.001135706712510818,4.3576253716537394e-15,0.024728243107675185
2022-12-08,0.0,0.009329737566917228,0.0,0.005629100112605657,0.022760738734489833,0.0583155885220903,1.0113488702070262e-07,0.0171004108100567,4.634581399209914e-10,5.545931943545801e-08,3.011479954295737e-15,0.0,0.08858439689505687,0.014479403395673385,4.0826467206933614e-11,0.04653691180198746,0.008203094576206047,0.011380369367245062,0.0002241677093374264,0.0013427894634587996,1.2238474123016374e-15,0.002784449900944369
2022-12-09,0.0,0.01610388828088072,0.0,0.013303231028327134,0.020818388969870746,0.09149988850199652,2.8820995573237646e-08,0.0071423097165192306,5.193162566641263e-11,6.870629459115873e-08,9.381384558082573e-15,0.0,0.0,0.015024190933611863,3.482858446091086e-11,0.04161405202074592,0.011633295031711907,0.010409194484935352,0.001222070120940895,0.001644890406450352,3.250004432242548e-15,0.0009945745095112368
2022-12-12,0.0,0.007656760442102747,0.0,0.0032123000804784863,0.028656659018601767,0.1803096112930104,2.2528903675145407e-08,0.012921659990154634,9.174059081851205e-10,1.8945495741662377e-08,7.956579839429878e-12,0.0,0.09670504804797875,0.014017995373075208,2.5065741149354892e-11,0.05092858377262963,0.009355258022924157,0.014328329509300824,0.0009293345016409549,0.0016669710148123455,2.027024381678899e-15,0.007911077551427587
2022-12-13,0.0,0.017091366136321163,0.0,0.008386854801841991,0.006778799379469738,0.10724444608245991,8.596602309740693e-09,0.01089672131172583,2.0161027708409662e-10,5.288293455918414e-09,7.957662306878888e-12,0.0,0.0,0.010685199407657593,2.7664801005578e-11,0.04799486838985459,0.011981812398088154,0.0033893996897347636,0.0013311460293900096,0.0013457139017376898,0.0,0.0019499317614953826
2022-12-14,0.0,0.007420960888638613,0.0,0.0031595503436879814,0.022553484988861335,0.03946695061489667,2.1335366521176275e-08,0.011368237432279552,6.635062083093501e-10,2.9032976023302126e-10,1.6349005482751977e-11,0.0,0.09670504804797875,0.0062154233383637176,3.522629410390721e-11,0.03331820426134379,0.0023679036295066926,0.01127674249443069,0.0006741844609792699,0.0006638416925137045,0.0,0.006178464906658104
2022-12-15,0.0,0.008016740022351298,0.0,0.003418368893762657,0.035785663396675,0.17164159441461233,1.3752980072861287e-07,0.02637917984402445,4.212225013233706e-11,1.0980398795767954e-07,8.672521034647218e-12,0.0,0.0,0.010318841965065802,1.5807646858156943e-11,0.07283782204594859,0.007790831877006313,0.017892831698337476,0.0007171481327854431,0.0012797302874405607,0.0,0.004000857608113112
2022-12-16,0.0,0.028963330472460684,0.0,0.016050231522293436,0.0471532369785014,0.29364687537291356,9.65601886180845e-10,0.0332390341830928,5.183438470113266e-10,9.037133098799277e-08,1.0931366922761754e-11,0.0,0.03865011213923014,0.025639439084893478,1.3124945574816138e-11,0.07652816710599204,0.022640410353998545,0.023576618489250738,0.0026502298264053925,0.0029839097508565296,0.013033509828850556,0.09202891992376633
2022-12-19,0.0,0.006511561874474173,0.0,0.006429083893943858,0.01246891491340794,0.16669820919901454,1.9380206067528474e-09,0.009332069308333512,1.0251866022770173e-10,1.2695417050956337e-08,0.0,0.0,0.03263841191864983,0.019166460571145755,2.9091756781340905e-11,0.056778596845170386,0.015817964357815743,0.006234457456703972,0.0004092490151410902,0.0005237873675036156,1.2736339760621718e-14,0.015197275418580541
2022-12-20,0.0,0.007613286979420535,0.0,0.0034687559194183162,0.018090924250472144,0.2100729581678081,6.455264404042666e-09,0.00568177057203711,1.2588288050841e-10,2.165855165353614e-08,9.853229343548264e-16,0.0,0.014098036544988257,0.021002282166704262,8.837208742562552e-12,0.035710663342464075,0.017922817896670124,0.009045462125236041,0.0006835375445907454,0.0014397221478800772,1.0548853457414964e-14,0.014726543038638018
2022-12-21,0.0,0.0033637682068642346,0.0,0.004543569840818419,0.015479497435031016,0.06897673445262562,5.121448272363453e-09,0.0052837195393998,5.160274985094304e-11,6.09393662615032e-09,9.853229343548264e-16,0.0,0.014098036544988257,0.009449174130242672,7.544076474630401e-12,0.020799215108025657,0.00696263878033392,0.007739748717515586,0.00035169001543998435,0.0006431834079306566,1.067028410073334e-14,0.001305855332257605
2022-12-22,0.0,0.01281839575630458,0.0,0.01121735933811571,0.019910576113079878,0.17731654472931507,3.5094114565485807e-09,0.012394729160919604,9.2511512339577e-11,1.2815450455005983e-07,8.881784197001252e-16,0.0,0.03263841191864983,0.00903248232486436,3.959742256309795e-11,0.032827860005545294,0.00838554225216901,0.009955288056539856,0.0017856207109200883,0.0020550793691424575,9.948639134726989e-15,0.005321116589423552
2022-12-23,0.0,0.011916438524131745,0.0,0.005329466455133512,0.03745979554603684,0.15548468457352518,2.0493679996720807e-08,0.020365689743205167,2.938457879797518e-10,3.5542440449121138e-09,1.086630785351872e-14,0.0,0.13165388038638243,0.025743118705216884,2.4301838319473745e-11,0.06107677950476295,0.018629192908233838,0.01872989777301841,0.0014122707247049074,0.002152802489615614,2.8293339893181724e-15,0.06756806081218625
2022-12-27,0.0,0.0034754585100199805,0.0,0.0023281308889377466,0.017509114727291334,0.03937336921382005,1.0269171948842017e-07,0.0073287116772434,7.112143513010594e-11,1.222844699735881e-07,1.0348166767926159e-11,0.0,0.031306140635486535,0.011669756073456713,1.3178833024873882e-11,0.029656182114805783,0.008913869149936287,0.008754557363645658,0.0006018423682192867,0.0008678193331062949,6.609296443471635e-16,0.0002462876301928263
2022-12-28,0.0,0.004581843746340367,0.0,0.0050588022720584516,0.03110307040644913,0.07620370273028881,0.5842528155036101,0.007459454571705049,6.693338938656979e-11,2.1892503004189434e-07,1.035393992765421e-11,0.0,0.002878980259091307,0.01581157524631545,1.2479503541662496e-11,0.05228812833043485,0.012375277524101598,0.015551535203224665,0.001099159202866816,0.0012516743375481781,0.0,0.009030075427027273
2022-12-29,0.0,0.010168500776285604,2.0,0.0029260887963118596,0.051384279128500195,0.0,1.4157468672091273,0.019169791472344922,2.625733658279117e-11,0.019261806830542377,6.7940097991936454e-12,2.0,0.018460277317141144,0.010267985192538574,6.18202156132952e-11,0.05170568625705847,0.004879171267640641,0.025692139564250115,0.0006919449083645085,0.0013978488039638123,2.7200464103316335e-15,0.015603793631864371
2022-12-30,0.0,0.008872775840435759,0.0,0.010413851010460478,0.017542924265950156,0.06861576919781885,1.2975940073772827e-06,0.030421024001445064,9.811748635790707e-12,0.014047129763097847,8.165759735057065e-12,0.0,0.0,0.008766561158082727,9.743849296861562e-09,0.055162498531292535,0.007178215257850736,0.008771462132975104,0.0010615829200264562,0.0018398771549087319,2.527492104498208e-15,0.003416890522914162
2023-01-03,0.0,0.06054358398420206,0.0,0.06158268143711667,0.016010123168682125,0.254098477208039,1.243406106124647e-06,0.0119843472242116,1.9919912941368523e-11,0.005213977998564115,1.73320108265429e-11,0.0,0.0,0.05599381819038748,1.1958065510020432e-09,0.10269783707513305,0.02369537844697447,0.008005061584340854,0.0031312277873080455,0.01643215609580541,0.35657894170987003,0.0022390552924101415
2023-01-04,0.0,0.005479670927783123,0.0,0.00858200013494367,0.0754990377237325,0.011390635887464046,2.3122143257859683e-07,0.012996751799432615,4.4833955992196195e-11,0.052871062670388394,1.0703674058198942e-11,0.0,0.03563131320730162,0.019116061125787814,1.6645443079443822e-09,0.050902655102017094,0.010595425634093379,0.03774951886186629,0.0005829325896302348,0.0020362442744086932,7.892991815694472e-16,0.00856763348511011
2023-01-05,0.0,0.007707216911794295,0.0,0.019071588513732033,0.09184476961484196,0.13421941525377076,5.05423292128345e-07,0.011630959148161896,2.1590583487718362e-11,0.052871778424124306,8.530356976343967e-12,0.0,0.0,0.03954943634580842,2.569494769733005e-09,0.09075393242901872,0.02479747291097164,0.04592238480742102,0.0020675036132109526,0.09130366597094094,1.0772632785815972e-15,0.0016558985123346637
2023-01-06,0.0,0.014249904601211253,0.0,0.03310822266161519,0.09501021160516998,0.3170703665046498,1.992846856141498e-08,0.014482937871094998,2.117751807251267e-11,3.0305950124431824e-08,7.890105235830447e-12,0.0,0.03563131320730162,0.027795852839788613,1.1397555260694858e-09,0.0763462471911569,0.018510167668018482,0.04750510580258513,0.0008725123591781445,0.09079653978250794,2.3765711620882257e-15,0.0017847719072754675
2023-01-09,0.0,0.026281526394074547,0.0,0.014683094909258732,0.018550469246427753,0.04975096879090676,9.80487477594421e-07,0.007274180789683548,2.7812724345821493e-11,3.004932613848155e-08,8.184036781599957e-12,0.0,0.03563131320730162,0.006995075839466442,6.354371889782939e-10,0.042066148745254044,0.005510439237764434,0.009275234623213703,0.002394187146849726,0.004052146152562889,7.058589823749628e-15,0.004604658025699315
2023-01-10,0.0,0.0040649376761185164,0.0,0.008291874825760263,0.06098283767236427,0.1932674245951544,9.964151240288852e-07,0.013373802776184131,7.336568852434056e-12,6.170456687965009e-08,4.608424752916562e-12,0.0,0.03563131320730162,0.021189007424141953,5.482779508181324e-10,0.04773671943743706,0.016527482206320544,0.030491418836182616,0.0011947539882014649,0.002080137623115697,0.0,0.0022202917073246287
2023-01-11,0.0,0.0011964125401356064,0.0,0.011364250833296766,0.010209367267623117,0.3624174942044676,1.6850703113031072e-08,0.016306582596776073,1.681740857684133e-11,2.26903690975222e-09,2.2757074003010302e-12,0.0,0.0,0.019951882427116298,3.7923814089069197e-10,0.04091698189071466,0.015958291523042033,0.005104683633811648,0.0004055580305426659,0.000920415519298539,0.0,0.0006092430472077748
2023-01-12,0.0,0.012862997478640725,2.0,0.009553165288547777,0.023602917580621732,0.18516099090291752,1.9999995090346696,0.004923137266832226,6.032799954036605e-11,1.257257013775881e-09,4.076183834911262e-12,2.0,0.010188276520033818,0.012813996127849735,3.9406340690550934e-10,0.05160177025314036,0.011324631534946263,0.011801458790310956,0.0017496038721353802,0.0036210590403751783,4.954370247389761e-15,0.0019402565573596597
2023-01-13,0.0,0.0029129985965077195,0.0,0.0018719884860806829,0.02996489387787723,0.10660874203095409,4.443963914653687e-05,0.00396432981250994,5.185789297978971e-12,1.4777747074645742e-08,9.133332978805697e-12,0.0,0.0,0.0160832027662824,3.770886380927152e-10,0.023394599238331173,0.011990381531155449,0.014982446938938403,0.0008373706258977751,0.001007678338068932,0.0,0.0015526650983419266
2023-01-17,0.0,0.0018945465748946158,0.0,0.011152406558245741,0.029205349716602987,0.15482108443448084,4.470985492170266e-05,0.01552686527621659,9.520710608779126e-12,1.6152301669791758e-08,9.528128286362403e-12,0.0,0.0,0.014981524712330035,3.516071184206382e-10,0.05612022770552085,0.011960840377592957,0.014602674858301384,0.00138846529706272,0.08867703258999908,4.7394380087162347e-14,0.004649978394194232
2023-01-18,0.0,0.009108215864907501,0.0,0.01119118558265121,0.025136764791043237,0.12305521694900803,1.163056460103594e-06,0.001840151927035081,6.653733813921647e-11,4.396094051284383e-09,6.7700012262861264e-12,0.0,0.008272000797107326,0.020850960873165927,5.330134389414098e-10,0.0442845020460034,0.01469598049222443,0.012568382395521605,0.00019312448466529686,0.08789135222452427,4.731631753074339e-14,0.017168637897088945
2023-01-19,0.0,0.022976321634695006,0.0,0.021933409198341663,0.04853753542013486,0.15835668809103792,9.793324884396247e-07,0.018025015135636143,9.411856710661581e-11,7.965452686331531e-09,5.81446002456687e-12,0.0,0.03418512089457784,0.01984466221372668,6.686107778541839e-10,0.04049079435141018,0.010831022941595766,0.024268767710067397,0.0013339928505120696,0.00215794390555573,0.11536867850531032,0.013988459980248336
2023-01-20,0.0,0.013944750439225795,0.0,0.029046253431675342,0.02502440401733021,0.28939740095104083,2.5915215381176553e-07,0.006087007687906413,9.206831130814663e-11,1.2999192833262896e-09,7.859268791321483e-12,0.0,0.04359987715295288,0.022085909174900397,1.5768623490286515e-09,0.04138845385937823,0.02704361174666669,0.012512202008665346,0.0009064941927837897,0.0032024725974247673,0.0,0.0022197225393416065
2023-01-23,0.0,0.02002657783358486,0.0,0.010423223151008477,0.039659113915536275,0.6012992968892616,6.616469870822135e-08,0.00946394648321143,3.8275368291484924e-10,2.7000086888495645e-10,2.289184120041199e-11,0.0,0.04131755476979146,0.016620036973010517,1.987812137116407e-10,0.045352539807727174,0.01720028592794373,0.01982955695776794,0.002452948167933504,0.0038036789821416853,0.0,0.0013038766466964002
2023-01-24,0.0,0.014544467009506892,0.0,0.013047696946899693,0.03380665639389062,1.6127741658073542,7.770280756670482e-09,0.0002249498133935859,1.837569749141288e-10,7.704453117152177e-10,2.4678703525182755e-11,0.0,0.018489547428582165,0.010483117577647043,1.2949868954947874e-10,0.06102717289737718,0.008050774024066322,0.016903328196945573,0.001990578284451476,0.08945161917404082,3.490263633665336e-15,0.0070366321188695125
2023-01-25,0.0,0.005195475145040862,0.0,0.007756551738169341,0.019305512304355017,1.5885013244196908,1.7316072035512294e-08,0.005086696141276547,1.0614302492495398e-10,1.1829908511118425e-09,2.916761276949842e-11,0.0,0.022828007341209294,0.014069422702997643,2.906413165693067e-10,0.032729698310120625,0.010116663594343208,0.009652756152177352,0.0007808210674698293,0.0011424747605516782,0.0,0.0005972197157236014
2023-01-26,0.0,0.0020205649447697237,0.0,0.007379237749684815,0.0014187931367559846,0.1374371040357103,1.2192804574688696e-08,0.0008078800802392673,9.756147278938698e-12,1.826807802252084e-10,2.5444174545086184e-11,0.0,0.0,0.01107966529414103,2.8115573758036305e-10,0.024341095164277113,0.014101701678230015,0.0007093965683779221,0.00012841303855081615,0.0005335657686267418,1.960237527853792e-15,0.0006592549946176085
2023-01-27,0.0,0.009092833978140046,0.0,0.007869894496336353,0.013009963576392228,0.33207390188502817,1.0708230447868905e-08,0.003161473088864056,2.793262843248101e-11,4.927945482235963e-10,2.6606758463110225e-11,0.0,0.04359987715295288,0.012302083121516658,1.8417017910721256e-10,0.047394018186748016,0.012137595127952377,0.0065049817881964594,0.0012700014929457812,0.002434736562804886,3.4833247397614286e-15,0.0017328051373340925
2023-01-30,0.0,0.004609405289185247,0.0,0.025403538994196204,0.009937910949438446,0.24456053745565223,1.0600047543538601e-08,0.005149698225306188,7.728510192928084e-11,2.8927876066786595e-10,2.672413679238872e-11,0.0,0.031306140635486535,0.02358196090851457,7.432072596236239e-10,0.05039169951947139,0.024638472498807722,0.004968955474719164,0.000408199736725276,0.08492706252497306,0.0,0.011741681417636374
2023-01-31,0.0,0.06330627565239197,2.0,0.03487156787150993,0.14395786473482003,0.18376454586786825,1.9999994134217711,0.011857275132795905,3.736169360002428e-10,3.004555070018622e-09,2.957126210567651e-11,2.0,0.1538520606621,0.045840849755352894,4.2319671378354684e-10,0.11078584022980519,0.023494816032395432,0.07197893236741013,0.0008283833833909807,0.011301689706702148,0.20498707703128463,0.11702572558786177
2023-02-01,0.0,0.005298917527764978,0.0,0.00797279957109279,0.03933825082058816,0.7057321549439566,3.9730554589422797e-07,0.002827779850274528,1.5329941475961117e-08,5.277252870805604e-09,3.45436179660652e-11,0.0,0.08349345768517964,0.01798207439259712,4.1260274363796867e-10,0.03594259968783452,0.01639130130766476,0.019669125410294926,0.0006522406375508924,0.0015654705937350223,0.0,0.08149130556841566
2023-02-02,0.0,0.016883529579582175,0.0,0.003628741829706906,0.04417050664850684,1.581907682263418,1.1382613265238853e-06,0.008023360034376353,1.5294144430078038e-08,1.2022755277452113e-08,2.1382576265160935e-11,0.0,0.07068899774413498,0.01915993344574722,2.7505833721797046e-10,0.053491347192691,0.012396812243445682,0.02208525332425322,0.0021938218041935922,0.004069617132512655,1.0824674490095276e-15,0.08597217619826145
2023-02-03,0.0,0.03198594022860411,2.0,0.010964912487846692,0.029779375265549857,1.5341957537409718,1.9999956589887742,0.003096794624759165,5.139695613554096e-11,1.7896416015794614e-08,2.9075880592088765e-11,2.0,0.08817640056340442,0.010954832015617193,1.685553641106452e-10,0.06322379054722066,0.009334516464680528,0.014889687632774977,0.003942468563150926,0.006757142870848432,5.828670879282072e-16,0.04370066064079972
2023-02-06,0.0,0.02084741972892967,0.0,0.020617594529924222,0.08301810532889634,1.0287330247933308,3.0105986940410215e-06,0.013147567264347392,5.7177027001920067e-11,3.442059885033766e-08,2.6732213664892868e-11,0.0,0.05714086246350779,0.031631055591645994,1.3241392704532728e-10,0.07940124894675092,0.031013613704760492,0.04150905266444827,0.002201695259399762,0.0025971537639014816,7.91033905045424e-16,0.05071784007269539
2023-02-07,0.0,0.024390983315222922,0.0,0.00967437332054128,0.03384624969776477,2.0,5.20955370206069e-08,0.0031682070157687727,7.333916807183982e-11,8.446005769768838e-10,7.771561172376096e-16,0.0,0.010188276520033818,0.027338146621367392,2.9589114491912483e-10,0.04469834547154293,0.019473582686047416,0.01692312484888247,0.0016702441086915432,0.003911998341937881,0.00015938769861571778,0.00508881526092389
2023-02-08,0.0,0.016463231002066037,0.0,0.008766769288398826,0.032600631008406586,0.940527485287763,2.4147777587055696e-08,0.0024086468596046105,5.265724661862592e-11,2.989998096336599e-09,3.3961819467798193e-11,0.0,0.008272000797107326,0.013489306359104183,1.308447655778977e-10,0.056270183101906575,0.012684350229560128,0.01630031550420325,0.0022145634841268177,0.004045081105406002,2.5182633756060113e-13,0.002230756733016287
2023-02-09,0.0,0.029972358162511543,0.0,0.02864478038268756,0.11487769493442526,1.4017111885558655,4.7136942982408355e-07,0.009286772677923763,1.2302341784176107e-10,2.5379412738057994e-09,2.7964602855590215e-11,0.0,0.05409159052444276,0.04798097908605364,1.9077187052296551e-10,0.06575351623838374,0.040472080628195684,0.057438847467212645,0.002749427733499357,0.07669611590626146,0.09320212025757872,0.06269796870008504
2023-02-10,0.0,0.0023738096627989383,0.0,0.04170887414869642,0.0106539931445248,0.9272815161933938,9.123079846578753e-08,0.0046460516809710755,2.626019540707958e-11,4.963905321508921e-09,3.042663343499896e-11,0.0,0.03563131320730162,0.04945692599038887,2.2841521729599634e-10,0.153893215359676,0.049503976302645365,0.0053269965722624255,0.003183506764852989,0.005852613871410957,0.0,0.0018910998012575536
2023-02-13,0.0,0.011938797777776193,0.0,0.014308321505288888,0.016188125894034917,1.349183646348827,2.9702632188214056e-07,0.0027593109880890538,6.023001541954898e-12,1.5014229833715254e-07,3.105489476684653e-11,0.0,0.0,0.021106757638233616,1.2519928149767878e-10,0.03288929889683937,0.018843550440603023,0.008094062947017429,0.001673399408858016,0.0025289651422240184,1.0824674490095276e-15,0.05101683720339674
2023-02-14,0.0,0.01339609450742549,0.0,0.02221667831542629,0.035589820436065296,0.8861796966191109,6.790997690975461e-08,0.003988452564415021,9.602770661976123e-11,1.4163691706287063e-07,4.151365362581316e-11,0.0,0.010188276520033818,0.027775115900648302,2.9874593077128253e-10,0.08731756909878531,0.02342899300639489,0.01779491021803265,0.002311734931528621,0.20758313032212458,9.228728892196614e-16,0.003813349537552413
2023-02-15,0.0,0.010513627067335118,0.0,0.004106954528150981,0.023010669842909875,1.1859955910254545,2.3635075978447168e-08,0.012614684948176589,9.240261333864908e-12,4.687777219875011e-07,3.461153585959664e-11,0.0,0.010188276520033818,0.007267265807235711,3.526162417610834e-10,0.06331248804735568,0.006028141453509158,0.011505334921455009,0.0008587375738411604,0.0020490574771951375,0.0,0.004860505433961937
2023-02-16,0.0,0.010198575108470886,0.0,0.006000003901240507,0.023413473920169302,0.9000823526541831,1.9201523224784249e-07,0.003414287186319952,5.068532399343795e-11,4.644727015293282e-07,3.707351092785416e-11,0.0,0.0,0.010036230423913413,1.6582284156907434e-10,0.04210673938664606,0.006951474654663602,0.011706736960084521,0.001359255809964155,0.08395203898151879,1.6757428777935957e-15,0.002501748023935796
2023-02-17,0.0,0.041928705468431055,2.0,0.016504439950315808,0.07184085668498909,0.5395278137629231,1.9999993578626782,0.007215397509859159,1.8650234134831578e-10,2.6602614847104356e-08,4.699546307662672e-11,2.0,0.21600626077104718,0.026375967812646797,5.371526418107564e-10,0.14157134847452646,0.015611743632241805,0.03592042834249466,0.0021109676559217735,0.0059371262868108815,1.5959455978986625e-15,0.1746500387967816
2023-02-21,0.0,0.00478058221057368,0.0,0.003932702970084701,0.01258284060259266,0.04150515499366685,3.4879214449746577e-07,0.0024354612594420324,1.3651323127472637e-11,2.9956987133983315e-08,0.0,0.0,0.0,0.01096684468768092,1.3284048860917608e-10,0.038682099034409854,0.009003141482337607,0.006291420301296299,0.000918786128987735,0.08327118605243715,0.0,0.005165021415066064
2023-02-22,0.0,0.03125266343717173,0.0,0.007844084052152802,0.014952108678550517,0.34487421518605205,2.3316917487422714e-07,0.001919241361835478,3.499374401361166e-12,5.22897371790787e-08,4.173966727805123e-12,0.0,0.0,0.01607151658954133,6.968565446907604e-10,0.1543247135826084,0.011375561597139172,0.007476054339275243,0.001958661861064054,0.004357706280244379,0.01658031562676559,0.014468258758058974
2023-02-23,0.0,0.008114719051143266,0.0,0.004210669224524112,0.041953533487202536,0.04872970760741472,4.971260029403481e-07,0.0060963909018838195,2.0862769845031437e-11,1.432535897682996e-07,1.2073675392798577e-15,0.0,0.015346980923890006,0.014849623524094586,1.3384754415923794e-10,0.03233668227756808,0.010085784847529918,0.020976766743601376,0.0007028157281984276,0.001279140451483151,9.18709552877317e-14,0.030887210212270776
2023-02-24,0.0,0.0129054750474952,0.0,0.011757798271663783,0.06514375631043513,0.28778581096958267,1.6126349345143865e-06,0.03047097547810118,2.0690490987185228e-11,1.897156769875563e-08,8.103115400892591e-12,0.0,0.0,0.03415118212864303,4.4271471211221325e-10,0.06464470394093917,0.028411536144584873,0.03257187815521732,0.0018830492754685901,0.0054021358288089995,4.475586568020162e-16,0.0071135649194893
2023-02-27,0.0,0.01629211708931147,0.0,0.00793501502334028,0.002742277591276742,0.5627803777040128,1.596706965062937e-06,0.009557494646872429,5.818019677139574e-12,8.199345367318478e-07,8.103115400892591e-12,0.0,0.0,0.023535457110459426,2.398431314665217e-10,0.11040003654163387,0.02541785710116099,0.0013711387956382992,0.0030921430504983194,0.20565313104371383,1.700029006457271e-16,0.021370595357148296
2023-02-28,0.0,0.005640028770939927,2.0,0.04409445496176164,0.05529951375112069,0.3902397214283485,1.999999181113942,0.022517698623487653,1.2109239999613663e-10,1.008150656539586e-06,5.273559366969494e-16,2.0,0.07012609231506617,0.040986616668365686,3.5176975221595796e-10,0.09252508340452138,0.03468392880112709,0.027649756875560413,0.0038171348188312665,0.20615171398652105,3.0531133177191805e-16,0.060500647756486475
2023-03-01,0.0,0.0006547566993227859,0.0,0.0013244022551963158,0.012006331837256941,0.20069576447215112,7.320252574608237e-07,0.0018091416056374289,4.675748677129832e-11,8.978960942818137e-09,1.5404344466674047e-15,0.0,0.0949018743247894,0.011138114060667406,1.1770748264972042e-10,0.038619768174589425,0.007945563073830262,0.006003165918628636,0.00020584859871752847,0.00036664479935138994,4.864164626638967e-15,0.0018465849723468264
2023-03-02,0.0,0.003140537593035986,0.0,0.006243463288145459,0.01175707596366174,0.1189590311013827,2.881784626168891e-07,0.02140634468550126,7.794209722078449e-12,3.482417147010475e-08,2.2065682614424986e-15,0.0,0.07962214469344141,0.023577596743440905,2.9734885387266985e-10,0.027013748562729558,0.019772592725356815,0.005878537981830953,0.00045772683802357966,0.0006848839070854387,2.5271451598030126e-14,0.0001437997952664083
2023-03-03,0.0,0.007451460830068344,0.0,0.03513160511861671,0.01566529719810579,0.12572931809119384,4.3123287039775403e-07,0.005923699970992941,1.5301038214232676e-11,5.93568324658289e-07,2.9319463523691525e-11,0.0,0.017259345185124522,0.016479767685266235,3.730470099494454e-10,0.046165956348809746,0.020513490699191086,0.007832648599052944,0.0028912545156347808,0.2078257369461699,2.622554950981737e-14,0.04108399703647986
2023-03-06,0.0,0.013341021877656841,0.0,0.006023030191764855,0.01932451016156111,0.12240174977861894,6.319386246457628e-07,0.004078692360665206,8.774363180474865e-12,6.206108833992086e-07,2.931969944608426e-11,0.0,0.09688148987856593,0.008974225675047345,1.162485385730605e-10,0.0270241849936729,0.008901715075522391,0.009662255080780481,0.0011400217741131605,0.0018939198471789043,8.430756093247282e-16,0.04120186290819537
2023-03-07,0.0,0.004221087136943736,0.0,0.0027763826877786665,0.026168370858573407,0.06358092447326456,6.630570896719439e-08,0.003550356236948898,6.239629646298539e-11,1.8184913928853685e-08,2.6229018956769323e-15,0.0,0.0,0.013300657010476391,1.3343257054820867e-10,0.037073142859814154,0.009122809708719348,0.01308418542928684,0.0002718639378816237,0.0010830586718374308,1.079969447204121e-13,0.0016715010943601644
2023-03-08,0.0,0.007464434914160066,0.0,0.0036558352899675045,0.010825395289541134,0.09485400690854372,5.430930042753182e-08,0.018420343585079102,2.0020152202704367e-11,3.394057986050303e-09,2.914335439641036e-15,0.0,0.0,0.009149343566454863,1.1598084992403557e-10,0.08861555776898271,0.007252781309413886,0.005412697644770474,0.0012818522695318343,0.0013448961286193217,1.0778183900939098e-13,0.007055884035995802
2023-03-09,0.0,0.0027893474694563668,0.0,0.0016630687123972275,0.020709967532862437,0.09709292128376083,2.1933754493282327e-08,0.014399142657079485,4.532167002802012e-11,2.1240632983032803e-07,0.0,0.0,0.0,0.008791175618293151,1.4863915653862136e-10,0.01656086716992262,0.0063902482877507254,0.010354983766431208,0.0004809353036231076,0.0007632747000937273,0.0,0.0008278676542151642
2023-03-10,0.0,0.0030013248594181357,0.0,0.007102063841577091,0.014290679284220212,0.057640787191278964,1.1917115022597051e-08,0.03687353725584423,8.979601784364633e-12,2.1254830254863188e-07,4.643216366950753e-12,0.0,0.0,0.01523388726094158,2.0100064668238105e-10,0.028588753860872798,0.011962647623546156,0.007145339642110102,0.0007644767936122246,0.001179940078936556,3.191891195797325e-16,0.005535106479610599
2023-03-13,0.0,0.0030109972456596325,0.0,0.009860816732622837,0.009459367278599801,0.16372457001400795,3.4809602134436163e-08,0.011696445681997463,4.746615600570436e-11,2.601266771429245e-10,7.132215651406426e-11,0.0,0.07962214469344141,0.017135849759089737,3.718551855325103e-10,0.03703948410570198,0.01226632325037202,0.00472968363929991,0.0008171058516859286,0.0011199768365322896,6.269290642180181e-15,0.005117266127094622
2023-03-14,0.0,0.002730805973739146,0.0,0.0024174890635665657,0.026443782574926026,0.17526168730963904,4.038986358830017e-08,0.004921790100695399,9.098127112805443e-11,7.29923378406383e-08,7.18802239951799e-11,0.0,0.12544173442077683,0.013957193614144936,1.2485770750636505e-10,0.03955752059926192,0.00978523349305239,0.013221891287462921,0.00026463548547141225,0.0006255998034334423,7.025630077706069e-15,0.007928926066243888
2023-03-15,0.0,0.016810516398363347,0.0,0.004846617390968551,0.05971730502226271,0.16887618541440128,2.2535725941961322e-07,0.005536098377639669,5.2819790208324946e-11,0.016362934732522663,2.952579847281811e-11,0.0,0.15550553954694601,0.015340013574353745,5.432890803902524e-10,0.03218522600655089,0.011381967552831551,0.029858652511131283,0.0019112479806288399,0.0025381772040443465,2.2898349882893854e-15,0.034852749673781394
2023-03-16,0.0,0.008464637583867953,0.0,0.007785072035697465,0.03305649429541685,0.20099135188661194,5.629828502215898e-07,0.01706924844146746,2.5813809423347323e-11,0.026353913467678347,4.6978670953379265e-11,0.0,0.05534201682024497,0.01047824805899585,1.1350871631510273e-10,0.03321475332183367,0.005758582314033854,0.016528247147708487,0.0015071556260767074,0.0026410345636782503,0.18449061322184684,0.05477497564704194
2023-03-17,0.0,0.038129177367305825,2.0,0.028594619492476485,0.05011370122292406,0.6126670211011024,1.9999997442398696,0.024366972163165964,1.8532728129905252e-10,0.038617983800488406,4.204236958571528e-11,0.30920724569697855,0.046114358587358226,0.04820636000838597,1.0033683467414178e-09,0.15291797403931323,0.03679745508167292,0.025056850611462074,0.004992994118187329,0.007308520457660998,7.147060721024445e-16,0.03160457890551682
2023-03-20,0.0,0.004806319627250854,0.0,0.006508106304912948,0.024226505753160155,0.6017272357694965,0.6930388423926327,0.020918862528244736,1.4134295123202634e-10,0.01204988380441499,1.523567383365787e-11,0.0,0.031051620348013585,0.017681480904595547,1.1535691568642648e-09,0.08161006754570865,0.01159301595614972,0.012113252876580077,0.00013116159783663206,0.0010589571335116385,9.159339953157541e-16,0.0028203161639763843
2023-03-21,0.0,0.007362487006681946,0.0,0.017167285613249466,0.054381331838169296,0.0,0.6930388392952329,0.003906240130202227,8.833221654125367e-11,0.05185332127459109,2.4564295042495132e-11,0.0,0.020745718353385973,0.017698895163615218,5.761467136711218e-10,0.11894141538103783,0.013036846884402814,0.02719066591908468,0.0003734687144711646,0.0013184945623727698,6.661338147750939e-16,0.003976166198808216
2023-03-22,0.0,0.005630172958615375,0.0,0.011748695851507663,0.025837308416367968,0.13423302580785057,2.7117950542556197e-08,0.02156074646732819,2.0252280408250556e-10,0.007830336360894016,6.493430793064192e-12,0.0,0.153967030859499,0.019007875462557687,1.3223618866575748e-09,0.094998104545462,0.013741945282473253,0.012918654208183868,0.0015516888696955125,0.002247837612341888,1.2823075934420558e-14,0.10767874234372853
2023-03-23,0.0,0.007279227882596787,0.0,0.012270877606967328,0.03093880946911514,0.13423302580785057,4.6512076658180104e-07,0.021766993660879738,2.2967468898960064e-10,0.020651534598641157,3.050434904672272e-11,0.0,0.03910815145202288,0.014383547105942569,1.0042521675357463e-09,0.08933761942138181,0.00944604592208491,0.015469404734557775,0.0015332133526383407,0.002991134347368231,0.09680192759481665,0.025832912748428534
2023-03-24,0.0,0.009208980688293497,0.0,0.01715264391630637,0.006461881164734328,0.0,3.209462636721128e-07,0.017286376005211164,3.992738084601655e-11,0.0017036623903026599,3.121967961927652e-11,0.0,0.014563876687182321,0.014621769420522434,4.6077890114570863e-10,0.031078545520181213,0.01577042806739373,0.0032309405823671977,0.0014914045244311253,0.002670529745106051,5.771771949270033e-14,0.01118377577502639
2023-03-27,0.0,0.015835625641524447,0.0,0.015721465411062924,0.056033886408531346,0.061334223664973875,4.246904893246028e-08,0.02864392188668869,3.750541544000896e-10,0.05091536998168728,1.915134717478395e-15,1.6907927543030215,0.022781628984517636,0.022757368956876665,4.460361247016209e-10,0.14987801295806158,0.015161748560489572,0.028016943204265607,0.0014343570185273297,0.003122892360708472,5.746791931215967e-14,0.02028803269416626
2023-03-28,0.0,0.0020798148181286934,0.0,0.006682269022157428,0.030713449959093805,0.007633545039631817,9.192361489024822e-09,0.01982074834658422,4.2890827695041267e-10,0.019112949959220957,1.5126788710517758e-15,1.6907927543030215,0.03645508225614044,0.014646551199683874,5.381591422493059e-10,0.08724605301087322,0.00846327628321683,0.015356724979546849,0.00048022314658333065,0.0008054636843513041,9.298117831235686e-16,0.028381132939121038
2023-03-29,0.0,0.0072221688537537744,0.0,0.008514336867739352,0.017309495736721737,0.7557827453321375,2.89380666283537e-08,0.021665162174148656,9.725739658072996e-11,0.01110716766276628,1.3183898417423734e-15,1.6930901125533637e-15,0.0,0.007730163645289755,1.6039394812317198e-10,0.1004483547265138,0.005372146285958907,0.008654747868360874,0.0010729423979283503,0.0022914643886711786,0.02225021882293303,0.07984312183148033
2023-03-30,0.0,0.022170486535111132,0.0,0.013969073228842428,0.04106930124851382,1.2973788004839393,2.7315832709898003e-08,0.014168244463991557,5.138274528082576e-11,0.040713296172497804,4.002201348107803e-12,1.6653345369377348e-15,0.04957377100477212,0.022867150589598453,3.5301198075821105e-10,0.22040563205030891,0.01933558029401417,0.020534650624256898,0.001854306991550675,0.005523051776850356,1.1428358259735205e-14,0.04161298909728746
2023-03-31,0.0,0.004512404178986091,0.0,0.004793780683352073,0.005483411433599105,1.7190523400168758,4.100164828015259e-08,0.0254225153045889,8.825204456108793e-12,0.0055872136335030215,4.003186671042158e-12,2.220446049250313e-16,0.0,0.016620674759380033,5.782201384363361e-10,0.13063336189055907,0.013645052069609346,0.002741705716799589,0.000898516454563611,0.0012095616104791165,8.18789480661053e-15,0.05916993100329157
2023-04-03,0.0,0.02109730389765326,0.0,0.050480744710826905,0.021680065172773724,2.0,2.6802425432121012e-08,0.06335499421099264,2.291310127744417e-10,0.01224866450696848,1.5543122344752192e-15,2.220446049250313e-16,0.12544173442077683,0.054017284716100955,1.0817666068474452e-09,0.15534982520897295,0.07082382339157611,0.01084003258638673,0.006039053762335725,0.009700795929801075,0.19831165138665469,0.05272533759626921
2023-04-04,0.0,0.0011000639463926028,0.0,0.00891393280817031,0.030040232961811235,1.9546880151802222,7.837523774141399e-09,0.004682609116489957,3.9888217728822895e-11,0.024352201259420295,1.8041124150158794e-15,0.0,0.12544173442077683,0.024088136924976185,2.9156094205617933e-10,0.08000540574696748,0.023732834792792725,0.015020116480906141,0.00017567907417576079,0.0008128285884930614,1.4434634043603012e-14,0.013550812831667067
2023-04-05,0.0,0.010680526463276323,0.0,0.0060931004709871735,0.03719138015815159,0.22534794321358761,6.275555017956779e-09,0.01267154209556375,1.019773154808945e-10,0.03656021002103808,1.5404344466674047e-15,0.0,0.0,0.018340745827194863,2.139345506302348e-10,0.09490876754120037,0.011215669444203397,0.01859569007907582,0.001068551457595053,0.0017199765140229403,1.4677495330239765e-14,0.005588508532029695
2023-04-06,0.0,0.002922575004407833,0.0,0.010307669808076087,0.05910350775387192,2.0,3.6348741517017354e-08,0.009828765962490386,2.881691205103287e-10,0.040221296385791985,1.457167719820518e-15,0.0,0.17217646727695035,0.019091026821782184,2.621983186124055e-10,0.1012383363547692,0.013436097023403098,0.02955175387693563,0.00041844705671417043,0.0017524009614335243,3.697736561392162e-14,0.025969302073778164
2023-04-10,0.0,0.01633464997649388,0.0,0.03663498821367167,0.01822192782303452,2.0,4.032194345981971e-08,0.03487665353514785,4.368878869787096e-11,0.004359865099086001,2.2065682614424986e-15,0.0,6.938893903907228e-18,0.032186098163516606,5.395564689480992e-10,0.11789259063005764,0.028862566933407316,0.00911096391151734,0.0017341359059519432,0.006005137384837662,5.458480889508621e-14,0.0008978812534001998
2023-04-11,0.0,0.04910945176383268,0.0,0.014306704059008926,0.059730932622189474,0.43637190950620736,4.677088828799504e-09,0.020472502277236387,1.3172605367595125e-10,0.035108398244731165,1.3739009929736312e-15,1.6907927543030217,0.0562115067181927,0.017968338042804212,4.717273516252618e-10,0.15492479814020346,0.01578332174508746,0.029865466311094685,0.0027666889692376934,0.00700210627214095,2.304233193139993e-14,0.021087091444544754
2023-04-12,0.0,0.016348018148718082,0.0,0.016000112965434018,0.01602634569736769,0.0,5.667463205527546e-08,0.004139667006794936,6.484749542901014e-11,0.016654118773509592,2.040034807748725e-15,8.326672684688674e-16,0.013270146917856874,0.013040438392692777,5.526964719226868e-10,0.10258964952910711,0.011811192654228414,0.008013172848683796,0.003792867624214484,0.005392984949558061,9.993741945102386e-15,0.010228284945589031
2023-04-13,0.0,0.0033263110682521706,0.0,0.00631039776843451,0.023546839624755914,2.0,3.950171549150756e-08,0.005517794405826757,1.1781103870234233e-11,0.019282142533150123,1.9012569296705806e-15,8.326672684688674e-16,0.013270146917856874,0.021965586269127826,4.232792033542765e-10,0.0951444487401839,0.021427224129454546,0.011773419812378123,0.0007279742110959317,0.001320752854228044,1.0191500421363742e-14,0.013737666896638946
2023-04-14,0.0,0.041930422537531785,0.0,0.22259199692763537,0.021695056142849185,1.8592369406749745,7.625353841414806e-08,0.11447403992485128,2.019801687014322e-11,0.02461738956141525,1.8318679906315083e-15,8.326672684688674e-16,0.0,0.0263001838708137,3.0510805271166674e-09,0.09586104692163011,0.03614254661205299,0.010847528071424709,0.0031176847034511054,0.06317970502028378,5.09805739290492e-13,5.455811357828275e-05
2023-04-17,0.0,0.019462718951659373,0.0,0.015460169638474757,0.034966526390659336,2.0,4.764181517054299e-08,2.171970998695804e-07,1.0444260040154418e-10,0.0393791155449294,2.1510571102112408e-15,0.0,0.014354491615106652,0.0375201394351932,1.0793731186620192e-10,0.19784873676356338,0.03439337817308392,0.017483263195329772,0.002922073514277486,0.005008698942890279,0.09376189557205518,0.0084352869789196
2023-04-18,0.0,0.0019802609734260847,0.0,0.055258597045740585,0.012635939425422708,2.0,1.8100938895078787e-09,0.00393194497186627,1.310493380479727e-11,0.0050138241594703675,1.1518563880486e-15,3.3306690738754696e-16,0.0,0.0302260101571551,7.212198893657984e-11,0.033200808752530814,0.02435150780000627,0.006317969712711265,0.002120873162201546,0.07257835170758455,6.895178872312613e-14,0.008745189616619463
2023-04-19,0.0,0.0025702114520875334,0.0,0.0033376370282456203,0.014718181074885787,2.0,2.313348580579326e-09,0.003931465061243028,6.882700659405216e-11,0.00733426436910313,1.734723475976807e-15,1.5363747842901838,0.017569554486123656,0.016761916684323253,3.957156824441199e-11,0.037888803447970805,0.014285542952475047,0.007359090537442894,0.0005754879667159082,0.0011102908730639821,5.909855937957786e-14,0.0002879982686846555
2023-04-20,0.0,0.04455256275043926,0.0,0.027089849019338315,0.07212912893844799,2.0,4.447814644437827e-09,0.007261320848039673,5.812799339088848e-10,0.004967626224770906,2.1094237467877974e-15,1.582067810090848e-15,0.22449374601977312,0.02560461182822138,5.1281423552040906e-11,0.2026746750533882,0.014447543899879872,0.036064564469224014,0.0015039072158020486,0.0080448627454386,0.14185444547618134,0.10968947008631463
2023-04-21,0.0,0.01658798040483275,0.0,0.015366486312521762,0.04313600205957606,2.0,6.813263516986624e-08,0.007262027806238904,6.778472852464468e-10,0.016435707019498293,2.1788126858268697e-15,1.6907927543030215,0.014563876687182321,0.020275823034344387,6.189446177806701e-11,0.3800396580290512,0.015025015113237233,0.021568001029787877,0.0010485843727038452,0.002959420371078325,0.2678870158747457,0.09236117845410904
2023-04-24,0.0,0.005579237667249231,0.0,0.009797793801747319,0.032670872742670574,0.5200793079075405,3.4158254367332344e-08,3.956180049428211e-07,2.7758916693043645e-10,0.02357106447589178,1.0547118733938987e-15,1.6907927543030215,0.0,0.019834722242599793,4.018632648872256e-11,0.18263363748828768,0.014864725793415768,0.01633543637133522,0.0017705331449532347,0.0023972235132148217,0.15857659780739314,0.019860975484588483
2023-04-25,0.0,0.005819304173473878,0.0,0.006848882402296906,0.016670324151245305,0.0,3.46086115085498e-08,0.00890091007847437,4.8945424102608825e-11,0.014119065540089328,2.988308211993029e-11,1.6907927543030215,0.0,0.01771700129908972,6.750359993201727e-11,0.16708192464461202,0.011299589519035307,0.0083351620756228,0.0020329133681666403,0.0031721296956230133,2.6506574712925612e-15,0.020016994087657454
2023-04-26,0.0,0.008478444731365062,0.0,0.00370089595303778,0.03153299832604782,1.0277814647589323,1.6770177545742128e-08,0.0032898838336179806,4.939719674967868e-10,0.024329175111755252,2.988305436435468e-11,0.0,0.03910815145202288,0.01692186713710153,4.535574693598221e-11,0.09505893747272147,0.010944675144054337,0.01576649916302393,0.0008728785764611502,0.001873377014554832,3.490263633665336e-14,0.10241723475450663
2023-04-27,0.0,0.02256536499977693,0.0,0.08594104487063091,0.09391168590458764,0.7753334374103652,1.2328715048961156e-06,0.0025946413848204593,8.606662535437515e-10,0.08946045113445189,2.0539125955565396e-15,1.6907927543030215,0.26209690911965244,0.024038520811477955,7.725764472610308e-11,0.2531372215895844,0.020822415942201553,0.04695584295229385,0.0024896140873809022,0.19686301560026995,3.3459346404640655e-14,0.23778245005413545
2023-04-28,0.0,0.00950447120149336,0.0,0.009304829064658451,0.02312680671357898,0.8832633486883472,1.9999786068928136,0.003016801613841244,9.318923271939283e-10,0.0027984831123176665,2.9976021664879227e-15,8.326672684688674e-17,0.07407707291516727,0.013126859777729523,7.489010800387774e-11,0.0885784200456857,0.015020497669774086,0.01156340335678957,0.002057917432773719,0.10098629059494374,0.0,0.0016003932227405225
2023-05-01,0.0,0.012074059455804354,0.0,0.04511144817396309,0.046093378845207214,0.49613943244975434,1.999979829799782,0.014985558250739528,8.322437898555801e-09,0.015729872764241808,4.047553958663741e-11,2.220446049250313e-16,0.13724305759956415,0.036525569823760644,8.570952281239386e-11,0.28052849368992994,0.03139011268928012,0.02304668942260371,0.004668140963785455,0.0068810700150441564,4.85722573273506e-17,0.004076040779811763
2023-05-02,0.0,0.014145366031136702,0.0,0.027983318055715106,0.026376990022642485,2.0,3.106997027854297e-08,0.029085954328730207,1.697271068135109e-08,0.00693221298357892,4.047644164284492e-11,2.498001805406602e-16,0.015725877268627175,0.025540994044367972,9.245232357457667e-11,0.04915241260313518,0.02448993424792835,0.013188495011321397,0.00142697804628681,0.2843341982370656,0.0,0.09318271400112613
2023-05-03,0.0,0.00802075195044981,0.0,0.01708994176101783,0.031136239767561948,1.5926863126977113,6.079066185075766e-10,0.008137032821931449,1.699912238750656e-08,0.019046061618388573,2.400857290751901e-15,3.885780586188048e-16,0.03378901447666126,0.024564668264345755,5.2889762014451946e-11,0.08190831609756073,0.025774984052123598,0.01556811988378122,0.0009433418415556102,0.0016248656519353144,3.3306690738754696e-16,0.000659912004425306
2023-05-04,0.0,0.013928362201075328,0.0,0.037849884459474174,0.010213635626090812,2.0,1.1749161702477987e-09,0.0006707920472010207,9.695926825314949e-09,0.005566524814190503,2.0470250494675213e-11,5.551115123125783e-16,0.0,0.023518315244588868,6.081014858327904e-11,0.20058874451709768,0.022898025706869985,0.005106817813045422,0.0020229051180095797,0.28677235496105,0.18534572793741205,0.0050734271749874466
2023-05-05,0.0,0.02984383836116353,0.0,0.02133066450977126,0.014172204417563124,2.0,4.584811788550065e-09,0.003180687692272463,1.1375079461695137e-08,0.003580184253865311,3.3042346636591446e-11,1.3877787807814457e-16,0.025274345657311723,0.015583187917436925,6.94029972381216e-11,0.18873654401984263,0.014780975366546715,0.0070861022087815514,0.0044590205217464735,0.007542271299821109,1.5942108744226857e-15,0.003461488040919891
2023-05-08,0.0,0.02552333604214535,0.0,0.010989682054106213,0.03671726264636758,1.8568389023665355,6.018642920949842e-10,0.002206873400389455,2.5270002264321523e-08,0.0196717412560898,4.4256556752664267e-11,3.0531133177191805e-16,0.0,0.015264022901721398,6.108588634923251e-11,0.09902022013420303,0.013078537111155761,0.018358631323183723,0.0023375833103123356,0.004781045276366976,0.0,0.0013169281438545344
2023-05-09,0.0,0.00031021455368099657,0.0,0.005794840895298277,0.017972511623840445,0.6533474717968565,2.2772855576030905e-09,0.0019775423610174933,2.1824589281627116e-08,0.011849452500494871,3.658014169349855e-11,1.6907927543030223,0.09075811278948637,0.01302713750110574,3.9590733469374584e-11,0.05141460795862179,0.010691999304542722,0.008986255811920259,0.0004909816701156797,0.0006278389428423098,2.754567407503572e-14,0.0008023383216292784
2023-05-10,0.0,0.0052057544566975825,0.0,0.059116209800983775,0.024427996485234867,0.41586322755141636,5.893188180275974e-09,0.02208759346876757,1.4790059232883124e-08,0.010048977754453028,3.657772695841999e-11,1.6907927543030221,0.042526628149521836,0.030957113647376203,1.8443879756802062e-10,0.07195918342522672,0.04311948669630941,0.012213998242617437,0.001987341329462239,0.07978133462014034,0.08229676516512269,0.004193408850062183
2023-05-11,0.0,0.019159965244965313,0.0,0.010008095446220524,0.013801156669818392,0.12161397441237756,1.1239408127405246e-08,0.015918205571986227,7.3777526657381465e-09,0.009964917325847374,2.858824288409778e-15,1.1102230246251565e-16,0.0,0.022061988756254366,1.4298480455199325e-10,0.15002051592625104,0.025004645107825227,0.006900578334909181,0.0022042065149812176,0.005253304291894648,1.1466522176206695e-15,0.003914922926404579
2023-05-12,0.0,0.005076632708476994,0.0,0.013613460447665636,0.012863348049786422,0.37797381721738615,5.561826796642221e-09,0.0291068404606099,1.7719594423704077e-08,0.010753185595459,3.949311710993442e-11,0.0,0.08467309944858183,0.0296345150217536,1.844947111750983e-10,0.2129375575508456,0.02667048817690624,0.006431674024893558,0.0014642745968359017,0.0028098428070769538,3.767819389821625e-15,0.0007508092230718022
2023-05-15,0.0,0.002596370862778259,0.0,0.005889077962697635,0.020062893173774504,2.0,1.7090080951420498e-09,0.02736036207227386,6.346166735171632e-08,0.006107199473767443,3.308961438186486e-11,4.163336342344337e-16,0.037129610030240456,0.016726295323917735,1.005983074620076e-10,0.09631520182602377,0.013099776431410994,0.010031446586887559,0.0007853959750880948,0.0013614611703710103,0.0,0.0005505798897497693
2023-05-16,0.0,0.020202966551198513,0.0,0.013493316035234458,0.03950730717928542,1.6666666666666665,1.4120805181249793e-08,0.02843774687761938,8.371218237351874e-08,0.03806511534077792,2.7922261724988573e-11,5.551115123125783e-16,0.06714294857801026,0.027919168097960877,1.304112373645694e-10,0.19528840891067242,0.03209868105445724,0.019753653589642817,0.0028360442630097765,0.00500619465544605,0.10704385226524614,0.005539277524867131
2023-05-17,0.0,0.011501131745463552,0.0,0.008993948488954823,0.013540996551095542,1.6666666666666665,3.071802934235231e-09,0.024900786968220408,5.13962439968596e-09,0.008510232615131078,2.095545958979983e-15,1.3877787807814457e-16,0.01357700029344698,0.02248108832877609,1.6134442393234139e-10,0.11548309837581476,0.026121278545036236,0.006770498275547855,0.0007385485725029048,0.001635596142932759,0.0,0.003653583250408751
2023-05-18,0.0,0.02217269992998085,0.0,0.026062889777550488,0.011623095267248067,2.0,3.189342301946652e-09,0.004927676752904753,8.466577550159116e-09,0.0019981946121717248,3.834321748996672e-12,1.7763568394002505e-15,0.04512786763702943,0.008519652416128615,7.484504682686577e-11,0.17450152127084342,0.008176908538724307,0.005811547633625097,0.002645183040440653,0.004295920289626443,5.551115123125783e-16,0.003496745456574135
2023-05-19,0.0,0.020874252560267613,0.0,0.04937112451524276,0.032897011536664786,1.5484158731456514,3.4745741102353443e-09,0.027544314763385012,1.326435812368243e-07,0.030833478467719624,2.507008489693874e-12,3.608224830031759e-15,0.03523327823261044,0.026091016290837907,2.281155403460744e-10,0.27707680702029047,0.028003992554730555,0.0164485057683326,0.002397363416706162,0.004047197669023998,0.15745330420339296,0.006887693756889093
2023-05-22,0.0,0.011888710603736925,0.0,0.005159078886606481,0.017897105592702342,0.4515841268543487,4.144089038634502e-10,0.012232063156723184,1.3395964647278102e-07,0.010166429819546081,2.9760915953858103e-12,1.8318679906315083e-15,0.022006902505466892,0.0266262009755894,9.997391803295841e-11,0.20267586258565834,0.02676222359121033,0.008948552796351372,0.0014428719417033248,0.002712759291330892,2.1649348980190553e-15,0.09425597034956022
2023-05-23,0.0,0.013172890913900032,0.0,0.0062237038858247,0.027481289529796296,0.9615289077692221,2.149176258729515e-09,0.008279494112329663,7.27799179256472e-08,0.006512077020696776,3.5453445734745515e-12,2.498001805406602e-16,0.16862089795382432,0.01810584714440236,7.491889053579115e-11,0.18441474379030867,0.01119699162128584,0.01374064476489828,0.0013155194507645102,0.0021297819777793894,3.0531133177191805e-16,0.013238698917567182
2023-05-24,0.0,0.018655374744826394,0.0,0.019437326702261906,0.027273138196354813,1.7763157854637275,9.777025984746337e-09,0.02155349144806287,7.349941238271596e-08,0.010121903292407981,9.674205880827458e-13,4.440892098500626e-16,0.18706879464656123,0.013970150637050698,9.132590517157979e-11,0.42007037246274104,0.010750953071491732,0.013636569098177655,0.00260118098250095,0.0033606352328316227,3.0531133177191805e-16,0.007748023715448929
2023-05-25,0.0,0.014709613252577537,0.0,0.01641798176650162,0.01068747561212288,1.8690778388219533,2.6696738956893074e-08,0.008277290671945943,1.5606243195659397e-07,0.00680314723319151,3.4377917179639894e-12,1.942890293094024e-16,0.011855264372928734,0.016004593343327825,2.4702148659905276e-10,0.2240310293569491,0.014427554274196463,0.005343737806061823,0.0028812810618422113,0.004773029376171391,0.0,0.005366592964014066
2023-05-26,0.0,0.036110685046824284,0.0,0.06781746848091096,0.03503007298768776,0.7234251715454127,3.633933254142847e-08,0.06691752087792431,1.488341466876486e-07,0.026643252008550652,1.2628786905111156e-15,0.0,0.03629781103818022,0.039860041433103316,1.5048407936424368e-09,0.13067848178882246,0.02872687588892876,0.017515036493844643,0.006338152650514968,0.2220087343984287,4.614364446098307e-15,0.002803675610121223
2023-05-30,0.0,0.0200540618921226,0.0,0.03283892330203655,0.02415442059260363,0.7234251715454126,9.414109578573738e-09,0.033031536742495815,7.046545347222377e-09,0.007579985818537541,2.498001805406602e-16,0.0,0.004140076165419879,0.0192524153473903,8.77808520316492e-10,0.1134050176356912,0.012929506161428994,0.012077210296301426,0.0046793526774153715,0.03631380286301951,0.0,0.04701589714579735
2023-05-31,0.0,0.005196959786349728,0.0,0.022372150577990055,0.014963718806041125,0.5084573915512158,6.973337410627969e-09,0.04758300849889549,1.5104059182535767e-07,0.00048004891462448407,6.175615574477433e-15,9.71445146547012e-16,0.022447188692442784,0.018775604656815645,1.0698338742676228e-09,0.10714616421052954,0.01708023660628669,0.007481859403019868,0.0009012982991618013,0.0382792965215775,4.683753385137379e-15,0.001789863827012822
2023-06-01,0.0,0.012483162567298717,0.0,0.014941081348561524,0.011469381404947791,0.09282624938060677,6.131590897452275e-09,0.011932167781123246,6.435608916610658e-08,0.008378122018541698,6.25888230132432e-15,5.828670879282072e-16,0.02307950201517766,0.018589431935595375,2.3218180156270307e-10,0.21410458459004877,0.013971684224794728,0.005734690702473781,0.0013484265636342294,0.002935808644388027,2.0816681711721685e-16,0.044130057349215795
2023-06-02,0.0,0.032230748097006434,0.0,0.04013724546984923,0.06923794587914839,1.9112337235624888,9.323191909100883e-09,0.02419465928012785,5.316761655937974e-08,0.0419577652423194,9.853229343548264e-16,5.551115123125783e-17,0.04261230535878567,0.04997948648257645,4.047607249368923e-10,0.3727549597116344,0.038836360587190547,0.03461897293957407,0.0038141179175215437,0.007715272048255072,0.08394094427387805,0.09898822420779997
2023-06-05,0.0,0.013197439777205361,0.0,0.020018356428766485,0.024585129649104996,2.0,1.1703424000334821e-08,0.020490974321140127,1.1380022618689978e-08,0.0104715607264982,1.4016565685892601e-15,4.440892098500626e-16,0.09365125617244269,0.017322087084345735,5.642955269724581e-10,0.09404403507341448,0.011149880437054891,0.012292564824552536,0.003107953479891269,0.005001592352493676,8.871375856145391e-15,0.08745739996387385
2023-06-06,0.0,0.0022774444852735774,0.0,0.013213951860393022,0.023253670029026702,1.8773386281137552,5.187303894127484e-09,0.005225023027072516,7.751355002305615e-09,0.019619109473829652,1.2628786905111156e-15,0.0,0.11416797991564336,0.016302038382661328,3.3784872122133436e-10,0.09137097830141389,0.012274113619867081,0.011626835014513413,0.000285213547234299,0.0018149895260608263,2.2717938641392266e-14,0.04860966418329227
2023-06-07,0.0,0.006672751923203072,0.0,0.009378166343027261,0.02991993382128842,1.3929386675310849,5.488255001222236e-09,0.015203549974420642,1.2837655251340951e-08,0.02485794109026407,4.6074255521944e-15,0.0,0.1533121996387031,0.02208988372690113,1.7639827099014127e-10,0.25465333956647285,0.01766079873346269,0.014959966910644149,0.001254160364370295,0.0023127631771060753,6.608602554081244e-13,0.03484816874785325
2023-06-08,0.0,0.0103445984090425,0.0,0.014090422766559751,0.044291112667913565,2.0,6.978289200215315e-09,0.012645872101953417,1.2941825590362388e-08,0.039321686171311675,2.5511537327105316e-11,3.0531133177191805e-16,0.05929133441864834,0.029053985298947028,2.40710645860176e-10,0.35956956150416897,0.022180604725450553,0.02214555633395667,0.0028297764717397506,0.004409298573551844,6.777356453824268e-13,0.04648245806768504
2023-06-09,0.0,0.0028153910265285194,0.0,0.007177037301390873,0.03542557710676391,2.0,9.885810384760978e-09,0.01003605342448645,5.623641156915493e-09,0.012748228239549964,2.5513771650942374e-11,3.0531133177191805e-16,0.09879600506966428,0.023863971062205093,2.7573138217107385e-10,0.3490662875369888,0.01697012429402021,0.017712788553382257,0.000952729709215637,0.0016014160473099871,2.0469737016526324e-16,0.13975213021230704
2023-06-12,0.0,0.0067688815995331246,0.0,0.012494793475313942,0.022240159642370562,1.9999999999999998,4.364203750482567e-09,0.08602565088081451,1.2204588957509532e-08,0.0029338559286602034,2.858824288409778e-15,0.1727882488865092,0.03635791750237527,0.011543884309887507,3.551108435084771e-10,0.415943765571222,0.010178623507364225,0.011120079821185333,0.0016502822547973875,0.0024454361792541103,0.0,0.08255004764507887
2023-06-13,0.0,0.01344526093688173,0.0,0.013376065413674969,0.012239396748836317,1.3116736662520314,3.5135973287625596e-09,0.014028843630457595,3.620820525351842e-09,0.007559554916722097,1.8318679906315083e-15,0.1727882488865092,0.0,0.019398806990707087,5.102275546509105e-10,0.19578280960303576,0.0159934002721192,0.006119698374418295,0.0018678282231682636,0.0027398883040952934,1.5477202852665073e-14,0.0035728512650554656
2023-06-14,0.0,0.011356687078533512,0.0,0.01955580871700731,0.0316453566733641,1.4186293942223154,3.3895231432253257e-09,0.04807374894283503,6.611276387458176e-09,0.016901110914472293,1.6514567491299204e-15,0.0,0.03635791750237527,0.017676355034081517,6.255456985737595e-10,0.09434899656793654,0.011739332941340528,0.01582267833668262,0.0013186873037311225,0.0023172095644187866,1.2163881013549371e-14,0.00023557277214693306
2023-06-15,0.0,0.010572631693922354,0.0,0.013403219109891949,0.013167783936152554,1.1526711885162366,7.526041345904473e-09,0.04025743139102034,6.33536162419901e-09,0.005181350473860993,1.582067810090848e-15,1.1934897514720433e-15,0.04505882870807369,0.029546839319590127,4.97419064271476e-10,0.19475996983146973,0.014659703362304119,0.006583891968078473,0.0011452872317893187,0.0023857759652245354,1.8176432581284985e-14,0.0031515248332566886
2023-06-16,0.0,0.015398256477043949,0.0,0.010728086211771171,0.06266928688515391,1.2680617680774413,1.6644004169892201e-09,0.020798748991078243,1.7911568978012937e-08,0.05740720691345207,1.3600232051658168e-15,1.2212453270876722e-15,0.1705123589275145,0.023819159011527882,7.006815128107746e-10,0.2317382894668549,0.014923892790841664,0.031334643442577005,0.0018614263801145642,0.0033768851849163284,9.822004320980682e-15,0.02387667616451074
2023-06-20,0.0,0.0022786499434666327,0.0,0.006040202756719635,0.03646433081142206,1.0945441625149965,7.000807392436877e-10,0.0012693845078449021,5.1808517760598694e-08,0.021821017177353574,8.743006318923108e-16,0.23386599957099288,0.14499151892684195,0.012942647304212579,2.0322095395375328e-10,0.03967538075898466,0.012056495922867807,0.01823216540571125,0.00042342295865524515,0.0007887183259744253,2.3044066654875905e-14,0.019123500238913103
2023-06-21,0.0,0.010351815334506215,0.0,0.01338163833616204,0.047216553149232135,1.96278162683575,6.719225424439571e-10,0.009060772980275458,4.1406643370989205e-08,0.014045260639126568,2.362955664469979e-11,0.14322354435331383,0.048141724010201156,0.02890931636358972,3.887865585028294e-10,0.07558767776117326,0.031383655996358464,0.023608276574615783,0.0004802905766672083,0.0016745631799718538,2.4858587410747646e-14,0.09551925658125929
2023-06-22,0.0,0.03580394374652443,0.0,0.01767204898305339,0.06228604102787197,2.0,3.0879837288488864e-10,0.017422557003760587,8.936563972855582e-08,0.015460926521968024,9.020562075079397e-16,0.05077356755423778,0.11536909154284433,0.03891779820575375,3.463256209590426e-10,0.16232569816502881,0.03301219569899456,0.0311430205139357,0.003457884055995439,0.0061321030877899,0.09905231870614963,0.02453216271979234
2023-06-23,0.0,0.017711629683654216,0.0,0.006477677960680403,0.05543016806622513,2.0,9.516070522565727e-11,0.003444209713571439,4.5181926255910554e-10,0.03992519939909495,2.3630222778514565e-11,1.0547118733938987e-15,0.11603052832278991,0.015301411171787281,1.2835212059858492e-10,0.09732710907340168,0.010433415156100549,0.02771508403311255,0.0012279723958136118,0.002291724979332669,0.007276290618329295,0.06559223982004121
2023-06-26,0.0,0.016306617992077242,0.0,0.014243307475474136,0.027471473169264682,1.7516117129396258,8.154618491997002e-11,0.012511667929800817,3.3849695407761615e-09,0.02306317255649489,1.5265566588595902e-15,1.5265566588595902e-15,0.09529701858294343,0.017889347042787388,4.968143257899627e-10,0.09743713279842532,0.017112653253023212,0.01373573658463486,0.0011304099855167851,0.0015674274073506043,8.798517470154366e-15,0.004795497400406995
2023-06-27,0.0,0.011781497799351594,0.0,0.00759030274614552,0.03554242971310984,1.9999999999999998,1.8217363889068942e-10,0.0064264527610465765,1.374602778408951e-07,0.025621596682799855,1.0547118733938987e-15,0.013136374307574361,0.08799746290467718,0.016226727928696373,1.469842303425395e-10,0.07464408225165607,0.014120191215362897,0.017771214856554987,0.0014171520550546879,0.0019879577124243993,0.002714628577138778,0.0032906783523557054
2023-06-28,0.0,0.005900775337151308,0.0,0.0076936118227020865,0.007003308469158771,0.07630512615069196,2.437259588835215e-10,0.00414167837981012,3.725594041603664e-09,0.001846665980966368,1.429412144204889e-15,1.7763568394002505e-15,0.01275883278323741,0.010744545085268441,8.131896545027217e-11,0.06434862323198377,0.010174964749607515,0.0035016542345800497,0.0006503430146290734,0.0009730397429093332,1.1102230246251565e-14,0.0029815612804877517
2023-06-29,0.0,0.0066843160115010476,0.0,0.008346504224316976,0.01250260509996803,1.9236948738493083,2.8841406205787087e-10,0.009863074478198643,2.8731054264874434e-08,0.005735472480675123,2.123301534595612e-15,4.440892098500626e-15,0.016701134284238667,0.01941794701566757,1.6729841123552802e-10,0.04614416370042098,0.020592207918319817,0.006251302549984114,0.0007684033310467672,0.0014743086963444514,2.0899948438568572e-14,0.05884692232694606
2023-06-30,0.0,0.060911853770392876,0.0,0.20454692544408706,0.2010217243387538,2.0,0.13143265984869582,0.07373591434813921,1.705528385465005e-07,0.015491640942410297,1.429412144204889e-15,1.1340926644695783,0.3787968070918526,0.14119136777153737,9.10874875525991e-10,0.28579975747075415,0.22656782090861835,0.10051086216937685,0.01543683904131734,0.07385906868598044,1.1018963519404679e-14,0.1935645377635509
2023-07-03,0.0,0.0141126472577438,0.0,0.011733552437351845,0.04199731572082974,0.6812914896874203,0.1314325579856737,0.025232600166590145,1.8324199095587357e-08,0.04132967139146815,3.54960366655277e-11,9.381384558082573e-15,0.06442801528673923,0.03370682342687195,2.2109560016136953e-10,0.03259182686533098,0.026084576321941968,0.020998657860414924,0.0028843377566663067,0.0045138351105800285,2.09277040141842e-14,0.04834681565142815
2023-07-05,0.0,0.008549971252221438,0.0,0.012083680283399182,0.016296272915346976,2.0,7.243971337487772e-08,0.020339859159510122,1.4591541384889606e-08,0.012303071944250621,3.549574523198373e-11,6.175615574477433e-15,0.06124446508682195,0.023469148844986513,1.8502051279956078e-10,0.06954865674994458,0.024642982081930605,0.008148136457673358,0.0019045943766747842,0.0022554571834699257,0.008026091633366012,0.01931292850328241
2023-07-06,0.0,0.007855049125274884,0.0,0.010842675460309118,0.027696527916339884,1.807195241091164,0.9787174837874384,0.004508740789773899,1.9272028486949644e-08,0.02147239039881961,3.549574523198373e-11,1.1105699693203519e-14,0.014024165148201734,0.015218371268819418,5.513496742493018e-10,0.03622324732528609,0.01693570025153475,0.013848263958166143,0.0008697699460293029,0.0012719659985104097,2.7755575615628914e-15,0.06061827774666394
2023-07-07,0.0,0.019626423430575555,0.0,0.02200874724314085,0.052724863785430044,2.0,0.9787130503530563,0.022188921487601918,0.0071551890606825486,0.015019676920327546,3.549606442110331e-11,0.03059720912561051,0.14248195162200866,0.03010449231965408,4.014440030397637e-10,0.07282380331321109,0.028521078177025965,0.026362431892717197,0.0019669476349020165,0.0034940925889147163,0.0008983938902014534,0.05178033643002867
2023-07-10,0.0,0.02210923910896512,2.0,0.03405309177124827,0.14033736089281218,0.860221612734451,1.9999953173616958,0.004526358707127075,0.010627966262361295,0.11312630479686298,2.236225093987798e-11,0.8897165471638766,0.29564998967172673,0.047178623495631386,5.626851901086027e-10,0.18177232062914672,0.03486080534632826,0.07016868044640609,0.001654122233186929,0.0043282279970734555,2.030168567979107e-16,0.11784091645323284
2023-07-11,0.0,0.0420898786210583,0.0,0.032396460530515446,0.03331496743122804,0.4931246093974178,1.8928060608245152e-07,0.026749318225725304,0.002850272219771806,0.007788559588187673,9.095113551182976e-12,1.0052722543285597e-15,0.0,0.023607493250603122,7.358984949190628e-10,0.1147258627873944,0.024114236931619563,0.01665748371561398,0.004052499160224189,0.006109393920939857,0.0,0.022439632066824387
2023-07-12,0.0,0.023409061835301944,0.0,0.022415135220804714,0.028672928217942442,0.22736360747169565,4.270788387146851e-06,0.12143513292341065,0.005946611496964488,0.027936215726403958,1.7652379558086295e-11,1.4320142294188543e-15,0.0,0.06940637630803796,3.10885109322534e-10,0.24902428292468762,0.08566913583052438,0.014336464108971235,0.006830363448537102,0.011525814555145321,0.049131637366566734,0.021268808940700767
2023-07-13,0.0,0.02657330516991655,2.0,0.019056864086180975,0.07739412609667495,2.0,1.9999955940810177,0.006371285905271454,0.008143971111407258,0.019230695439627993,1.304512053934559e-15,2.2000630484075856e-15,0.20653074654429296,0.022960005806753607,2.512405561372333e-10,0.17514046315685192,0.01798998619977215,0.03869706304833754,0.0026001163334480465,0.0034450323792640514,0.06300989600483747,0.12710928067771265
2023-07-14,0.0,0.01033524386896796,0.0,0.007532460067079073,0.05469923234459055,1.9104450874167123,7.28941172905745e-08,0.0006746400298605703,0.0004390110731369301,0.04364613470623056,4.814554310783592e-11,0.6264399036573542,0.15765429279418494,0.015626040987742732,2.3032675766643251e-10,0.10211304578202254,0.014186771988117405,0.02734961617229531,0.0014735464818477761,0.001840752586921384,1.0658141036401503e-14,0.11817124344736928
2023-07-17,0.0,0.022616975485248145,0.0,0.028263684277620132,0.04844312600909921,1.6846853353610693,1.5382875171232464e-08,0.004966785352959651,0.002665505730428709,0.02206044694889612,4.8145695763501806e-11,2.3002433291452462e-15,0.21258356596948644,0.017356856922996836,1.3415503430369569e-10,0.13370836398997749,0.012238377945782936,0.024221563004549473,0.0030547783470394885,0.003506953970842129,6.480926906249351e-15,0.13600449198312167
2023-07-18,0.0,0.04862864270511932,0.0,0.028912861546799895,0.11006837704605074,2.0,2.754072636711563e-07,0.001628754960003905,0.03712502358774856,0.07118319149292017,8.187894806610529e-16,0.5907031698541942,0.17137029079756716,0.04706801205080603,3.6828995408910714e-10,0.16934554714162361,0.04160852678669914,0.055034188523025364,0.005734060851543668,0.006047421490502157,0.0325366245120304,0.06838982257344128
2023-07-19,0.0,0.01583473168770097,2.0,0.010704954506118703,0.0986773895336643,0.0,1.999999034440864,0.012920340401072792,0.030637957287863317,0.10148540972068676,1.124100812432971e-15,5.273559366969494e-16,0.1459341042018297,0.03782445894158816,9.021789565410998e-10,0.15462964363087076,0.039430122847862195,0.04933869476683209,0.0011596606635191284,0.002137151840637043,0.0,0.1283727980772673
2023-07-20,0.0,0.024131270251118483,2.0,0.013498866114307187,0.05225807820699386,0.0,1.9999984812799387,0.039399889219112735,0.019228007979282688,0.019788186316694843,1.1657341758564144e-15,0.08508252369711669,0.17747011584963546,0.04213515143541717,7.753211545002969e-10,0.0962541742114574,0.04903739092728601,0.026129039103496877,0.0037460872594133124,0.006603400379200413,0.0,0.026243866610125934
2023-07-21,0.0,0.006847533824471509,0.0,0.015409408928541571,0.08580005486642744,0.0,8.850874637194867e-07,0.02070885283347606,0.05359791533309322,0.07503066740915207,1.8041124150158794e-15,2.6922908347160046e-15,0.2769418832911038,0.03678600635475844,7.457476580707834e-10,0.08601187895770873,0.03760589484113616,0.04290002743321371,0.0031423589438066973,0.004427586379453161,6.7350638954799535e-15,0.1601456969799912
2023-07-24,0.0,0.032528928112473925,0.0,0.03406295993915942,0.08672053924361355,0.0,2.725140047621693e-07,0.014138878403078318,0.01892320194482023,0.05637275098852668,1.6375789613221059e-15,0.07273775583427913,0.10840750226843088,0.02690735514287708,2.1408221029250996e-10,0.11111227441128663,0.01849896738379847,0.043360269621806856,0.003242331362065254,0.005126940231340995,0.06116719684162354,0.021736301717478066
2023-07-25,0.0,0.010526865813379546,0.0,0.010058324915866543,0.06347557300035124,0.0,4.408446027646953e-07,0.036571608062218514,0.024558003153210148,0.041010379087715605,1.0685896612017132e-15,1.2351231148954867e-15,0.060159360736853906,0.03844738560047127,5.17551598799848e-10,0.07975170288979783,0.0360813818850359,0.03173778650017495,0.00047494013557026343,0.0023885217188424866,4.3299565322119093e-14,0.03250968537038524
2023-07-26,0.0,0.022977391403145708,0.0,0.0247692395176799,0.03142269212263863,0.0,1.6154990748423977e-09,0.008494851896170587,0.008004873685002419,0.022626475339328267,6.106226635438361e-16,2.0539125955565396e-15,0.06372029278647964,0.011626800146660926,9.269758294294661e-10,0.07882582293440993,0.011541365224200267,0.015711346061318666,0.004192024139206239,0.005229110247584115,0.0,0.00831618209289071
2023-07-27,0.0,0.020502485413916405,0.0,0.029057850591871336,0.12234299218921918,0.0,1.0355134775590366e-09,0.0064686378156448305,0.004388898937356514,0.0663317671520679,1.1657341758564144e-15,1.3600232051658168e-15,0.11813954637221007,0.03856442477893235,2.562870055067279e-10,0.15400366793500808,0.02786269865723939,0.06117149609460911,0.0009827365404443886,0.0011057306817564526,0.0,0.06283070489506735
2023-07-28,0.0,0.01856970692634769,0.0,0.022094601813364936,0.04341334112889985,0.0,5.830448626866758e-10,0.009318076971418045,0.006655123713036504,0.008767801110311842,7.91033905045424e-16,1.4155343563970746e-15,0.05953403973386061,0.017232398221088283,2.6575500133851904e-10,0.20208490761029418,0.017151493369745238,0.02170667056444965,0.003379426845071934,0.004913893965158168,0.0,0.03773499689216334
2023-07-31,0.0,0.03176902916901835,0.0,0.041633192213383644,0.0948687164120889,0.22499684774712325,9.726805516569232e-10,0.051833358519398916,0.06116785368854014,0.022931864957109242,9.43689570931383e-16,0.055710470791412406,0.043978573237134805,0.052150618677158304,3.3242254782184233e-10,0.20259591027441856,0.054547911699993595,0.04743435820604536,0.008299541067567084,0.012132899394865962,0.034758367556172114,0.20028199841505417
2023-08-01,0.0,0.35759389668503333,0.0,0.1482489559594062,0.47096263889053724,0.5933050627657802,6.836943221964064e-10,0.015513813144102176,0.1011311958188317,0.04404994378675589,2.275957200481571e-15,5.273559366969494e-16,0.21849104807929073,0.07937354736286958,3.485682159576342e-10,0.42800702907348,0.04165156687783682,0.23548131944527095,0.013344193427491782,0.07218686212973,0.1269061393935294,0.3663210059560566
2023-08-02,0.0,0.02006702809961929,0.0,0.012472642870135432,0.022907031309754924,0.059906205633489654,1.0373427695601089e-09,0.00449182452943581,1.1110987130358296e-10,0.004548594027533541,0.0,1.6930901125533637e-15,0.006201415706436932,0.016109245836899724,2.1607340916496298e-10,0.050262672548461534,0.01796706085944065,0.011453515654878593,0.00030582716938613863,0.0038088692925780376,0.0,0.003235340042893345
2023-08-03,0.0,0.012148729487630173,0.0,0.011868523030352672,0.07790952280756977,0.2734716086863497,9.901745959228302e-10,0.010664534225325699,1.5933825578406946e-09,0.007630344035298477,2.9976021664879227e-15,4.996003610813204e-16,0.07566434433943475,0.0248277633545049,2.0923052179711021e-10,0.18770982473146636,0.020504514718800045,0.0389547614037854,0.002985697481649646,0.00511293025583073,0.0,0.07341830628958568
2023-08-04,0.0,0.0031739606811619033,0.0,0.053851059315794356,0.0531270970419911,0.10070931310105102,4.973434334349698e-10,0.01352003252737782,2.645664708145201e-09,0.01956515874068427,1.817990202823694e-15,1.5543122344752192e-15,0.04139814010730555,0.043144877190865724,1.5444654027918503e-09,0.05958090604528634,0.04738670620564924,0.02656354852099519,0.0032526104896679967,0.0085376962275176,0.0,0.04481616355625777
2023-08-07,0.0,0.029447824093154145,0.0,0.0434564274074815,0.11647730871380814,0.2479844595904034,4.530116474109008e-10,1.6889966867240252e-08,1.2472704952193325e-09,0.013898399783277393,9.159339953157541e-16,1.942890293094024e-15,0.10892191627695527,0.034906888863877175,3.177222512862343e-10,0.13612993237820017,0.02786899079623807,0.05823865435690396,0.0009888860730014465,0.1007147573829473,1.4103822276734235e-13,0.06601428045205811
2023-08-08,0.0,0.008238957139818337,0.0,0.011804784199276913,0.06087249298763444,0.19533991845373755,5.233905189009566e-09,3.990936176022675e-08,7.362023282664332e-10,0.018156536784525723,1.7069679003611782e-15,4.440892098500626e-16,0.14873606773373355,0.013689032542334646,7.944768176670891e-10,0.0656601774868095,0.011154911140950206,0.030436246493817966,0.002702786912978289,0.0973407955178961,0.0,0.014042897998555032
2023-08-09,0.0,0.015539516791273165,0.0,0.012551888464375582,0.03070405956299037,0.1373969952055101,7.683434670834019e-08,6.007781918155984e-11,1.0501861810729984e-09,0.0022640182529048564,1.5265566588595902e-15,1.942890293094024e-15,0.054382825703682816,0.014576721694139321,5.196130054008208e-10,0.06182118629795403,0.011983101756600858,0.015352029781498619,0.002871856613767945,0.09478257756877234,0.0,0.021324648886913176
2023-08-10,0.0,0.006707893309537515,0.0,0.015824594492318975,0.041562579235040926,2.0,4.938018803985053e-08,1.1544082972993828e-08,1.8735020132498725e-09,0.018093986873905885,8.743006318923108e-16,1.942890293094024e-15,0.04217249191289523,0.033382934190772234,3.933398329269977e-10,0.05309941000248811,0.02814555130167,0.020781289617509913,0.0011696162065245042,0.09329863426688492,0.0,0.1297372688798138
2023-08-11,0.0,0.005986787552820161,0.0,0.04434408715365013,0.028435983329921675,1.9786313788582062,8.816377815084325e-08,2.1566088737052504e-07,3.1410655326746806e-10,0.013105012504970641,0.0,1.7486012637846216e-15,0.07769600883203144,0.022415674149385122,5.38614278178251e-10,0.07474531600885417,0.02750557727188637,0.014217991664960905,0.0003849342319365706,0.00454189942912054,7.251144129583054e-16,0.04298780651548979
2023-08-14,0.0,0.013212935302864355,0.0,0.022593039834163064,0.028161224427058675,1.9786313788582062,2.2400442097997553e-06,7.742710324981177e-07,9.134399001076154e-10,0.020421215928023574,1.5126788710517758e-15,0.33754046105310065,0.07868176426252174,0.02428949618414959,4.2722718418541916e-10,0.22691376759325363,0.025053184882166363,0.014080612213529714,0.004873903218117613,0.007971824072109258,0.0,0.047882011275075936
2023-08-15,0.0,0.016855040063516447,0.0,0.011261441519433717,0.08347449404249889,1.863777567024311,2.456695220392708e-06,9.959931534736959e-07,7.308442045994568e-10,0.004365635263113947,2.5673907444456745e-15,1.27675647831893e-15,0.12037168525594186,0.0259961923880954,4.66987087888171e-10,0.1620473868487445,0.024270402356604052,0.04173724702124681,0.0021139784010185195,0.10088283261134522,0.0,0.059013391709326346
2023-08-16,0.0,0.0021019752929914565,0.0,0.008162269911011866,0.026695772530868862,0.13622243297568892,1.7203481098576141e-09,1.7169443940242635e-08,1.693234649713382e-10,0.008154327561442534,2.248201624865942e-15,0.337540461053102,0.07151158170200074,0.01986502213558638,1.3385713509839192e-09,0.04837245912220341,0.01959455061773407,0.013347886265434754,0.0012389439421416765,0.09968595810945484,0.0,0.0046612540180772655
2023-08-17,0.0,0.0030734335266293313,0.0,0.008757290351798012,0.01778933023961658,1.7078401245315709,5.452226879036001e-10,5.664020740125969e-09,3.615830135306197e-10,0.005331091318246273,1.5543122344752192e-15,0.33754046105310176,0.0,0.012183350379271497,2.2334824267833397e-10,0.09349863133914164,0.011394875335228944,0.008894665119808347,0.0013359468731079238,0.17337489278123513,0.0,0.008439689207392936
2023-08-18,0.0,0.022772248742281297,0.0,0.030377640148717466,0.080669861487764,1.408414146488577,2.003136294873403e-09,8.897494086854734e-09,9.690200794554293e-10,0.024560314214964934,2.248201624865942e-15,3.885780586188048e-16,0.16949525537342225,0.03349871519459807,4.666782793538715e-10,0.18841521374942444,0.029329592124394014,0.04033493074388122,0.002192576849541404,0.059535764026838904,7.223388553967425e-15,0.03729357095691457
2023-08-21,0.0,0.016106188346707614,0.0,0.014273201858219417,0.0656955729640218,0.7524664723032967,9.558710411032838e-10,1.3948431782695323e-08,2.8896172954429034e-10,0.012424801899941273,3.0531133177191805e-15,0.0,0.15456024976033886,0.03098461551198422,5.599266467148922e-10,0.13168873358960398,0.02770876234427496,0.03284778648200912,0.0023305819420643276,0.058754887628935125,0.004814570912421528,0.014699675323307015
2023-08-22,0.0,0.01755249973790041,0.0,0.023245898300359048,0.05974532095554867,0.06221472349770529,1.931359028704262e-09,2.038801951595446e-08,1.1586257855911164e-09,0.013578894563778088,2.363387263670802e-14,1.1102230246251565e-16,0.1580372902436382,0.04409750395388758,1.2653266490136872e-09,0.1898839755593642,0.04021742085728511,0.02987266047777467,0.004470365189840349,0.06061745132982507,0.029967685131091087,0.03272538591703906
2023-08-23,0.0,0.021784510240614813,0.0,0.031593127186550024,0.0909529105034421,0.12474677869674519,1.4247725374363795e-09,2.2627600818285517e-08,4.5231498137232595e-08,0.037974214901783244,2.3564483697668948e-14,0.2531298136225555,0.08833375603565118,0.03842478135626427,1.042168337739291e-09,0.14662114538503432,0.03301525181122459,0.04547645525172093,0.006204963655558032,0.009916552478026804,0.0,0.19291851575926267
2023-08-24,0.0,0.007542971103679397,0.0,0.009717443425649269,0.031057524368028604,0.1753775083895405,7.865565623897921e-10,1.2108770493701487e-08,4.528224756966681e-08,0.01569779235125228,0.0,4.760081218080359e-15,0.03348152175562915,0.009372626334031565,2.2959728562810255e-10,0.05818662397900867,0.009042663980660066,0.015528762184014396,0.001323931563804004,0.0021097325884669345,0.0,0.05018630972649063
2023-08-25,0.0,0.01447175732857818,0.0,0.029079745442441345,0.052792145262918234,0.3001242870862857,2.8337298347559665e-09,2.983345149753591e-08,5.7090601482401304e-09,0.031165497357216423,1.3600232051658168e-15,0.25312981362255355,0.05934401360585118,0.02624891374566599,5.051023765911822e-10,0.16012148804669082,0.02703625119195048,0.026396072631459086,0.004050932010859626,0.09099831671661136,0.018346033978719225,0.06915068314022765
2023-08-28,0.0,0.02301659385947193,0.0,0.019438929136622332,0.07468347853873593,0.3186130472635126,1.4286147575952753e-09,7.123671051159994e-08,4.637645911048649e-08,0.0032888826629490914,1.0130785099704553e-15,0.0810198627850384,0.0066225125905456025,0.026519359357843,6.670408808640005e-10,0.14236565239415727,0.01687576463664882,0.03734173926936805,0.00413382562197212,0.04778229091543963,6.257494522543539e-14,0.07576845531888594
2023-08-29,0.0,0.0022292297977938532,0.0,0.006176966140900445,0.020681108904700953,0.018918538041234695,3.056537160888236e-10,1.239144670609971e-09,2.4335508198858324e-08,0.0022244562160514195,0.0,7.7021722333370235e-16,0.009120063356825225,0.014703712217732132,3.3513086750147636e-10,0.06136168594576073,0.013347673307867387,0.010340554452350555,0.0007662241506216153,0.0010587930842739443,0.0,0.028961705504803092
2023-08-30,0.0,0.011148172127287057,0.0,0.01791832887888912,0.028358562827339104,0.1058944486329364,1.354532083564856e-09,2.0879191859704495e-09,2.4322069920590383e-08,0.024069202836411348,6.938893903907228e-16,4.996003610813204e-16,0.026906749777794045,0.016950529896237517,3.9558628595059986e-10,0.03503941580111973,0.019828448588618493,0.014179281413669705,0.002404911467755816,0.0022320790609145283,0.0,0.029074109581532004
2023-08-31,0.0,0.0075628085467298895,0.0,0.006956585712637141,0.056547510491598875,0.19605451128930848,1.442824464361201e-09,8.001597677818426e-10,1.2984371258739635e-08,0.031140886717917406,6.938893903907228e-16,7.840950111415168e-16,0.03230413335208972,0.01645206574427678,2.808587529212758e-10,0.06754736148562576,0.01724190334750236,0.028273755245797547,0.0003636300552915181,0.0009280909665120088,7.17134684968812e-14,0.07077053338669523
2023-09-01,0.0,0.0074135196094872995,0.0,0.012320740320813286,0.07717327060776337,0.15460893690984906,8.561020394452467e-10,2.5339837332041112e-09,1.2491114462220843e-08,0.001146847937634976,0.0,0.08101986278503744,0.04843599231659232,0.01910072118812425,6.597528912077877e-10,0.12305598412326733,0.014284714331908498,0.038586635303909635,0.0015954264393246084,0.05142061340147399,0.0,0.1407781113371221
2023-09-05,0.0,0.025028191667370907,0.0,0.02660326038276841,0.015074522833034782,0.24427970808925573,9.022197211072732e-10,1.421502521154466e-09,4.902830988418039e-10,0.0017325108163165487,8.049116928532385e-16,0.0,0.040037266571504054,0.015770302161593235,5.980800577010115e-10,0.050718318513735094,0.017866476711422573,0.007537261416517421,0.003942980528952832,0.05446037463694868,1.374594882364022e-14,0.004797607754815705
2023-09-06,0.0,0.007356725890011481,0.0,0.004723661749996102,0.02175340270410647,0.10455863633442002,5.725329653977454e-10,3.8901501073095993e-10,7.431911398791957e-09,0.016653211164730758,3.3306690738754696e-15,4.440892098500626e-16,0.06939969057430585,0.01627423193439897,2.0930103483696172e-10,0.0677459042991384,0.010772392430879768,0.010876701352053202,0.000924342757871871,0.0011423522209473985,8.052586375484339e-15,0.0832052603633327
2023-09-07,0.0,0.022543047313681917,0.0,0.01603571591273403,0.07417728545822368,0.25287932731511276,1.0152934995179477e-09,1.2251047505469712e-09,1.5690666553547228e-07,0.040779118762045985,2.6506574712925612e-15,0.042449821430195864,0.18057376068617825,0.03356335942224394,3.303394918718894e-10,0.10257812432720442,0.023881421945144227,0.037088642729111825,0.003318088264611746,0.005253419892042928,0.09398874889382872,0.04344610205145777
2023-09-08,0.0,0.010755701158008757,0.0,0.006288107713182248,0.09330032653796197,0.039651184988595156,4.769199647617067e-10,3.386793546147548e-09,1.6753489778115194e-07,0.02677185444619084,2.6506574712925612e-15,2.9802549317281546e-15,0.0506072960520371,0.031059756512322907,4.5620825173120494e-10,0.11332626811801084,0.022638325068053432,0.046650163268978646,0.0007930141827255793,0.048363041555692515,6.7584826624056404e-15,0.17633916773168554
2023-09-11,0.0,0.006768170548893974,0.0,0.008155171253157251,0.05522457217832464,0.04920654454055029,5.392967760420267e-10,8.273602488801655e-08,2.254607327223379e-08,0.000868886191329174,2.7200464103316335e-15,2.050443148604586e-15,0.06976647632239594,0.023020636407100288,1.9136472961811535e-10,0.09024061979760264,0.017914807519820074,0.027612286089158417,0.001280216713538368,0.0018126015510331085,3.0184188481996443e-15,0.13170181275652237
2023-09-12,0.0,0.0018358087391944248,0.0,0.008912370867852733,0.04754086094362066,0.01210089014612109,1.5400711930441317e-09,4.144208558884093e-08,1.0317307184981583e-07,0.006870780990312637,0.0,1.268082860939046e-15,0.026099966656401994,0.020725397088325867,6.21185672344815e-10,0.06840919225124102,0.02235292425239121,0.023770430471810357,0.00041157231804613004,0.0011012984445033201,5.551115123125783e-17,0.029167221431583776
2023-09-13,0.0,0.006313157802028225,0.0,0.014849497109248717,0.061439413622531205,0.31740104562316956,1.1810660063393026e-09,4.090270370242153e-08,1.1602184738640497e-07,0.010661694251263058,1.2073675392798577e-15,3.361894096443052e-15,0.043009856707008486,0.026549357144747394,4.106615880683506e-10,0.1048139512060744,0.025835793770249818,0.03071970681126536,0.0028171237128330126,0.0034964550698204783,6.0923488476305465e-15,0.16632476224027387
2023-09-14,0.0,0.008178125108120105,0.0,0.011610053199626652,0.051157550789224626,0.016879224069035317,1.4468969476711448e-09,3.9018747003383554e-10,5.69734998762117e-09,0.015762132742624654,1.0547118733938987e-15,1.6167622796103842e-15,0.05717075197303022,0.024719139285584044,4.988973401065522e-10,0.04986829323049023,0.023251855296555074,0.025578775394607137,0.0005468235392529913,0.002042814561149388,4.624772786954168e-15,0.027229809666245886
2023-09-15,0.0,0.009267452099327922,0.0,0.01049460363514896,0.03981357326271827,0.044813943655404045,8.229758723802292e-10,5.085038130275051e-09,2.9170389714838763e-09,0.022378033565038168,2.8727020762175925e-15,1.0043034337431518,0.0469728555183261,0.016193142800535437,8.128285683417502e-10,0.05415118023355076,0.01582228018059769,0.01990678663135468,0.00146422466345459,0.07795782247301108,6.634623406220896e-14,0.09070096588453169
2023-09-18,0.0,0.00743800922492698,0.0,0.005414186166569993,0.034842249270637046,0.0,5.296868046954645e-10,0.001867101835060043,3.6967250094388504e-10,0.0058134432384611134,2.6922908347160046e-15,1.0043034337431527,0.0,0.02489384049106512,6.831186449840487e-10,0.047299413512347274,0.025687463703439307,0.01742112463531787,0.0019147995769194098,0.07715329338155578,0.0,0.033141865956762336
2023-09-19,0.0,0.004825722435464016,0.0,0.015584979812704906,0.07612428282188244,0.0,3.707487906774529e-10,0.0018662629054497302,9.73665199160978e-09,0.01752480530838333,3.677613769070831e-15,1.7919693506840417e-15,0.05760051232910629,0.027053873481993194,3.119442759658142e-10,0.08078256689221677,0.022666575879257814,0.038062141410932844,0.00253326181981995,0.0030555468179584676,6.34492458573277e-14,0.09702706346920671
2023-09-20,0.0,0.024262989366911996,0.0,0.013059511661142267,0.11714473565987428,0.018688571031473415,1.3969860194577097e-09,8.370112905615183e-07,1.3336520700291121e-08,0.014839900110609518,2.456368441983159e-15,2.636779683484747e-16,0.04480218932354066,0.0468948563056654,5.112020806663509e-10,0.13915847845055848,0.040669904065674806,0.05857236782993773,0.0023993235381223055,0.14781315011215124,0.05791156987692364,0.1681257407666845
2023-09-21,0.0,0.008433104853345065,0.0,0.012697200011738106,0.049885214619172405,0.018688571031473415,2.7304209988710563e-10,8.987450669374141e-08,1.9406093912377465e-08,0.012506667022677935,2.942091015256665e-15,3.1138286393783687e-15,0.07011046873592883,0.02625089597526948,2.5845474371788413e-10,0.05470172177439567,0.023469573100678924,0.024942607309607963,0.0017889381261770934,0.003402099410468429,0.0,0.11881094352249748
2023-09-22,0.0,0.030576270828521553,0.0,0.023786018369688054,0.08598093429300413,0.0,1.098507892721445e-09,6.823779327437675e-06,3.903400770666199e-08,0.036135102312563706,3.1942185008126955e-11,2.0122792321330962e-15,0.08812848757306932,0.03304700268556167,3.8043367067697176e-10,0.060169516662295155,0.02867107158752315,0.042990467146502,0.004648609773428326,0.010525431873031742,0.10888956966794297,0.20930492561170647
2023-09-25,0.0,0.014751791138879141,0.0,0.02261922805886421,0.03904110397867606,0.0,2.482609675803656e-09,6.804095995879819e-06,3.795194424699444e-08,0.03491111914484588,7.371765697872235e-11,1.094159248807354,0.10036323684483897,0.021130286440631082,6.938206120743473e-10,0.08134829150034092,0.019804789874009722,0.01952055198933813,0.003617400667006318,0.00508768564661213,0.0,0.12328877294095181
2023-09-26,0.0,0.006842687174103168,0.0,0.004998578314043471,0.05152708148409712,0.0,4.3174524030163376e-10,9.299272396840763e-09,1.439126456892481e-09,0.02499400658932993,6.340843128338491e-11,3.608224830031759e-16,0.016297095899053295,0.015349091906456482,2.86562926166134e-10,0.03887171076187405,0.012486878732810501,0.025763540742048598,0.0008537276943936453,0.001703073650367197,5.312417172831374e-14,0.050103313711702714
2023-09-27,0.0,0.020041819685565218,0.0,0.015811892139200374,0.02220006568710446,0.44007612302273985,9.72080860502589e-10,0.012818547391621148,1.0252361737350668e-09,0.005731446153300755,3.70536934468646e-15,0.8031883590126644,0.10262681914659592,0.015331270923200755,2.6389916640834343e-10,0.104947650829341,0.015736864629386817,0.011100032843552252,0.0036796085044169535,0.0059014839955515395,0.09808525721015915,0.05205599664900154
2023-09-28,0.0,0.009775764873688858,0.0,0.023705780812791108,0.06307468350271606,1.7734094563560734,1.085077633175925e-09,0.01091879372705976,3.5906734738300194e-09,0.024013360842856518,1.1311951375603257e-10,0.0,0.06467300241869706,0.026935234457098643,4.5065695619683765e-10,0.12233843154347401,0.022917524367824467,0.03153734175135757,0.004128687234688719,0.005547595512282382,0.0,0.09374012286431757
2023-09-29,0.0,0.005663957202171699,0.0,0.010238687566571453,0.028871481681741574,1.8953107832397433,7.625614886418051e-10,0.0006330901147220754,6.142523642505004e-10,0.01174168128718995,1.1311787617707125e-10,5.551115123125783e-16,0.011987744215043582,0.014853595061063575,3.0644811688240736e-10,0.03576506715163244,0.013395014145468231,0.014435740840870251,0.001387792532155499,0.0017702579255557266,6.938893903907228e-15,2.83345319340364e-05
2023-10-02,0.0,0.003625260457072362,0.0,0.00629696197913089,0.04426276257546214,1.4732349547413597,3.5506307734449834e-10,0.00022853359039225955,8.587961175532399e-10,0.023744130921069903,2.0261570199409107e-15,5.551115123125783e-16,0.03952731222988996,0.02773079134394328,3.6287887972275e-10,0.1763868371132012,0.02300027568311148,0.02213138128775164,0.002327288553818571,0.0031880396567703743,7.185224637495935e-15,0.09458448002574732
2023-10-03,0.0,0.00520314394179019,0.0,0.0024139621900267066,0.02866212951762303,1.3638004810189441,1.4466535066348552e-10,0.002304322788963602,3.849333490846263e-10,0.0031524671828929915,3.522743208250745e-11,2.220446049250313e-16,0.004628875120413073,0.01858063424204237,9.221076402443629e-10,0.06541842315016354,0.018702539771789633,0.01433106475877756,0.0010420485170656718,0.0017679364617857532,0.0,0.006247354091406929
2023-10-04,0.0,0.010846852534870586,0.0,0.008591230434996516,0.034457186430381884,0.07565538516022868,8.664003520071593e-11,2.510115202699854e-07,3.5783623980600865e-10,0.00924574852156837,3.5227071260024445e-11,1.6653345369377348e-16,0.02175822254505294,0.017313902784453716,7.284370329152523e-10,0.033522298631294016,0.01730354197681106,0.017228593215191483,0.0021522584871756373,0.0031567033727949306,0.04106964461456119,0.0645790057761141
2023-10-05,0.0,0.06046796888040898,0.0,0.048082324538521494,0.011535930341231569,0.47413215080872034,1.5112199823032133e-10,1.680117075692082e-07,2.4439775203610736e-10,0.0081532392891554,1.2490009027033011e-15,6.661338147750939e-16,0.024992302431889296,0.008377520633267478,8.166522041941349e-10,0.1101522717324249,0.01343389028531445,0.0057679651706176935,0.009439203091303,0.013942221230594725,6.8209327075408055e-15,0.057669408213805194
2023-10-06,0.0,0.019340222597025152,0.0,0.005663254514819754,0.058960919348019204,1.0857348899617267,4.1407908309021816e-10,0.0005721879316680778,9.10804758003092e-10,0.038590346089549504,2.3592239273284576e-15,5.551115123125783e-17,0.017207313163663203,0.01748217231493744,3.956172195396235e-10,0.05303213949103009,0.01428801588143721,0.02948045967400917,0.0012313284143069397,0.002684313491223375,0.0,0.016927057289721797
2023-10-09,0.0,0.0076677027034131005,0.0,0.09272427590718828,0.04800339024591939,0.866970855652866,3.798692464234937e-10,0.034786805594320624,2.7867830959538153e-10,0.041669449311280984,4.039711620773545e-11,1.2212453270876722e-15,0.024746503743364796,0.03338457306381565,7.123526490904197e-10,0.07407752039474116,0.03456202738479797,0.02400169512295955,0.002371899951973712,0.1452293627281496,5.9396931817445875e-15,0.03098228248131712
2023-10-10,0.0,0.0027654908109542736,0.0,0.00605181716895039,0.031733540806111876,1.6169253978085893,7.0674212418597e-10,0.010000053773440093,3.65413969916073e-10,0.006300270098173119,4.039672762967683e-11,8.326672684688674e-16,0.027069640286350435,0.021289145403158447,4.925334029515227e-10,0.056775859108989656,0.019870062715848878,0.01586677040305645,0.00040146241907259433,0.0010849608172532124,0.0,0.01688686333553621
2023-10-11,0.0,0.005442732919046166,0.0,0.008780890679396674,0.037345869445130735,1.6169253978085891,2.1662613443663536e-10,0.020388054439329083,5.827156465687544e-10,0.01101613178736393,0.0,4.996003610813204e-16,0.007047219570735105,0.019851185206947074,6.873434182930183e-10,0.06393104223940706,0.019128147112128874,0.018672934722562894,0.0005284168563040523,0.0010302092283629022,2.5451862839531714e-14,0.08948618997635846
2023-10-12,0.0,0.02925529600855818,0.0,0.02201037022783905,0.033564547576497857,0.9276086772387289,4.767686465662651e-10,0.00497121669657939,2.7073163155755253e-10,0.017550968604070412,2.42861286636753e-15,1.6653345369377348e-16,0.019515900500597674,0.017237519819746368,2.8799792134437396e-09,0.06712083414439653,0.016096243275092167,0.016782273788247516,0.0041593071733676545,0.007067238490947602,2.0747292772682613e-14,0.06080748989153426
2023-10-13,0.0,0.0018682141804378283,0.0,0.012078991510731552,0.035517257117766016,2.0,2.1711740956984823e-10,8.241577668662349e-08,8.22932187671821e-10,0.03231202320493152,3.5110803153770576e-15,8.881784197001252e-16,0.09340462302213116,0.017126493363334685,7.164639853618482e-10,0.1467348103094637,0.014921143603352872,0.017758628558883632,0.0006816114002259899,0.0017549329241039816,1.727090692682509e-14,0.15683452461640393
2023-10-16,0.0,0.0038205494022074044,0.0,0.006987929781273877,0.02374344282897551,1.0880791276783413,1.3638022887688445e-10,3.156563200959213e-08,3.7719228435095786e-10,0.0047180035790157365,6.178442479853885e-11,2.7755575615628914e-16,0.09227677014718008,0.013673055039680096,1.0299099489907704e-09,0.12170852174565083,0.014619642710197004,0.01187172141448458,0.0010424677525910364,0.0016484620247213533,6.64260313421039e-14,0.0013559537957990517
2023-10-17,0.0,0.005384499252586047,0.0,0.013925696965656006,0.041669772870752415,1.9228715721565959,9.138172875275957e-10,4.287649049744393e-09,1.6282310916215792e-10,0.033761418549809755,4.6357084837467255e-11,1.1657341758564144e-15,0.09236910007229997,0.022912965928407195,1.8799054951612604e-09,0.20202581816853782,0.029407011564222922,0.020834886435374567,0.0009080991608577185,0.0012904539945549423,6.07708328104195e-14,0.015830032332489797
2023-10-18,0.0,0.005419664715414357,0.0,0.011208060903800842,0.07884562648537399,1.391585889590877,1.98294062698075e-10,5.966103482975841e-09,1.712939928788515e-10,0.009497872574975683,2.2282425904407432e-11,1.1102230246251565e-16,0.12736229137868438,0.02671269404475531,1.3991269254276517e-09,0.03470190486432956,0.021885522483477714,0.03942281324268645,0.0019569936609920915,0.0029996786724018377,8.770761894538737e-15,0.03126185175796447
2023-10-19,0.0,0.007263791054488258,0.0,0.012369580022175801,0.06112275312340594,1.0691159981258542,1.576481953684614e-10,1.6603610584272298e-09,5.265325814240995e-10,0.02581638704191929,1.4016565685892601e-15,3.3306690738754696e-16,0.12506330174076405,0.024844788066202377,9.043542859021869e-10,0.21570513914341455,0.023704301334449618,0.030561376561702915,0.002672018779361879,0.004727773039845826,7.625844400394044e-15,0.022065031740887697
2023-10-20,0.0,0.005776925986245775,0.0,0.02972176875695801,0.08054216165505575,0.8977094061056715,2.1440777501043397e-09,1.1642971279216815e-08,2.503333415559972e-09,0.07156235203187362,1.8457457784393227e-15,8.326672684688674e-16,0.16409910307270542,0.027698258167672078,2.6532716024263436e-09,0.11376220312385321,0.03740699117988542,0.04027108082752786,0.0019675455528911437,0.009561025066483316,1.2004286453759505e-14,0.1157321236421852
2023-10-23,0.0,0.003394135837479991,0.0,0.008740696870299524,0.031818327349772135,0.6842493961365417,3.0259573684511227e-10,9.48637166371496e-10,4.6471473891251946e-10,0.008323109162910666,2.4702462297909733e-15,9.43689570931383e-16,0.022978321427873916,0.01237125300790323,5.333933572604366e-10,0.12843633228412288,0.010438049642727874,0.015909163674883757,0.001497606604782195,0.04045629305791677,1.1546319456101628e-14,0.024467243113767412
2023-10-24,0.0,0.0065131368934568,0.0,0.008014752134411399,0.03944880715044963,0.608088852875108,2.821448371000763e-10,6.149167968766415e-09,2.4932357775564462e-09,0.018346677581841504,2.6506574712925612e-15,1.0547118733938987e-15,0.16279705405506667,0.019301973241416918,1.116159477343448e-08,0.07345131294740384,0.018899485910349123,0.019724403575223863,0.0002529972854044271,0.0016041858663809264,3.941291737419306e-15,0.00372539273103404
2023-10-25,0.0,0.005397642687934402,0.0,0.006257985575313679,0.028386976836022596,1.0779356743187627,3.370003593710007e-10,9.654519065253137e-10,2.757271758135893e-09,0.012872859268455362,1.2490009027033011e-15,1.1102230246251565e-15,0.016911749939081296,0.012545740027198233,9.167624992478807e-12,0.05669683484050709,0.012162598539863782,0.01419348841801113,0.0010329291504200117,0.00185237994104797,0.0,0.004135295364747389
2023-10-26,0.0,0.018305758797564776,0.0,0.04404296625094696,0.11781724632124344,0.42644547700910546,7.049477447501221e-10,1.865109536798236e-08,1.0056917756906536e-08,0.06566885204434256,1.5265566588595902e-15,2.220446049250313e-16,0.05068666802910447,0.05315250434509305,1.502517554818894e-11,0.1904688823935743,0.037956820023973825,0.058908623160621364,0.0074281456172237414,0.08935385032388884,5.495603971894525e-15,0.15894797780497885
2023-10-27,0.0,0.07430132271765381,0.0,0.015762584027880867,0.042547752661072316,1.3947909121563178,3.7571819505687636e-10,2.607670767191126e-08,1.8945364631262063e-08,0.006562654049396627,1.304512053934559e-15,0.9199366870982741,0.03585589118772968,0.026019074942499477,1.0508556066990415e-08,0.346223787262481,0.027536248627107192,0.021273876330533542,0.0035009401223782682,0.018828381412282363,0.1085050613081921,0.0411945459376239
2023-10-30,0.0,0.006218360528153699,0.0,0.050733910317374835,0.03120484349467443,1.5116747549783687,9.313394251841716e-10,7.580104909258811e-08,1.0184682076863627e-08,0.0057450424494749144,2.942776577974371e-11,0.501725906956994,0.01063699093033222,0.043805680360765396,1.0523670823658904e-08,0.39733111417106254,0.04487889627401049,0.015602421747337336,0.0030118506002167755,0.04360756461767921,6.300515664747763e-15,0.009674927685897776
2023-10-31,0.0,0.008325022125723282,0.0,0.01380980627507856,0.05787817131090585,1.6741252479993838,1.2985363637626772e-09,9.348546303788463e-08,0.004466765484990844,0.028444248676825788,2.94273910794729e-11,0.501725906956995,0.12208638553370207,0.027615464825737634,1.646550951139858e-11,0.2916991073528087,0.022825873561816756,0.028939085655453854,0.003297654826914777,0.005147537530352256,0.005869672406956291,0.07855942054846016
2023-11-01,0.0,0.002777739264223135,0.0,0.004680805567295942,0.014629906898112712,1.318778424153948,8.962949874461981e-10,3.813863559991735e-08,0.0012182376598150538,0.002837429528181619,1.4432899320127035e-15,2.7478019859472624e-15,0.04544400107612938,0.010918462219542261,1.5033002620512548e-11,0.05283140135740065,0.012652500789553761,0.007314953449056631,0.0005705159889819386,0.0009640279100476962,0.0,0.009940195405534383
2023-11-02,0.0,0.0066754527322769,0.0,0.015825074509711407,0.03379859523224879,1.6186115845199935,6.251948638585331e-10,4.516459676307634e-08,0.0032485317312163295,0.012138426987404166,0.0,1.0269562977782698e-15,0.04358355700523847,0.013545859072432375,2.9909227872160216e-11,0.04867070352565196,0.0158897836147215,0.01689929761612488,0.0019896402619299716,0.0032905189401096213,0.0,0.022025020566850205
2023-11-03,0.0,0.013683474470477746,0.0,0.03076806854710428,0.04989746762712216,0.04382885266634079,3.703156409347099e-10,1.1570373520625655e-07,3.915706712348532e-08,0.0012694020425764799,1.3322676295501878e-15,8.049116928532385e-16,0.02046723362161811,0.021651881785672664,3.256633851478341e-11,0.10032998783246722,0.01955838663582968,0.02494873381356101,0.003317750364237468,0.004140267934962968,1.790234627208065e-15,0.023835293802703737
2023-11-06,0.0,0.017534840026635735,0.0,0.027009381445063492,0.06860452500936878,0.451076476496456,8.97101104198157e-10,2.585527606095902e-08,0.010945777129362809,0.00925992672542423,6.245004513516506e-16,0.49230275887498376,0.06231488249591491,0.03761841649750317,2.7685645442865336e-11,0.12397058526306196,0.04019768864488911,0.03430226250468439,0.003529326526482475,0.005448453524223799,0.06503224819335693,0.029527827308094123
2023-11-07,0.0,0.004790474625832088,0.0,0.0028478842132842594,0.034088108414433035,0.17283018888144164,4.512783357078071e-10,9.388667758532439e-08,0.004881589545825876,0.011251029823319943,1.790234627208065e-15,0.033258624558566784,0.1257479735275866,0.015540439235438947,5.248924905831842e-11,0.06492246222201861,0.015552363950878327,0.01704405420721647,0.0009390879226648524,0.0015049224503095003,2.4858587410747646e-14,0.04459695975941695
2023-11-08,0.0,0.003610842648920121,0.0,0.004701541405855189,0.017390347061722013,0.18743444972248707,2.931550155847602e-10,8.032121836802906e-09,0.00543174102600779,0.0007575636238282349,2.8727020762175925e-15,1.0824674490095276e-14,0.037622424025149225,0.012925321904924566,1.9583612509421755e-11,0.06710385161658257,0.009460450294360755,0.008695173530861022,0.001381282504844518,0.002418544748731776,2.4386742625281954e-14,0.0028072579733940013
2023-11-09,0.0,0.008975021526182916,0.0,0.005444818304492709,0.029773524896086624,0.15728967948847863,5.344009036283011e-10,6.048133914329626e-09,0.010063820552539467,0.014259375100588084,0.0,8.881784197001252e-16,0.10545428834201795,0.015111197091872197,3.9642164550990344e-11,0.04383912438342956,0.017100308085082817,0.014886762448043017,0.0009757711768859714,0.0008750531588022845,0.0,0.0017752365279236383
2023-11-10,0.0,0.009020217930220936,0.0,0.017753085841580765,0.07324459482703011,0.3311691050953575,1.4514844169141472e-09,2.6071664867104442e-09,0.0013623423912797264,0.05909354226936474,9.020562075079397e-16,6.106226635438361e-16,0.145264229452159,0.03259654984034045,8.037000231997382e-11,0.13465305963305674,0.04001728884032405,0.036622297413515,0.0012972011428756328,0.0029721637021445403,0.05954550242687667,0.002968310295643501
2023-11-13,0.0,0.009249396565293196,0.0,0.009654379782697328,0.030764553547092444,0.46198227153588683,3.3671981603640153e-10,3.6284720596132708e-09,0.00953327667065889,0.021318226328677685,2.373101715136272e-15,5.273559366969494e-16,0.07764501508869408,0.012642656958713111,4.666748931736464e-11,0.03980941004698786,0.011549778361249846,0.015382276773546241,0.0015567627930741304,0.0027174755755659252,0.03000170486092949,0.010644715730812417
2023-11-14,0.0,0.004469040480408188,0.0,0.00782521702907803,0.03804414520682981,0.11759749921270343,1.8844786907147826e-10,4.322280769803249e-09,0.021793322817285826,0.023638605284833747,1.3183898417423734e-15,4.718447854656915e-16,0.05781842509635514,0.017693354938915367,4.8043333200631366e-11,0.047302236850158906,0.015505435755745244,0.019022072603415034,0.0010857314894575087,0.001376323903417305,1.3808398868775384e-15,0.015800868607034675
2023-11-15,0.0,0.014298556759505313,0.0,0.018591981136961318,0.03145212126231074,0.11978325731597098,3.606921216458366e-10,1.2697397852303044e-09,0.014551504112493278,0.022824077215936156,1.27675647831893e-15,2.7755575615628914e-16,0.03458136606464378,0.012233961525240603,1.8500909138019495e-11,0.03420466555499303,0.011919937602688585,0.015726060631155322,0.002494171989074291,0.0029193403561415115,0.0,0.015693269672463865
2023-11-16,0.0,0.0048661046039028995,0.0,0.015072667243445179,0.047730617516642745,0.1733924273522771,5.334362607236977e-10,1.72537559835933e-08,0.022994994219516993,0.04089772298343735,1.239286451237831e-14,9.992007221626409e-16,0.028470766225920555,0.029253504269261772,7.12547382208939e-11,0.06402649406444472,0.028493212152100926,0.02386530875832145,0.0007888328648564258,0.07867427264483395,3.2612801348363973e-16,0.016689410547985166
2023-11-17,0.0,0.22113354297563528,0.0,0.07177823827116905,0.2904297064649935,0.43711060733136387,1.9582095453788965e-10,5.405170176242785e-09,0.1208757234629726,0.010573390957074894,4.883911330910706e-11,0.2916808673830824,0.27540850253869753,0.041986710717721,2.6882551740214922e-11,0.22182259668110182,0.021142854509420845,0.14521485323249678,0.004490135729791241,0.05729339486867692,0.5199986957445777,0.3120326542491243
2023-11-20,0.0,0.025822114110925158,0.0,0.008738079330947234,0.03942724199557841,0.23878615992682475,1.437371155263106e-10,7.967372233097128e-09,0.014340993635314346,0.010706111514532553,4.884510851344004e-11,0.267917600069007,0.0228209336683156,0.013771588750156017,1.7379458983057816e-11,0.05689142687700109,0.010790269813770443,0.01971362099778909,0.0015148998522585416,0.002711643933449734,2.7478019859472624e-15,0.05257077926461294
2023-11-21,0.0,0.04922035928436947,0.0,0.04456460450396768,0.11251911330759701,0.510426818218998,7.428326732715641e-10,9.4443770645928e-09,0.06156585182610951,0.06729257548067369,2.067790383364354e-15,0.9307849898863927,0.2598786908554785,0.045913898594192946,1.539588040389006e-10,0.12342302165901796,0.03806145262800882,0.056259556653798594,0.008561624489920094,0.07995809662845632,0.1188723113365954,0.046074466395174485
2023-11-22,0.0,0.00989874094647618,0.0,0.011729107683912209,0.015605953976464759,0.11627756859540889,2.1708101916967117e-10,3.493803810027945e-10,0.007152231699574671,0.004578949777412175,3.4833247397614286e-15,1.2212453270876722e-15,0.09558720341772768,0.010100009571127909,1.01570446497945e-10,0.019298828891087583,0.009044227411191447,0.00780297698823236,0.0013379788437472076,0.001657504047953208,2.3973878437999474e-15,0.004860560124215147
2023-11-24,0.0,0.023529253336069686,0.0,0.09162614158182024,0.3103073523157565,0.18614578008413543,1.5087688406561393e-09,3.6854691650912924e-10,0.07013653806859285,0.10444680498440942,3.3861802251067274e-15,0.11374686414471641,0.33292856019068084,0.0816110983622212,9.979934934012391e-11,0.24993151203839534,0.08122959124141928,0.1551536761578775,0.0076565213487360395,0.05701052236590863,0.3052075581435376,0.1407836041129254
2023-11-27,0.0,0.005311998421228184,0.0,0.004236011165162201,0.07326987631498315,0.015328850684983245,1.0108763716782675e-09,1.5104138250149835e-09,0.059417607260956705,0.057562870464253665,2.1371793224034263e-15,6.661338147750939e-16,0.10493523219952192,0.02598960007758645,6.778357042325212e-11,0.07189743295261339,0.028817760401033055,0.03663493815749152,0.0009380731992818109,0.001537298912519705,1.5717028373218866e-14,0.1049234330133528
2023-11-28,0.0,0.006511139717120546,0.0,0.002419897161902721,0.03739815602260876,0.015328850684983245,1.3046817307202023e-10,7.124040231984837e-11,0.029568026622764122,0.016495875012229627,4.288236432614667e-14,3.608224830031759e-16,0.015293463826060495,0.010478466554114578,1.4427140038186792e-11,0.03184357164614064,0.00712204352201717,0.018699078011304555,0.0004869055083560059,0.06838628129508022,0.0,0.05904316365883362
2023-11-29,0.0,0.01674379945702814,0.0,0.006811882849459921,0.023737146484348708,0.10195736613467579,2.2880293166303383e-10,8.70208353796987e-10,0.019517642468869258,0.016951903551546556,4.365952044338428e-14,8.326672684688674e-17,0.07649497721957169,0.01670160073351104,1.0719448939600085e-10,0.036291836476045086,0.011999570346742679,0.011868573242174413,0.001759644219539204,0.09594960147530086,1.3824878741797164e-14,0.13157623295619028
2023-11-30,0.0,0.01026342508189473,0.0,0.011378811906115246,0.055268205009218786,0.207326534492546,1.1084625561981207e-09,1.1162144115090014e-09,0.02901659861359117,0.013560727172038663,1.8735013540549517e-15,2.498001805406602e-16,0.07321239761728393,0.01943128561830144,2.9021895997516367e-11,0.05426714260158581,0.018148605542285656,0.027634102504609417,0.0020146535624250353,0.003784669678721861,0.3267163077542144,0.062178189409847213
2023-12-01,0.0,0.024304367899130014,0.0,0.03043396053851257,0.12070458059819948,0.12239391328294998,6.704240751823953e-10,2.432038589702194e-09,0.05573178464271481,0.0734385184570881,2.040034807748725e-15,8.881784197001252e-16,0.18328602354732648,0.030986065111963317,3.842282048083234e-11,0.08340321917490763,0.034108764055962686,0.06035229029909975,0.002241274796453592,0.08065061678287849,1.8984813721090177e-14,0.03549587045899609
2023-12-04,0.0,0.009093224330490035,0.0,0.009441100155243447,0.06537589083081657,0.0993151576005813,8.674943590881774e-10,1.7485014824808982e-09,0.05151055022376049,0.050981107247903376,3.175237850427948e-14,1.609823385706477e-15,0.14690052619708804,0.02591685208371684,5.331067531866296e-11,0.064735781420853,0.025914647829879414,0.032687945415408516,0.001579931636903821,0.09914077421543221,0.10703282442939589,0.055643463409248764
2023-12-05,0.0,0.013398146766069778,0.0,0.0116576728187291,0.06544449210472174,0.01843720100455251,7.127582982845261e-10,6.348090289994362e-09,0.05468929689589033,0.05430665814954017,3.194666753358888e-14,2.1371793224034263e-15,0.13332886722812293,0.016458056706313364,6.556391540790685e-11,0.054119943324441415,0.01271396844520205,0.03272224605236094,0.002009562022646287,0.0029859201735925045,0.015126627622410495,0.07163242241863624
2023-12-06,0.0,0.0023484304983546534,0.0,0.0041514898883255645,0.03492032255346654,0.04039895587239735,1.8197846170425887e-10,6.151396766029684e-09,0.012652559929901844,0.01391446226036426,1.915134717478395e-15,1.2212453270876722e-15,0.04969580861229741,0.01507082733464961,7.998800233277592e-11,0.030398313959515155,0.012245314255302828,0.017460161276733194,0.0002163847115094139,0.09777455355387792,1.0547118733938987e-15,0.0102621453856129
2023-12-07,0.0,0.04236523898510078,0.0,0.027490029418651907,0.04225578002834256,0.15389580797812624,7.959949066805761e-10,2.441198296211591e-09,0.0320238838714919,0.04035757189074812,5.560524263259481e-12,1.8041124150158794e-15,0.11804820101969589,0.020767373518938075,3.539567250410158e-11,0.06040606543699117,0.022608093278747583,0.021127890014171195,0.005604778759674647,0.010172355273099364,0.0,0.02195210077519782
2023-12-08,0.0,0.0431194738448742,0.0,0.02169613431218599,0.05229497399177555,0.4922775464989252,1.5067297792131904e-09,4.192895562403038e-09,0.02538709316186165,0.030698011942328296,1.7756629500098597e-12,0.01266323351825746,0.11351900340690212,0.029947977160287763,1.006586897167594e-10,0.0719844993836021,0.022216421560598606,0.02614748699588506,0.0038171208213165567,0.005766644316612057,0.12278239870069932,0.12684020846041175
2023-12-11,0.0,0.01257821474908358,0.0,0.007091580796212213,0.05982055042047503,0.08635339999799052,3.6465950500427624e-10,1.23566445007585e-07,0.01868550552098818,0.018506641695801976,5.401734615162468e-12,9.43689570931383e-16,0.000747408001914484,0.014923494974558643,2.238112473129661e-11,0.03127943781757528,0.009808398690110994,0.029910275210233095,0.0014303558654351345,0.0023082653065449807,0.025667201394611795,0.14597807598754556
2023-12-12,0.0,0.018123501258507306,0.0,0.017563905629908318,0.07772285231809631,0.15939509610462238,7.9313912183319e-10,7.348202057723576e-08,0.02477122528267274,0.025775309137371652,3.2549934969594574e-12,5.273559366969494e-16,0.025207412865730108,0.021703396143391594,4.5175252427753776e-11,0.05414101909152161,0.02007972043276499,0.03886142615904409,0.00335035801895793,0.13352133579720535,0.0,0.1485547053325369
2023-12-13,0.0,0.027680551153351714,0.0,0.021793873193769287,0.022630106045561725,0.0,3.1136944911625746e-10,2.7554251033924285e-08,0.01049699737021087,0.004841033683460984,3.511052559801442e-12,5.828670879282072e-16,0.0,0.008211020958664139,6.380626582647153e-11,0.03559098874540411,0.008903375267570594,0.011315053022790872,0.004159624624987909,0.06913444952688533,8.260753192601555e-15,0.05849965066019221
2023-12-14,0.0,0.010158632328573709,0.0,0.009029620688492772,0.0629681382543307,0.0,2.7682527890247286e-10,4.2733244184331184e-07,0.04092380212233979,0.039557092541101,3.5283581611977866e-12,5.273559366969494e-16,0.014894174103371013,0.0162229557098512,5.231894084634092e-11,0.0513571182752787,0.01603254406589861,0.031484069127151015,0.001381528476253134,0.0030227365571210696,7.17887554957386e-13,0.08447737722273223
2023-12-15,0.0,0.01007707041933901,0.0,0.00509326612180056,0.1842958727228934,0.0,1.4763925289275198e-09,4.317604594007025e-07,0.10203150820533176,0.12485295096207212,6.010275610535132e-12,3.3306690738754696e-16,0.2507244642147427,0.03938942018583476,2.5866891961712213e-11,0.12679892201757428,0.034366101315855546,0.09214793636145022,0.0017890912498211703,0.05966578668333981,6.93427953946113e-13,0.20652016764219028
2023-12-18,0.0,0.045636230600211714,0.0,0.03713400621104217,0.15534074615347787,0.06648701760028497,1.8354630683163003e-09,0.08208180404977797,0.06177632394314442,0.09362907382239966,6.0118715561330305e-12,0.48681727964030724,0.13382291465197663,0.0650136893327655,1.097064245003665e-10,0.11604380764491025,0.04381231137808248,0.07767037307673955,0.0076295538332750365,0.08950061855599205,0.1149337645061955,0.17598227051292298
2023-12-19,0.0,0.02632113956731481,0.0,0.0228755798444385,0.05383984423627422,0.13351298239971493,1.2259635899745016e-09,0.00868814298880239,0.04274465447482041,0.038183871278802614,5.051514762044462e-15,0.01383984799032989,0.07434287345329789,0.027695571008706156,4.8557671772364586e-11,0.05462557413724298,0.020757744794602465,0.026919922118136402,0.0034834589617264503,0.0035951539174697428,0.0,0.09071223483140822
2023-12-20,0.0,0.013225341398693679,0.0,0.010466214429746877,0.07154647083451991,0.010719259627435418,1.8502481109168924e-09,0.001066764405684542,0.05592468080313338,0.05135712765751183,3.2335245592207684e-15,0.03510743636321939,0.12625379900820927,0.025397418473290245,5.1484566609971694e-11,0.055878516240996205,0.03037883847286811,0.035773235417259956,0.00212105339228031,0.002734668354102174,0.06175652259498187,0.10202059596477872
2023-12-21,0.0,0.008818059862017943,0.0,0.009959019384082746,0.04853324324534824,0.010719259627435418,7.736381701418784e-10,0.01306925513101508,0.02476773571041281,0.014992029008934094,3.2335245592207684e-15,0.0073074581962119245,0.1321622900181476,0.02154271183855181,1.6456128126840497e-11,0.03801331989987763,0.01680263554706208,0.024266621622674074,0.0011133009405523073,0.0014762638849353873,0.0,0.05381881295223857
2023-12-22,0.0,0.030475324370247348,0.0,0.0318144609172044,0.03674046722654806,0.0,4.97330949239385e-10,0.003068604536880391,0.025943380810870387,0.01664893602510717,2.6645352591003757e-15,0.08113504934031922,0.1327773641269973,0.017692415566075207,4.2240877462518256e-11,0.044454189722720576,0.013557438590585792,0.018370233613274105,0.006086860991816663,0.13279741858629973,0.0,0.019954611255636193
2023-12-26,0.0,0.017819248562713066,0.0,0.012819648845049084,0.05152217374936785,0.18181818181818185,4.40671682293498e-10,0.0016996027863022325,0.034993013361671196,0.03869074426087944,2.0261570199409107e-15,0.08113504934031922,0.03459267524495058,0.029290822330745682,3.123770686563887e-11,0.04914321270253275,0.03207320863079743,0.02576108687468428,0.003719767021153002,0.13448250350451454,0.0928556472719149,0.03575256305959083
2023-12-27,0.0,0.02962322327705034,0.0,0.024350347532471808,0.041119250441211744,0.18181818181818185,5.357907436145457e-10,0.01503990106917523,0.019942804434604694,0.03296806194434976,0.0,0.0031962175344886767,0.04896568849335446,0.016682981311823178,2.383648833870211e-11,0.04830378004381039,0.016879715227738196,0.02055962522060578,0.0057081031464712925,0.0070221312001236755,2.2711867109226347e-14,0.05718498188574502
2023-12-28,0.0,0.011824959781415664,0.0,0.006958083947799488,0.05022490535885949,0.0,5.685944175380438e-10,0.018999479022121027,0.042043719448981054,0.04070844494631312,1.8041124150158794e-15,0.0026383095165943282,0.109091178220561,0.021054639228692707,1.6091100674131553e-11,0.03963568762533541,0.02019620357963683,0.025112452679429763,0.0009073400331712431,0.0016479877603627277,0.0,0.01154078380540624
2023-12-29,0.0,0.0033347553963061238,0.0,0.01963280853220423,0.0864924084975528,0.0,9.715410103647857e-10,0.008692110954315478,0.03233746407158178,0.04501011739837623,1.0408340855860843e-15,0.0070527828096160206,0.06383146763131867,0.03175902182454612,5.1295773184634186e-11,0.05754940249547433,0.033810597781003315,0.043246204248776204,0.0016007919445709257,0.131673707903487,0.0,0.012537301038050317
