Date,EW,GMV,GMR,MD,MV,MSV,SemiV,WUBC,WLBC,WUBC_Alt,FSD,SSD,SRF_LP,DMV,DMV_Yager,DMV_Return,DMV_Vars,EWMV,RP,HRP,CVaR,MAD
2021-06-14,0.012294929142645265,0.0011234624155125343,0.012738488030820875,0.006523219132364898,0.004584408514425414,0.011961705306877247,0.012738484962378378,0.012398912391624701,0.006969919958181099,0.0069699205093403695,0.012294929142995958,0.009402748431275726,0.004309225613658578,0.009821129009060918,0.012294929146614692,0.008290641998923005,0.011691183300366025,0.00843966882853534,0.010740371085094225,0.009209653079740624,0.0008729423867352797,0.001985256003994939
2021-06-15,-0.009610009244730475,-0.00766763432620831,-0.011118838227729279,-0.010097596929381999,-0.008023402635958864,-0.009576464486946589,-0.011118838528220857,-0.00897600114704137,-0.008890625403226965,-0.00889061155077081,-0.009610009244773971,-0.009532651628812196,-0.00821227909513283,-0.008728675141247859,-0.009610009247708683,-0.007939309394767072,-0.008801851882176307,-0.00881670594034467,-0.009107084935416378,-0.008532288922284543,-0.009111586189323867,-0.007748728387534257
2021-06-16,-0.003238638556061398,-0.003933956877938908,0.0012217577417302592,-0.005424620112875496,-0.004882784414527793,-0.002653270920257317,0.001221739849490601,-0.0029160875753424364,-0.0042120462321425635,-0.004212049160877567,-0.0032386385560544354,-0.00791170462261629,-0.0057197621471605994,-0.0032309980479074698,-0.003238638553560647,-0.004280908868544964,-0.003182995382626395,-0.004060711485294578,-0.003524154404235605,-0.004127348549177642,-0.004375100371554821,-0.0049459378363982875
2021-06-17,0.018165543139950502,0.0029009634050713553,0.04646057130951859,0.009544684811513302,0.009050151651635713,0.02023118160096842,0.04646056834031471,0.015617385616646353,0.011439133039142416,0.011439134582795368,0.018165543139563454,0.018103229723516884,0.007101397576029154,0.014217554759967155,0.018165543169264917,0.01127249046255284,0.015117953268761114,0.01360784739579322,0.014876242792161706,0.011514477241182127,0.001259613401580395,0.004452568332097692
2021-06-18,-0.002871871551138853,-0.013375694278336478,-0.000991993458805096,-0.010129549711165945,-0.010004491108851104,-0.0012563978619237943,-0.00099199261356276,-0.0032574476755947604,-0.008360184457203063,-0.008360280407756902,-0.002871871551067227,6.247290274726761e-05,-0.011053404265763225,-0.005155474441949013,-0.0028718715327390827,-0.008350808588648489,-0.003527566512483789,-0.00643818132999489,-0.005074592313505962,-0.006751152934516185,-0.013362155583259573,-0.013621886078950719
2021-06-21,0.0017507818040639039,0.011615196748583984,-0.011412358066220355,0.003831636995746992,0.012747418653114987,0.0024980037373058227,-0.011412355601114893,0.004683349234114065,0.007748062334192861,0.007748061596426579,0.0017507818041429977,0.007827918966208233,0.01385082384945284,0.006193367648447573,0.001750781797193867,0.008546518273349232,0.0054092254417164665,0.007249100228589314,0.003844835841775448,0.006849971828425984,0.013055523187718208,0.015119165912211657
2021-06-22,0.010498880019245753,0.0067067946194575645,0.024630099350411983,0.006746130561212812,0.006392504839633172,0.010062951934241025,0.0246300634658146,0.010266055854795925,0.007562524328948717,0.007562523959532429,0.010498880019224553,0.007821859172958337,0.005318487733399879,0.00943747271866296,0.010498880029602507,0.00792604196375098,0.010148462757274268,0.008445692429439464,0.009409428359184657,0.008482327739532483,0.006716613433403035,0.004590623179474521
2021-06-23,-0.0007584952990199372,-0.0044713168280610446,0.008987026700647039,-0.0034137527453493486,-0.002724356768629292,-0.0009585157748901762,0.008987022926749666,-0.0013375231938674897,-0.002550038647683825,-0.002550038336456618,-0.0007584952990156619,0.0008928955770676815,-0.003253797765177123,-0.00154252309044913,-0.0007584952889090634,-0.001967558284939283,-0.0011045158173448519,-0.0017414260338246101,-0.001776706376189078,-0.0025151259543363044,-0.003968917567465918,-0.004410874315474004
2021-06-24,0.00689699845629914,0.0017007149045412226,0.017511970485743832,0.009951001613350718,0.004102105586098174,0.0034502731861504026,0.01751196800708515,0.004442383783105951,0.005067597841249902,0.005067598099979069,0.006896998456550792,0.009134387193025433,0.0043691514849980035,0.0045287416170451435,0.006896998456905388,0.00526809644508745,0.004671862865521799,0.0054995520211986604,0.006053518011604834,0.004937617397227832,0.003122922350823852,0.002966995457014957
2021-06-25,-0.0029336013878357124,0.0023293680065873132,-0.009127158016716295,0.0022041388345260915,-0.0008970550193763121,-0.004786105507617535,-0.009127159488971349,-0.0034582193358712243,-0.0009522217426942267,-0.0009522219654778063,-0.0029336013875835643,-0.005106362275497506,-0.000642940233473509,-0.0025205162496725773,-0.0029336013994389685,-0.0016863791151072358,-0.0033021704015276584,-0.0019153282036060172,-0.0020763939827411573,-0.0015995381888108955,0.006112707819545081,0.0007980544604307831
2021-06-28,0.015205082177148388,0.004631246176398799,0.04891269768018798,0.010720993052946354,0.00486521482093665,0.014270037048451171,0.048912689593495984,0.015079441703869094,0.008912094541596687,0.008912092572512362,0.015205082177256841,0.005982507136440673,0.002576177379394618,0.012061806890325516,0.015205082188311368,0.009048182286900085,0.013809031773654298,0.01003514849904253,0.013385461909183088,0.01284429674505632,0.0018148393639483532,0.0016280759221028213
2021-06-29,0.0035536335436013268,-0.00042772845648626767,0.0020867750758540426,0.00135034728418066,-8.623801030023341e-05,0.005454370078913197,0.0020867749580660024,0.001627395678458718,0.0014894709701453045,0.0014894709040526892,0.0035536335436587682,-0.002483857115274543,-0.0007022667268254939,0.002134018217643681,0.0035536335465033674,1.5693158225337346e-05,0.0016078708912287921,0.0017336977666505531,0.0026787304046141146,0.0013824945556855123,-0.0007752223446194523,-0.0005821731029167929
2021-06-30,0.0006168035061543072,-0.0017215785519589422,-0.0012113645139699288,0.0019253017513135885,-0.00013308556325276216,0.0025223197445771823,-0.0012113645288535182,-0.002937364978456669,0.00036629248577655315,0.00036629258889116743,0.000616803506530551,-0.002615444169978538,-0.0003115274925707602,-0.0008824847745553387,0.0006168035093945734,-0.0017645846866895824,-0.002562649320081506,0.00024185897145077525,-2.8344723280105538e-05,-0.0015436849349815848,-0.0016887339133173933,0.0001331193420466196
2021-07-01,0.0015200986374684052,0.005170751005827998,0.01041910302773832,0.002884598470554928,0.0036156503675061303,0.0010519457499616395,0.010419102622278943,0.0015163203857014107,0.0030545301549550867,0.0030545306545601927,0.0015200986373003844,-0.0018797151080491752,0.003646231807704678,0.0023403166571768254,0.0015200986372656531,0.0026154926079389263,0.0019552300866023833,0.002567874502487267,0.0019994365672324544,0.002344981275426569,0.007165289223642363,0.004310242239595098
2021-07-02,0.014113912812054933,0.013393112083457632,0.013514100013434258,0.010021018751282609,0.015158941450192889,0.015274950383550237,0.013514100015584255,0.015224200063700044,0.014800840679144537,0.014800840064217358,0.014113912811845316,0.016060137381858557,0.01578654669530447,0.014692836672965406,0.014113912813626185,0.015354725988015936,0.014713916951635438,0.014636427131123907,0.014059760902609644,0.014156035660492668,0.010482121992451444,0.015107988014409652
2021-07-06,0.0075429152401912634,0.0014607822843577662,0.010270558248072981,-0.0015864009985528036,0.003329645170226722,0.008814601968678799,0.010270558220240871,0.008339124945841627,0.004141305035569779,0.004141305076818358,0.0075429152401918186,0.007712384943106082,0.002780622197979904,0.0063629647093184395,0.0075429152491895465,0.00516886884241465,0.00784920886610117,0.005436280205209004,0.005979783990410892,0.004493072999105154,-0.0010627799854811772,0.0008352479162656171
2021-07-07,-0.0007863640949248274,0.0026355379695108343,-0.015912300915972778,-0.005929164921425837,0.005446143318014667,0.00034259384343222335,-0.015912300270506278,0.0038124809447673312,0.0009366525863307887,0.0009366469485038399,-0.0007863640949535549,0.006932929937969885,0.00607693932329889,0.00304474278365504,-0.0007863640901421714,0.004398430820068913,0.004090856984314027,0.0023298896115449075,0.00028827024397173537,0.002834215978063836,0.0010035551674752222,0.00593657487091429
2021-07-08,-0.0074839252492083265,-0.004405171310226344,-0.023291001593685808,-0.006795374668348615,-0.008006361023725216,-0.006981944988317491,-0.023291001203371298,-0.007094869355531139,-0.0070385743361761595,-0.007038574402453484,-0.007483925249038269,-0.008541277339656587,-0.007403758022297913,-0.007142951948589965,-0.007483925260378921,-0.008608673304731532,-0.0073074587336217234,-0.0077451431364667705,-0.006777579969420399,-0.006653229320972511,-0.004880437085562029,-0.006309575924094436
2021-07-09,0.006423115546740382,0.006258712297531304,0.007383717551508764,0.008722936353753655,0.008469101105879399,0.005651654092602482,0.007383717611947132,0.005565796406451804,0.006412920346167211,0.006412921975678951,0.006423115546660699,0.010561240375213712,0.008026327717964615,0.006624486182206166,0.006423115550386654,0.007941571492796017,0.006452978253192155,0.0074461083263098905,0.0064248119716245255,0.006613693982346575,0.007631049354022073,0.00804612124085229
2021-07-12,0.002163238323839257,-0.0010939296705844,0.022792710340228076,-0.00022674566181465905,0.003705800272284808,0.0010350432692156812,0.02279270988799593,0.0022820317186924444,0.0016200041732042402,0.00162000426788925,0.0021632383238392654,0.007825065900802444,0.0019554267663745434,0.0019137853745250634,0.0021632383353260964,0.004393726519086631,0.002546551743495888,0.002934519298062028,0.0013317574467076104,0.001072370110550596,-0.002906449069213811,2.6144893261084105e-05
2021-07-13,0.0009008490021055757,0.0017877491556190072,-0.012879523597293297,0.0015765836968562397,0.0007155444061205261,0.00020929557956459713,-0.012879523358544408,0.0009414250014093514,0.0014560278203220992,0.0014560142091869024,0.0009008490021719434,-0.0016774261296732867,0.0013075233937967564,0.0010054600308341327,0.0009008489918149935,0.0010670590944770392,0.0008215210992120522,0.0008081967041130517,0.001463917571413268,0.00094396780535932,0.0012277175590732713,0.001505796733245823
2021-07-14,0.001947247684106684,0.008611348518268551,-0.020379115418898114,0.0030910843460495207,0.008092962332323874,0.0016183980135448446,-0.020379114956231657,0.002573858393126972,0.005430851922495572,0.005430859594054928,0.0019472476843876694,0.0036195279430292623,0.00892380317400515,0.00444845691927235,0.0019472476750884054,0.005784449338300543,0.003670960684115719,0.005020105008215271,0.0034326594373450823,0.0039284713636380374,0.01079996241226502,0.010822312567622255
2021-07-15,-0.014265480497606708,-0.009661292973291439,-0.0451148132439881,-0.013048417893946132,-0.011111351914020195,-0.0149377551004739,-0.04511481248697046,-0.013756839326141617,-0.012117557446154193,-0.012117557296755559,-0.014265480498070018,-0.011763549757717701,-0.010343942150548664,-0.012785962411391282,-0.014265480512118624,-0.011621644166441458,-0.013239479814626517,-0.012688416205813454,-0.012945044195391242,-0.012074811514872493,-0.009549607248980624,-0.009358993453561632
2021-07-16,-0.010628694718523058,-0.004314438979271846,-0.04338446329981832,-0.007682060547129374,-0.004337443996523955,-0.010209393701874764,-0.043384462568842666,-0.009884847811385235,-0.006235254458148647,-0.006235254587164063,-0.010628694718793727,-0.004971316240900322,-0.0024814342460166743,-0.008294360992887205,-0.010628694727485915,-0.007205303309824405,-0.009448759454542644,-0.007483069357523516,-0.009074883309053169,-0.00921783248851114,-0.005818022823526986,-0.00179049034512888
2021-07-19,-0.004076432848004885,-0.011041326381289303,0.03350279551161205,-0.004571370203593266,-0.01476290857099195,-0.005571636489170219,0.03350279437729313,-0.005715909394205577,-0.00863575661999757,-0.008635756598082214,-0.004076432847933245,-0.011690101882684493,-0.01573181696850217,-0.008053535385643962,-0.00407643284074331,-0.012491547909577731,-0.007283587586665892,-0.009419670709498399,-0.0059889439245111205,-0.006849439812680347,-0.009298045494434637,-0.015091555964784719
2021-07-20,0.0084728037151725,0.009182875978334178,-0.008972518805244755,0.007941089326635349,0.012266469855179393,0.009530505807083086,-0.008972518340792709,0.00931132095574045,0.009611761487047881,0.00961176149259996,0.00847280371535928,0.01074078493091649,0.011712623181095422,0.009859444462429725,0.008472803713627484,0.011469702810263147,0.009807084449824909,0.010369636785175934,0.009012751447802048,0.009077309692817915,0.007727026837724778,0.011921354911006099
2021-07-21,0.008387803645774447,0.004480992572030764,0.04198153982740598,0.0052889464245731,0.008612138977813953,0.011448616367026007,0.04198153898341212,0.009949761485677213,0.0082851170860888,0.008285117064523142,0.008387803645746462,0.01363447787554829,0.0075094501465372155,0.008255093045601368,0.008387803660208519,0.007164641738993989,0.00832223709942731,0.008499971311794202,0.00753775667747933,0.006587102182538268,-0.000693009471433601,0.007235549095113037
2021-07-22,0.010901747755952429,0.009865823056431407,0.009435320869068894,0.008884547538587483,0.008923856440945219,0.013428990473588854,0.009435320931059706,0.011607344816082612,0.010334179219328502,0.010334179225659296,0.01090174775585006,0.006992498419041238,0.009387902901454283,0.011131690689177479,0.010901747760080889,0.00840060902027962,0.011061603796270062,0.009912802098448827,0.01056595139186941,0.010368871326326346,0.00931192744874326,0.009905688309442402
2021-07-23,0.004779122135477029,0.010635569611857036,-0.001839255497911164,-0.0019023976808784774,0.021808568436023655,0.010460721491353334,-0.0018392550813281533,0.005009266144804493,0.012647945000508429,0.012647944893282144,0.004779122135234874,0.02927872810125833,0.023060377011337986,0.009671861114799007,0.004779122157258533,0.012115878518347773,0.007197446830397847,0.013293845285750335,0.0046670119805850285,0.004731991212570281,0.01287422094919188,0.021469779636390702
2021-07-26,0.0014512640214774633,0.0064139455431541075,-0.013590128800147335,0.0057764336470184875,0.004130863331743036,-0.0008691687373488177,-0.013590128221197225,0.0012772443793843545,0.003323828532579393,0.0033238284990754286,0.0014512640216784382,0.003990375089676631,0.005155592559725749,0.0019160954238391665,0.001451264005887607,0.0046727205284792074,0.0017377724183657453,0.002791063676610249,0.002764282533257995,0.0037968065443009743,0.004689243481089799,0.005133383847855285
2021-07-27,-0.011188929429931632,-0.00916833614534099,-0.004467491568724156,-0.009178524967687507,-0.01264134094863451,-0.011526301705226193,-0.004467493118359017,-0.012924185019531437,-0.010889072843179356,-0.010889072760999603,-0.011188929430017883,-0.017477170746822954,-0.011520757845549422,-0.011744341885748804,-0.011188929432270771,-0.013036918114596455,-0.012448873074064695,-0.011915135189283076,-0.011019015997746306,-0.010691744960684892,-0.005663506308730733,-0.011029682004352179
2021-07-28,0.008983401425981924,0.0019096226309559356,0.015241852473996927,0.008534144475287164,0.01031017611383543,0.010099481030075946,0.01524185187278064,0.00535810542621944,0.0103610313598359,0.010361031249399586,0.008983401425981915,0.023443694471697103,0.009939193886930668,0.006715256900635792,0.008983401439735778,0.007934789190435212,0.0054883676074140506,0.00964678876990868,0.00684968034367789,0.005322098866038629,-0.0006097854438187099,0.008325639646550868
2021-07-29,-0.00019549038746191367,0.0014223082612852067,0.008119462074717459,0.007133419136085209,-0.005724319249436467,-0.000491358031328582,0.008119461263829009,-0.0023911400331160975,0.00030131454970910593,0.0003013146294834064,-0.00019549038746190933,-0.009450445837496052,-0.0023410199573259834,-0.0019833438459991443,-0.00019549040068232628,-0.004999542696866848,-0.0033283251391279015,-0.0029599048184491892,0.0002616015943218684,0.001367111023020835,0.0005398882949971942,-0.001742363553015241
2021-07-30,-0.0076446010340518135,-0.0072797697989168495,-0.00832472949843364,0.004165137328190942,-0.003881048290034156,-0.009984350837752296,-0.008324729403607744,-0.010351604332209816,-0.005245530762913009,-0.005245530739598128,-0.007644601034043485,-0.010369769256744822,-0.002310840632207132,-0.007701348407955487,-0.007644601035302572,-0.005995685162463864,-0.009204341755170504,-0.005762824662043002,-0.007026432536331764,-0.00800753931800829,-0.005040728761668526,-0.0046218289156744405
2021-08-02,0.0004414781464233829,0.0003181798112630623,0.012790440264245589,0.0013210412709201464,0.0004752568407879471,0.0017491651896625643,0.012790439708830141,6.155699842236078e-05,0.0007394691217712106,0.0007394691219391737,0.0004414781464233742,0.0009468047555715337,0.0005697352859448283,0.0003916376076787257,0.00044147815390066254,-1.3706228507242256e-05,7.379323759185846e-05,0.0004583674936056649,0.00018790549520534498,0.00024825292833502714,-2.696742216501058e-06,0.000248158636804327
2021-08-03,0.00857534017709528,0.00897833312930017,0.003285476595782508,0.009951229916127187,0.010252803817581885,0.011598880528578487,0.0032854770668320817,0.01042854130464951,0.009117378626891997,0.009117378633976037,0.008575340177095282,0.005966127641953723,0.010074266065621545,0.009563616248852175,0.00857534018736934,0.00924988555775345,0.009485940794358954,0.009414071997338583,0.008708707393713728,0.009085457769511553,0.00822764077502186,0.011002534282584152
2021-08-04,0.007594961977341356,-0.004391491251191185,0.022899938936138436,0.006946276258045977,-0.0017317277845213654,0.00851581835781387,0.022899938998080904,0.006762165917367416,0.001884325922600238,0.0018843259367051133,0.00759496197734135,0.00011797342042126969,-0.0048846438350266756,0.004392621007578746,0.0075949620058707356,0.0018981059632624958,0.005801628308731992,0.002931617096409998,0.0048380072590044594,0.0029015472310480565,-0.0035191655924383153,-0.004472294622965842
2021-08-05,0.0053844930180841025,0.00607918852635252,0.017746505435004476,0.0009022751634543635,0.002187177818603339,0.001743223902341805,0.017746488493691585,0.0031365132038339723,0.00522219150622401,0.005222191437505009,0.005384493018084104,-0.00013952627107790953,0.003747946318155812,0.003903201653025451,0.005384492994258521,0.0026778787377705897,0.0033965158407817746,0.003785835418343723,0.00555933123126817,0.005436591854602354,0.006122309447927116,0.0029246462808814396
2021-08-06,-0.005598153750829643,-0.003695492397014324,-0.013218924997850484,-0.005208913515160592,-0.004828144578649434,-0.005891430880924581,-0.013218924835305967,-0.005445857629018495,-0.004741177563437719,-0.004741177570036882,-0.005598153750829642,-0.004463412070750636,-0.0036742245416955767,-0.005122089489322582,-0.00559815376114106,-0.004590253139690501,-0.005296278613561092,-0.005213149164739538,-0.004917709608782385,-0.0038199361053528093,-0.0044669080255504735,-0.003874811607983614
2021-08-09,-0.003137904633965663,0.00020371006479759368,-0.0034922579209159302,-0.003874676932707998,0.0019058140617836056,-0.004161460790542624,-0.003492258016274321,-0.0032481772922544516,-0.000521779445878153,-0.0005217794634974581,-0.0031379046340677336,0.00574876707489264,0.0019030548444271204,-0.0021051357996537427,-0.003137904640221174,0.00018016047271238167,-0.0025936003046613905,-0.0006160452860910291,-0.002444291941127802,-0.0016355535121253075,-0.00023425155070917682,0.0008900370557928953
2021-08-10,-0.00853337748805968,-0.001330407022995732,-0.017847180882075753,-0.005474503880750638,-0.0017789654286171264,-0.00847390093186219,-0.01784718060239764,-0.00803241141970489,-0.0048184470026660705,-0.0048184470051900186,-0.008533377488351602,-0.002627892845628868,-0.0008750953109509661,-0.006492338496183088,-0.008533377494368204,-0.004324272202780132,-0.007462870198682631,-0.0051561714583384126,-0.007050967296650109,-0.006158449738188208,-0.0010657946138935906,-0.0003931849122371547
2021-08-11,0.0001258989404566506,0.00038018662186942935,-0.011959464013558877,0.0022275351084998373,-0.0003736541636366608,0.002214123927269451,-0.011959463532374225,0.0009445752668135125,7.986064877286807e-05,7.98606677987685e-05,0.0001258989404898325,-0.003900530260406757,0.0004783735539678354,0.0005312840030151768,0.00012589893985881468,-7.28034799471883e-05,0.0005242872396107067,-0.00012387761159000465,0.00046749243959273007,0.000733664781675148,0.0003297400159666511,0.0012569861036084667
2021-08-12,0.005543765951961802,0.00605867886684907,0.010403149350282175,0.0016232887198610998,0.007935856805674883,0.007113902020599894,0.010403149049590677,0.006077561545564281,0.006500793029983873,0.006500793038996869,0.005543765951964481,0.006312098400780229,0.008733926408207998,0.006922266927725023,0.005543765958813441,0.006284218048557129,0.006527885480796223,0.006739811378818336,0.005642065460004198,0.005522548535837692,0.006908350448470362,0.008041337451656708
2021-08-13,0.007782625503216125,0.0029659895101208813,0.0141172783929753,0.008431241069895222,0.004325419072266396,0.00942382364034752,0.01411727834995614,0.007470386951649468,0.005775096337217453,0.005775096335865863,0.007782625503216127,0.004484336768828499,0.0032668565462605644,0.006888528013086692,0.007782625518660451,0.006018778106858554,0.007130099833205101,0.006054022287741264,0.006585564305488452,0.0055712593006846745,0.0036342522800621602,0.0037682421579431553
2021-08-16,-0.001047121509891439,-0.00016374769542066387,-0.011859217306058692,-0.004521512257463238,0.0006827667686839251,-0.0013418242612036092,-0.011859217164825018,-0.001196422099005318,-0.0003078069886531926,-0.0003078070294799817,-0.0010471215098914364,0.0034491876949448884,0.0017432014148500527,-0.00034586759478405797,-0.0010471215189294867,0.0012212031544277784,-0.00048181347494941865,-0.00018217737060377299,-0.000658310611265841,-0.00016280603513962183,-0.0008006229647999419,0.000779962584722714
2021-08-17,-0.01005621567706124,-0.007498661701456218,-0.024970546799017664,-0.006674321465802506,-0.010218203430665922,-0.010164060655173564,-0.024970546272320527,-0.010301857940064458,-0.009548339996145495,-0.009548339957187742,-0.01005621567728103,-0.01360735256943425,-0.009192935282386072,-0.009495863154724516,-0.010056215682084035,-0.009345151919593795,-0.00993101722475855,-0.010137209553863581,-0.009495389955577586,-0.008939885369067035,-0.005296719982776854,-0.007801954217278598
2021-08-18,-0.011506070420571406,-0.010370191176737245,-0.021716529489802943,-0.0100612222645869,-0.013958501428412175,-0.017320152313652373,-0.0217165293162034,-0.012451648123250855,-0.011718400341072206,-0.011718400347846021,-0.011506070420571408,-0.009505481087410509,-0.013172067213807974,-0.012425230846423295,-0.011506070436759941,-0.01173973623555661,-0.012338493684033829,-0.012732285924491792,-0.011214742612389089,-0.011904717687348887,-0.009398338264443907,-0.013391093579618187
2021-08-19,0.01470245626495325,0.023954220148275474,0.03903894573792003,0.020718640677154523,0.01720489693229854,0.015030232790385315,0.039038944418359624,0.012885159718813908,0.017556965037637783,0.01755696484176634,0.014702456264855366,0.002347101955435848,0.020151583824610693,0.0158009112433927,0.014702456264905784,0.012876429337639283,0.013499464020537616,0.015953676598625875,0.01609867048403127,0.017314945232251917,0.03127146015072927,0.022952792681542343
2021-08-20,0.013427225142867538,0.012499052421402042,0.05014107576634016,0.008295621960171414,0.01619514226369788,0.017896762950960758,0.05014107447938624,0.013487465383053131,0.014007298857769926,0.014007298823735671,0.013427225142867545,0.012262764163695214,0.016228332320130174,0.014689125860981051,0.013427225163479793,0.012997774706001396,0.013634807613969652,0.01481118370328271,0.01266199913647939,0.01198924868797194,0.013782967429703214,0.015090248736996803
2021-08-23,0.019083803264072875,0.011479183820219622,0.05340945498739978,0.01668041782626982,0.01553595783769516,0.0193729446752646,0.05340945393392861,0.018601291976078717,0.01593965499544566,0.01593965517138616,0.019083803264072885,0.018257685872576205,0.011146069387162855,0.016573692836723462,0.019083803278691913,0.015634751119838204,0.017795138704340123,0.01730988055088402,0.017044139197392123,0.015979007981715466,0.009434931294577245,0.010771728273586856
2021-08-24,0.002185239612674699,0.009094367160265822,-0.007542591588585053,0.005522524055849778,0.007901289378962398,0.00040414591993162986,-0.007542591437101223,0.001264332184893586,0.005791503703759067,0.005791503680075866,0.0021852396125324083,0.008204817987947918,0.00896288706775199,0.0032110800790433928,0.002185239601022141,0.004820519707508471,0.002448541971390221,0.005043264495818545,0.0037473240591016,0.004775822099856646,0.009626902788854173,0.009654233321124408
2021-08-25,0.0004742772661075012,0.0004320610337643408,0.01908883519945494,8.598782298427756e-05,0.004152443654321019,0.0019381917048936085,0.019088834799689904,0.0015025975939204675,0.001391543620401726,0.0013915436863356546,0.00047427726610750837,0.0041039766865305265,0.002791609720773258,0.0011366134648895965,0.0004742772762025829,0.0018466774586302051,0.0008924832733294072,0.002313360460214252,0.00021320202875191535,0.00018395959168473943,-0.00044602842435141946,0.001893889547852904
2021-08-26,-0.0030539263825128567,-0.0023651755549143074,-0.006549097651508725,-0.0018275788376972463,-0.004106639899912479,-0.0064587736755990395,-0.006549097641712329,-0.003770403079537449,-0.003193526440731897,-0.003193526450723017,-0.0030539263826580483,-0.005893975618767777,-0.003723118374762369,-0.003852097244628176,-0.003053926388249066,-0.004099806281241274,-0.0036945386823946783,-0.0035802831412126684,-0.0030846509733583054,-0.003356588928724402,-0.0013045337023118984,-0.003680185622894564
2021-08-27,0.012436517793732994,0.00501142709295423,0.025413044167465954,0.010130449136602018,0.010564800068778097,0.01276515551832997,0.025413043989249293,0.012053125256655351,0.00988926075093944,0.009889260947841944,0.012436517793727883,0.017840677263078596,0.007909897889147642,0.010792155780717294,0.012436517805732968,0.011731727210893045,0.011695105549440712,0.011500658931255545,0.010525786321122856,0.01012919186614568,0.0044131984996088214,0.005521752438113362
2021-08-30,0.010547674354072344,0.004792023254494948,0.0022946634849098616,0.0034882089004382045,0.0032736966781804124,0.011677829158411798,0.0022946636476095317,0.008447710098118427,0.007457050083164405,0.007457050105712544,0.01054767435407232,0.008361066459077247,0.003150506777655306,0.00878038309800885,0.010547674352289732,0.005783928263597844,0.009719762367147382,0.006910685516126381,0.009469189450136105,0.009129715062834217,0.00408372192586669,0.003985269795658446
2021-08-31,-0.001146013181229023,0.0002874701899478893,-0.013268832366964058,6.163373731950879e-06,-0.0019524639348482242,-0.004320826773955685,-0.01326883217780942,-0.0029149916500414976,-0.0009794632650263484,-0.0009794632476126926,-0.0011460131813283913,0.0007286543196801666,-0.0010809139297664034,-0.0020286730977702207,-0.0011460131914683585,-0.0012139948247808494,-0.001817649050353239,-0.0015492385580386232,-0.0008312581842392429,-0.0005562674597680696,-0.00013568879999465675,-0.0014912255901534176
2021-09-01,0.002473778914163971,0.0022526508316117596,0.002498570161175821,0.0021395733798858702,0.0017640089122114436,0.0012171538125182511,0.0024985701037497855,0.0011501018822580732,0.0021995399237465874,0.0021995399329491783,0.0024737789141639852,0.0021901345810894576,0.0015479834500751848,0.0018377627188992868,0.0024737789110289097,0.0018029111617642547,0.0017116385229207522,0.0021188939131877144,0.002190679954955987,0.00222264438827277,0.004834132535870979,0.0013490489681741184
2021-09-02,-0.0019433805925490816,0.0014903714102540684,-0.002007402471804188,0.0007657938403426152,-0.003485209805419087,-0.003052328719033943,-0.002007402550061204,-0.0026453956792486005,-0.0018052773848193904,-0.0018052774215719732,-0.0019433805925490666,-0.01213574528372134,-0.0026956089778758154,-0.0020069846064819973,-0.001943380598079872,-0.0038275912956748305,-0.0024003678555519423,-0.0027142951989840847,-0.0010964786612955506,-0.00026680206907555605,0.004330665605083277,0.0009475767214874031
2021-09-03,0.005156132222857936,0.00030335187370486637,0.019762354307130147,0.0019709987739958625,0.0027895712637419343,0.006479577774039311,0.019762353961273415,0.004851324111842287,0.003484707550501438,0.003484707398164177,0.0051561322229452325,0.004422995975151834,0.0017224897955444671,0.004135361023657765,0.00515613223169235,0.0027928589774111443,0.0045755417091042465,0.003972851743299941,0.0038587462714182227,0.00316562887856609,0.0002548572012010728,0.0010014377629664224
2021-09-07,0.0024775847288677575,-0.001541866566234057,-0.007954953871540927,0.0003310907312282121,-0.001954888355729099,-0.000983836587814871,-0.007954953667786615,-2.914046072315633e-05,0.0006214480406114705,0.0006214480078195162,0.0024775847288677475,0.005168964730217931,-0.0016512549925283007,0.0006763273460553096,0.0024775847211768133,0.0008019588619913124,0.0012862148988719395,0.00026134818656933063,0.001653213480675445,0.00164249765130265,-0.00034468122267676624,-0.0015733442450544173
2021-09-08,-0.0076962989413637065,-0.002928450312556184,-0.014355743348790032,-0.007854029907391395,-0.00587822518700105,-0.01051122716704223,-0.014355743317780608,-0.008168393295996989,-0.006131708991694622,-0.006131708819373511,-0.0076962989413637065,-0.007300268659554576,-0.004821040224312332,-0.00727447854351655,-0.007696298955181839,-0.006181418318596055,-0.007476159917616614,-0.006787262064182379,-0.0064930822051243045,-0.005635755192633186,-0.003453355158069024,-0.0051052496897515
2021-09-09,-0.004947298118065373,-0.0038909842514343903,-0.007278394928411136,-0.0036548201033474448,-0.0018354694033190563,-0.002929001594517751,-0.00727839483457752,-0.004498514769981798,-0.0034474267851728724,-0.003447426731239771,-0.0049472981180653745,-0.00012160711179667807,-0.0014289541689363602,-0.004121179667395511,-0.004947298115193246,-0.0033684139400043302,-0.004620841411754913,-0.0033913837606922193,-0.004696033054178071,-0.0047616221335452635,-0.003662136958885806,-0.001682231718363124
2021-09-10,-0.0071847524056056974,-0.009720104208952422,0.013481568961898373,-0.006300011228996956,-0.014485451599642665,-0.009801098801929477,0.013481568407470433,-0.007838154240442461,-0.010490953702372248,-0.01049095370188212,-0.007184752405605695,-0.017416363749495917,-0.015445715620265848,-0.00983260070412597,-0.007184752409205153,-0.01256822808196436,-0.008855570574623595,-0.010835102002624167,-0.007780771136890503,-0.008223374880849926,-0.010813077095542942,-0.015270077440244317
2021-09-13,-0.003442134389658932,0.003715988070481545,-0.014609390568156173,0.001103436488125896,0.004841137718538033,-0.0026844742758063943,-0.01460939038073707,-0.0023421010105841612,0.000676028510331908,0.0006760285115725571,-0.0034421343897261527,0.007055600555768321,0.006428374273546714,-0.0006510119039055766,-0.0034421343944982764,0.0045059941313229475,-0.0016671088626910606,0.0006995016644395479,-0.0014668607861586557,-0.00021337476645819092,0.0010709757661784866,0.004230090113717713
2021-09-14,-0.0011006480069109931,-0.0031064965571972573,0.004054785855891426,-0.003986704942571846,-0.00027358903193694406,0.002273746404334649,0.00405478583204447,-0.00040656064290761173,-0.001204410010724876,-0.0012044100086303446,-0.0011006480070715242,0.002128989229025985,-0.000504285208037758,-0.0006238174006939032,-0.0011006480011017954,-0.001030488600797313,-0.0007088655059689834,-0.0006871185194239715,-0.0016642629930478938,-0.0022713752229261003,-0.0054654164849749325,-0.001986266003981439
2021-09-15,0.00776952059192632,0.003316961957555143,0.004441005745745246,0.003031588359459619,0.0046600120947249395,0.005023639945276653,0.004441005766655002,0.00805741188560227,0.006064517469849234,0.006064517509132389,0.0077695205920603645,0.011449248138973259,0.005033033257686795,0.006873565849646665,0.007769520589991082,0.007099024460788501,0.007712158254294068,0.006214766343325632,0.007056784803481012,0.006356958924106795,0.00037033166426198136,0.0016890129120808194
2021-09-16,0.0016814958675221048,-0.001910496731801433,-0.004441005754735611,0.0010428462391927264,-0.004448642056138194,-0.001145998517936069,-0.004441005664733118,0.0012232148095983127,-0.0009353980982544034,-0.0009353981802171613,0.001681495867522101,-0.004660910888301873,-0.004813145008797897,-0.00011743410793182355,0.0016814958656351164,-0.002180252974105737,0.0007608390775211664,-0.001383573094308044,0.000907016729419452,-3.959223681557981e-05,-0.0021227036006265638,-0.004075685871155265
2021-09-17,-0.01285946509247106,-0.009978512983741533,-0.015495761310790493,-0.009033484761853016,-0.015341118065175477,-0.017972663561877465,-0.015495761382474502,-0.014644996125026398,-0.013303312402127482,-0.013303312402623963,-0.012859465092677196,-0.02029551140921345,-0.015345837833401278,-0.014113068655715284,-0.01285946509970333,-0.013714613192027303,-0.01401047798253894,-0.014100291578823268,-0.012276747952081316,-0.011850002958265769,-0.007987730605979008,-0.013193257604377118
2021-09-20,-0.02195446926912374,-0.018908442123240193,-0.03659771237990906,-0.019268863312784726,-0.017804295369117137,-0.021823705710562365,-0.036597712052023446,-0.020802458239281285,-0.01957642440916592,-0.019576424408582004,-0.02195446926912375,-0.016059196829544143,-0.016533279219466627,-0.020256791830379022,-0.02195446927020138,-0.0192050590142731,-0.021037910747134805,-0.019879382319120446,-0.021127776722495245,-0.02084381259870332,-0.01831098662785894,-0.017352840547676846
2021-09-21,0.000807662101889491,-0.005574770577949269,0.006279680024425542,-0.0029012589021370173,-0.002176208133371884,0.0024471793523317457,0.0062796799899976705,0.001430413063187173,-0.0014373024922285501,-0.0014373024878760372,0.0008076621020371428,0.0017407495798949927,-0.003084511768293003,3.1729907049173056e-05,0.0008076621068937462,-0.0005738343148935648,0.0008352520767420781,-0.0006842730157411918,-0.0005615301262524601,-0.0015215469168103556,-0.00698607289985137,-0.005579084877661496
2021-09-22,0.010595812043742088,0.009121759309981659,0.032188373737137024,0.011393248810300011,0.009167853294952913,0.009062960645812983,0.032188373217319155,0.008681242422097623,0.009095719021501848,0.00909571902051189,0.010595812044141385,0.00916606420170449,0.007847041156008209,0.009185346203189892,0.010595812045289886,0.010843742065656893,0.009187103553516658,0.009881832669347501,0.009812376411100675,0.009856699483528481,0.009563742285801646,0.007761371484856562
2021-09-23,0.017099977451744353,0.01607631396898607,0.02435797403974836,0.021393382145405784,0.014823927087840149,0.016724027345337015,0.024357973884899995,0.018353359973420823,0.015797873691459324,0.015797873691056178,0.01709997745174434,0.009049158809655145,0.012660739871774112,0.01667855793795032,0.017099977454300898,0.01310142169661963,0.017131642478457717,0.01596195226979225,0.016778947892173435,0.01674634298302375,0.016516989657083214,0.015023999458352331
2021-09-24,0.00018723306821379396,0.002637614265503724,-0.017997621732259522,0.003967285765860587,0.002953119850139614,0.0012990478221993934,-0.017997621356649424,0.00040676117727869525,0.0016699241429625998,0.0016699241415424747,0.0001872330682138023,0.00561305412401455,0.003541371926622911,0.001132587814897553,0.00018723306308429612,0.0034689248258496915,0.0010427760856815563,0.0015701764591766663,0.0009180504157792387,0.0010085512732352178,0.0018791587015751171,0.002122087278590633
2021-09-27,-0.009072927568106421,-0.007305065072423309,-0.019250134174214267,-0.0018547281698226487,-0.00820902264299185,-0.009320852133579183,-0.01925013392605152,-0.00938966815061077,-0.008866086240897676,-0.008866086240985789,-0.009072927567844394,-0.009295137022113908,-0.008532044338172215,-0.009274056033447612,-0.009072927570632442,-0.006448440379852859,-0.009038455934997858,-0.008640975105549141,-0.008691521308924092,-0.008706776498703255,-0.007521426449739118,-0.008484248137537934
2021-09-28,-0.03205463412104074,-0.02129293001693619,-0.045381931216549605,-0.024406782747328992,-0.03025773606085483,-0.03584502978942828,-0.04538193118449063,-0.03253597768408805,-0.029359261058541565,-0.02935926105265865,-0.032054634120628055,-0.03840312431822679,-0.028015746523461817,-0.03120002203159732,-0.03205463413601504,-0.031007314587591386,-0.031995710877610065,-0.031156185090947804,-0.02932500159628837,-0.026087674201232855,-0.018982021599605964,-0.023481515610111532
2021-09-29,-0.00273567932468997,-0.0015932050651103072,-0.0088315535656004,-0.00226414360627923,-0.006392022712857356,-0.005939394530903413,-0.008831553521021395,-0.0025302279634181538,-0.0037477143281417482,-0.003747714371302971,-0.002735679324689965,-0.011107359274519443,-0.004755924769587115,-0.0031370225765854675,-0.0027356793282274704,-0.004638528519433631,-0.0029590511838032294,-0.004563851018773644,-0.002529434358956642,-0.0018109449806874545,0.001897649689449223,-0.0027627656137624522
2021-09-30,0.0006334124943902812,-0.009490273460018938,0.009652551393511084,-0.00047234173266626905,-0.008109854127201107,-0.002573004305116652,0.009652551257994576,0.00014266532324291208,-0.004426355375072388,-0.0044263553775370345,0.0006334124942836028,-0.0037394749289175475,-0.009647818903638491,-0.00242489255478448,0.0006334124988296682,-0.004231614313377186,-0.0010420308839929635,-0.0037382208164054133,-0.0017959123308030484,-0.0033239835284284425,-0.0102604091664264,-0.010518746628243559
2021-10-01,0.009492832219097639,0.0131046054697237,0.0012542384463263008,0.010677578896418141,0.015634542957331694,0.013200952746152066,0.0012542385877416249,0.010907896174029657,0.01252635606408424,0.012526356210093879,0.009492832219097632,0.020638127388732285,0.01643781492008662,0.01214405880197677,0.009492832219935368,0.014737763834921723,0.011338336000555248,0.012563687588214661,0.010450520584736223,0.010616014640459791,0.012771675547188992,0.015647864952389037
2021-10-04,-0.023894669079701072,-0.01470513985300927,-0.049918907966494834,-0.0145529571898562,-0.019095042794625733,-0.025228899069375935,-0.04991890758134582,-0.023067862300169384,-0.020629025830679132,-0.02062902573203535,-0.023894669079743365,-0.023478968646607687,-0.017034680314719143,-0.02113039067544685,-0.02389466908362855,-0.019796125274864185,-0.02190060304337551,-0.02149485593716341,-0.021533824848568806,-0.020303646495411668,-0.012538153775261114,-0.01552119647108354
2021-10-05,0.018128119635094378,0.0138224677712596,0.0357900772208988,0.01574922468666331,0.014981947993629384,0.01865996225697046,0.03579007684135766,0.018521028130042333,0.016014977631594717,0.01601497757765346,0.01812811963509439,0.01785725094577821,0.014480752832591062,0.016645400130503203,0.018128119636869083,0.01591315580795898,0.016602741464424343,0.016555033814361887,0.016748641975732143,0.01578887342314617,0.015037346802502202,0.014705679374514807
2021-10-06,0.008552246143653276,-0.0015099799838113204,0.012101977702423305,0.001484296704664578,0.0017351738311356694,0.006440877301214367,0.012101977680749516,0.0071697321719951974,0.004512776496322484,0.00451277640792189,0.00855224614365328,0.010887076514310427,4.573444517693825e-05,0.005984045583981982,0.008552246145002208,0.0061269193198513535,0.006883049817198343,0.0051437099873945106,0.006332479910848153,0.0045296787805316,-0.005732679726759934,-0.0016940032788481862
2021-10-07,0.008888658780689004,0.012308607964172665,0.017953633404991082,0.0088855061823677,0.013470305012739983,0.012229690645997209,0.017953633251937745,0.008132142325780906,0.01169549712282589,0.01169549725903652,0.00888865878068901,0.0100064893421036,0.013919817605787428,0.009326022821998757,0.008888658781305054,0.01023988224784733,0.008251741670564345,0.011179481896714487,0.009448750975066813,0.010036805091362812,0.012693649008640482,0.013585493384206077
2021-10-08,-0.004731036399477188,-0.00026151648797296894,-0.01164512274199137,-0.003436460667269265,0.0015611353749227434,-0.0020146601986615843,-0.011645122293354501,-0.003484955672832069,-0.001758860507926619,-0.0017588604679440551,-0.00473103639947719,0.003785113970356772,0.002470552772872097,-0.002654904901327736,-0.0047310363993925564,0.0003597703224565036,-0.003090593731124557,-0.0015849505122772318,-0.0037497452873992607,-0.0031619474679750684,0.0006582355850078197,0.0019364258559169303
2021-10-11,-0.006004928541783707,-0.004873569679669435,-0.006550080974151097,-0.004607991176324848,-0.005073566327800268,-0.004789182116261646,-0.00655007949977298,-0.004666294685128034,-0.005481731051793142,-0.005481731021262148,-0.006004928541783706,-0.006480777468645704,-0.005085032086594646,-0.004995386646889995,-0.006004928541210274,-0.005571348098875328,-0.005045307477458489,-0.005539247434792001,-0.0056130221196690365,-0.005366428392175997,-0.00380177396284697,-0.004722363416597711
2021-10-12,-0.0027525327033909677,-0.010722323263033382,-0.017904140179786626,-0.006659538594727733,-0.01430489022226566,-0.008866944435767287,-0.017904136636372976,-0.0038925233122321518,-0.007786331873093154,-0.0077863317423886485,-0.00275253270339097,-0.016667994723360315,-0.015459101635153457,-0.006623028144674513,-0.002752532704275581,-0.012699920460748977,-0.005585385602666437,-0.008528711462828303,-0.004593284549956446,-0.005880031946893273,-0.010414142200004502,-0.01384672462396195
2021-10-13,0.011081897872236244,0.007507455148157417,0.008269355691610327,0.01058107245977415,0.008042438207996817,0.010139037965165142,0.00826936419977918,0.009590879631227907,0.00959139462753781,0.00959139460601165,0.011081897872236244,0.008219553726582006,0.007579060069007606,0.009390397799512253,0.011081897872336394,0.008454777525327622,0.009162028411574312,0.009562168040116548,0.01013988701061873,0.00921223409486394,0.007193516146362336,0.0074927872917280635
2021-10-14,0.023061738079825034,0.018962857940031726,0.037816319383878735,0.02129228078133124,0.02307029660838244,0.027843756464742485,0.03781630193213879,0.02184359946136008,0.02281506165946897,0.022815061639518505,0.02306173807982505,0.023977256984834563,0.023046541601942503,0.02275081240894287,0.023061738082560103,0.02197901694800832,0.022325006949793176,0.023066017344103733,0.02229957442543514,0.02191497671678053,0.01853197295404969,0.02073720643664264
2021-10-15,0.005352423515254814,0.0012951567198519233,0.005320102861946232,-0.0006787623521006495,-0.0014318489099923934,0.0015701054747593503,0.005320102342482351,0.0043750598935641686,0.002233803272644256,0.002233803210593388,0.005352423515254812,0.0006638431685064658,-0.002051017248873151,0.0030508042476957674,0.00535242351303105,0.0032833912913117326,0.004575223993210285,0.0019602873026312194,0.004501596367013279,0.003212601930804751,-0.0049151406154695565,-0.0025416370319729063
2021-10-18,0.011611259619745875,0.0039151161594895055,0.01633284521949395,0.006760762257337669,0.006228770815738709,0.007662659590233827,0.016332844583037204,0.009985983825021201,0.009028454378752064,0.00902845420994903,0.011611259619745878,0.010380387059214565,0.00637198010847325,0.008936420171727317,0.011611259620539618,0.007324890225186176,0.009072973516497343,0.008920015217742362,0.009822318101401942,0.007877689190967187,0.0026774920038259327,0.004899040191499377
2021-10-19,0.006331728480338616,0.006852603672328862,0.003055418294521147,0.006480126510319023,0.005239993686780936,0.003941841788266055,0.003055418326642601,0.00717591395735293,0.006211289831504767,0.006211290093899699,0.006331728480338607,0.003074044954332143,0.00533394308376771,0.006478561551459303,0.006331728479262978,0.004679968227754502,0.006712396863189692,0.005785861083559783,0.006768632804212022,0.006880910452995199,0.007607796297271426,0.006101336535938901
2021-10-20,-0.008393496401434228,-0.00024717481502015137,-0.00842485945843528,-0.003967168109850604,-0.004095484051358174,-0.004167149206316064,-0.008424859890196862,-0.005435084087989316,-0.005986944613981941,-0.005986944215186961,-0.00839349640143423,-0.011289457608769475,-0.0035943344690761107,-0.005608728988951154,-0.00839349640274559,-0.005387253691270886,-0.005682411310900554,-0.006244490226396246,-0.006285764416285423,-0.005563185216752597,0.000447535774943469,-0.001768608518879854
2021-10-21,0.005396102632960788,3.577413971522065e-05,0.026299021128586633,0.0047946823642523945,-0.0022971791419600465,0.00569968371609617,0.02629901788629143,0.010952067031373582,0.0006501782167402529,0.0010823162898806523,0.005396102632960781,0.004480006920914039,-0.0020530928336699797,0.005287042265621706,0.0053961026345581125,0.0025599005932328677,0.007833648453569852,0.0015494617455004062,0.0043630667329865175,0.0034801908580546375,-0.0002897685615257961,-0.0025054818810789827
2021-10-22,-0.014724156378103266,-0.020866391282574333,0.0014971915372116852,-0.022034831616221925,-0.017161740707741922,-0.006312301225472727,0.0014971891903200329,-0.015083027822491074,-0.015364482111405689,-0.016089251633822126,-0.014724156378765379,-0.026791368412303115,-0.015133864821479777,-0.018047544037964824,-0.014724156371108911,-0.0237993080609209,-0.019747889346665173,-0.015942948542922594,-0.017898605407638858,-0.020184301787029582,-0.01077788659157696,-0.012533422539828481
2021-10-25,0.006447320588403311,0.0006558810028211277,0.019176248669807227,0.005936247249262845,0.0012552084994667096,0.004258185767256571,0.019176233301018968,0.004547112926688118,0.003960286011472552,0.003874034185174178,0.006447320588403308,7.954682670970558e-05,0.0006385675570918611,0.0036871778602884124,0.006447320589388834,0.0004727808423946609,0.003618071069260667,0.00385126454393501,0.004847370108418597,0.003956338416452061,0.0018698328491892767,0.000685028808168898
2021-10-26,0.006336133268120544,0.008767918673541989,0.06480540511708772,0.00030614620011210677,0.014096099680189777,0.02061931611007875,0.06480540327723212,0.006684428764290677,0.008733428639709053,0.008838953479363707,0.006336133268120565,0.011911189474776016,0.010769768632806556,0.007335041096915099,0.006336133277492436,0.008389676644971002,0.005815628490229883,0.010216116474155155,0.0055624720702602375,0.0062219570589117056,0.008565553287355218,0.01042431790130639
2021-10-27,0.0023290941618841717,0.009293414826129762,-0.010820078492334694,-0.0010185114144061406,0.019529248300383866,0.015451850657767928,-0.010820078139140358,0.00579890693548387,0.007271006773721809,0.010310066874966453,0.002329094161794014,0.0435772675023662,0.020012317741843668,0.010293805915767963,0.0023290941677130503,0.019362645298195418,0.008081430204309653,0.010929171231134011,0.0044665765846427005,0.006029990775568034,0.007006627754451086,0.016742302520786803
2021-10-28,0.007632071064067781,0.004124713356217335,0.019841840630822852,0.004178263487290186,0.0016139760505190029,0.0057548680426092475,0.019841840265158388,0.00718424578299634,0.004664514820973362,0.004467619356672457,0.007632071064067792,-0.0008944091272038036,0.0016999059484726752,0.005446039491914415,0.007632071063026907,0.003096975974608219,0.006857054153886152,0.004623023557293403,0.006708153558801437,0.0060528414385895325,0.003370050833804626,0.0020729393171444697
2021-10-29,0.004634175705464183,0.00035612416555217937,0.02478952488079465,0.004415497464103768,0.0059720120746146466,0.013503346093855735,0.02478952445943268,0.008963081342464915,0.002685038961147564,0.003820082584843462,0.004634175705464191,0.015706212397513353,0.006378181838819619,0.007686355095966773,0.00463417571209509,0.007487745019128955,0.008043136521663382,0.005303093890039415,0.004252106902164679,0.004535623305736055,0.0015908606099512847,0.004580768319325368
2021-11-01,-0.0016719828891112877,-0.0029837891129150585,0.010118022543648207,0.0046467386017427885,-0.010727772717314185,-0.004602367350126462,0.010118021861238459,-0.0009153437174856647,-0.00340882842764449,-0.005104568114709905,-0.0016719828891112864,-0.029689827401453043,-0.009684202439535217,-0.003821887953652237,-0.0016719828897384036,-0.010203812279342653,-0.003402232832807028,-0.006199877803212687,-0.0021438400037090545,-0.00308516476518774,-0.0017365156923909164,-0.006707138237668217
2021-11-02,0.007676731718042653,0.01729112056020856,0.02198145177374265,0.011979655058736504,0.019782799340900253,0.014838079736996163,0.021981451652278747,0.010005983949223751,0.014384165261268279,0.013299257318630266,0.007676731718042652,0.011828153687532377,0.019516104395375426,0.011805024489132045,0.007676731723401105,0.013497149104262056,0.009445019010117114,0.0137297655294714,0.009304627925778727,0.010913461639327516,0.01983261554990259,0.01938490510548353
2021-11-03,0.010392786002111177,0.004887952807987777,0.00743410546384487,0.007296001589158662,0.003933682336741748,0.005752846529365816,0.00743410547610323,0.009940304592061251,0.0068378729971031674,0.0075631101776910455,0.010392786002111173,0.007195956110027797,0.003509787986587287,0.008074465540324594,0.010392786000497863,0.0056977196998729855,0.009560549564439325,0.007163234169426465,0.009329605439409678,0.007917259651978852,0.0033706876010028307,0.0035135243696776293
2021-11-04,0.01754969662177812,-0.003091371178555513,0.11370588370052759,-6.843051687516373e-05,0.006602159957492475,0.031585744114164906,0.11370588306252838,0.019290498538759866,0.008149262338207185,0.009919399814328059,0.017549696621906315,0.009157578124658103,0.0035775607034594283,0.013662494697840769,0.01754969663893961,0.007190954508185672,0.015768788280868112,0.012075928289635296,0.012362088288936654,0.006647850894124837,-0.009000242436529245,-0.00243658982015993
2021-11-05,-0.0037825875008208796,-0.0021329342546041806,-0.001645445337176525,-0.005828484364134531,-0.00043915219126591234,-0.0017466969002686219,-0.0016454453481918464,-0.00466461393603344,-0.002284255883363164,-0.0018983058586369349,-0.003782587500820879,0.003427761266186105,-0.001305612249103503,-0.0031072250893633213,-0.003782587501488635,0.0009543471792814626,-0.003284068284069492,-0.002110869846043408,-0.0030613405602737996,-0.00245468529327609,-0.004757768445486781,-0.0020881319124175703
2021-11-08,0.014231378040308796,0.0010793308166485269,0.034748113659809815,0.014622692444746009,0.003428061651386788,0.01736284613993556,0.03474811360032512,0.014658050338855897,0.00823306405621493,0.008412256279224529,0.014231378040328584,0.0009458682684629219,0.002405408932759901,0.010923094072306657,0.0142313780475474,0.003114843791594482,0.011407553972677375,0.008829719845847852,0.010992934404558142,0.005986469233787605,0.0010965545107413327,0.0017981675601912227
2021-11-09,-0.0075333271288846575,0.0068060998374740245,-0.004783597807975177,-0.0029880751800736753,0.003428902337116,-0.0018465114915161701,-0.004783597796535516,-0.00012196464670374049,-0.0020200949848858977,-0.002710888529612959,-0.007533327128884675,0.00013456108490679606,0.0035958644811278713,0.00018582695239265307,-0.007533327124731876,0.003920190291692713,0.000976838560459291,-0.0020522123958849484,-0.00445443006897692,-0.001405436623511669,0.0062082676427027035,0.00445720601011984
2021-11-10,-0.022434490083003352,-0.005937165026702305,-0.03986149465048532,-0.013070368837476731,-0.008116565163304964,-0.02630721451213148,-0.03986149459073533,-0.023966214990048085,-0.012460860367370794,-0.015106817625155436,-0.022434490082965934,-0.01775646278417139,-0.006131659603415012,-0.01946126370639941,-0.022434490089964974,-0.00963078796117224,-0.022330991762906524,-0.01527552762315417,-0.018960784765766153,-0.016398780615276526,-0.000788647630268632,-0.004707571248743237
2021-11-11,0.005054544334319384,-0.00755624199710378,0.031114089622845197,0.0007947395803066838,-0.006068084559076146,0.01209648810647386,0.03111408951264645,0.007623700067029928,-0.0031994411043055225,-0.0015073511132214553,0.00505454433431938,0.0038451867999816057,-0.00698002796724375,0.003769859969350283,0.00505454434404658,-0.0063738519720201075,0.005902310052051371,-0.000506770112378381,0.0020112766540205463,-0.0011177072733939736,-0.010009197773831942,-0.00850300954994928
2021-11-12,0.014459820987972546,0.008440264761804137,-3.2972513608396885e-12,0.01147470865282802,0.0074688316887052365,0.011118776885563071,6.372493888279824e-11,0.01279064705001776,0.010633990508344899,0.011906509260512486,0.014459820987929676,0.000590897746065064,0.007978033126999398,0.011862713286388138,0.014459820984457398,0.010096186322435077,0.012711777679468239,0.010964326338338895,0.013113632730476728,0.012022201979362407,0.008173626142530102,0.007758614454146939
2021-11-15,0.00030752285648434326,0.0036851419104256076,-0.01208325428826488,0.0015721294946729025,0.0014457159563993631,-0.0024281045494398434,-0.01208325423091041,-0.002226744038870612,0.0023126561875203037,0.001928468906186917,0.00030752285648434456,-0.0029374345076742716,0.0022056412524099076,-0.0009824076673775827,0.00030752285065580726,0.0009951967914092713,-0.0017173620730644148,0.0008766194064418502,0.0010105367441192027,0.00162062516458735,0.004613420378169084,0.0034316854042110963
2021-11-16,0.008915214904413268,-0.00025863493306743624,0.005910735334612918,0.00630374021309805,-0.002703504900564101,0.010860557412863566,0.005910735379748515,0.009376876525739285,0.0035418424967894302,0.0035846039768805123,0.008915214904413257,0.0020168601511843295,-0.001797275159911436,0.006201495619481678,0.008915214905352548,0.0007162551898721374,0.007175870032618851,0.003105855001924792,0.00691901361307463,0.004970346403977697,-0.0017331054942473934,-0.0013983324914418724
2021-11-17,-0.005506077497964959,-0.0015643510232778671,-0.03168555398462614,-0.004010389617000902,-0.005239690027223369,-0.002604671146328631,-0.031685553730731814,-0.0023850888350839842,-0.004455721404837388,-0.0041851457208002835,-0.005506077497964956,-0.006660349339560792,-0.0030571597585721407,-0.002519816245282281,-0.005506077500563884,-0.004506342366018438,-0.0023745725286175067,-0.005372883762594166,-0.0038680239140597766,-0.001690330501898376,-0.001981816008628728,-0.0032012460423342434
2021-11-18,0.005347266575992263,-0.02925536202469496,0.07927217803664759,-0.02316317972955333,-0.013741722612773998,0.009359097871539171,0.07927217725841601,0.005193750361941163,-0.011691579546824923,-0.009168223123143658,0.0053472665759922555,0.0027669357480482153,-0.020823276564957527,0.0010008012111962696,0.005347266594824696,-0.007256817837865897,0.005967845016182993,-0.0041972280183908625,-0.002090355292343948,-0.008752522778754462,-0.040898571783770356,-0.025112799419279717
2021-11-19,0.001950864171915053,-0.005234548606489932,0.040525100559413565,-0.005866410931771501,-0.00021015970005675098,0.009114557493360266,0.04052510021612372,0.006341934961249273,-0.0015021444009417502,-0.0015021442904117341,0.0019508641719150404,-0.0027512017457613893,-0.0015631221822141111,0.0035169664852505575,0.001950864184783459,-0.0028028223284431364,0.004582612416773016,0.0008703522359291521,0.0005137948884370571,-0.0008726742496348509,-0.005902097387083657,-0.0034708890099589334
2021-11-22,-0.013285223449915284,0.004119180155856962,-0.03169293546875729,-0.0018494079369385371,-0.0019937785765641557,-0.012615527473361475,-0.03169293535068642,-0.011270789046480661,-0.005061611660109539,-0.005061614972866632,-0.013285223449915302,-0.01071928570592764,-0.0002863115738790979,-0.009186468418124595,-0.013285223456468726,-0.006950132154054588,-0.011858499359732853,-0.007639501013239751,-0.0089137392834429,-0.0062198454049788125,0.008117186903974354,0.0015858072250551714
2021-11-23,-0.006466814647273165,0.0025284530201795186,-0.006593214192266949,-0.0029516237715573657,0.0019360997643214153,-0.004866092285597064,-0.006593214194293486,-0.00702581335389638,-0.0011811510096429226,-0.001229469982681641,-0.00646681464727317,-0.004205885074101509,0.002460449499016701,-0.004075946655992494,-0.006466814646881754,-0.0025475981279005173,-0.005395433376935221,-0.002265357441475937,-0.00467699579970504,-0.003680308543991877,0.00576570299208661,0.0021450175038967684
2021-11-24,0.009253343447198609,0.003459568020699594,0.02881291420967004,0.009356625585800601,0.007736269864646282,0.012728945418817597,0.0288129141042509,0.01039514789613272,0.0069854692221005595,0.00698206776726123,0.009253343447198616,0.018216339650660978,0.005516245115582274,0.009146845811314983,0.009253343459939485,0.0071148157636900045,0.009782237978523246,0.008494806655922445,0.007548172053926619,0.006112775205291649,0.004006741535103714,0.005582105561069604
2021-11-26,-0.018109622248387608,-0.016253943603611064,-0.03649680161112193,-0.013453038602433576,-0.02333236146490302,-0.019227970790063453,-0.03649680149145016,-0.019142584650742762,-0.018973703195205797,-0.018973703978717112,-0.018109622248387615,-0.021336714803211688,-0.021680603177397118,-0.020487142786553406,-0.01810962225945842,-0.021333881406476178,-0.020729313418292185,-0.020720991856645297,-0.017908703841180897,-0.017735083919988542,-0.014077001168722444,-0.019633086485904932
2021-11-29,0.025340026906723826,0.020533403590671538,0.05775424862397876,0.02151427246732149,0.02672867743145651,0.027878933484975325,0.05775424838624208,0.028875269320777733,0.023606578462513725,0.023629966851233086,0.02534002690672406,0.031889248259900534,0.02366112933984972,0.026891357901612158,0.025340026922550808,0.02327724948542484,0.027937442842982378,0.026034352169090162,0.024245183404190306,0.02372675196403534,0.017217789561846407,0.0212756906644892
2021-11-30,-0.018043834579716932,-0.020703381173915115,-0.021196145760077174,-0.022620560744339643,-0.0206824512084348,-0.01647983874999704,-0.021196145741931894,-0.018840065039639718,-0.018681817021847732,-0.018777561751321194,-0.018043834579716936,-0.02124526064117485,-0.020502260060083106,-0.01864247889022317,-0.018043834582012933,-0.02041300627985972,-0.018553105719191557,-0.01936314289407581,-0.018108745051998828,-0.01890203220469071,-0.02029520335154352,-0.020645366472340523
2021-12-01,-0.029098275398561867,-0.015719547850440822,-0.0385964965935643,-0.028582473128755812,-0.008503550723326526,-0.020398171824118468,-0.03859649647328352,-0.03016789594192073,-0.017401187436851078,-0.017491314654673292,-0.029098275398561867,-0.02388066795838518,-0.006503772159951221,-0.0219417990457663,-0.02909827539494069,-0.015295993422856726,-0.025629281405841135,-0.018800913060945248,-0.025440797524276283,-0.023160509303466456,-0.006057652708786805,-0.005629666374247105
2021-12-02,0.014554809606108454,0.01381888316771248,0.021743476042647644,0.016685172310261488,0.017652539067592725,0.010092551044997875,0.021743475942032377,0.010640234460455231,0.015981855790355222,0.01579218186286586,0.014554809606108454,0.016488727048345232,0.014842782690893747,0.011373123235184765,0.014554809599538142,0.01801862236775966,0.01102711956805779,0.01610367433685057,0.01423607503538339,0.013193916254551172,0.01458690211346333,0.014791871693397511
2021-12-03,-0.023738245103374786,-0.006656800586674977,-0.04563062125881932,-0.011577230304541681,-0.008794819772929115,-0.030187511673895065,-0.045630621104056766,-0.02550689340313439,-0.014660799064650728,-0.014902367820267295,-0.02373824510380925,-0.021605918508957052,-0.007746863866408974,-0.02042075694974657,-0.02373824511489748,-0.010085589617622674,-0.023461404809526056,-0.016266532438151956,-0.01978923014756031,-0.01637707886822986,-0.0042473586690264875,-0.006066930160330238
2021-12-06,0.006184497936561129,0.012663744414685476,-0.021604848462063602,0.009974256986882332,0.0063697252208022035,-0.0006809848806661376,-0.021604848309189514,0.006248211955117645,0.008314121882779406,0.008148942375438128,0.006184497936226694,-0.00776110743966147,0.008602495957625297,0.006539088332874268,0.006184497919658465,0.009635814776589762,0.0060508229406028066,0.006277111578681664,0.008686562655858324,0.011458550835162274,0.012738209602312207,0.010192646091258046
2021-12-07,0.03444836799359634,0.023254088836306357,0.07656147028373024,0.026222175087132968,0.02975113953447256,0.03739843898853677,0.0765614698597025,0.03487528355049782,0.029429321669217717,0.029787507726438775,0.034448367993596296,0.04079298667464641,0.026531522753015808,0.03223620559514392,0.034448368005146175,0.028247325426854326,0.03408176943744088,0.032099753764034455,0.03158511874805449,0.029145841059917625,0.021420054272304034,0.02452247315098909
2021-12-08,0.0014621288823551712,-0.009497315328825943,-0.018707909582050545,-0.006393316447409823,-0.00889372031355143,-0.000608872250596379,-0.01870790940598501,-0.001370592190303231,-0.0036318105530245897,-0.0027964570464230785,0.0014621288823551785,-0.015634219587485974,-0.008217971150469263,-0.0023000397625109357,0.001462128873960081,-0.0033643716199771513,-0.0011433497310202843,-0.003715795715598114,-0.0005505231240218078,-0.0017432950258099746,-0.011105865619023795,-0.009410541015193764
2021-12-09,-0.01902558595340282,-0.0016807489806081194,-0.0428847100122592,-0.012479677728545295,-0.0020056129390109614,-0.016053263597508725,-0.04288470978508242,-0.018748454433222827,-0.009284426425817244,-0.009658076666739117,-0.01902558595340283,-0.01569932614059726,-0.0007075710443021632,-0.012299323803327046,-0.019025585955624088,-0.006882531026469322,-0.01540906932267724,-0.010515599446206962,-0.014672228069392303,-0.010351599096029177,0.0009152333551932916,0.0012076112786391668
2021-12-10,0.008010648359172631,0.016672400175315783,-0.009623119643493428,0.010638852637205964,0.01442015318445547,0.014493780447063466,-0.009623119396963456,0.01120313432408469,0.013263780854073502,0.012452674987104137,0.00801064835917264,0.01156043418684465,0.01820151644207875,0.013835316256881634,0.00801064836283571,0.009571141445150604,0.011672823617380488,0.01121540077181405,0.010853855138317565,0.01278418406059314,0.019910476636891723,0.02057178212009766
2021-12-13,-0.017156976674813987,-0.01146907763167098,-0.06983759643800731,-0.01320556921113641,-0.017812247453505754,-0.023995133016950245,-0.06983759554126782,-0.018058819786707335,-0.015050081146540727,-0.015230061427119324,-0.017156976674696296,-0.03435766304278605,-0.014396637209866165,-0.017292597659515154,-0.017156976691133002,-0.012639831203379987,-0.017723659539380716,-0.01748461206415987,-0.014949228374783878,-0.012968544111841984,-0.011349199350475592,-0.012468244064263528
2021-12-14,-0.01450563988572588,-0.014785498368180671,0.006230174612875832,-0.010767995587298237,-0.015129910828969112,-0.016410795249523005,0.006230164557806912,-0.016491423545962725,-0.014339165695072122,-0.014299786905919681,-0.014505639885725879,-0.0025117176248101642,-0.01824715690265378,-0.01634065864214513,-0.014505639883584734,-0.014662854621857678,-0.0168225239558303,-0.014817775357347497,-0.01552559560707282,-0.016493176047017333,-0.014690311065203854,-0.017820633688668715
2021-12-15,0.030760110935468998,0.028346730641823845,0.07221332918516458,0.030343384962242693,0.030282960281140574,0.041806335580079935,0.07221331867355153,0.03138202485891345,0.030774612394016194,0.030251223280378232,0.03076011093567978,0.04666433081262486,0.026966307484209282,0.030688183210517927,0.03076011094730373,0.023675587103863072,0.030092859096569956,0.03052153560830479,0.02907888965257613,0.026502899884456126,0.030112665548215012,0.027689558774170567
2021-12-16,-0.0327793096497062,-0.00801752647686512,-0.07045025270598704,-0.012294861814197536,-0.009710037932985301,-0.03377019159567237,-0.07045025206439248,-0.03476318590886367,-0.01944051351975496,-0.02014592953171855,-0.032779309649782866,-0.028076093300264785,-0.00895169126660523,-0.027102069775049656,-0.0327793096595675,-0.010470302430579616,-0.03150210061358419,-0.02124467379134575,-0.026988848726286648,-0.021864011676895525,-0.0031808857472159554,-0.008931128978384707
2021-12-17,-0.0074712099546586,-0.0002942812653868299,-0.020859385776739302,-0.0026035925021550294,-0.007924827696902002,-0.00895675049597919,-0.02085938560100245,-0.006104774351206003,-0.005442166946662481,-0.00671330522336506,-0.00747120995466123,-0.0077000002589463525,-0.005871568829880823,-0.006619258470952153,-0.007471209958258156,-0.005917907348579207,-0.006780391132276054,-0.007698018825780292,-0.005954705014254985,-0.00512744800031356,-0.0005161087078435196,-0.004707999982824185
2021-12-20,-0.010019423096024228,-0.0056492652720274775,-0.0029537894952614816,-0.007014602840466005,-0.00180535194029077,-0.0066567891709115035,-0.002953789520536035,-0.008922595730623446,-0.006616548614235366,-0.006550430023659352,-0.01001942309596084,-0.0037924294330691014,-0.002337648118745457,-0.006667527893768406,-0.01001942309087225,-0.005725817491595152,-0.00814573961566358,-0.0059123875181575055,-0.00923176977648649,-0.00838005003615383,-0.0013600744237249186,-0.002769288929279603
2021-12-21,0.025486554874005078,0.015324723954111342,0.047760594388261975,0.021366349123944382,0.01464036828438137,0.027652418292463767,0.04776059367815316,0.02570320947971364,0.019832190383004475,0.020014815832961386,0.025486554873849356,0.029608846411443072,0.013365084764061091,0.02171202643023604,0.02548655487872804,0.014783070180145026,0.023173834267374446,0.020063461579193233,0.022556331199714216,0.01988987062799072,0.013314891683634181,0.014057252188931812
2021-12-22,0.009900766073823642,0.009175049505480207,0.011115899365508126,0.0075814664402212625,0.012661390292314237,0.011684510009431479,0.011115899380933693,0.009394906049599795,0.009986030875735689,0.011025520899090105,0.009900766073823643,0.0076502015316589934,0.013104010055247757,0.011441773289061652,0.009900766076056704,0.010676019440505918,0.01057488448222095,0.011281078183068928,0.009996910841909548,0.010625548058961178,0.00983105024205013,0.01216179702246634
2021-12-23,0.005579409386160513,0.0069018678929968855,0.008130136080069442,0.0068914346472134375,0.008579445976172927,0.007891615181692341,0.008130136070003941,0.005528210078231167,0.007546704956206276,0.006889470099034478,0.005579409386160514,0.011303222902191445,0.008177116450687992,0.006454100504942239,0.0055794093891094795,0.0062792021749928945,0.00587022996451877,0.007079427681166717,0.005805229915980625,0.005561954142025351,0.008348896189403543,0.008640435430681973
2021-12-27,0.017078353064398758,0.0109391523476291,0.04308669414094901,0.014563936917596578,0.016452153285233626,0.028049958698817583,0.04308669390502059,0.019075063905321467,0.016720946253028616,0.015789082016485573,0.017078353064398755,0.031173842675617687,0.015245508514084943,0.018511608075371618,0.01707835307940887,0.011678340643971656,0.0180284196967599,0.01676525317481619,0.015665811567840922,0.013350597141087588,0.011871147476460966,0.01604574661458836
2021-12-28,-0.006769226945634521,-1.6365367965496787e-05,-0.020337790951656536,-0.0027339591369506715,-0.003860500677712697,-0.007341353199157432,-0.02033779077373382,-0.005677471080225281,-0.004031976638942817,-0.004870166687082263,-0.006769226945727791,-0.006695117886526129,-0.0024604501383812304,-0.005059651307974709,-0.006769226948688921,-0.0033870260082447196,-0.005699936724632304,-0.0053148638116736115,-0.005297140690884751,-0.004146362449368252,0.0003892170095370455,-0.001953430727212438
2021-12-29,-0.003825748445167412,0.0017741384582862126,-0.010642991963792427,-0.0015288256049629423,0.0020044753774100844,-0.0056690959005621135,-0.010642991899341203,-0.004503409299325424,4.8965853435250194e-05,-0.0006417937871349888,-0.0038257484451627325,-0.0042074384512760165,0.003708138640981887,-0.0019967024404704456,-0.0038257484497629863,0.0010314961600018917,-0.00360464537024987,-0.0009106365338787071,-0.0020554944931217792,-0.0003331496656452167,0.0033495622010143557,0.003511410202732131
2021-12-30,-0.003758528014971693,-0.0036249953340644317,-0.013929447121433612,-0.003482178244177127,-0.005761475065618164,-0.008857262790344943,-0.01392944704650208,-0.0057282216973800456,-0.00431846359715337,-0.004053136826635842,-0.0037585280149716902,-0.010267460748787226,-0.005046913704657501,-0.005820113854666754,-0.0037585280278343005,-0.0037261654241513486,-0.0054372740191545406,-0.004760001540294904,-0.003537970029255624,-0.0029458430475190877,-0.003736717313911973,-0.00499454159608048
2021-12-31,-0.008366861474331692,-0.0072915058679291385,-0.005932456706211855,-0.007827075512500899,-0.005965624494691516,-0.0074273005552967395,-0.005932456725478376,-0.00769708699940758,-0.006699861825095599,-0.007394466435758721,-0.008366861474331692,-0.005223436269513503,-0.006251915960613027,-0.007341968970473796,-0.008366861472264859,-0.007224608774415148,-0.007728662864995909,-0.007166242984511606,-0.007918554908793382,-0.007852999367260543,-0.006914615600653334,-0.006267624512046016
2022-01-03,0.013696205737957726,0.002649777511388684,0.023853860626378783,0.008911184369027828,0.0011501195909948878,0.013514807510703875,0.023853860465363575,0.013593978849693917,0.006915971066896554,0.007532302821434619,0.013696205737957727,0.011776745105520398,-0.0019735551947479587,0.008685253560759415,0.013696205737162518,0.005405528706264007,0.011018649859762853,0.007423162664476337,0.010990889531005492,0.009580732751580254,-0.0005164994787954797,-0.0009714720462484648
2022-01-04,-0.01852182949705736,-0.01933352595060392,-0.0279765059628948,-0.019681304268332655,-0.018896733316774286,-0.02071947561146365,-0.027976505866725343,-0.01840309407378076,-0.02086934884317576,-0.017934819742225043,-0.018521829496993998,-0.027847426907457028,-0.018957631592200527,-0.017493909123502505,-0.018521829500610522,-0.018297229526748945,-0.016906190189016148,-0.01870928140691582,-0.01795505193002336,-0.017637647657754447,-0.020100779336976765,-0.01892837369216184
2022-01-05,-0.03959277812077445,-0.0251087246204832,-0.05928550080496823,-0.029198225763942792,-0.029676857070178878,-0.04121390591545284,-0.059285500507051454,-0.037896877423272954,-0.030304474855406514,-0.034790776577594995,-0.03959277812106822,-0.035800380316834815,-0.027842260851609252,-0.034302317754526836,-0.03959277812401711,-0.031583665691068324,-0.036089306673578785,-0.03463481759547673,-0.03586127505939381,-0.03243572665345378,-0.023979029644458392,-0.026822225243439815
2022-01-06,0.0008370233683800763,0.001612425300481705,0.02058080974752276,0.001203993503378662,0.007590985877188688,0.0012807457232387161,0.020580809424431662,-0.0017498887444134612,0.004708529338415476,0.0031125603132804566,0.0008370233684996391,0.015105556984326206,0.0053826933636004,-0.0008561446389609104,0.0008370233702881807,0.00486146513338697,-0.002236808772924721,0.004214004622784379,0.00045405391838478754,-0.00013938103983840433,0.0020945062133250216,0.004652724018458735
2022-01-07,-0.011476089604225317,-0.002057273606683518,-0.033598010213850796,-0.008498544296464636,-0.002518491664867173,-0.010888612944302399,-0.033598009880441204,-0.010669206600396266,-0.0055091491049563575,-0.006822931619357323,-0.011476089604225317,-0.013358081838407252,-0.00046753634268017217,-0.006940575114357349,-0.011476089606035357,-0.003934979947398042,-0.008805853689658838,-0.006997290634546257,-0.008527993671062013,-0.006460168457287866,-0.002056210643507523,-0.0009078572720705384
2022-01-10,0.005272926501486159,0.006758372426478445,0.005599591482389571,0.007262025100243395,0.010243016758967985,0.007056073329227716,0.005599591492290549,0.006242066327288211,0.007653369568330608,0.007768005449487204,0.005272926501486158,0.008673040564819889,0.009980112610355462,0.007768611819433367,0.005272926503754909,0.005689777906191747,0.008150478059499339,0.007757971630227071,0.006359534520122087,0.006168063376132886,0.008206347428960795,0.009033180447221612
2022-01-11,0.017001639029176313,0.011016453371636295,0.01510423389469766,0.015121209009258407,0.009439248860284676,0.014681544300026196,0.015104233898119176,0.01464811333233169,0.013744028341595958,0.013564598685001166,0.017001639029176306,0.011690798211622484,0.008507392049164337,0.012157650766885363,0.017001639025462825,0.0135953288207362,0.013292482326718986,0.013220443944730624,0.015122061143476646,0.014445605519622567,0.008846344201847262,0.008718612249485789
2022-01-12,0.001040722401976303,-0.0007810671124219241,0.006521660345632694,-0.0022610408959629824,0.0011016135894769317,0.0037419008362704837,0.006521660301667857,0.0028888025262910743,-0.000982192326984987,0.001428334692642674,0.0010407224019763094,0.0007630991684129647,0.0010341330457280468,0.0026706392048197235,0.0010407224054124289,-0.00023397319629851147,0.002810098859770649,0.0010711679957266175,0.000940194091732753,0.00047055636180536866,-0.0028957633359286273,0.0009142177007633837
2022-01-13,-0.02963460936523664,-0.019952265483537308,-0.05219817303737327,-0.02232172265178873,-0.01645719625341843,-0.02888157512514251,-0.05219817260039563,-0.02908925946262958,-0.021793025910948345,-0.023334930962572414,-0.029634609365274282,-0.029155937594932707,-0.01612819483988564,-0.025152342732040443,-0.029634609365076035,-0.020330501829755966,-0.026736436316290604,-0.02304590280932755,-0.026863964380173425,-0.02469331184572996,-0.015772907363976716,-0.017408914627463655
2022-01-14,0.008928278839595388,0.003977711379230011,0.013715578030433384,0.007080274721461086,0.001268556641972957,0.010314316786667437,0.013715577909905992,0.011287092125645059,0.004445320037786963,0.0057511608042087135,0.008928278839774767,0.004975354857739307,0.001400977501464833,0.008738215143296289,0.008928278843180657,0.002852326415343444,0.010225956473992843,0.005098417740784174,0.007795545128561765,0.0064779962498214185,0.0015912145717277442,0.0024960976404429583
2022-01-18,-0.02475012623852956,-0.024784523111896672,-0.039327465479556366,-0.025409458371221657,-0.026925494392828167,-0.027562323049525685,-0.03932746518107231,-0.025454780246808507,-0.025619574866004646,-0.025373713062889977,-0.02475012623850934,-0.03254951488959278,-0.0266644753520669,-0.025075189441730157,-0.024750126243254886,-0.0247407457582978,-0.024235063272502702,-0.02583781031567887,-0.024228665624635007,-0.023580617491687186,-0.026406351280964573,-0.02632906312274452
2022-01-19,-0.010520468982560965,-0.010432274065155022,-0.03280674985162366,-0.010554707814685909,-0.014083448794081412,-0.01550569633637821,-0.032806749604467035,-0.011932192428613882,-0.0119095545237651,-0.010786017072975855,-0.010520468982691173,-0.022526168585238898,-0.011854333927487628,-0.011916477212579817,-0.010520468992026067,-0.010039397240347383,-0.011355834627002476,-0.012301958888321186,-0.009944780515692055,-0.00968858658444528,-0.010023957864122551,-0.010439281667563992
2022-01-20,-0.019524547443459283,-0.017195997146301115,-0.0372676591742915,-0.020394292620498564,-0.0147892399489029,-0.02106783505352599,-0.03726765899595384,-0.02147182957883819,-0.01732266638932424,-0.017182875017859776,-0.019524547443479152,-0.024564005208380986,-0.013376031848277634,-0.018609401442702983,-0.01952454744896983,-0.0143773329909537,-0.019926506052079893,-0.017156893696181105,-0.01812497778729582,-0.017651468492475404,-0.01496057218740544,-0.013538758379523326
2022-01-21,-0.04522589988771771,-0.049620921350808686,-0.03266017308402713,-0.0628056116710006,-0.02336378595606981,-0.022194445166284566,-0.03266017293053081,-0.046130074214124725,-0.036895533752956594,-0.036576548162768716,-0.04522589988738478,-0.028146433744592574,-0.02337932485536308,-0.037352311600225355,-0.045225899867613654,-0.042585681734931644,-0.04199862621687569,-0.03429484292189379,-0.044318859990196045,-0.046334905942434355,-0.05813320971746679,-0.028884595658628772
2022-01-24,0.0016117789342758254,0.00527192911902938,-8.544218910742011e-05,-0.0018573298344339729,0.0028565626790740557,0.0009807157264188728,-8.54422222668367e-05,0.005159048067447393,0.0025166715938050857,0.0024058335099975,0.001611778934275825,0.0018522876844582741,0.003213123065423594,0.0026421358220546903,0.0016117789323717418,0.005175587852934014,0.004326572644558155,0.0022341708066749393,0.0024714566180712456,0.0023386164551002855,0.003480199165739746,0.0027028300145891136
2022-01-25,-0.031154080673730364,-0.021626958823770213,-0.04587659691140149,-0.027614942643611716,-0.020601999022075414,-0.02624899606905778,-0.045876596696724864,-0.029482214745692275,-0.024285036629482275,-0.026609659418157197,-0.031154080673742385,-0.03026733377594129,-0.020274335925893464,-0.025649878598253406,-0.031154080670941633,-0.022012639279520723,-0.026986251851769966,-0.025878039847902892,-0.028499270989482482,-0.026758272604558903,-0.016629000220297126,-0.019607850831163433
2022-01-26,0.0001966545626670593,-0.00426104259703069,0.01986938680435905,-0.008295455172505798,0.0005011092293863099,0.0056108094116651816,0.019869386639299214,0.002651348018845698,-0.005481427202084007,-0.00038464278766819123,0.00019665456266705237,0.003315328827602342,0.0024688067902004524,0.004018501522549832,0.00019665457611240745,0.003060416459412005,0.004076728504276886,0.00034888189602668394,-0.0005290118471473941,-0.0016263074984457244,-0.008640374269708451,0.00011578236120326178
2022-01-27,-0.00963582491132254,-0.007737415672342443,-0.037037857857490884,-0.010767457438569938,-0.0062661130243745426,-0.005922981878732312,-0.03703785761456343,-0.018024467268027384,-0.010830426792045697,-0.008655215838660711,-0.009635824911470086,-0.02524719542935513,-0.004702707863487605,-0.01485326060403937,-0.009635824940878893,-0.009404571011865917,-0.018398616052697297,-0.007950968967848544,-0.008695526134189937,-0.007500108955114827,-0.015022398202593485,-0.00551537632251098
2022-01-28,0.02966965657989161,0.02395261888872869,0.040019476800593694,0.018233724606305648,0.026094039894389215,0.03174786050250597,0.04001947670206153,0.03151183568472716,0.02526698616078924,0.026882880600628024,0.029669656580189448,0.03252935066268256,0.02457501264833431,0.030401173452366266,0.029669656584887655,0.028168249847325466,0.03121691722557255,0.027881848237140353,0.02854750712469208,0.028828790830570168,0.023431863668291135,0.025411571594528344
2022-01-31,0.041269449973749595,0.014002586877929369,0.06958810207553438,0.038138595963606074,0.007534494318378501,0.020345367912307594,0.06958810131811964,0.034985260764184775,0.02540162090416468,0.026805113276486915,0.04126944997382565,0.031170254576817234,0.006518771820926897,0.02390432740870626,0.041269449957383325,0.011737244068422954,0.02798791559076611,0.02440197214606403,0.03464520044297939,0.028865437975768904,0.006359174362533505,0.0065967508972055305
2022-02-01,0.011344500379030537,-0.0004952546717013038,0.006188775154803578,0.011828997902500362,-0.0002264524489962727,0.0019595370792931327,0.006188775138114831,0.006524631851146238,0.005222397825614457,0.006499878764807091,0.011344500379016964,0.008697154367454685,-0.0016738850087997365,0.0038936621943134776,0.011344500370510371,0.0009542888484894933,0.0042601018832851625,0.005559023965017131,0.008760040410621693,0.0064364522230675,-0.0033716425968364876,-0.0019495381146165116
2022-02-02,-0.01587063755136263,0.01320070882689104,0.024219248976055548,-0.010625155046103337,0.02833567820572109,0.026646517238387762,0.024219249044718442,0.009303830958575648,-0.000880763620548267,0.003040544907881247,-0.01587063755144981,0.04361565434157861,0.026857085292815268,0.017764936490243424,-0.015870637494616317,0.016895839131451203,0.013609161137032753,0.006232520327179235,-0.009603623663484632,-0.010898627767115272,0.016212680163254146,0.027415615659428197
2022-02-03,-0.04243005811539984,-0.03547006368739459,-0.05262445246918125,-0.03470811030183445,-0.026042269496110673,-0.032074961062595934,-0.05262445217162427,-0.03997419523520491,-0.03397611455803277,-0.03487372787274519,-0.04243005811539985,-0.03540205091257636,-0.026315101145329242,-0.0338803888591553,-0.04243005803746798,-0.03319232090258817,-0.037278936500156776,-0.034236163805755254,-0.03976958171971173,-0.03786964684391052,-0.020419890160922563,-0.024766478326922227
2022-02-04,0.02067481036267307,0.021012222019780542,0.015372982313288422,0.008886742314092842,0.0017333408956473758,0.005930461548972427,0.015372982181667163,0.021770122900238647,0.012221739955336163,0.01239098018021441,0.020674810362497516,0.0030697818913854456,0.002424407470087234,0.011977964327310495,0.02067481026650831,0.006261876207648114,0.017196753227956982,0.011204075629160171,0.019085509345202728,0.018226210518055015,-3.772233739967137e-05,0.0021444125432034103
2022-02-07,-0.00893663396783576,-0.00505495025703379,0.016678328006051762,-0.008205542992047458,-0.010070316407610039,-0.006524060806119608,0.01667832762086135,-0.005477309222539841,-0.00740000648462806,-0.009617257027952814,-0.008936633967634486,-0.023568034216946535,-0.010349110977492635,-0.0073754112785753105,-0.008936633890249141,-0.009772637023664451,-0.006562289334508061,-0.009503475187722899,-0.008589291989415628,-0.008479043078953872,-0.0030163624673540143,-0.00948427325558101
2022-02-08,0.010447670002174964,0.007569829565531401,0.015250295343517205,0.007350309299272666,0.005903707741759197,0.009994104353252358,0.015250295315430443,0.012133129826487173,0.007386116671293038,0.007251017077001481,0.010447670002241406,0.006572933642556537,0.005637978958995555,0.0105828876855042,0.01044767007396289,0.00853337550126248,0.011359651351537884,0.008175688871967082,0.009611286290266717,0.00853785048326671,0.005094018312561911,0.0053256684528831776
2022-02-09,0.02221753718760876,0.015926223437422712,0.06166442383170048,0.019235322809150045,0.01788379614153504,0.024830828556996552,0.06166442344611465,0.021882332217568017,0.020050579184270674,0.020001304279722184,0.022217537187691275,0.03215017474758257,0.017179998478165787,0.019668822807694504,0.02221753724916846,0.015628192635766515,0.020171257694337426,0.020050666664571906,0.020031674646393695,0.017644349286670163,0.016329235921853355,0.016727724909002758
2022-02-10,-0.028641156024764462,-0.02365253077753318,-0.033546685677542605,-0.025192905990756513,-0.025367420724948415,-0.026595007710919726,-0.03354668565712561,-0.028591581482477573,-0.027157884050654457,-0.027028008120131206,-0.02864115602476446,-0.02636940310528462,-0.025401038092691338,-0.02655255819425473,-0.02864115604379668,-0.024947447594388016,-0.026665848118592777,-0.02700428837485644,-0.027215927179547,-0.025300371475217964,-0.024833699472515687,-0.02494192132437309
2022-02-11,-0.04135690350158121,-0.02393885804087517,-0.07537768926704691,-0.032968067334173415,-0.024556960086724946,-0.03432446345853914,-0.07537768903414334,-0.040421410073962015,-0.032838836749762415,-0.033839458453133575,-0.04135690350190053,-0.044817210137502936,-0.022914769393033503,-0.0334546699479411,-0.041356903587686566,-0.028224428234215518,-0.03545179555489707,-0.032956931794153085,-0.036263562831540086,-0.031423566089991785,-0.019934526654770145,-0.0222966955376114
2022-02-14,0.0022437017685508847,-0.004824119272256872,0.013190892339746746,-0.002064244619380831,-0.0038454594120590204,-0.0031724238667697833,0.013190892228888298,0.0025879931512764165,-0.0028459471798513063,-0.0010134324937431985,0.002243701768701181,0.006069586999833138,-0.004801391689306895,0.0005740794107497314,0.0022437018147685264,-0.0010014448985099698,0.0016859804090746402,-0.0008008788217540707,0.0005834074553963007,-0.0007788091811584776,-0.009278569444259595,-0.005182575731547453
2022-02-15,0.027715726382943576,0.018485042308284096,0.08783853401583898,0.02196935890489812,0.017860418412398403,0.023913448556597817,0.08783853339994853,0.027645785953458603,0.023910663874079807,0.02318072716264987,0.02771572638289493,0.0394250484697548,0.01699277208359594,0.02339949780176203,0.02771572652309512,0.01653635788637249,0.024179436052451056,0.022788072397670986,0.024225079813483145,0.021190557487005504,0.019892391625168343,0.01740698329562733
2022-02-16,-0.008526690046638547,0.00034257148040793236,0.0006036050820439474,-0.009265712512940671,0.001415876218080774,0.0014533562243060703,0.0006036050623813765,-0.0031545805276238068,-0.004698891307135598,-0.004176572971086173,-0.008526690046640851,0.0037249524077670572,0.00149094277287708,-0.0008277179222317012,-0.008526690044632697,0.0005961738872650698,-0.00013429623849820166,-0.0035554069142788866,-0.0063088120989457895,-0.0042681175735793195,-0.0003032387828628191,0.0013764466336952121
2022-02-17,-0.03341525393046656,-3.188975658452789e-05,-0.07860073966087834,-0.012679797240226122,-0.00830167744573466,-0.028132428316270032,-0.0786007394128573,-0.031387684952363354,-0.01493416199432536,-0.01880181392656938,-0.03341525393061667,-0.0398907374491035,-0.00510715608414429,-0.02280285643079219,-0.03341525393053433,-0.019025039441547847,-0.028978415150941166,-0.02085846568810061,-0.025966845264948503,-0.019843075478595304,0.013344230784975252,-0.0035073204790744064
2022-02-18,-0.01279670695376713,0.004058141916251059,-0.03593413179589221,-0.002146931006118304,0.005306321114080711,-0.005629530400854782,-0.03593413152677397,-0.015116342049064264,0.0008020317829706561,-0.0035773366464806437,-0.012796706953712683,-0.014374967846717721,0.007336010104446609,-0.009417530555987756,-0.012796706953836168,-0.0069776285639748265,-0.01692372355982468,-0.003745192919843207,-0.010054827638375775,-0.005924141683481502,0.01362829419393989,0.008745050773308106
2022-02-22,-0.009734151371684145,-0.012610151630507386,-0.010716199767435984,-0.012766985352480078,-0.0113581608816282,-0.01079105106688668,-0.010716199716099974,-0.0104247234249586,-0.012061221318657769,-0.010440139833603628,-0.009734151371748778,-0.013316134056424407,-0.010767883386600341,-0.010255650634851354,-0.00973415137144711,-0.010793329356695344,-0.010378631031767348,-0.010546156126656174,-0.010595523364149527,-0.011908995560321106,-0.014745386736613873,-0.010821719840397214
2022-02-23,-0.02765296800770304,-0.028326045994216644,-0.04382796202466251,-0.026281868702355778,-0.027830668498157334,-0.02808114257691579,-0.04382796178111952,-0.026995049880153176,-0.029548145675339713,-0.027693650729680136,-0.027652968007703043,-0.03019006618805611,-0.02805013308497519,-0.026667303041288823,-0.027652968008628626,-0.02537441775097122,-0.024966850536420632,-0.027741818252930185,-0.026694164264721335,-0.0263323493191227,-0.029539999163901265,-0.028406666007881352
2022-02-24,0.04733096000495693,0.024804410939255395,0.0590176803990035,0.03415418872733726,0.023094534221080383,0.025215276897437737,0.05901767993546981,0.046605014829613975,0.03205632578352024,0.03563916842395657,0.04733096000476176,0.03909569690912765,0.022748243353587685,0.03606161665177214,0.0473309600040889,0.02912218083014047,0.041576490605630484,0.03521274711301858,0.04232053590202163,0.03593416918817568,0.013882474468711499,0.02145821566115153
2022-02-25,0.019111299024420558,0.018860708822826342,0.017076018790835364,0.022903431057007467,0.01771010220181153,0.01580103722493397,0.017076018790786563,0.015386098730597935,0.02037665506073023,0.01936625318861235,0.019111299024420547,0.01675018530233712,0.017799376827876662,0.01626146371368535,0.0191112990216604,0.01591564467170184,0.015373149581117084,0.018410700613116046,0.01862420932833197,0.018054856167784517,0.02047054219825354,0.018362127224104345
2022-02-28,0.005598615532350804,-0.001110868219570999,0.009393873243187828,0.002349492868634509,-0.00017250828994569683,0.0013493612901501117,0.009393873175776984,0.004458908937292597,0.001940979944711385,0.0028168303857363233,0.005598615532350814,0.004243191301365933,-0.00023466541238693168,0.0024193648679448967,0.005598615532048045,0.0011553090203497108,0.003023101317680302,0.002713053621202552,0.003971237069880507,0.0024684947939202116,-0.002548535929607855,-0.0007469382605987244
2022-03-01,-0.023864146726267146,-0.01709974027801786,-0.03794688041931748,-0.025352473091093296,-0.014982809728807066,-0.017643886210629615,-0.03794688021439288,-0.019050854147578247,-0.02168744117801752,-0.020637239139757943,-0.023864146726303086,-0.010491779222809507,-0.015300901636384118,-0.017167998286351925,-0.0238641467249016,-0.013375197970703103,-0.015858154260096714,-0.019423478227537087,-0.021035781321056914,-0.01805271747555022,-0.0183112153309313,-0.015952195353867313
2022-03-02,0.01578577148063533,0.021693041565827326,0.031327630909109214,0.018406008572689776,0.01802191877113734,0.013713215491797891,0.03132763059561909,0.017611757117770493,0.018821873929600504,0.016947667617259538,0.01578577148063532,0.0065848279826803404,0.01846419680475261,0.019521965706325736,0.015785771483715936,0.01729884813412292,0.018954930411497498,0.016903845125886337,0.016704582944654208,0.016679330610642487,0.02572694616403932,0.0195192917090621
2022-03-03,-0.023464367428095524,-0.008417108587431164,-0.02111291424867594,-0.019499162003003227,-0.004360652378451672,-0.006129391140981591,-0.021112914110824655,-0.018823159712201696,-0.014882693584540717,-0.015185957878895637,-0.02346436742809191,-0.009976317383104965,-0.004489750965127846,-0.012364110009614904,-0.02346436742315305,-0.009479771401593394,-0.01456516720391055,-0.013912509903273598,-0.019663440160081865,-0.015455308187030949,-0.003887587636376967,-0.004310041161581015
2022-03-04,-0.01500409231201056,-0.0031626907883219374,-0.033357876243916035,-0.005597103858926445,-0.004312971126429331,-0.008324146639609054,-0.033357875880923545,-0.01404630815924418,-0.007138622912040667,-0.009297780984845768,-0.015004092312024465,-0.016629924206574425,-0.003507500095336304,-0.010744381184028973,-0.015004092312813536,-0.007565376513721388,-0.011758757963361881,-0.009658531719219945,-0.011943765690504222,-0.009107010128410073,4.2481253365764596e-05,-0.002669535789096957
2022-03-07,-0.03951071619516561,-0.026384813408042735,-0.07156224160412997,-0.02970815169020477,-0.028031663830546515,-0.06289592870097799,-0.07156224077720064,-0.03656920428677683,-0.03136583266858289,-0.034231752670778874,-0.03951071619523891,-0.047570201008746024,-0.027350010741454062,-0.03225777561788569,-0.03951071619271269,-0.029473195865930342,-0.033682180185476904,-0.03377119001285606,-0.035422381988135056,-0.03205445290621471,-0.019735133164055604,-0.02691319116878349
2022-03-08,-0.005645784740306387,-0.01473546337273088,0.007558394082889684,-0.009771166884953034,-0.011784614709363974,0.007323142800677882,0.007558393752473065,-0.008694686502446328,-0.011714259039853181,-0.007937987504172751,-0.005645784740311287,-0.0006962612359181584,-0.012180745452659857,-0.009288796402978616,-0.005645784741399583,-0.009796310376380646,-0.008908242671315063,-0.008715199724835202,-0.00823214423970393,-0.010933086886928818,-0.01744884962839249,-0.01257666779410731
2022-03-09,0.04193489309434814,0.030719352659966132,0.0673989818527747,0.03312826234912804,0.0362470003322007,0.05320214784244005,0.0673989811622899,0.03989345971919382,0.036835254108012055,0.03932427442394064,0.04193489309434809,0.050342846099860596,0.036243715691278065,0.036480346994299515,0.04193489309368395,0.03522837336356151,0.03617258125191007,0.0390909467132744,0.03867747685241671,0.036707028838941703,0.028506667791686716,0.035816439246352694
2022-03-10,-0.01307192321055043,-0.011727071558613108,-0.015589867229057877,-0.01451201296553594,-0.016082986451346364,-0.014723149023026943,-0.015589867255706016,-0.011534835563668012,-0.016030802350055464,-0.014429776231639527,-0.013071923210550423,-0.008128843557908032,-0.015903310788457435,-0.013727501275011883,-0.013071923211574268,-0.016353260261829684,-0.011035645460239794,-0.014577454830948404,-0.012793408663883048,-0.012315445644854494,-0.021602116739134185,-0.01618537936620137
2022-03-11,-0.022292656565347502,-0.009152997950634486,-0.024935481088729963,-0.01538556916288158,-0.009437959913945849,-0.024410211836887873,-0.024935480927458578,-0.021435277337395545,-0.014425144250346364,-0.016393931681008292,-0.022292656565347506,-0.01996404377392937,-0.00863753865427476,-0.01583549981590994,-0.0222926565642034,-0.012885617808720712,-0.018170487955446915,-0.015865308239646655,-0.019809258332468344,-0.016853105891262207,-0.008484539820674928,-0.008461559501040456
2022-03-14,-0.02092623076531603,-0.01591922960627455,-0.03546299696424428,-0.01787763856233422,-0.016174287088628274,-0.0024741029352229635,-0.035462996605067396,-0.023096073479065282,-0.016306666001944577,-0.018941636112003182,-0.020926230765316023,-0.03104588580197851,-0.01560829429105769,-0.021272201713430722,-0.02092623076832381,-0.019594223076951953,-0.02323590348757263,-0.018550258926972155,-0.020091438168257553,-0.019196194127618825,-0.015004173949954557,-0.01451239942170591
2022-03-15,0.0349091829360675,0.02655482959627661,0.07420497498694789,0.02820115454376581,0.026116810055377984,0.036705708288488875,0.07420497288542247,0.032848760626062005,0.030441452028557504,0.03067822299679103,0.034909182936129435,0.029510435540505513,0.02636349881625849,0.029145550130578617,0.03490918293709558,0.027012731595863235,0.02801653091180935,0.03051299649572277,0.03145029162285763,0.028466750290627993,0.02426108905460309,0.026245901496414436
2022-03-16,0.040847629381847675,0.01797085619021445,0.06419025952720445,0.030596224274158,0.015713461224652833,0.030396627205567572,0.0641902590818119,0.03710263289953551,0.026861508534722873,0.03011751876363879,0.04084762938184769,0.036759807927950014,0.015011515343171154,0.02855319061083535,0.04084762937854154,0.022485489180479504,0.03349352790153898,0.028280545303250255,0.035664219105123116,0.030185499242285592,0.014156801511337455,0.01438078690213024
2022-03-17,0.011692590430319708,0.008778835464585081,0.010961972089173525,0.013865678026384248,0.005144953874508019,0.014968645254418975,0.010961971983507119,0.010526918443314133,0.009514265228922682,0.009250205799351124,0.0116925904303197,0.007373064585098147,0.005152174303193989,0.008301786697490557,0.01169259042670714,0.008191755232045607,0.010338206513887227,0.00841877215241386,0.01149978069067819,0.011710617437526175,0.006491450706840388,0.005259446583566571
2022-03-18,0.02547959365980214,0.0067968840492289755,0.06589780965954921,0.013905707147462287,0.006344649075322898,0.014241744181189791,0.06589780923214253,0.022983671530992546,0.014405007684878913,0.016937062529446947,0.025479593659811957,0.030469670111615263,0.005805315126670316,0.01681390198585218,0.025479593657941717,0.012217852793720601,0.020308504283923688,0.015912121367562485,0.02090135272220407,0.017015887537599392,0.004001728622681589,0.005286694107957624
2022-03-21,-0.0031058886059225463,0.0003403244396962362,0.010566508141261925,-0.004427363557443758,-0.0001313593078848708,0.002346554680593114,0.010566508100042084,-0.0014621252608212996,-0.00168546380001996,-0.0017560810045343187,-0.0031058886059225467,0.004142173672281664,-0.000633611330739017,-0.0003070440401594585,-0.0031058886031617534,-0.0016652629490151213,-0.0010636077846578925,-0.0016186239569037078,-0.002878205356083484,-0.003097560594985116,0.0014692147246766255,-0.0001345016427406001
2022-03-22,0.01579469521112087,0.011704121183679698,-0.007886228409014252,0.013747847476769735,0.013645087661184493,0.013318982938189512,-0.007886228289718772,0.016178308436169707,0.012167679270065006,0.01432927934099444,0.01579469521112086,0.007473472916144421,0.01318260901697882,0.015741509622650002,0.015794695209077315,0.017521458810148917,0.017535316236789653,0.01471989143615268,0.016060992150841946,0.01621709680588227,0.009891663657907755,0.012423038265733514
2022-03-23,-0.023596116314318037,-0.019402459517892913,-0.034130278963674515,-0.01954137639832611,-0.02045534675996647,-0.022373850246930185,-0.03413027881570914,-0.02426875994719608,-0.025167866303112543,-0.0235125457913477,-0.02359611631427324,-0.024577206583518318,-0.021494376734312384,-0.017884864136958965,-0.02359611631336829,-0.024076223635749266,-0.020134635621865675,-0.02202573153714225,-0.022324371870996083,-0.020874382417931735,-0.019231459743272488,-0.022339945446755986
2022-03-24,0.027561644745914708,0.011743519883084497,0.09362758483040808,0.018968884786276095,0.01190393712552449,0.026990783461947145,0.0936275842640006,0.028259969414866956,0.01855820835790335,0.0201628276989834,0.027561644745948282,0.029391631134154474,0.01107862679689563,0.02182696552915659,0.027561644749351508,0.01393180007209395,0.02568811301670281,0.019732790935719592,0.02342890775743974,0.0188491729776339,0.014143021213680594,0.010523498510903756
2022-03-25,-0.0034161866782210643,0.00569775408788692,-0.01640362328375772,0.001074988248136143,0.004022108391830488,-0.002006185463108887,-0.016403623214364844,-0.0014932748359478285,0.0006496067971734237,0.00020393412163695118,-0.0034161866782210595,-0.003742298957417129,0.003495828022573163,0.0011693860969050334,-0.0034161866769048437,0.001709250702460868,-2.636006655135645e-05,0.0003029608568047204,-0.001220834519049978,0.0004019825757229777,0.006203735223975853,0.0043848616549462035
2022-03-28,0.013927112687999708,0.0067342769949870224,0.0188519089479519,0.0065667649815341865,0.004687146978771107,0.007460665281204243,0.01885190889598776,0.013792759565850788,0.009256084471334872,0.008897794930461868,0.01392711268802803,0.007417599349898735,0.0062024166935665224,0.009465931627600541,0.013927112686522603,0.009882355689898474,0.011551748261531394,0.009307129833385231,0.012214926055759263,0.011968146172993192,0.0027792921916429836,0.004830472116274381
2022-03-29,0.020584479515451868,0.010957414161939485,0.015367479395868173,0.017244088840068145,0.010953766848813605,0.01294929616952488,0.015367479392611903,0.01748314115536149,0.016056004591810162,0.01585535303827949,0.020584479515451864,0.01098900671734836,0.010372491005678004,0.013373014796137655,0.020584479512311057,0.014105429323278754,0.014549114794393497,0.015769123182132673,0.018577889519128296,0.016685449955247386,0.012135038378519985,0.010349531586626375
2022-03-30,-0.016817186111674043,-0.0017924729307978668,-0.03429163282566462,-0.010478843709136165,0.0005782262067992156,0.002245865874544231,-0.03429163271923725,-0.014929122416477095,-0.007925255711818905,-0.008992940906444181,-0.016817186111674032,-0.012785721646527947,0.0011165752855743947,-0.008340139237846286,-0.016817186111011115,-0.006155315574344228,-0.011632330184753561,-0.008119479952437232,-0.013225104977459141,-0.009879857418143028,0.00039916762538517395,0.001877596782124239
2022-03-31,-0.023677436234634443,-0.013665387039668807,-0.014697527565793173,-0.021308621936944633,-0.012430346280612214,-0.012076341053880418,-0.014697527628135193,-0.019953804927793865,-0.01684647085058344,-0.018557375797127695,-0.023677436234634437,-0.010296649168453163,-0.012058208347484582,-0.01767070315256254,-0.023677436234501914,-0.015323818101432074,-0.018133704952142893,-0.018053891257623165,-0.0210542539485217,-0.01956175927791667,-0.012710112475494847,-0.011317130246444394
2022-04-01,-0.0032637059299935526,-0.002188879049523401,-0.021261014859732287,-0.004657909351954684,0.0017075884456145458,-0.00908213047886575,-0.02126101476794138,-0.0038677754696261717,-0.0024053926168409712,-0.0012433031207620816,-0.0032637059299935505,-0.011836895700350594,0.0017731973512001358,-0.0023144338094051482,-0.003263705931299085,0.00035100225857154265,-0.0034265495464550874,-0.0007780587421894992,-0.0028639284709196223,-0.0024130411605923626,-0.0037713636987588804,0.0015884868591739202
2022-04-04,0.02547592126259854,0.01360896779451318,0.023969364417347087,0.021534130190442823,0.011497943333183332,0.021402013420894102,0.0239693643946921,0.023659573253555968,0.017319530158056193,0.01921623208334037,0.025475921262598535,0.014188179525200299,0.010685670718860271,0.01862834988608019,0.025475921260557317,0.016517309313889804,0.021035615811491996,0.018486932297890904,0.02314314172511212,0.02077685839062754,0.011597623045008318,0.010287919410717009
2022-04-05,-0.026846571228295354,-0.015058700329349039,-0.05364281990323208,-0.021007678814757454,-0.013859361218597899,-0.024585083914361178,-0.053642819786341125,-0.02534418783364157,-0.020763008407509637,-0.021207827736189816,-0.026846571228483884,-0.029562161085794222,-0.013139925854356103,-0.020320885682676888,-0.02684657122825475,-0.01825246151192681,-0.0228917881176728,-0.020352966223446595,-0.023729788344798334,-0.02131055580220739,-0.014017501561662024,-0.012672168267246594
2022-04-06,-0.03201187043761578,-0.01831220771804503,-0.060569258521940623,-0.022138427538585023,-0.01933681982349216,-0.015349107548290726,-0.06056925838686172,-0.030908949568685645,-0.024418467890057624,-0.026100121138566794,-0.03201187043761573,-0.036191015414899504,-0.020555493559776962,-0.026272559448366567,-0.03201187043753511,-0.024154713894738937,-0.028472467992590955,-0.0256743451305539,-0.02856789590935359,-0.026075565890315025,-0.014322442308980741,-0.019731324634368205
2022-04-07,-0.00017918416693721208,0.0017014178386952391,-0.00818694997891014,-0.001205002344302982,0.0012755813249896778,-0.0037472104688625876,-0.008186949913485096,-0.000411713964904881,0.0013800662937302084,0.0003588919252921908,-0.00017918416702962563,-0.003566460738411965,0.0018251762348348282,0.0007934338755475773,-0.00017918416713355394,0.001964258179941812,0.0004250067461700485,0.0005481985790262338,0.00030477660401889446,0.0012573064706395665,0.003581786616376012,0.002288461338128772
2022-04-08,-0.01858565680390921,-0.011191569658750528,-0.046028298663023236,-0.013564885758316646,-0.011579307628426792,-0.010926483503826162,-0.04602829842911802,-0.018207354226584805,-0.014148466871407677,-0.015657111691508255,-0.018585656803909206,-0.02626296307614607,-0.011546527815641942,-0.015177337850340773,-0.01858565680476031,-0.013495924264790612,-0.016252553066294313,-0.015082482216167996,-0.016326509749795277,-0.015063805893071729,-0.009070971633294702,-0.011197956876402813
2022-04-11,-0.02636138137717601,-0.0262937749548723,-0.053392204138774026,-0.022423169790560443,-0.029232735313021143,-0.031225230011809345,-0.0533922038456439,-0.026981724058362407,-0.026442643446506126,-0.02745927839344469,-0.026361381377176016,-0.03932715186538213,-0.030506063227605684,-0.028208446553450155,-0.026361381379550623,-0.029930451821906942,-0.02603639282188968,-0.02779705834509858,-0.02555244230804763,-0.025358981951934128,-0.025298884708294927,-0.030300053926104714
2022-04-12,-0.010143599253020899,-0.01187755798820273,-0.019023793334899307,-0.012546673365515435,-0.01113194774884208,-0.0030541510962642524,-0.019023793175350943,-0.008573149225527788,-0.014185824086064886,-0.011290773733155257,-0.010143599253020899,-0.01965308974124018,-0.01467852002031584,-0.00791497884066523,-0.010143599252954612,-0.008136152493924456,-0.006596193215815617,-0.01063777350093149,-0.009627465241786976,-0.010221889217703884,-0.008786265029197781,-0.014518809965368622
2022-04-13,0.013813094509350383,0.012424087997146983,0.03198870603101193,0.009693042905079169,0.01164201223735557,-0.01271065558166198,0.031988705691144245,0.016802213263724164,0.010827149021798894,0.012368017646413963,0.013813094509350393,0.018820865911998396,0.011464561034402866,0.015465111578622915,0.013813094513994364,0.015735784056112073,0.01580857969619635,0.012727553373352974,0.013253443308072928,0.012352204875452959,0.01039089444917686,0.011318583466134798
2022-04-14,-0.030131330241692456,-0.0228537427487808,-0.04349424929887798,-0.025450760669059297,-0.023421598537715187,-0.027475836265239032,-0.04349424901085458,-0.028839404380962597,-0.02566719202084118,-0.026969597461766547,-0.030131330241692452,-0.034192646188244843,-0.022595270852233392,-0.026571478625306608,-0.0301313302424773,-0.02564463941508517,-0.027236473407196298,-0.026776464389703825,-0.02819582831228997,-0.026898683274185438,-0.023774099105521484,-0.022419229029988438
2022-04-18,0.0034358671130326522,0.002540787639621997,0.02439656881702826,0.001692923320600542,0.0010594836901973133,-0.007482105314619069,0.024396567911200984,0.0046970170971827,0.0016034421264776038,0.0022859501376314164,0.003435867112888232,0.005965349686773532,0.0013755940738731005,0.004063033754375577,0.0034358671169500508,0.0037171410844402545,0.004646013744374141,0.0022476754016149837,0.0030027209263233565,0.002716109998621092,0.0014516566634089597,0.0014679026498219936
2022-04-19,0.023776772443410067,0.018271407006769328,0.018872358552804305,0.023732231064125378,0.015159932973597235,0.030214366922708992,0.018872358599839215,0.02237141720567189,0.019875194422458782,0.020220634107756614,0.023776772443410067,0.015393465330177557,0.015306912371279381,0.01951322620122274,0.02377677244103874,0.018922423688964365,0.021516508429560776,0.019468352708503653,0.02257093430900483,0.02156193166537715,0.015580360505808976,0.015351578108471986
2022-04-20,-0.05359629674638055,-0.0013324973714835973,-0.03278697371173796,-0.06465719529149377,0.008032898095978857,-0.200004318728754,-0.032786972441557184,-0.0500823347331863,-0.02307774388400393,-0.027770364907814364,-0.05359629674638054,-0.010026645367370943,0.009042260021503412,-0.007097763121924724,-0.05359629672093475,-0.0011435678197332104,-0.01600431071589912,-0.022781699325200865,-0.04302168148715462,-0.03129919084052303,0.0130623595097937,0.009160531844606416
2022-04-21,-0.031913323587484645,-0.012649606254392667,-0.062374701378537754,-0.02126983918302538,-0.010288380705874223,-0.038976135472504,-0.06237469841371218,-0.02871445607634542,-0.02096277985258862,-0.02228399256495681,-0.031913323587484645,-0.02290019200677991,-0.011400999860395479,-0.018730849713041224,-0.03191332358156421,-0.0169432497935283,-0.021715638220130305,-0.02110085214667944,-0.026609782373919533,-0.022231408861188684,-0.0061780974630481125,-0.011368681515628646
2022-04-22,-0.027337016730587964,-0.027725164759284507,-0.03365719012705815,-0.02519289449390788,-0.03007112519018509,-0.02451304344352225,-0.033657190116854765,-0.027676272875628457,-0.027311245366098795,-0.028019149722988336,-0.027337016730587964,-0.02995475304341467,-0.03037797463894385,-0.02880704311507242,-0.027337016730284297,-0.029223578177981983,-0.02829957172958017,-0.02870407096038653,-0.02747179890043931,-0.027537487261536778,-0.026661606625318635,-0.030564752048938246
2022-04-25,0.013857688094871423,0.012486214034136163,0.0196368611428035,0.007995477241447066,0.01362302538606782,0.005756179579912989,0.019636861138290412,0.017002557935161765,0.01280634586491602,0.012268525125584455,0.01385768809487143,0.010822437736352757,0.01516608702028156,0.015686967451618905,0.013857688102772896,0.01565897714846392,0.015535552924494468,0.013740356740469622,0.01377229777131242,0.013609843383095873,0.010072612064291804,0.015599855907005699
2022-04-26,-0.041678764095735205,-0.029801438361858057,-0.05760176768412097,-0.03556156676041417,-0.028698628374651716,-0.04182261618562913,-0.057601767619776846,-0.03961567308296724,-0.033097730125903196,-0.03577008582287303,-0.041678764095735205,-0.04431207386396299,-0.027293022878690516,-0.034383333370414895,-0.04167876409081591,-0.03511444797715811,-0.03534281215437979,-0.03518869623519347,-0.03827496156529986,-0.03477122417413519,-0.02700147141131798,-0.02723631469273239
2022-04-27,-0.008541554876013952,-0.01878539602260616,-0.020052652605851075,-0.02345903158337784,-0.018772561570200002,-0.011002170425692548,-0.0200526525550907,-0.003844718121532055,-0.017819397548885257,-0.013279243322683158,-0.008541554876013959,-0.00739244709364429,-0.02427693503082822,-0.007148262394847504,-0.00854155486827763,-0.008945463797753343,-0.003861248334728196,-0.013657058223106975,-0.009193416065619749,-0.0098855749800752,-0.019161810425717244,-0.02297561054550168
2022-04-28,0.04947223898925611,0.03189351323572612,0.07160668406428754,0.04312594495210044,0.03033373297052055,0.06558403225723095,0.07160668288343346,0.04284270330473344,0.040250364501422026,0.042144339434647064,0.04947223898925611,0.052913165474151216,0.027459323319454148,0.03520495819452147,0.04947223896557951,0.0341740317633285,0.036950985865231385,0.03990298597988834,0.04470371829154103,0.04157076331969616,0.03185836579995474,0.028652755034902173
2022-04-29,-0.05579096876650701,-0.049542236376472974,-0.06446418279614041,-0.05431783305026935,-0.03652273674709437,-0.05437463546013993,-0.06446418035595991,-0.05762688107055165,-0.04678231199165495,-0.047501023551505164,-0.05579096876650707,-0.04605235226096112,-0.03706742390959787,-0.05208166459095088,-0.05579096876664969,-0.04649123384559232,-0.0584259224496613,-0.04615685275680069,-0.05440774478248357,-0.05244215929907016,-0.03936243004157296,-0.03655647060986371
2022-05-02,0.0270010147521614,0.018592773056559025,0.05179694708499806,0.026519402488929186,0.015161717622808123,0.03890884306913531,0.05179693366248636,0.023718972975871274,0.023167943979415184,0.02146461346115429,0.027001014752161406,0.018354096800858612,0.017745266764102277,0.01793187167625341,0.02700101474930844,0.018256396835077404,0.01781035790847102,0.02108136618748476,0.023995949887600773,0.02082320948691257,0.014579038207939458,0.01766740766308756
2022-05-03,0.001993944259424918,0.0013533396684363092,0.003526348879289991,0.0017452913403358875,0.001202217716704017,-0.001464662137442009,0.0035263489829022087,0.0030873040162364596,0.0017497154785070849,0.0024159361671766398,0.001993944259424936,0.0075867500830007805,-0.0011858581856601146,0.0018947226490850047,0.0019939442605970163,0.00275202662814299,0.0020037770921426056,0.0015980809880644675,0.00179291748301848,0.0018506682347436453,0.0030341315515354083,-0.0005188194738175892
2022-05-04,0.035973433363999656,0.03308708163238307,0.036662847409701195,0.032358909950573556,0.03460265497104792,0.02491187908221524,0.03666284766969506,0.03892627768013368,0.03496912322965552,0.035790603272647714,0.03597343336399964,0.03899484545927253,0.033109526513095774,0.03505797739074326,0.0359734333671974,0.036947547981490775,0.034580422750379036,0.035288044167523784,0.034872218138465264,0.033961015837064915,0.03454636935336944,0.03334603044248882
2022-05-05,-0.060581141691208255,-0.04479504234966881,-0.07609983566668718,-0.05318517638390821,-0.04597027247288124,-0.06797445201894804,-0.07609983413607121,-0.056506055048997104,-0.05248983636458234,-0.0546834150970656,-0.060581141691208276,-0.06368868495732485,-0.04417479774401446,-0.050208410322905454,-0.06058114168632282,-0.048216731756856694,-0.053041520742480475,-0.05327570708204475,-0.05675820794158937,-0.05338043320352011,-0.04402155642447693,-0.04404589874318205
2022-05-06,-0.012936781717175242,-0.005789983133259356,-0.009008785486625736,-0.013836315811639443,-0.0037345923597533236,-0.02954920496115365,-0.009008785480407866,-0.007054185699098935,-0.010026110130435148,-0.008719548410687424,-0.012936781717175237,-0.0030907963144877165,-0.0047432707520108225,-0.006176506364286,-0.012936781707397508,-0.002942855189613484,-0.008083246623036524,-0.008335687038464285,-0.011519996666658263,-0.0100872571229009,-0.0029982235907963376,-0.005151738026158552
2022-05-09,-0.04410763839296131,-0.020688538072717984,-0.09691777360585668,-0.02908383667642707,-0.021472851745238188,-0.034368648757681794,-0.09691777353491275,-0.045815493441922456,-0.029868473947635567,-0.03340969804080339,-0.04410763839296132,-0.044696942512073554,-0.02110834013985768,-0.0308979975061313,-0.04410763839862904,-0.029136572032730127,-0.034488675448241746,-0.032790245069099756,-0.0378096416559791,-0.030937765308632247,-0.01903593711685212,-0.02035672903341679
2022-05-10,0.019094998579529135,0.0149669017571646,0.03734688033757583,0.015355225394458752,0.01443112307882283,0.011285891958154083,0.03734688029766961,0.021299375644922104,0.01626633979654324,0.016849229484061364,0.019094998579529128,0.019685050490107416,0.014498112083139815,0.017367303443813896,0.01909499858376444,0.016642565552661318,0.01860132486171584,0.01676306082917598,0.017961507270202706,0.016147221665031235,0.014567215207134136,0.014414572363647918
2022-05-11,-0.03508964776575646,-0.02690785980838601,-0.05640672525836832,-0.031414176694523906,-0.03135016548513888,-0.04610357803918952,-0.056406722511851456,-0.030889218133757813,-0.028692086947002475,-0.03362139241876494,-0.035089647765756446,-0.053783042318080315,-0.029755535442177922,-0.029343778838616344,-0.03508964776131568,-0.032875169753435136,-0.029806004661267753,-0.03321990662544768,-0.0328420571350569,-0.030088025600522376,-0.029513974389591056,-0.02776533638605412
2022-05-12,-0.0025652038287936624,-0.009145682674076241,-0.02774129157902718,0.0032899441394918577,-0.014506520124320138,0.012243254748637225,-0.027741291552484077,-0.006562775532965798,-0.004510021576033095,-0.0074738083761989055,-0.0025652038287936546,-0.027345538582785465,-0.013748856149633623,-0.009720255677805153,-0.002565203835825712,-0.013225091829493874,-0.005427326485380723,-0.0085358619765569,-0.0035642308506193127,-0.005728930597598677,-0.012732762502423566,-0.013295420525058579
2022-05-13,0.04794974103694043,0.026773208701484582,0.0904365569708924,0.04038899870453988,0.027223841501914876,0.05058857631674987,0.09043655365503128,0.04423897316766725,0.03927118727071785,0.03997244969650472,0.0479497410369404,0.041643614068685095,0.02658875158227228,0.0314590144173077,0.04794974103429855,0.028259564101970065,0.033978371857692334,0.03758679126942764,0.04167444846708741,0.03670099046677584,0.026498849330522666,0.026426794773855858
2022-05-16,-0.012132054076252969,-0.00990122992289184,-0.025280085982332078,-0.011371722813198384,-0.009948930466302033,-0.011156090710862477,-0.025280085153924742,-0.012446216334304445,-0.011816897258405774,-0.011729728271909334,-0.012132054076252976,-0.012753554492886312,-0.009406450142039823,-0.010170601287065859,-0.012132054076236897,-0.00919636306361814,-0.010716501280852646,-0.011040492271277501,-0.011568951356102712,-0.011539968755671792,-0.010593177789024428,-0.009417728540136675
2022-05-17,0.030266088752762176,0.02804158439720609,0.051533665775907775,0.031915097469859544,0.026777643797436218,0.027006368012310055,0.051533663728966825,0.03150256201221891,0.03084763097406414,0.029958194446413892,0.030266088752762172,0.03255035930416811,0.02688914874424421,0.02613818954302872,0.030266088755817967,0.02387851252747171,0.025562904304847145,0.0285218662750992,0.028402768159658788,0.028249897487009668,0.029454683571218505,0.0269175671199287
2022-05-18,-0.051580462751826164,-0.047242307966960315,-0.07059751308247258,-0.050965029340646756,-0.04841050947615884,-0.05119884759397439,-0.07059751305891407,-0.051346468108923925,-0.04931021946957338,-0.05097895236309795,-0.05158046275182616,-0.061068585972966875,-0.04741683863008675,-0.04805443043154848,-0.05158046275378754,-0.04810141848566346,-0.04804296405105973,-0.0499954861139925,-0.05005282837079646,-0.04876917731977583,-0.04896319461890071,-0.046851455193708126
2022-05-19,-0.009533724856529997,-0.07987563018198528,0.01092152594374774,-0.043623149603828563,-0.07866430017959213,0.021972152445601446,0.010921525880076447,-0.020104739941856412,-0.0637598221703226,-0.046162400387113056,-0.009533724856529978,-0.013304924728741915,-0.0827355164106195,-0.04164555010288398,-0.009533724871711665,-0.02576992318812482,-0.027293386638655014,-0.044099012518061066,-0.02204601806639255,-0.037043296355365324,-0.09306544030518465,-0.08463672045942992
2022-05-20,-0.000507740413856839,0.007542040746730828,-0.025431464271410593,0.008420791979554386,0.004578870627830968,0.0022159431545223183,-0.02543146198787028,-0.0012467788867710668,0.0059394072284342635,0.005939404289722689,-0.0005077404138568416,-0.00771364834784334,0.005793563638508486,0.003292420758838563,-0.0005077404155828281,0.004473965629177195,0.0036334100630339753,0.002035565106987063,0.0021642922459006084,0.003045260427326654,0.011827684629617958,0.008463459970088062
2022-05-23,0.014800278579122503,0.01890067168598504,0.0121458784909572,0.00928895873510396,0.0257903455568379,0.006212422721316561,0.01214587850405605,0.016385621716996375,0.016541465903095947,0.016583417303480043,0.014800278579122503,0.029079497681544244,0.02394442018674782,0.02066135961217108,0.014800278581460189,0.020717019654679543,0.018319346339667177,0.0202953120679802,0.015532742564726055,0.016372496120840994,0.019986914223773546,0.02248919004740347
2022-05-24,-0.025371123817013067,-0.008603224071409815,-0.04502763226823445,-0.013782272650570547,-0.012744526955462175,-0.02730689992330485,-0.04502763223861455,-0.023417744731836353,-0.015216500481497159,-0.015216515624533807,-0.025371123817013112,-0.024269261266974648,-0.011347201253175834,-0.016758115457689494,-0.025371123816168677,-0.014005555233440315,-0.018326913518542123,-0.019057825386237622,-0.021398343552877827,-0.019329498767796792,-0.003220344682278783,-0.009476907845914043
2022-05-25,0.017194656848627782,0.007140422755862179,0.04957380922185253,0.014934449446714694,0.005039008275269052,0.02419913314196394,0.049573803482750624,0.014712467496836905,0.012361528710317218,0.012361528748244172,0.01719465684862778,0.018776429804282166,0.005506942950633684,0.007544654439535725,0.01719465684692306,0.0063397643553683766,0.009094535365702004,0.01111683256194842,0.014246049985798665,0.012203889076463244,0.005688546482476412,0.005788561075363444
2022-05-26,0.02625906183468188,0.021099396358606547,0.050317919332522845,0.024077604741759042,0.01899536488487579,0.020468745380651337,0.05031791749386885,0.02925432432846218,0.024099907231392485,0.02409990719931957,0.02625906183468188,0.029512835550595168,0.018788817136391876,0.02230617710993195,0.026259061837909804,0.021179063814701783,0.023170749040483975,0.022627213359778835,0.024486909503507362,0.024066290506171865,0.022625264001069945,0.018954318812999305
2022-05-27,0.034189928117000945,0.025136758037171452,0.052382380795129795,0.026041098376952874,0.02881754257940413,0.03406853322699794,0.05238237936122062,0.03328152770333694,0.029452447337273677,0.02945244756772801,0.034189928117000945,0.041190565529650815,0.027078670339603525,0.030499575877070254,0.03418992811625125,0.031038665045581185,0.030987914923937303,0.03150373534820254,0.032132225766327994,0.030981608182133753,0.024634560234989642,0.024626180561350856
2022-05-31,-0.0023013657233339506,-0.005185628195907499,-0.007416879447697869,-0.0021616979993013246,-0.004992346647593401,0.0028463085075169483,-0.007416879344799873,-0.003907770482336384,-0.005229707092225005,-0.005229707069776969,-0.002301365723333946,-0.005436579715506573,-0.005430206789714245,-0.004392512888329149,-0.0023013657249550956,-0.005831712589997866,-0.004254364596549267,-0.003646856185463675,-0.002825873986684104,-0.002622403040997018,-0.007952680048317255,-0.0063871929582175035
2022-06-01,0.002382584467451759,-5.1674687981110375e-05,-0.019031721844629132,-0.006641863016903138,0.0015186245264012406,-0.020925703845687846,-0.01903172105458098,0.008436488183301095,0.002298693656883491,0.0022986935077718503,0.002382584467451764,-0.005058824015487568,0.0018829461749096151,0.005083448715722619,0.002382584469704807,0.0005257786049709435,0.009051277270559247,0.0019506044969264985,0.003474489152398944,0.0031820977846476065,0.000684333716924395,0.00209795901175061
2022-06-02,0.042086028541447426,0.01630954664692559,0.06712812133663125,0.033144464984309535,0.014973823471778828,0.04868334985356411,0.06712812003074892,0.03753965223231856,0.030432360950424765,0.03043236121463522,0.042086028541447426,0.030959154823236502,0.014664028693632177,0.025181624252409548,0.04208602853783498,0.020481351334175616,0.029724670539302465,0.02852992600661313,0.03604208491647126,0.03158439493425851,0.014007235495618393,0.015380492678659876
2022-06-03,-0.026297370280077427,-0.021498252887559986,-0.04552894758965209,-0.02187148287037252,-0.024236373585590228,-0.027863856167359292,-0.045528946222384604,-0.02648485001507591,-0.02454143892397259,-0.024541439546664212,-0.026297370280077413,-0.0368709064364803,-0.02307374716167702,-0.024557439333287065,-0.02629737028094805,-0.026283990832428432,-0.024711122450434525,-0.02526687193283383,-0.025185116301821818,-0.02472363904732726,-0.02361370764638259,-0.020864746659716098
2022-06-06,0.0016749563784672072,0.001465841036403405,0.0035193396228343264,-7.249526561374991e-05,0.0032847703245962568,-0.0022920882122866924,0.003519337300565102,0.002615905493255912,0.0014948349530478737,0.0014948352150293003,0.0016749563784672098,0.0028308361153440873,0.0031154183388928877,0.003363074743839809,0.0016749563789357738,0.0029258850810528073,0.0031325662482866376,0.0024798633515317322,0.0021305298056559074,0.0030409864824589806,0.001811802580280824,0.003494659000139044
2022-06-07,0.007772096163191591,0.008163074034967027,0.007424839105926317,0.006156928365116327,0.011001360514573425,0.01070007311592132,0.007424836758130164,0.006553906401463649,0.008657545294288298,0.008657545289232219,0.0077720961631915905,0.011850370630613605,0.010296465642870336,0.008332962983012584,0.007772096162348778,0.011047852707657338,0.007487232424255675,0.00938672833888251,0.007849661576128706,0.007491393667768689,0.009335853087664383,0.009498647068205347
2022-06-08,-0.011181218963992563,-0.01721912256004335,-0.014586270407407915,-0.017418343507100847,-0.007538957305004212,-0.015174985310473642,-0.014586271360453805,-0.014293386840847523,-0.01102879664675877,-0.01102879625383344,-0.011181218963992573,-0.0117792206989676,-0.007957092417718165,-0.012046755625509657,-0.011181218965429616,-0.010125553196088335,-0.01288398048546546,-0.009360088134498387,-0.012236794594248267,-0.013874060759944299,-0.01707895003806707,-0.009049141325214824
2022-06-09,-0.027999510935211865,-0.022457327623241135,-0.03270428851878208,-0.02788437801529456,-0.023903300265314825,-0.039299290366382106,-0.032704287799807476,-0.02456166107682129,-0.02559955077422781,-0.025599551054076165,-0.02799951093521187,-0.03488929561749787,-0.02237765288149841,-0.02311217987980427,-0.027999510933151884,-0.023873793234517014,-0.0229949370305323,-0.025951405600263343,-0.026481431793008048,-0.02550772402906413,-0.02379488688655043,-0.020932031449916105
2022-06-10,-0.046180385092930404,-0.028902373129695694,-0.061351871775167155,-0.03345361098359438,-0.0342046337538887,-0.04049730938959621,-0.06135187004278632,-0.04429377776144677,-0.03861198892041551,-0.038611989793975315,-0.046180385092930404,-0.04348057413117698,-0.03347800806438552,-0.03785649852338102,-0.04618038509176442,-0.035036304190273565,-0.04116810145126474,-0.04019250942340956,-0.042485502746741996,-0.03803375178353986,-0.02674643284420327,-0.03125871604333844
2022-06-13,-0.0558827588053198,-0.027895531172935945,-0.08140358579529236,-0.039487782602088226,-0.030788409427457836,-0.052622584624129075,-0.08140358183584284,-0.05224440467244591,-0.04029029999945094,-0.04109672171970708,-0.05588275880534271,-0.054814749426753906,-0.028321771961437096,-0.039439220565069,-0.055882758803060234,-0.03549810722874993,-0.044511644360854453,-0.04333558411638882,-0.049135232967655484,-0.043403552343560844,-0.02319947350533376,-0.02629123470635633
2022-06-14,-0.0022980519084409593,0.00023767044991939877,0.0120066697468902,-0.006511284073500147,0.0017914661066760714,-0.009412935220708095,0.012006669707335198,0.00016505993143625663,-0.0032300313498062902,-0.002145180418232708,-0.002298051908440963,0.006368845646412892,0.00041278060357358886,0.0007372760704561165,-0.0022980519050032977,-0.0005471026471963803,-0.00043753828776114554,-0.0002532929008824433,-0.002072279863402032,-0.0018162675375788641,-0.001430843821888841,-0.00034541578922873094
2022-06-15,0.032953863842935235,0.023876058603349327,0.042709326482385436,0.032122494657901124,0.023874245489103784,0.041640416424197704,0.04270932640499883,0.027770788633660178,0.028245913414141996,0.02851466841648672,0.032953863842935235,0.024976469989939236,0.023952100513811518,0.02432962846935075,0.032953863836761604,0.022658446015319383,0.025185045011464367,0.028414054666019515,0.03043656221630352,0.028122984251674234,0.021789423804330445,0.02370008336470682
2022-06-16,-0.04282649877868463,-0.024174601027149405,-0.0576602710109334,-0.03196696713948766,-0.025505247988339776,-0.03933928094977215,-0.057660270945525886,-0.0412671074613002,-0.03187699171226073,-0.03351234778362253,-0.04282649877868463,-0.04315875768394199,-0.022435002098153155,-0.03183881290176327,-0.04282649877703655,-0.03186618302107978,-0.03489189705713864,-0.034165873383512194,-0.03830022570645886,-0.035369413002748054,-0.022284081673065656,-0.021131572276189486
2022-06-17,0.00879312177870604,0.003304704649650951,-0.00586731115998317,0.0034809136750920716,0.007442394570061162,0.0114705474514002,-0.0058673108128268784,0.006919209847149106,0.006428765229608,0.007351316923459779,0.008793121778706036,0.004949959432394091,0.0065592610546177915,0.0061780530787715025,0.008793121775371867,0.002912432705825106,0.006270372253875284,0.008117758174383602,0.007671047313014602,0.006644367277862589,0.0023046782579681227,0.006129076760189896
2022-06-21,0.018346646491559662,0.02204567386298421,0.02685213597920598,0.009393258556504688,0.025527365463127324,0.004149346935310947,0.02685247312095895,0.024273964876945928,0.01829859019083758,0.019401825530626866,0.018346646491559655,0.030211616702739634,0.023383352816587898,0.025179563272943337,0.018346646503486955,0.02473927225017145,0.023932160753328387,0.021937005977343497,0.019209162806406683,0.021006495446892585,0.022060273406261027,0.023162693915669212
2022-06-22,0.0020376293290942345,-0.007037438126796313,-0.012512994769682324,0.0010884625737609794,-0.006316295159842931,0.010863132702795736,-0.012512994629180688,-0.0022593237650014,-0.0033553085734803513,-0.0024881505079119323,0.002037629329094226,-0.004749051486280705,-0.007360571152112989,-0.004296607663066815,0.002037629321579272,-0.005859410084677691,-0.0027102010659684223,-0.0021393329153743482,0.00012250741081426325,-0.002252376968432504,-0.009153409553183436,-0.007821261835617977
2022-06-23,0.011192214259488383,0.0016460230000513885,-0.008285950707704222,-4.369628073780461e-05,0.0061597272737920206,0.01413924760640196,0.021344053926434528,0.01122603359854306,0.0031521189370978878,0.006303624813869693,0.011192214259487215,0.016210254001704456,0.0036667318377496113,0.01013533269399701,0.01119221425712832,0.0014615901993790107,0.01384823229948833,0.008675970766640203,0.010327920938628693,0.007494576235114334,-0.003591356765216198,0.0016701293337797862
2022-06-24,0.04258650370032628,0.03139795266620385,0.024221457297877648,0.03662564982976505,0.03163414850108984,0.03877693539249753,0.0242214825858319,0.04097625677663329,0.03652936948523579,0.03663694719366084,0.04258650370032985,0.024221457297877648,0.03165873709923733,0.035618486218139206,0.042586503698172365,0.03706566878009604,0.03768015271481517,0.03711032610070805,0.03987032593696508,0.03833972670019773,0.0313516991919757,0.030801879979811674
2022-06-27,-0.013657010375608824,-0.006798217846836717,-0.015119948886185104,-0.009139760737237356,-0.008491773660773288,-0.011288607411286683,-0.015119948853185908,-0.013130274436754684,-0.011169702105551862,-0.011046142255462969,-0.013657010375608831,-0.006816757581526906,-0.009287014502411843,-0.010271709878970824,-0.013657010374195281,-0.008376825614834932,-0.01224515287371964,-0.011074392018191055,-0.012437335656566482,-0.011378625763219163,-0.007676729330268632,-0.008672763966170283
2022-06-28,-0.04255972430368417,-0.024065907452211373,-0.05401463024078113,-0.03239323545156764,-0.02645705790992465,-0.04153415251885687,-0.05401462238441313,-0.040282986107338756,-0.03338302087724472,-0.03430056820056664,-0.04255972430368417,-0.04025170959118099,-0.02503703413618421,-0.0312109652028609,-0.04255972430056745,-0.02862529618089385,-0.03489869632950898,-0.03450839110680441,-0.03828332535596272,-0.03464984271417053,-0.021997362203168162,-0.02402604125364903
2022-06-29,-0.004198816619717786,-0.00021089131724305338,-0.027917095993180138,-0.0070072310838131075,0.0051551248368654655,-0.0029077165168668834,-0.005950749793043703,-0.0033258193371582395,-0.002938745789213388,-0.0015219758698003399,-0.004198816619717791,0.005860882473645829,0.003926815006174862,0.0022262688874550214,-0.004198816619699065,-0.00648755767917026,0.0019442474301080528,0.0004781541085738391,-0.002383385554607203,-0.002489573551139036,-0.0024012816240438933,0.003253577656848219
2022-06-30,-0.01759814195745259,-0.008244142497666437,-0.018192107035024833,-0.009486250883702294,-0.013114436147730611,-0.014296349090791298,-0.018192107122028043,-0.016715831593819817,-0.013718605865404672,-0.014374105539056497,-0.017598141957452594,-0.018192107035024833,-0.01132581262777045,-0.01388278742029474,-0.017598141956491474,-0.011051435260089826,-0.014968639677608198,-0.015356289052591603,-0.015705436443976106,-0.01433914572239928,-0.007387528484151859,-0.010709583782094604
2022-07-01,0.001819040362457035,-0.0018772736307102705,0.016034817365616003,9.298786159275276e-05,0.006448290616066713,0.010863021500351011,0.016034817117470564,-0.0009607911504039264,0.0017816664263106729,0.002876503156800182,0.0018190403624570488,0.016034817365616003,0.0055654304605511715,0.002904643901660685,0.0018190403523577316,-0.009307159737666364,0.0043907590303935914,0.004133665489261875,0.002388927391433483,0.0006601303613994485,-0.0034847868784035046,0.0046772773181182805
2022-07-05,0.023320323353283868,0.006810784477070651,0.018753481098025278,0.01229643934201176,0.009514130426315017,0.02425627060676541,0.01875348113055572,0.020715963992123304,0.01325394655001609,0.014834892153444183,0.02332032335328386,0.018753481098025278,0.0044806519561878064,0.01568437443625861,0.023320323347271462,0.012148105370827812,0.01860822161621268,0.01641722688979945,0.02025160769322594,0.018081104896583673,0.004065961949984955,0.004476158001203066
2022-07-06,0.006139607079878679,0.012984828460939912,0.009561345148418358,0.006510359773998333,0.013394276207081206,-0.0003806956425190328,0.00956134515296029,0.009168630602214357,0.01002502689772497,0.009620242162663625,0.006139607079864993,0.009561345148418358,0.014269070188938731,0.011816873048063337,0.006139607085816653,0.01214881788383104,0.011002699530109777,0.009766941643479944,0.007740956445211526,0.009072817791060426,0.014337798465591295,0.014559299145498947
2022-07-07,0.02681682010009918,0.017503493774732173,0.02371627608364202,0.022353483856318336,0.014909876729880244,0.024631626345554707,0.023716275921281678,0.026329376235613697,0.021207237924133687,0.02142407162171525,0.02681682010009918,0.02371627608364202,0.012844366211979312,0.020745111640835274,0.026816820100605977,0.02325473183805276,0.02172452698665149,0.020863348414989717,0.02456032359091873,0.023169403953556624,0.017406011286314325,0.012768680516139948
2022-07-08,-0.003731639614807078,0.000676042950531241,0.0047037175355434885,-0.0037869251538093732,0.001818791731339163,-0.010716254104965154,0.004703717515790231,-0.0014379464712107443,-0.0010057141535700616,-0.0011682934785577684,-0.0037316396148070812,0.0047037175355434885,0.0018148555059071421,0.000627018079015221,-0.003731639609114236,0.000940731159244887,-0.0006864405680763097,-0.0009564239417339587,-0.0026740091888771134,-0.0018934466096520736,0.0018767011396109783,0.0016871166831368464
2022-07-11,-0.025402928239884843,-0.011845207042800267,-0.014867920277051546,-0.021377155111767528,-0.010944244574850884,-0.036854086349631526,-0.01486792035627998,-0.02130190964843662,-0.017515015847643773,-0.018095806501256997,-0.025402928239884853,-0.014867920277051546,-0.008386097387540549,-0.015346264062003895,-0.0254029282326586,-0.016282123790436503,-0.016714830551589774,-0.018173586407367867,-0.022099865876663353,-0.019471084092159707,-0.010266583771167598,-0.00819407849978283
2022-07-12,-0.013851096427473215,-0.013743995186454756,0.006810253546155742,-0.0074822034638091246,-0.016301022021317117,-0.004793249545685194,0.006810253393075821,-0.0166199767388606,-0.012557299685357345,-0.013130990640816284,-0.013851096427473212,0.006810253546155742,-0.017303371267041075,-0.015274152195012856,-0.013851096433964975,-0.009285662007428483,-0.01739630886092118,-0.015076059224395165,-0.013734466775128205,-0.012537192311497008,-0.011621248149523228,-0.018257571258039805
2022-07-13,-0.0015222658853220575,-0.003475111425734861,-0.002539763402124801,0.0007026490525961304,-0.004321329387571838,0.004339294447244671,-0.002539763406131096,-0.002803607368392807,-0.0022874041839129598,-0.002229303296559107,-0.0015222658853220575,-0.002539763402124801,-0.0033628355918528955,-0.006521351363396858,-0.0015222658869837708,-0.002900491342295645,-0.00648784006749938,-0.0029217976364469475,-0.002766518490358855,-0.003495435376439166,-0.00488061082899246,-0.0034965963684828695
2022-07-14,0.00022912523224768392,0.0017241926425721507,0.020275696854896216,-0.004229364076151944,0.0053296451788403115,-0.006900322938553758,0.020275696812305302,0.0033183505165041813,-0.0002904520131657854,0.0009499218291769002,0.00022912523224767828,0.020275696854896216,0.003889667817362342,0.0028317582821094974,0.00022912523812616608,0.005930398651486077,0.002158132711138314,0.0027793852055439886,0.0001984314757079754,0.0006883015372125293,-0.002125652648276856,0.0011794680188235776
2022-07-15,0.029556736373923552,0.01724677079750147,0.011384896152855631,0.03383376100755467,0.013078004935994408,0.04391612418004338,0.011384896176172582,0.022581026672482716,0.023927946742274574,0.02377439603222586,0.0295567363739236,0.011384896152855631,0.013645931779649427,0.01672733544296407,0.029556736359057083,0.017295447484511388,0.019003181647587512,0.021317370654959,0.026426102957119897,0.022988508404829834,0.016841735814217745,0.013952684543082542
2022-07-18,-0.0028098568357557284,-0.009507973685051942,-0.020859260094380154,-0.0024023695568766716,-0.014466331001436638,0.001354413291671171,-0.02085926006340269,-0.004908547574281355,-0.0073389844791768785,-0.0075579303143396,-0.002809856835755725,-0.020859260094380154,-0.014015043988198618,-0.011634471306216105,-0.0028098568384540023,-0.010435797792940373,-0.00965591060615419,-0.008638093918596181,-0.005219535888124563,-0.006618467967299533,-0.010267412049113599,-0.0128670183340707
2022-07-19,0.03969729493955425,0.03124672525603473,0.02637116184146543,0.03989976620180526,0.02683414346139221,0.04373738282799469,0.026371161888217576,0.03743978743004382,0.03611237433596984,0.036028310044989686,0.039697294939554255,0.02637116184146543,0.027393245617466595,0.032274136767951885,0.039697294937304395,0.032939091909656146,0.03355744306749306,0.033265719200473234,0.0375568912579841,0.0359392961269943,0.03289832192116849,0.027905229296701743
2022-07-20,0.02885527515819626,0.007340879871171164,0.013419490548438167,0.021806888150263378,0.00877795728101315,0.0354632205852462,0.013419491667273069,0.02486531024923242,0.019748708306784477,0.019893262678903456,0.028855275158196268,0.013419490548438167,0.008055785916241936,0.012671138734441253,0.028855275154025632,0.009366310704070511,0.0176719484944918,0.018816616219604905,0.02359343197110267,0.01885879675928158,0.0046533069313251215,0.007162792029979631
2022-07-21,0.015469087701783641,0.0088789680157365,0.013553808949933554,0.014775142684931504,0.011748457728823018,0.025674676965941008,0.013553808963503005,0.012473608902328306,0.014027636699668406,0.014064993373749718,0.015469087701783645,0.014734082308453234,0.011599501158558387,0.010111909371487322,0.015469087698340354,0.010217367637196563,0.010845508202490705,0.013608772715303405,0.013824736674365568,0.011583806008474588,0.007990410577691075,0.011140015923646576
2022-07-22,-0.023584285041781682,-0.014885804020118472,-0.04134123467103893,-0.016181684082550506,-0.009660047072761127,-0.02150394468064226,-0.04134122948297212,-0.024185847410221065,-0.016011990602683025,-0.016045960254831952,-0.02358428504178169,-0.013895821756080486,-0.008462217374889605,-0.020749221403157825,-0.023584285043056687,-0.017382978564398834,-0.022161269618447138,-0.016622166057271407,-0.022018816945092466,-0.02190827481780248,-0.016488921266362006,-0.008060579881450033
2022-07-25,-0.009166078650216927,-0.0037651419901098965,-0.017180398145564522,-0.0037852677807235485,-0.0054467972904371975,7.924943464960752e-05,-0.00742586819480154,-0.01064398322123098,-0.007222571202908639,-0.007289209765912863,-0.009166078650216982,-0.009115914560250425,-0.005071667899693613,-0.007262445047465271,-0.009166078652217807,-0.005530715472335992,-0.009583277021994662,-0.00730643797032708,-0.00815993777612813,-0.006804560677048587,-0.0030688462764558245,-0.004687890986610642
2022-07-26,-0.028098855187747466,-0.01413342257192932,-0.008865632097080437,-0.019654661988071653,-0.015039112385163226,-0.029237110108766128,-0.008865632928675864,-0.025562836746809536,-0.021112452664318087,-0.021081359820008763,-0.02809885518774747,-0.008865632097080437,-0.014429626150954418,-0.019270108504346864,-0.028098855183871195,-0.013219862374868368,-0.023191665156626868,-0.021568983786455387,-0.02528821259390643,-0.02164834333601101,-0.013955282025902698,-0.015474804096842364
2022-07-27,0.05528213059404463,0.03498163737544829,0.033661872824251926,0.041016157907638344,0.03706484314009526,0.06514694339682334,0.03366187299553992,0.04860084653380334,0.04273971867605459,0.04279653729505606,0.05528213059404464,0.033661872824251926,0.03423256422483957,0.043036592330489315,0.05528213058565132,0.03689599404578041,0.04505547116144899,0.04617348686706995,0.050654669073574535,0.04763503770421029,0.0334652105594305,0.03387065084167619
2022-07-28,0.009712061018481684,0.013854765382605161,0.010845760155161957,0.007442147200455725,0.016064345484352323,-0.007261890645725549,0.003565411072410585,0.012236802236361081,0.01189759916006345,0.011791026099372857,0.00971206101848168,0.004826755836374456,0.016747304525116174,0.012535544303664398,0.009712061021097677,0.009390561432954693,0.01183157079997997,0.012888203251416989,0.010327206223904213,0.010977473648835317,0.015356171874269329,0.018411373611664256
2022-07-29,0.011969351915367455,-0.012702716773319966,0.032266830289072145,-0.015975209382902034,0.015094442322589906,-0.027608555344752782,0.03226682838565105,0.013676800459956109,0.009983531280456884,0.01064781138875118,0.011969351915367426,0.032266830289072145,0.012441645852527074,0.005289606181037342,0.011969351917630515,0.0016040020874733725,0.009258654045270006,0.013531897118978679,0.007710488689894396,0.0027085027186537535,-0.013177734762282636,0.009146701569834267
2022-08-01,0.0046277479827385865,-0.0005616969769113868,-0.006172509850782538,0.007275171437129113,-0.005849066076079535,0.016873730599874966,-0.006172509137318095,0.0023659769908909167,0.001346957406573035,0.001346955478712906,0.004627747982738587,-0.006172509850782538,-0.005484974173885884,-0.0026388018128344435,0.004627747980029636,-0.004968902035582866,-0.0011396986986143545,-0.0006106590466704734,0.002878683042135308,0.002514553041668444,-0.0010562968400070435,-0.005075237150678508
2022-08-02,-0.0032711434679928773,-0.01235161163748601,-0.009330795358652614,-0.010722890142718195,-0.009486823685433021,-0.010659243695144288,-0.009330794857820124,-0.0037959485578240018,-0.00535958590721786,-0.005359589539883918,-0.003271143467992883,-0.009330795358652614,-0.00928614132561335,-0.007979594264172364,-0.0032711434679880322,-0.010118977840049208,-0.0069926102807479976,-0.0063789835767129495,-0.005384729562248486,-0.0066258375156880754,-0.01037575676395311,-0.00923598809848825
2022-08-03,0.028909411498400567,0.022045221976997327,-0.012159483025203534,0.02541852654559767,0.028510020888501894,0.04344283833838477,0.003710314209911976,0.023593018832818793,0.02734316787751619,0.027343225431738612,0.028909411498393083,0.017705070610815426,0.026840372803295723,0.025766965029185372,0.028909411491870922,0.02782688776702799,0.026315185646019992,0.028709716193451237,0.028094537035848764,0.02739147942208474,0.01956915403443191,0.02603399100957676
2022-08-04,0.008770249813918343,-0.004990631344654379,-0.0019282455296387952,-0.0003088482008159997,-0.0020937729588868977,-0.006188206905244688,-0.0019282403725619662,0.01000962725340129,0.0031712884994273176,0.0031712909101590946,0.008770249813918355,-0.0019282455296387952,-0.0027811309488031733,0.001181358215122073,0.008770249815675871,-0.0024585374310316698,0.004048371265444446,0.003338238427515724,0.005228559427912156,0.002513230110156383,-0.005710040745402518,-0.00328252095188036
2022-08-05,-0.00799238064777373,-0.005945399010768506,-0.0013899595870250187,-0.009769223593116595,-0.0038024571960727574,-0.012707272232140283,-0.0013899701481978443,-0.0065434522170488875,-0.0069733678071621005,-0.0069733677511014825,-0.007992380647714743,-0.0013899595870250187,-0.004423097842299756,-0.005004760538955982,-0.007992380646826863,-0.003761837391135746,-0.005095991110350468,-0.005897418921923245,-0.007234216942129036,-0.0066913418248159195,-0.0069338993117327025,-0.004740868384255671
2022-08-08,-0.005988968590179894,-0.0021242257971538347,-0.0029072075607017734,0.003543289422027987,-0.003564516926905787,0.010477999610851389,-0.002907211142391095,-0.008159932985011139,-0.004028011868601502,-0.004028012301355559,-0.005988968590179897,-0.0029072075607017734,-0.0030182084968660237,-0.003483525196423603,-0.005988968593866949,-0.0031822190900758192,-0.0036206155988026756,-0.004776742758542841,-0.004119622926187056,-0.003883446935208538,-0.0014382726010658381,-0.0028413777942162756
2022-08-09,-0.017992232097212308,-0.004210145719418102,0.00030315233434091693,-0.01379612883753509,0.0012391023488656345,-0.020454806470150706,0.00030315003230125246,-0.01707446754024588,-0.011269938711425526,-0.011269938707350425,-0.017992232097224517,0.00030315233434091693,0.0006213500913445443,-0.006886866614118694,-0.01799223209666543,-0.0004120044497555107,-0.01117418660131393,-0.008376564874173337,-0.014675842580409385,-0.012991693002018363,-0.005010027710654465,0.0006118653456522961
2022-08-10,0.03499357121528762,0.02473353444782287,0.0258575999231924,0.03272391206962469,0.02486180139255727,0.040669417220980164,0.02585760026823899,0.03154878788832764,0.030948908850261775,0.030948908854977433,0.03499357121528763,0.0258575999231924,0.02506637033025886,0.02610893451151073,0.034993571213277064,0.027342695511885902,0.027236667894063146,0.02992768630392245,0.03211575222847311,0.030340959226615373,0.024423781072489353,0.024696745881976706
2022-08-11,-0.0058188448155442616,-0.002341878592738227,-0.004441579696026069,-0.0019900127008668977,-0.004704126998293802,0.0030986054450341046,-0.0044415798659590755,-0.006449557470788793,-0.004859672127131221,-0.004859672163177661,-0.005818844815544263,-0.004441579696026069,-0.004417548119768811,-0.004956446178605192,-0.005818844816290378,-0.0048079589287480205,-0.005659905474840308,-0.005261485906919033,-0.0051023404782854845,-0.004386171855816405,-0.002366200561837294,-0.004347955921404557
2022-08-12,0.02242725103513696,0.016511725780592713,0.021199225646929984,0.01850626556853331,0.018351407245916607,0.018439202942813693,0.021199225811781887,0.021374736698926793,0.020614511032461424,0.0206145111645459,0.022427251035136965,0.021199225646929984,0.018821986474266653,0.018940995130311014,0.022427251035325935,0.020728930345757395,0.019374748031572794,0.02038932914052679,0.020879234188854144,0.0200585291387625,0.01647102521934299,0.01765893473536712
2022-08-15,0.0048771215873917905,0.0031106003828481176,0.006313640924327771,0.001884414293888769,0.0040583495399041875,0.004684147720668831,0.006313640850257756,0.004506999974037597,0.003931832159602196,0.003931832307184078,0.004877121587391791,0.006313640924327771,0.004195151330077024,0.00409991863898383,0.004877121587606364,0.004649379441306613,0.004425923227589668,0.00446773556364799,0.004410454804473199,0.004376987591642132,0.0020687576337293173,0.0030685057368557457
2022-08-16,-0.0029645322474341146,8.727103170506607e-05,-0.0009241949359764918,-0.0008625945615696847,4.9214118201771836e-05,-0.0004638157046850443,-0.0009241951299010774,-0.0030485815675751864,-0.0010795231932139954,-0.0010795232726314354,-0.002964532247434111,-0.0009241949359764918,0.00020792999749486777,-0.0010622692973986997,-0.0029645322476989948,-0.0006787090544874044,-0.0015090589590425819,-0.0014576590646161714,-0.0021702758434740416,-0.0014959296560007834,0.0007318272725176747,0.0008786510891407806
2022-08-17,-0.014044247505898272,-0.002781537132561266,0.008746000598392444,-0.011344689997713863,0.002546660556855718,-0.018878291797167122,0.008745999221156178,-0.011768008659261815,-0.007465965595782022,-0.007465965185756063,-0.014044247505898262,0.008746000598392444,0.003732114142020407,-0.005656412425510845,-0.014044247504426434,0.0014201135034733038,-0.008744326983483429,-0.005748793474521278,-0.011615841900212103,-0.010296831627375647,-0.00541750897862813,0.0014132984672098354
2022-08-18,0.011454518351818183,0.025787436784475738,-0.002294234136643806,0.028736959110150003,0.014273300684959758,0.009097467601132184,-0.002294233590362984,0.0112513729549025,0.01841432856409441,0.018414328451005397,0.011454518351818183,-0.002294234136643806,0.015095296414270078,0.013083593643909168,0.011454518351983385,0.01094274697744716,0.0098768714540012,0.01286390951838897,0.013645437687557542,0.017293578499513962,0.03351740026699561,0.024219861383966545
2022-08-19,-0.0267272135295153,-0.015814081711341264,-0.015216771355962848,-0.021134135359703238,-0.014441635160355163,-0.026946827541599196,-0.01521677225173293,-0.025098340002075656,-0.02175519417512444,-0.021755194183254545,-0.026727213529515296,-0.015216771355962848,-0.014582305533578472,-0.019238013830264983,-0.026727213529138316,-0.017338283990004682,-0.021728453006012508,-0.020584424344935234,-0.024111502671116225,-0.022945526857100478,-0.01654837149335542,-0.014263241551240724
2022-08-22,-0.0353937146838087,-0.02785881932836818,-0.02329901570071724,-0.03495604454592472,-0.023858542982144355,-0.042184151778545786,-0.023299016116921995,-0.034074288962287216,-0.029857591462584696,-0.0298655896204838,-0.035393714683808704,-0.02329901570071724,-0.023281689956372618,-0.028254757626597946,-0.035393714682346006,-0.027923216086540383,-0.030609022307950748,-0.02962612883297653,-0.03343058917638946,-0.03191573935982893,-0.026483793688473017,-0.023106769470489296
2022-08-23,-0.0021726493928360888,-0.003522826863563671,-0.002031089471329728,-0.003500359877191199,-0.004061741103641813,-0.002381078905813634,-0.0020310894742596656,-0.0023697911995405395,-0.003210154335812473,-0.003185210319074651,-0.002172649392836074,-0.002031089471329728,-0.003865289791822304,-0.003044062489106586,-0.0021726493925859095,-0.0018895574396940913,-0.0023772711757446196,-0.003117195248238951,-0.002495372219830802,-0.0025097079619348065,-0.00431792325549578,-0.004509547733526731
2022-08-24,0.0027958752183311463,-0.003798413191582892,0.0017923735642425926,0.00023316649256088478,-0.002178088562442233,0.006548565639658787,0.001792373498221466,0.001677965667454873,6.842707923930807e-05,0.0001470178406780872,0.002795875218331143,0.0017923735642425926,-0.0028928777837269447,-0.0017477388078760384,0.0027958752171415103,-0.0008604573011210869,-0.0007213688881143139,0.0003088933279444565,0.0012817752046459542,-0.00047393377477556375,-0.004987062791316304,-0.0031701898774669497
2022-08-25,0.01740458379358364,0.012356337666062336,0.014812571736264374,0.01771920530653689,0.010351158313088778,0.027771248527606388,0.014812572045017371,0.014596410317731547,0.013601397545158716,0.013724654425430263,0.01740458379358364,0.014812571736264374,0.009480973016076314,0.012876307259420924,0.017404583792826313,0.01761714106301755,0.01172976964455428,0.01387787105333621,0.015561650695695387,0.014300165175798648,0.011052746896114688,0.009191490571648763
2022-08-26,-0.051332981573408945,-0.036192946461467534,-0.03842850182149588,-0.040527036299211575,-0.035531409976736705,-0.04426505219994229,-0.03842850260290488,-0.04963185452630417,-0.043853396921468356,-0.04397118932907072,-0.05133298157340895,-0.03842850182149588,-0.034535136135832076,-0.04180317861718237,-0.05133298157398543,-0.043608787497194136,-0.04509452191173272,-0.04343219577507282,-0.04775169618001719,-0.045806551076973984,-0.0357594229088605,-0.03440541320528681
2022-08-29,-0.01301582299414352,-0.008583832538299311,-0.013784607817124806,-0.006222470195407332,-0.009657402190689371,-0.003961193946174554,-0.013784608063420169,-0.013595409584689818,-0.01066769421243648,-0.010859746061005572,-0.013015822994121143,-0.013784607817124806,-0.009106575208480783,-0.010813615533994974,-0.013015822995922608,-0.011362558403636792,-0.012401707371974015,-0.011336612592416447,-0.011874469479413528,-0.011227153383361915,-0.006868099968589601,-0.008511265178499183
2022-08-30,-0.011463445285674438,-0.012580583319298268,-0.015423725633982586,-0.013492422060652752,-0.012187672033848554,-0.01384098303234807,-0.015423725473360858,-0.010645624292201079,-0.011622247218662184,-0.011775501315520482,-0.011463445285690403,-0.015423725633982586,-0.01221443137371581,-0.010933844058324496,-0.011463445285831608,-0.013437842903270353,-0.009970773761783513,-0.011825558659761499,-0.011188986971269948,-0.011164810247453591,-0.01128918573160353,-0.011873883290948708
2022-08-31,-0.00876213891188153,-0.00985547800474113,-0.010692093516201227,-0.005701073961663304,-0.010012725680747094,0.005240128571625648,-0.010692093697771504,-0.010288689312213047,-0.009783480019534685,-0.009751223413907991,-0.008762138911968415,-0.010692093516201227,-0.010485564527943986,-0.010035566423614525,-0.0087621389149627,-0.010989698444277777,-0.010693171331037902,-0.009387432296314313,-0.008813760108003676,-0.009140381332619015,-0.010277630060321997,-0.010551827838556547
2022-09-01,-0.007005389629824357,0.004345162854093198,0.004695860235639215,0.005849322671480411,0.005892189643797464,0.0029028443591534395,0.004695859518840882,-0.0011266784928320337,-4.8752925805300475e-05,-0.000332530889692104,-0.007005389629824335,0.004695860235639215,0.00734497604288733,0.0037652387643925212,-0.007005389630108457,0.002482300458063034,0.001606082492093197,-0.0005565999930134463,-0.00296372363581537,-0.0018555170649539867,0.008105066725235246,0.00793560773687078
2022-09-02,-0.014090850742318643,-0.01588497666745614,-0.013704676554860603,-0.015533805009802738,-0.015017623619713828,-0.01500558648644136,-0.01370467664524489,-0.01312681129633414,-0.014471365466372675,-0.014404436649284591,-0.014090850742370662,-0.013704676554860603,-0.014942335991892985,-0.014311437077337457,-0.014090850742384971,-0.015831616318360674,-0.01237356445627035,-0.014554237181016234,-0.013975593647511452,-0.01399757889944103,-0.015959640537169643,-0.015084326125038981
2022-09-06,-0.012090794103711774,-0.010148866415701454,-0.008248813582480276,-0.01338541209410515,-0.00666574711122839,-0.014209236649448233,-0.008248813698156242,-0.012704765422568206,-0.008940808974696363,-0.009165472672596275,-0.012090794103737975,-0.008248813582480276,-0.005751093892404224,-0.009793655632040037,-0.012090794103992084,-0.012417269883874477,-0.010588465065298387,-0.009378270607470082,-0.011451618045842386,-0.010294031610019596,-0.0078945736800576,-0.005583282898883865
2022-09-07,0.0212157886376805,0.012943311063019276,0.009211333935860006,0.02030333207190265,0.012202731017550126,0.02934765545003617,0.009211334287407509,0.01963653149980219,0.01733669124730104,0.017184200183431413,0.021215788637661874,0.009211333935860006,0.011509805646709939,0.015626451622262373,0.02121578863572756,0.015151689189003923,0.017204446458507668,0.016709259827615314,0.019633464857526328,0.018294963143125585,0.013578853577074113,0.011661897891663834
2022-09-08,0.007854528173555232,0.00289764698511504,-0.009664437478175261,0.006465313879814926,-0.0006556002509633305,0.005110521921730509,-0.00966443674220635,0.006762553089775546,0.0061019382352337035,0.00519908968070481,0.007854528173605385,-0.009664437478175261,8.079975541384118e-05,0.00042920571123463824,0.007854528172955299,0.0007646987730120843,0.002146273693686979,0.0035994639612959506,0.006056895237317067,0.0056604640156955295,0.0037429568610524216,0.0012762049455683501
2022-09-09,0.02259689235131334,0.01609750072905112,0.018664329921133205,0.016741161112686847,0.015592857158784012,0.01824252367498475,0.018664330126154597,0.023340564996096668,0.017992373901677267,0.018552291385849008,0.022596892351289442,0.018664329921133205,0.014098632309222727,0.01929143011967445,0.02259689240963576,0.020029924897630075,0.02191471981641782,0.01909487475504868,0.021300356871030428,0.01992463866788154,0.013887871030058507,0.013124583580117304
2022-09-12,0.01139644710993078,0.014134585085644268,0.03778506735566833,0.010974868900179843,0.022247848883386333,0.009513929453483675,0.03778506592544935,0.011461803584441682,0.014538888958258861,0.015923255700056167,0.011396447109362074,0.03778506735566833,0.022680359506114384,0.015325607944693505,0.011396447110187214,0.013135549634777506,0.01408634174655307,0.016822147996658557,0.012137599902825093,0.012530230306131835,0.012202688874518256,0.021714619696480753
2022-09-13,-0.06650844304782777,-0.05780978828380287,-0.060471846906366686,-0.06178208089805319,-0.05574144610780555,-0.061068947610497734,-0.06047184720535461,-0.06530258659607226,-0.06103221058839042,-0.06162912132154664,-0.06650844304782777,-0.060471846906366686,-0.0551578375115294,-0.05973463436438555,-0.06650844304890709,-0.06408591921021417,-0.06187304553939669,-0.061124944577816656,-0.06400506862688118,-0.06263709508152045,-0.0559622092057593,-0.054380184895631484
2022-09-14,0.008772099456741986,-0.0006192669251022596,0.009510423510261759,0.006257431281400643,0.002386179736925457,0.014824566010323694,0.009510423266257131,0.00781816732016404,0.004832056699530948,0.005838228216945638,0.00877209945674199,0.009510423510261759,0.00149270915576981,0.0034076493208822036,0.008772099338830875,0.0026909314593822373,0.004963567002271996,0.0055791395968337225,0.007152000016044947,0.0046784535481589114,-0.0004153497075801492,0.0007925533998600089
2022-09-15,-0.026654788317350155,-0.01825171112631381,-0.019111553404415137,-0.009133737303662523,-0.019302215474030965,-0.03988182612976606,-0.01911155376372615,-0.03206380638520922,-0.022447278556882853,-0.022699188398237365,-0.026654788317350173,-0.019111553404415137,-0.018010370739449024,-0.025887707674746737,-0.026654788405218698,-0.02341801888853097,-0.03548330493870586,-0.022978501895690562,-0.027142677568169474,-0.03111814043608331,-0.01709890041645687,-0.01796485189654832
2022-09-16,-0.005192765751033797,0.00031462848081495205,-0.011020670146735075,-0.0004473219521154514,-0.004734240129082364,-0.005459159297317033,-0.011020669819798807,-0.007234176701259488,-0.003911412950012258,-0.004711031301884429,-0.005192765751022746,-0.011020670146735075,-0.004660724630879064,-0.0038561309025123168,-0.005192765712893914,-0.0013189243868053015,-0.007186332701724691,-0.0049635029400580824,-0.00500626207022849,-0.003988368907383872,-0.0008588018263435092,-0.003816522360057803
2022-09-19,0.006845674856098298,0.004467480186331013,0.024773513560399536,0.004103063731685546,0.009244106444993808,0.005209291283741291,0.024773512596383877,0.0056524858822315375,0.005850548473605781,0.0078234318989908,0.006845674856134472,0.024773513560399536,0.008825009445830827,0.007137142821081989,0.006845674857961272,0.005475125124037649,0.006166096993423246,0.008044890650546052,0.006318568729644682,0.006618999756616352,0.004611287811214836,0.00727601849714323
2022-09-20,-0.01477417042828513,-0.0102097415072574,0.015543993760926994,-0.0170628092173661,-0.0022610009235755207,-0.018292766028017327,0.01554399243619585,-0.01338970065232968,-0.01304843487619884,-0.010724885937869681,-0.014774170428289544,0.015543993760926994,-0.002489739821632463,-0.008893037148576274,-0.014774170295432366,-0.013055433395816069,-0.011836761791147914,-0.008517585675930328,-0.013958633579087372,-0.012164117166016189,-0.010799374904721026,-0.005199958292786338
2022-09-21,-0.015773859437301595,-0.01982548913864754,-0.020475779683438194,-0.019582467785130918,-0.020661897742140597,-0.01681543383011037,-0.020475779472134505,-0.018638766317130816,-0.01858931411777879,-0.018416915302490882,-0.015773859437309974,-0.020475779683438194,-0.022062945371957368,-0.01964609446139704,-0.015773859437843478,-0.019388620617868613,-0.019457959275520048,-0.018217878589721098,-0.01711768059410272,-0.0183225794056678,-0.02138932334822644,-0.021987465021725622
2022-09-22,-0.013916237717625811,-0.006005330876942023,-0.006395536789042047,-0.01364328814598326,-0.00534392047300161,-0.01064581822173698,-0.0063955373412088725,-0.008402928259698014,-0.01220861266388159,-0.01196804123685522,-0.013916237717649816,-0.006395536789042047,-0.007998551337841556,-0.0027929246709983094,-0.013916237645599995,-0.005257801271640862,-0.0026215426848775892,-0.009630079095313712,-0.01059208615850898,-0.009945270300918983,-0.007536168765996004,-0.00811476279236532
2022-09-23,-0.017843556251442058,-0.013982849810013203,-0.015239656391353173,-0.01888652204439764,-0.013494988612962073,-0.0189353437119729,-0.015239656435656689,-0.019590110768939965,-0.015837087708381332,-0.015986847221937873,-0.017843556251494176,-0.015239656391353173,-0.013469947766151786,-0.015480129690930319,-0.017843556251379653,-0.015564842684415433,-0.017013604346526462,-0.01566927243220207,-0.017208149716565185,-0.016242339461221018,-0.013348709196797873,-0.01316871912916311
2022-09-26,-0.01146056136843605,-0.004412844206544279,0.0022578715826664583,-0.012818465066754298,-0.00013848851396563045,-0.017173281425175213,0.0022578711701641712,-0.008794187461977538,-0.007197005883320791,-0.007029976932481718,-0.011460561368392345,0.0022578715826664583,0.0002049442683202691,-0.003106314351734007,-0.011460561366459461,-0.005458213233337726,-0.004825776616122476,-0.00579952494120084,-0.00973322811028839,-0.007951319767968309,-0.0029176559426324004,-0.0005218232869604388
2022-09-27,0.004241341513118828,-0.0011930004909903274,0.006544877242237017,0.0012997908388859515,0.0013921001757936694,0.005318494018891995,0.006544877045295777,0.002168886157657563,0.002808213892631646,0.0031565608044426675,0.004241341513063314,0.006544877242237017,0.001904899685399686,-0.0003782210972381537,0.004241341512071592,-0.0016943022215966759,0.0002488009766026325,0.0028167208444562493,0.0027691104917852405,0.0018602945248887522,-0.000728067898333801,0.0009829049377153391
2022-09-28,0.0256320090030032,0.01306924014994157,-0.012732189385061413,0.031725452134446684,0.005290319994431325,0.034967936675450784,-0.01273218810294281,0.021631114510045298,0.01963271499577402,0.01847810884763898,0.02563200900282884,-0.012732189385061413,0.003170942275115402,0.012063252093118367,0.025632008998290205,0.01574570153470687,0.013793684478868109,0.015461164498717261,0.022591728260128986,0.017255606291236732,0.013650662072292964,0.00880297716518765
2022-09-29,-0.02957203352546297,-0.024456734184382187,-0.05036637247125561,-0.02377461066388187,-0.03144421803618221,-0.021646950541300832,-0.050366371604805636,-0.028719043612710486,-0.028615462400247108,-0.029998609035958662,-0.02957203352546297,-0.05036637247125561,-0.03234845781834127,-0.02780126127794937,-0.02957203352619687,-0.024711673851528834,-0.026540311415844377,-0.030508125780822584,-0.02809872674334178,-0.028654959242755917,-0.02478571590457652,-0.029212796327492123
2022-09-30,-0.018346714351796425,-0.01937892969036198,-0.030499864777751417,-0.018131119456295537,-0.021433173692057893,-0.019490840613833053,-0.030499863989027216,-0.018490303723034077,-0.01801834631742165,-0.019120353653284145,-0.018346714351796432,-0.030499864777751417,-0.021084821772635404,-0.02072971298669405,-0.018346714351553405,-0.019315101734894143,-0.019956347393239156,-0.019889944021927158,-0.018859571131170552,-0.01946741156057246,-0.01776654105739683,-0.020004718564668022
2022-10-03,0.030084126263237553,0.034184428007841335,0.03028913999499072,0.03065005750746031,0.031557254433890194,0.02790659003714828,0.03028913999618558,0.03176671429667592,0.030641449689455025,0.03052907208832026,0.030084126263237566,0.03028913999499072,0.03143958723794957,0.032509758733426895,0.03008412626427815,0.03366763760806764,0.032467213153354005,0.030820690348563877,0.030907415481582618,0.03237323653918282,0.03326632376976238,0.031594426958471644
2022-10-04,0.03446019372584404,0.026030642330078325,0.025300253749211212,0.027137541012361113,0.025840881672132582,0.03247797612310631,0.025300253753833105,0.030842171603893832,0.0297364848699742,0.029971186405331543,0.034460193725844,0.025300253749211212,0.025052689817902114,0.02922358847986503,0.034460193724364485,0.028748558885709822,0.03246812872437067,0.030150537698988313,0.03285248505552173,0.030444423207222564,0.025450176658617964,0.02508853899505111
2022-10-05,0.0009553642886385902,0.0020820499074441496,0.002051121305470465,0.0005540699645475645,0.002687004046248149,0.0009469238627175978,0.0020511212579972684,0.00019605353575166917,0.0020337100136301146,0.0018950878451910631,0.0009553642886385896,0.002051121305470465,0.0028829633474877674,0.001246926253024673,0.0009553642698926833,0.0008195679278758563,0.0012276045985451865,0.0018211841674433695,0.0011555941596708599,0.0015324972432444732,0.0026164045821425327,0.0030769639947932966
2022-10-06,-0.0032190876477650645,-0.01110016685916564,-0.0066477926128583305,-0.004828116725448601,-0.00921832138743674,-0.0006877825241685782,-0.00664779260775078,-0.004097175368821046,-0.00606365324956794,-0.00574267168965251,-0.0032190876477650706,-0.0066477926128583305,-0.00936831960093327,-0.00845799221583149,-0.0032190876942882777,-0.008970721622007932,-0.007236952120545892,-0.006218704517600903,-0.004666614179884782,-0.006857573498963258,-0.01101444031147116,-0.0095920347840298
2022-10-07,-0.055257328466256875,-0.040792718491940924,-0.037409460940826623,-0.046977895529569054,-0.038177704177538435,-0.045641844260209646,-0.03740946157320018,-0.05218042265450347,-0.04596102342026906,-0.04640795117066572,-0.055257328466305676,-0.037409460940826623,-0.03673895474731534,-0.039740138022745314,-0.055257328429727845,-0.039490473311532284,-0.04027095555289731,-0.04671751632189765,-0.05005502920388746,-0.04697533727491316,-0.03873953119424575,-0.03652321346096739
2022-10-10,-0.01616825682156552,-0.012100404597370353,0.002352949158646637,-0.012471089553119206,-0.007466743201337325,-0.01624694615308011,0.0023529485532354628,-0.013814258744229431,-0.012551834022929653,-0.011718281922545093,-0.01616825682158566,0.002352949158646637,-0.005766631973827887,-0.011406850200671585,-0.01616825676618748,-0.013049823589634996,-0.013043768167084819,-0.011817500011451423,-0.015108599771152717,-0.013320691533119065,-0.010285050459126664,-0.006599031547975346
2022-10-11,-0.015313687582537379,-0.010011428249653901,-0.010307968241880891,-0.017631888473903033,-0.010527551050363664,-0.019510901146762214,-0.01030796831918494,-0.016000468755098356,-0.012526931996356013,-0.012684834745817629,-0.015313687582550875,-0.010307968241880891,-0.009267161363452554,-0.010855038472309255,-0.015313687541963314,-0.010143245785241815,-0.010982561422975705,-0.012920619316450525,-0.013990161022840938,-0.01148806264937633,-0.009069623184518982,-0.009123297331853486
2022-10-12,0.004038804273146299,-0.0022111531679668396,-0.004615810333553766,0.005422526549203501,-0.004884022490387611,0.0070346196311942095,-0.004615810150239629,0.004505771265109664,-0.0004554432826439916,-0.00023479902013957604,0.004038804273145392,-0.004615810333553766,-0.006402211662297458,-0.0005661926086552124,0.004038804217726067,0.0006520380653759219,0.001312980719544862,-0.0004226091086206548,0.0030513588141325514,0.0012019564189866773,-0.0038456106543851547,-0.00627889065583135
2022-10-13,0.026758299007545294,0.03542252518872188,0.033060481136092314,0.03327616407230219,0.03394752103058395,0.02928852367615015,0.03306048084966128,0.026525217241351914,0.029434998529116775,0.02940235235635999,0.026758299007476657,0.033060481136092314,0.03333155940416037,0.029498437288155696,0.026758299040943696,0.029046489680933856,0.026435652293287898,0.03035291001906462,0.027688171239695643,0.029637805661665885,0.03330683594622777,0.03356571107780357
2022-10-14,-0.03161033229881233,-0.01851928635021101,-0.032771178763521175,-0.019601993111735907,-0.021920324513010812,-0.02174903442150722,-0.03277117867143095,-0.027530188646766054,-0.024942015596383288,-0.026418685939429667,-0.0316103322988123,-0.032771178763521175,-0.020324284738827136,-0.02400490463692421,-0.031610332257120996,-0.02272810712201412,-0.0262183935251699,-0.02676532840591157,-0.02851466063394561,-0.024998387590746077,-0.016693625756651065,-0.01854898895517778
2022-10-17,0.039274119936770505,0.028768924750086522,0.028706587956380508,0.034029604131220414,0.029713572262817282,0.03569516828138568,0.02870658834433631,0.036668632190165744,0.03447819716815939,0.034619298361721965,0.03927411993683208,0.028706587956380508,0.027756590039063354,0.032041169812821735,0.03927411986049556,0.03183092167411085,0.03335464847587194,0.03449384609979389,0.03665450498022834,0.03250432914664016,0.028569429427498096,0.02805145418255371
2022-10-18,0.005905503605631191,0.004747994189529587,0.009365479195880003,-0.0010543916667948856,0.009411916033623301,-0.0010505693494620568,0.009365479217648376,0.006165484820203918,0.008089086823295306,0.007896775374805994,0.00590550360566057,0.009365479195880003,0.01061587146449679,0.008006845985454153,0.005905503650252352,0.00603344584733983,0.009143930307290903,0.007658709819627248,0.005961687066539325,0.005617087791881632,0.007542832393534395,0.010558292613994321
2022-10-19,0.009104325043919918,-9.81359997679343e-05,0.0007649183990853758,0.02107892139567332,-0.0003383174191817123,0.02504639836328007,0.0007649183250984422,0.009943467013184937,0.006224487929238031,0.0061151783025657335,0.009104325043863166,0.0007649183990853758,0.0013893044373593285,-0.002435061103911144,0.009104324945990446,-0.002574534412708063,-0.001444773669729537,0.004383003812369104,0.00671960884782638,0.004073728751843024,-7.660265465144877e-05,0.0011754129482790733
2022-10-20,0.003469081368109705,-0.002161005468888374,-0.0032726422053576077,-0.001624968842957541,-0.003280612590221673,0.002251410377133526,-0.0032726419252154097,0.0024161391017944954,0.0005071205904418638,0.0005736570828151709,0.003469081368115015,-0.0032726422053576077,-0.003679766108209385,0.0001990511393259039,0.0034690813465673358,0.0010611901704660439,0.0029410130159470364,9.423438894401621e-05,0.0026006997865974098,0.0014539345475767015,-0.002510840579860258,-0.0036804358903932055
2022-10-21,0.02450914191746734,0.026672655426960415,0.026699587344560582,0.029789199632183124,0.02600813587395987,0.020680518743723435,0.026699587289490404,0.027126459034223213,0.025084547443526506,0.02515974951135895,0.024509141917459194,0.026699587344560582,0.02619868231316208,0.025100901114662316,0.024509141985923473,0.024642743315066377,0.024450274094093494,0.025258638895713607,0.024462597236347007,0.024505641792644292,0.025430475810015486,0.02606802182986282
2022-10-24,0.007440851249830712,0.016063280274478554,0.014694349050015244,0.006897190606928952,0.016865993868018767,0.009994595463616267,0.014694348792496826,0.008440082985245321,0.011177157431649577,0.010954142282214535,0.007440851249830744,0.014694349050015244,0.016058288392434058,0.013904775986513395,0.007440851349279235,0.013442307771669597,0.01300057907653388,0.01215342255892474,0.00942680657543823,0.012384693138461935,0.016277850079964143,0.016476451400009633
2022-10-25,0.027768464323429422,0.01621811746056239,0.01915295718116142,0.025006292855272273,0.017968959243210264,0.03297758736813917,0.01915295730667211,0.022121699572794536,0.024153488981837612,0.024198570954146275,0.027768464323365195,0.01915295718116142,0.018877244517262394,0.016735549085877075,0.027768464108037738,0.01573059759846979,0.016677207993292545,0.02286871178331984,0.024627073874049152,0.021052124241899325,0.01728191115315875,0.018602140960836223
2022-10-26,-0.027210191563543387,-0.022745526298850616,-0.0198222484581742,-0.0016343612393113168,-0.020104390528787566,-0.007912426480414911,-0.019822249307522154,-0.028648515104965206,-0.017470726951573333,-0.019186767553886017,-0.02721019156303956,-0.0198222484581742,-0.008567631926716009,-0.03583217956955035,-0.027210191715286908,-0.03801447412598929,-0.03697963213539043,-0.023657291046165478,-0.02776154893189584,-0.02427100066708136,-0.019667093211931868,-0.010504988385064687
2022-10-27,-0.014935887208536815,-0.01417519110153121,-0.030938996305890844,-0.011538173510384067,-0.015328267766722681,-0.016919281778440744,-0.030938995808566468,-0.018517844935406085,-0.010569051737342669,-0.013377188613201852,-0.014935887208561979,-0.030938996305890844,-0.013263041407133063,-0.019790976431880068,-0.014935887244225364,-0.020748970155931065,-0.021327813398004467,-0.015132077487629748,-0.016056526841955784,-0.016642161843832597,-0.010861938903780743,-0.010187775757213954
2022-10-28,0.028662343337026202,0.048188814615465966,0.07283410338076746,0.030042622297672957,0.04852788128397195,0.03563246648860084,0.07283410167874618,0.0282421230360117,0.030121821317837,0.03489620985847181,0.028662343336475566,0.07283410338076746,0.04582233181712356,0.04266484753015561,0.02866234345051587,0.044124411456976737,0.03533790414943318,0.03859511231049907,0.032194966273772184,0.03920633320296265,0.041742349026419594,0.04252527793844559
2022-10-31,-0.017711150307277768,-0.010953752170361845,-0.015530053602480503,-0.01475640230475521,-0.010259713315583615,-0.024176573817541364,-0.015530053580764999,-0.015624927939373933,-0.013050979551870734,-0.01410915255592492,-0.017711150307277775,-0.015530053602480503,-0.009445722169449538,-0.012930573007575977,-0.017711150239358257,-0.013728150246499062,-0.013791809416038275,-0.013985431811430696,-0.01636332793539349,-0.014743118344231428,-0.009876848322000713,-0.008390363125232348
2022-11-01,-0.015908357580438934,-0.0069003839010851,-0.017698292497801242,-0.008466395852595556,-0.008762552561697631,-0.01262873080280743,-0.017698292489446817,-0.018832071959965835,-0.010237964568168206,-0.01203469538572908,-0.015908357580438934,-0.017698292497801242,-0.0069697705339204505,-0.01623023771875532,-0.015908357632146507,-0.016824246968556784,-0.019953941542467914,-0.012335455071068284,-0.01562263978346038,-0.013286228086938669,-0.007501674735331831,-0.005727772503386859
2022-11-02,-0.03845098286363026,-0.02747004398204878,-0.03801847745447636,-0.03393216608023989,-0.028899353876276464,-0.042095932256352706,-0.03801847739747857,-0.04017644643536027,-0.03181822834016068,-0.03371633827432341,-0.03845098286363027,-0.03801847745447636,-0.027242806489966603,-0.03477270279625118,-0.038450982818669155,-0.03450753166276864,-0.03917802561413665,-0.033675168369953365,-0.03748275535437616,-0.03531631228945378,-0.026496415517103557,-0.025947795641571448
2022-11-03,-0.02073783282709006,-0.02052467002847005,-0.043330829318224115,-0.0191159507388761,-0.02864841768099704,-0.029847425557593538,-0.04333082862413085,-0.024509212549223922,-0.0198556634175021,-0.023013933778285606,-0.020737832827088548,-0.043330829318224115,-0.026712213475229073,-0.026519740977298083,-0.02073783283243997,-0.022925591899177995,-0.027939435028093464,-0.02469312525404355,-0.02256232393204615,-0.02417208635334562,-0.022097671724279386,-0.025396954372984823
2022-11-04,0.011318165944427482,0.020365494744568925,-0.0019492773772318058,0.009391898908911827,0.009702136408175799,0.0031003109481056307,-0.0019492765908998267,0.00903899851264851,0.012653463947239419,0.010289477432487872,0.01131816594442753,-0.0019492773772318058,0.00919844277891381,0.015881043786374772,0.01131816594602035,0.023035746701821354,0.013776177353062708,0.01051015117630164,0.01234365828030676,0.013396618032663649,0.01955237184738789,0.009671102522897776
2022-11-07,0.015596410504560983,0.007915532083795966,0.0038950969481886706,0.008501999557648545,0.004751092284847146,0.016942391379225496,0.0038950969536472816,0.014754369993862138,0.009627344502675907,0.010110546914273589,0.015596410504560955,0.0038950969481886706,0.0017431148647036345,0.010941683872703233,0.015596410502837494,0.013032806846817397,0.014597938237197718,0.010173751394704066,0.014797793083984207,0.013032758142358915,0.007215428675980993,0.0015653140432192111
2022-11-08,0.01101053079447938,0.0026962189478632044,0.0041661548532021045,0.009127880165724168,0.0027163463141402612,0.012040715347622629,0.004166155033872169,0.007229361378203367,0.007144620992399289,0.0075676798993143165,0.011010530794510948,0.0041661548532021045,0.0022820225499581726,0.0038057270000660965,0.011010530792113924,0.003794529724030271,0.004470286969690374,0.0068634385543098215,0.00912309176943749,0.006589803680420809,0.002380621731975438,0.0022292861035338647
2022-11-09,-0.033072963813402925,-0.021485480609731454,-0.03375324284275188,-0.025960332415319254,-0.02254852865110303,-0.02878661892651433,-0.033753242778962154,-0.030400761463771582,-0.026170061832826406,-0.028860683914818327,-0.03307296381340294,-0.03375324284275188,-0.021770289143363094,-0.024957447827792512,-0.033072963791121415,-0.024476581820499995,-0.026620366266609904,-0.027810746232252985,-0.030236824882853657,-0.027088797095899037,-0.020080603741640016,-0.021444591890682638
2022-11-10,0.09219404572660418,0.058836349791538095,0.08523638421272389,0.07112081812830835,0.05990970845252108,0.08434192494221651,0.08523638453695459,0.08709711018548691,0.07094856024694958,0.07787196311154009,0.0921940457265053,0.08523638421272389,0.05314033599829053,0.07126859157321513,0.0921940455809467,0.07029111157759863,0.07977834118687441,0.07605187708956264,0.08576642465909202,0.0776218417988501,0.05559151172249202,0.05173071444632166
2022-11-11,0.02851528608901869,-0.002019447328485981,0.019085610872126825,0.016874871075938318,-0.0017187700243280323,0.03770630368450586,0.019085610964149312,0.02564879308643141,0.009414113231035273,0.015162601164640653,0.028515286088928456,0.019085610872126825,-0.005878632434288794,0.010273894148327266,0.028515285911693403,0.010625913449621285,0.01704135833804805,0.013398258032345334,0.023324800439151666,0.015596317393845366,-0.003960381021794633,-0.008499456856205293
2022-11-14,-0.002900417543585846,-0.006564505793158193,-0.009530908370912807,0.000632491284116717,-0.007296209899096964,-0.005087865337000492,-0.00953090807192411,-0.002668079773228276,-0.0021870685343369223,-0.00344914796042568,-0.0029004175436147155,-0.009530908370912807,-0.004050013558896023,-0.007562159109084944,-0.0029004175580854778,-0.006587281657181611,-0.007550354917368604,-0.005098313721341406,-0.004007859713139763,-0.004902525011885716,-0.006512390986608306,-0.003793067738190182
2022-11-15,0.016618575147521117,0.005365650050469464,0.011799327293602408,0.011788752599908397,0.006017100906364468,0.01105180482991356,0.011799327564717174,0.016555167714275697,0.011399066789509634,0.012633495044203628,0.016618575147516964,0.011799327293602408,0.006438514137435658,0.010378762605240111,0.016618575145974677,0.011301096108291216,0.0124479908527167,0.011317838026942792,0.014657760639158706,0.011893301549688146,0.004953027276290799,0.00618541653131992
2022-11-16,-0.023214742587814214,-0.011559006612287901,-0.0083659586084777,-0.021224552478757437,-0.008550977010223587,-0.02956439070675733,-0.008365959492263353,-0.019937103737765544,-0.018498242237889085,-0.018039612455243017,-0.023214742587776463,-0.0083659586084777,-0.010357673849329129,-0.01251928879062674,-0.02321474251019372,-0.013955687927993208,-0.016127084329886868,-0.0158828597990189,-0.020544155860949834,-0.018369233405548344,-0.010942503297904785,-0.010455200239288875
2022-11-17,-0.003593442201041337,0.029588126210262678,0.012887931234780685,0.012328903411417068,0.02951073514995653,-0.006175339526370351,0.012887930812288484,-0.0016469588164843686,0.017192654363778186,0.011870074514725461,-0.0035934422010413243,0.012887931234780685,0.0338432393366162,0.013571071671673578,-0.0035934420251807087,0.014484806361529892,0.003622117003265423,0.012958646474457592,0.0014132582257220456,0.010286504374494757,0.03126228561798941,0.036372532353801626
2022-11-18,-0.006459089546083934,0.013516435239573809,0.0037747817462552304,0.0025397990579282687,0.014450313943766979,-0.010049116604892829,0.0037747814999634535,-0.005127723487638921,0.006296693026111889,0.003048355273547416,-0.0064590895460839345,0.0037747817462552304,0.01708200911724201,0.004778439471177377,-0.006459089446215652,0.002999613130314669,-0.0010489919559623763,0.003995612198841522,-0.003275865135756987,0.0016096525610851662,0.015064400483144688,0.01849595353603716
2022-11-21,-0.018701176271401998,-0.007782402088430205,-0.021918752637822666,-0.018356069565152875,-0.009791003267510787,-0.03234286152157207,-0.021918752217175017,-0.017250115537592606,-0.012646136523192826,-0.015399412330045343,-0.018701176271320917,-0.021918752637822666,-0.010639605796396865,-0.013104296715331505,-0.01870117626952733,-0.015520001919672715,-0.016700440221719064,-0.014246089769456391,-0.017771998962322535,-0.017051148790021158,-0.006671501079930841,-0.009286223416557682
2022-11-22,0.01957198493433676,0.016383116778175884,0.014554680865927571,0.01521928831197949,0.015018198249068197,0.014690360201825656,0.014554681245070438,0.019489487540814948,0.018076707019829726,0.017884840631595535,0.01957198493433676,0.014554680865927571,0.015409172912228073,0.016907064893268015,0.019571984935808355,0.019306114464660504,0.01862623829906466,0.017295091591702477,0.018666675734076193,0.018541866481528023,0.016308791493401028,0.015465608545976697
2022-11-23,0.012153300629724329,0.004768356245983546,0.005908815661457624,0.00637754035683746,0.005244501635630396,0.0081349941992739,0.005908815984285093,0.01056373272029483,0.008859761500680302,0.009158165923916628,0.01215330062973664,0.005908815661457624,0.004579848097126088,0.0068407351053807654,0.012153300629420664,0.00660406717393348,0.008278739802514735,0.008698901132677362,0.010473739463573151,0.007992286125726967,0.0046512980769518346,0.00449646267936915
2022-11-25,-0.009224086308431276,-0.005913078830720382,-0.01978801093375158,-0.008581521009646074,-0.009005040841360175,-0.008513585286984322,-0.019788010380435154,-0.008645930888055398,-0.0069369502053562146,-0.009379214831496337,-0.00922408630843128,-0.01978801093375158,-0.00918186845938165,-0.007991426208629391,-0.009224086308574065,-0.007126922717312276,-0.007276628236326768,-0.009114563574895727,-0.008524981463306762,-0.008185270842093025,-0.005205039153026043,-0.008426743902014314
2022-11-28,-0.014295621203884688,-0.014448490523828806,-0.02661530961152108,-0.010455018012469392,-0.015400975429808252,-0.010140071226032391,-0.026615309133984563,-0.014076284276217734,-0.01123075586450788,-0.014228033552685346,-0.014295621203889379,-0.02661530961152108,-0.013266697665967848,-0.015930106842188,-0.014295621205225442,-0.015762588161421915,-0.014272079125196405,-0.014848298316846472,-0.013947573465721208,-0.014145063533002074,-0.013380374730849135,-0.012490065607015325
2022-11-29,-0.00846253097253201,-0.0011225492172581885,-0.021375061786011736,-0.0021466879180468816,-0.0053006169576218735,-0.010322106141555024,-0.021375060860865627,-0.006470843355510755,-0.003417136094873665,-0.007246038743856997,-0.008462530972550564,-0.021375061786011736,-0.0034295389264818437,-0.00590797683187885,-0.008462530971542537,-0.004222670157657451,-0.007171434690562609,-0.006881573965076941,-0.007475061442439141,-0.006113985190780647,-0.00027996293581213777,-0.0020943526719959856
2022-11-30,0.051427901100912804,0.039884016766983665,0.04744997757263901,0.04083657728580309,0.03848374483199073,0.040436279791022364,0.047449977106724266,0.052204824804974,0.042612709796800013,0.0453217180562953,0.05142790110092564,0.04744997757263901,0.03386463865898995,0.04561504311106649,0.05142790110277923,0.048325956816304264,0.04824677800613371,0.04495582296645177,0.048930256221711835,0.0449861264543914,0.03850251263906023,0.03366126266074277
2022-12-01,-0.004470515020926234,0.0018756011959996065,0.001889788837078441,0.005245404014639963,0.0032078129834612772,-0.0033399201771023503,0.0018897888335789638,-0.006907130898252502,-0.000676040359673064,-0.0011449228044810417,-0.004470515020926272,0.001889788837078441,0.004102723579068761,-0.0027784300616115,-0.0044705150208370105,-0.009013230763743331,-0.009189592511921226,-0.00063135101873248,-0.004558514059749168,-0.003938527283528441,0.002068030766225342,0.004269501588349003
2022-12-02,-0.01279684152859462,-0.0051121605055461615,-0.003376907818451437,-0.010861037709103558,-0.003963837837923726,-0.02260501074336733,-0.0033769078232814428,-0.008882583029523085,-0.009845301190856082,-0.00953913874903508,-0.012796841528584516,-0.003376907818451437,-0.004821870239645697,-0.005103509909525756,-0.012796841524853542,-0.007449984526997375,-0.006924946296934839,-0.008380339683259172,-0.011274466838679116,-0.009453597134714803,-0.004686759148112661,-0.00492977387112855
2022-12-05,-0.02145047062588072,-0.01007383337658892,-0.00801513504348702,-0.014592227812730922,-0.009212018246609938,-0.03175221603174065,-0.008015135049948522,-0.022711475515881326,-0.015859300172239462,-0.015940688849907833,-0.021450470625880708,-0.00801513504348702,-0.007633217049389787,-0.013107787977996457,-0.021450470624447427,-0.014518612120589898,-0.018784366841510924,-0.015331244436245329,-0.019753270741634004,-0.01651095041347335,-0.00996824430649533,-0.007602660221201738
2022-12-06,-0.02314118396021797,-0.018146300830474756,-0.02569759594502847,-0.018094606867088157,-0.019060939449124136,-0.017165069474283638,-0.02569759605943535,-0.021896923562371717,-0.019930633369991915,-0.021518051577834922,-0.02314118396024769,-0.02569759594502847,-0.018248595478316094,-0.0202549837158246,-0.023141183961001406,-0.020752180720555687,-0.019842849279830252,-0.021101061704671055,-0.021727223678491746,-0.019972802460450752,-0.017741994079878424,-0.017767685123559147
2022-12-07,-0.0035763232783023484,-0.007827567720467407,-0.013880668948387175,-0.00157735164552271,-0.009220756640047515,-0.0006664633391141751,-0.0138806689426135,-0.0077383336684715654,-0.0055352244462923035,-0.006346288102259113,-0.0035763232783023423,-0.013880668948387175,-0.010052776430313253,-0.010137146888637835,-0.00357632328169657,-0.011443612950975011,-0.010686612240910196,-0.006398539959174932,-0.00524944874082608,-0.007594039211365552,-0.008086563649355512,-0.009762164206621644
2022-12-08,0.01160331094344274,0.013576937500413905,0.012059589479074994,0.010359596042657068,0.014740395843810645,0.0060771727893884605,0.012059589777740992,0.007720324483746781,0.013630952191980747,0.012939028479506839,0.011603310943442736,0.012059589479074994,0.015529500632655126,0.009751243540507722,0.011603310944961632,0.005127500539434322,0.008323626758276461,0.013171853393626693,0.010540302800527583,0.010773968199044567,0.013908110564439646,0.015579533682569341
2022-12-09,-0.005497161467275453,-0.008981700703232209,-0.003440743942987196,-0.0031978644984263786,-0.008370974499857301,-0.004080161299540851,-0.0034407443644973207,-0.004717282759509334,-0.007649354900532386,-0.006533819817985054,-0.0054971614672754575,-0.003440743942987196,-0.009035013918139873,-0.007265868403573069,-0.005497161467960922,-0.007993003185507835,-0.00637379431664521,-0.006934067983566378,-0.005884862988911054,-0.006698189983814102,-0.009215271423439555,-0.009119376619538726
2022-12-12,0.015459657472537667,0.018976291916682403,0.016257174904577315,0.010787277662279337,0.018488491010593584,0.012603304501855664,0.0162571751652437,0.014663506273479827,0.016149932405783527,0.016010707017630472,0.015459657472546424,0.016257174904577315,0.016910494020137137,0.01712249014352675,0.015459657474260414,0.015716653344947113,0.0164963826905812,0.016974074241565627,0.015529534251678316,0.016278971064106786,0.019168895377956154,0.016962230937027256
2022-12-13,0.01401704940996543,0.008607883679981335,0.0067594974100456,0.00791093473968092,0.00831695832216092,0.00895335566743103,0.006759498090421482,0.013596753916451255,0.011159349954267993,0.011142354573095928,0.014017049409965433,0.0067594974100456,0.006839249238326866,0.011087694346501465,0.014017049411031931,0.012450418876727865,0.012707530953214074,0.011167003866063174,0.012929726466640774,0.010782251311093493,0.008602083557052729,0.0068454543890340246
2022-12-14,-0.012580082911393765,-0.00741184379421778,-0.015657782552005877,-0.010038362084646493,-0.008311420111120318,-0.011898564034962556,-0.015657782355438108,-0.011057637961897352,-0.010297170057515905,-0.011614917134270458,-0.01258008291129837,-0.015657782552005877,-0.00904944407192746,-0.008280816713563203,-0.01258008291111241,-0.009600523499386287,-0.008657586497332476,-0.01044575151125704,-0.011262267955270966,-0.010439530132394553,-0.006982469126628874,-0.008965964558998668
2022-12-15,-0.041479584890614325,-0.030570639947184636,-0.047987240758346573,-0.0403146089874709,-0.03164348477820384,-0.038987385728917134,-0.04798724075083786,-0.041695593350310985,-0.03432891367986076,-0.03798656276944151,-0.04147958489063494,-0.047987240758346573,-0.029644580957938527,-0.03631960037753493,-0.041479584889599845,-0.038450814968992025,-0.03769199251408484,-0.03656153483440908,-0.039720261151066694,-0.037022914327807806,-0.029458512032141025,-0.029364089080373974
2022-12-16,-0.007868528565031214,-0.010217171789540866,-0.014686252092657927,-0.0036432812143886357,-0.010698663960969636,-0.004274386718576128,-0.01468625208580575,-0.006462482920301408,-0.007555715751901294,-0.008695679142496497,-0.007868528565031202,-0.014686252092657927,-0.00882261219695063,-0.00934335777834746,-0.007868528565921313,-0.0068931238426859776,-0.006929573963789315,-0.009283596263000425,-0.007698256231371735,-0.0070761485912661645,-0.010019411326684602,-0.008532359610556265
2022-12-19,-0.014139915584988807,-0.010964394433211448,-0.016037550732249373,-0.010287753587561458,-0.01187465094568961,-0.010239108900294079,-0.0160375507218268,-0.014398963696302771,-0.011928915553316733,-0.013042685857606328,-0.014139915584988817,-0.016037550732249373,-0.010187467957639883,-0.014189232240293753,-0.01413991558613148,-0.015159303386404805,-0.015554935393070613,-0.01300728326533921,-0.013751689689147882,-0.013194656639686303,-0.010903408860682945,-0.009968635932124593
2022-12-20,0.0015433342995929986,-0.0005818182729969601,-0.0005288037216911124,-0.0006862167211425227,0.00033277410476157505,0.0005570160509478872,-0.0005288037209274816,0.0029129902144425807,0.0006727119964248158,0.00068837468536102,0.0015433342995930031,-0.0005288037216911124,-0.0006118079510141626,0.001163292946536022,0.001543334299855449,0.0009712874652460656,0.002405072472621881,0.0009380542021772871,0.0013822383710012957,0.0010103051673084596,-0.0004317067834362191,-0.0006149181422717789
2022-12-21,0.01736432862382051,0.00982434383762561,0.023530344940019127,0.01305833489669053,0.011272451312849499,0.015030221058371497,0.02353034489900177,0.016479232842117744,0.012859974394229222,0.01547400965261545,0.017364328623820504,0.023530344940019127,0.009800114389692575,0.012351930078117804,0.01736432862410144,0.011454581512423056,0.013011402260587843,0.014318389968335003,0.015558751440341823,0.013717575186613592,0.009458654607110727,0.0091695718943719
2022-12-22,-0.02576171215570896,-0.01557919987678401,-0.024059779853873895,-0.013637157059637703,-0.014292704801704532,-0.01854712997791267,-0.024059779850748326,-0.021675478264852048,-0.018320802731340277,-0.020855854048242573,-0.025761712155708966,-0.024059779853873895,-0.011020213714413151,-0.019326667007101197,-0.02576171215767053,-0.022934943957221066,-0.0211834959730996,-0.02002720847870675,-0.02311464367557583,-0.020398074922945014,-0.015067753995851816,-0.010177887499128822
2022-12-23,0.003985887798421857,0.00296364923931887,-0.00280208401772807,0.003133074929016311,0.0016436203259881795,0.007255697028282,-0.0028020839479874636,0.004913742311528711,0.0037416962732230792,0.0028150726848547728,0.003985887798421836,-0.00280208401772807,0.002370845586170308,0.003696416195898984,0.003985887797914565,0.006265448329039466,0.005209916417177884,0.002814754062205019,0.00427310197230772,0.003977379423383373,0.0028877126044884634,0.0024807918136046875
2022-12-27,-0.017906569552059985,-0.0034629985349092607,-0.013975506357167596,-0.009642704867285247,-0.0038026087074796515,-0.01340189899543102,-0.01397550545852265,-0.01262124423549162,-0.010322930903079595,-0.01257713514608773,-0.017906569552016707,-0.013975506357167596,-0.001156046955877644,-0.008210697070193665,-0.01790656955213607,-0.01030894695230785,-0.009762942181547971,-0.010854589129769818,-0.014411080924711443,-0.010151903873208724,-0.0029960110841439833,-0.0011219642008126502
2022-12-28,-0.015771396623316936,-0.012798319984820023,-0.0311657675042949,-0.014693146207520423,-0.014789511795493373,-0.0172706725020143,-0.02490244777818885,-0.017065811376373904,-0.013352969293870667,-0.016569034775127882,-0.01577139662331694,-0.0311657675042949,-0.012845429324897475,-0.01632962016337186,-0.015771396623648803,-0.01596901386537087,-0.017059177087925564,-0.015280454209405155,-0.015767814092130725,-0.01613818939370424,-0.012440601643365117,-0.012730862494450115
2022-12-29,0.031176413706621824,0.017224899564184562,0.009094103637540795,0.025510810331875876,0.015960536841868066,0.033558204681546466,0.009094105871076036,0.02933717633649352,0.022343489682333954,0.025162461135537256,0.03117641370661991,0.009094103637540795,0.011661410186384294,0.022188616319318295,0.031176413704887967,0.02452257003705298,0.025223928890783683,0.023568475274244945,0.028651186993171842,0.024830847832198622,0.016340227410186366,0.011587660420366104
2022-12-30,0.0019644339292703467,0.0018838243581158541,0.0029428393693571703,0.005279479726413828,0.001617817061838201,0.003133436304865323,0.002942838980626962,0.0017462494712066035,0.0023557961049006574,0.002264896760053506,0.0019644339292614775,0.0029428393693571703,0.0028778139201679517,0.0010490878526867523,0.0019644338967866053,0.0011132205795487081,0.0006416972331099871,0.0017911254955542742,0.0019056185772590968,0.0020821993817512732,0.0017304269552062767,0.0028788667804978967
2023-01-03,0.0034558496252709223,0.0022553870048112098,0.006277608911911366,0.011469102608956965,-0.004377806894678762,0.01696089348389049,0.006277602599173499,0.00553575017347655,0.00458455333709223,-0.0020754079597834,0.0034558496253399244,0.006277608911911366,0.0002261788898477472,-0.0021537371671009305,0.0034558494579833387,0.002364547068863461,0.00102862795738126,-0.00046097863470391867,0.0036336897729963295,0.0016816173644570893,0.00632851417903083,0.000274453849720838
2023-01-04,0.013115588995539407,-0.0029241675090234537,-0.00021022424647792383,0.018411691605195804,-0.005983550324227323,0.02615944299599788,-0.00021022145184047155,0.010164839520179108,0.007785263698628336,0.007902287858078736,0.013115588995363468,-0.00021022424647792383,0.0010304359609570816,-0.0017174395761642763,0.013115588835992592,0.001528310905529625,0.002078431726425821,0.003566019335656042,0.01021191451787794,0.008592522020995322,-0.0001051746517444184,0.0011607507075844738
2023-01-05,-0.021227779551508404,-0.015808236672539295,-0.014190648289827511,-0.01401327968332197,-0.015418505946840182,-0.02063528963777987,-0.014190648267320125,-0.019662270123142988,-0.018412927047400413,-0.01788350691708475,-0.02122777955153863,-0.014190648289827511,-0.013772482724055703,-0.016834674624152952,-0.021227779542831254,-0.01675315448161533,-0.019150495900637964,-0.0183231427491743,-0.0199659559975189,-0.01879651526335513,-0.01493914614638437,-0.013725637807972844
2023-01-06,0.02492078490678496,0.027947828801580997,0.03025435642986889,0.02585525013939746,0.03031539021823242,0.022413613572859137,0.03025435652789185,0.023658165024734258,0.027054213515699366,0.027936042919030776,0.024920784906807304,0.03025435642986889,0.0310556103864423,0.027610638147191266,0.024920784934251004,0.026010914388863653,0.026737331952767753,0.0276180875625087,0.025320262006991816,0.02734218603879341,0.028516216095152362,0.031034148063083085
2023-01-09,0.02015936943732681,0.007968539134073586,0.005366417895118624,0.010446151950806648,0.0053944996534915895,0.020029897469968916,0.005366417908086784,0.015880301272874396,0.014242188821276478,0.014049327680071843,0.020159369437326827,0.005366417895118624,0.005214085151881916,0.01005627686374799,0.020159369410659593,0.011277509062899687,0.01429530816736744,0.012776934545409215,0.017374779279304933,0.014342544416193155,0.008528754988818978,0.005192912521753366
2023-01-10,0.0104872888478853,0.005302625523750516,0.004723249766758394,0.010609874859752176,0.004789315499557954,0.0074297981396942,0.004723249766726883,0.008849064837255964,0.00818167321570881,0.008140160847255376,0.010487288847885684,0.004723249766758394,0.0046855305078692955,0.005534579288327619,0.010487288824872133,0.005209442758541951,0.005823075251090543,0.007638302173721632,0.009047724585885288,0.006537759966590753,0.004958365721701292,0.0046855964529621255
2023-01-11,0.015516402347723742,0.014921855379609548,0.008161659276935749,0.01072562309122846,0.012844480002106994,0.008162652844620349,0.00816165950840335,0.01699278441624251,0.012574505121042008,0.01448410265832135,0.015516402347704924,0.008161659276935749,0.009896770246457482,0.01868511946824615,0.01551640236848246,0.02296523807636063,0.020096645031554894,0.014180441174915367,0.01609259388165151,0.0157489629424511,0.014188882217474923,0.009897614758387761
2023-01-12,0.01134937076109829,0.0015929630448169052,-0.0005994801481525674,0.005032132058858199,-0.0022509635512793415,0.01723333798380061,-0.0005994809481230251,0.008434232077041168,0.005098968787230948,0.005650542012362888,0.011349370761130474,-0.0005994801481525674,-0.0037567282869688324,0.0029984466910830815,0.011349370727969656,0.0052516063889649,0.005638812897895684,0.004549203604909478,0.009070261522525396,0.006012222269445979,0.0006479221048638459,-0.0037787835980875525
2023-01-13,0.006190135661581121,-0.0004437927457446899,0.010068590191763312,0.0005927798736831986,0.001297074770202864,-0.0017486627903740702,0.010068309662097704,0.0047294435042115595,0.00273332369635078,0.0046113962175587005,0.006190135661588914,0.010068590191763312,-0.000681646513228199,0.003093395477580947,0.0061901356632707745,0.002792673131637947,0.00485910717577536,0.003743605215891994,0.004986596472481356,0.0031313051463925288,-0.0010176722381826466,-0.0007664635575210898
2023-01-17,-0.0011759735082720931,-0.009938243924570022,0.008718173273347975,-0.012619956029745241,-0.008138785124408854,-0.0041161044698775915,0.0087181709053784,-0.006347634298142304,-0.007306370940424842,-0.0035233499862935185,-0.0011759735082489493,0.008718173273347975,-0.012936138893996484,-0.007118646521742761,-0.001175973522535366,-0.00759406313176581,-0.0070802557044668726,-0.004657379316340473,-0.003574795173095056,-0.0060171358868051986,-0.013360970918336079,-0.013048350183223282
2023-01-18,-0.01528720779137963,-0.021903207482088405,-0.005384455706188236,-0.02015205165601516,-0.01890634186512772,-0.021372382034433413,-0.005384468416960472,-0.015244903987772111,-0.019111870693847736,-0.016192209385647797,-0.015287207791379629,-0.005384455706188236,-0.0220163240287412,-0.01639160361020747,-0.015287207783673594,-0.016588813003969406,-0.01445841895902722,-0.017096774828253676,-0.01595271462737856,-0.017112452416592844,-0.02212241192976201,-0.022016342606258576
2023-01-19,-0.011975917430413244,-0.009355734025888515,0.00044345868182602704,-0.01221251005914505,-0.006769661938689241,4.422007261438519e-05,0.0004434567889723354,-0.006892384970065093,-0.010955911967390843,-0.009475507637382877,-0.011975917430434146,0.00044345868182602704,-0.007820980823139891,-0.005787787691457859,-0.011975917410999497,-0.0051896601026968124,-0.004386473098287909,-0.009372789684551245,-0.009805555725244455,-0.007640573887304218,-0.006765510445985267,-0.007920654326306164
2023-01-20,0.0381660423262057,0.01757508616319942,0.01903829570640104,0.029900634038543733,0.012090711226398774,0.03365592727748988,0.01903829545017981,0.03555666171239847,0.0256452937953094,0.027471412543172202,0.03816604232620857,0.01903829570640104,0.009109281894592213,0.025335351694077805,0.038166042301432765,0.03038202608179394,0.030478809046160255,0.02512837677630225,0.03443026621214857,0.02802288654516173,0.019011499922793478,0.00873444835905314
2023-01-23,0.030611814442113007,0.017230905314391143,0.023228641247340937,0.021970579998966788,0.017532626240331448,0.022567874940788754,0.02322864123872771,0.021403843729615728,0.024476623238324724,0.025669843945654556,0.030611814442218166,0.023228641247340937,0.016905171169469067,0.019624173298527295,0.03061181442446907,0.020583857334905562,0.02032283888062507,0.02407222034122223,0.026798915205940268,0.023479044572952332,0.019035679806804005,0.016501097302649585
2023-01-24,-0.004095459762483283,0.0023183997034877013,0.01001266258106344,0.0014114643488733428,0.007279472738985606,-0.0013139710289247746,0.010012662283902874,-0.0036052620730189083,0.00014477620446817644,0.0006709060320803926,-0.004095459762483296,0.01001266258106344,0.00719201241398096,-0.0011093771664404733,-0.00409545975431667,-0.006434013186902718,-0.004646855917221745,0.001592006488251158,-0.0035378047435271395,-0.00198763675794185,-0.0008652016951270001,0.00703392882700616
2023-01-25,-0.001714303823095294,-0.0012222925495451419,-0.004711571205163316,0.0005687599872405186,0.0004562602211102486,-0.003590961630186966,-0.0047115710162236755,-0.0027657489097085834,0.00039128164952586804,-0.0008479030143081318,-0.0017143038232700504,-0.004711571205163316,0.002026151569615454,-0.004410069270345348,-0.0017143038289634922,-0.008415515634128354,-0.004876413326702761,-0.000629021800992524,-0.002361803028387354,-0.0020237947070495055,-0.0031056638721639667,0.0023066562991196247
2023-01-26,0.018963472473460447,0.013674284616928756,0.0146948032419419,0.01073298491647876,0.010684416449992334,0.024092795284732686,0.014694803143027837,0.02014605719476436,0.014368056394602046,0.015451037053047489,0.01896347247350374,0.0146948032419419,0.00880639645654805,0.016900610774297487,0.018963472467775813,0.01917523374729483,0.02070944671594721,0.014823944461726397,0.018687692294876664,0.01771300553853567,0.012656857046033181,0.008563630300029273
2023-01-27,0.003543191601551969,-0.0029751345090222076,0.01359144831907594,-0.006155873716865192,0.006693675191644641,-0.013140331165563915,0.013591447803635519,0.001318166038973217,0.003530136009157569,0.005042270321557451,0.003543191601551965,0.01359144831907594,0.0051498744047835205,-0.001763785582553596,0.0035431915997471987,-0.011330525183663443,-0.0013486123481450726,0.005118433396598304,0.0017565636595743006,0.0024812703782302577,-0.007339263690560245,0.005021935879497146
2023-01-30,-0.022103942342344668,-0.0113219345021447,-0.020282568822591277,-0.012954718296720936,-0.011268268394553891,-0.0168371397522365,-0.02028256837600685,-0.016732507625179277,-0.015660785813893952,-0.017803763482785857,-0.02210394234228988,-0.020282568822591277,-0.008095649233139776,-0.014518693166077326,-0.02210394233448219,-0.015547153948393032,-0.015120964067937599,-0.016686105368449285,-0.0193290609163195,-0.0158400025864832,-0.010374496160693983,-0.008054090371732214
2023-01-31,0.017842823272257766,0.012038815593608873,0.009288935693168144,0.012038247164751393,0.009561859694329709,0.017724030408249186,0.009288936009325472,0.01614746392813034,0.014421268241095166,0.01437500834137198,0.01784282327227826,0.009288935693168144,0.009267336136781452,0.013333115898963119,0.017842823261522353,0.015457608855872211,0.015540084484000986,0.013702341483293745,0.016712564096374505,0.014621362064558217,0.01155339361861104,0.00926255464545023
2023-02-01,0.031353989110718225,0.006592607058091286,-0.0020567070840502373,0.013914049974232134,0.0012525829744359574,0.02685747309003162,-0.0020567059159066385,0.019849054968602467,0.01798971080688091,0.01947866222089871,0.03135398911091889,-0.0020567070840502373,-0.001775882391686131,0.011947001194113918,0.031353989077277336,0.018430560132188703,0.01711785464589458,0.016303286042577095,0.025527205834725033,0.018487192761382838,0.006558742016996221,-0.001612045246412642
2023-02-02,0.03783350171175551,0.026409119102347948,0.015323595928485876,0.026679753610253223,0.022265922650289503,0.025303373417898182,0.015323610104383076,0.038000950245612966,0.02882953940112223,0.03198987475589477,0.03783350171174528,0.015323595928485876,0.01666432283361181,0.03508090788759004,0.037833501708408046,0.04294883922498706,0.039255276022173075,0.03004971218102251,0.03695066364629905,0.03364319273693572,0.026216241225509182,0.01717307099063684
2023-02-03,-0.02109297515938857,-0.01108400107423268,0.02410680418002654,-0.014567247296846332,-0.005866509632366535,-0.011698078957127803,0.02410674363443394,-0.02029883810729147,-0.018291431251822504,-0.012562044237916428,-0.021092975159230438,0.02410680418002654,-0.009974515368945135,-0.010752162396798513,-0.021092975148495875,-0.01335996377588156,-0.01722792596332044,-0.013479742395877563,-0.019019621902939612,-0.01400787826202916,-0.013140395516601759,-0.00990159912234572
2023-02-06,-0.018411847062711467,-0.021484744495940334,-0.018091397090423886,-0.02429840766815038,-0.020173039936827848,-0.035617639725138726,-0.018091397249162065,-0.019366198583860975,-0.019862396079643244,-0.0192703726966462,-0.018411847062697315,-0.018091397090423886,-0.021500291455521663,-0.020139722289108767,-0.018411847060642875,-0.02246473252357382,-0.019421304658456394,-0.019292443499769656,-0.01923545716475911,-0.02084995980623061,-0.023451414272902375,-0.02150543221163525
2023-02-07,0.02081653590766884,0.014168422620603274,0.019062070398394547,0.009036423226035057,0.011584624062687928,0.02046808714344369,0.0190620702185796,0.01759652704733647,0.014753837349974045,0.016764179530492297,0.020816535907669135,0.019062070398394547,0.007554712787482569,0.019977141214635202,0.020816535912083364,0.024104411479250822,0.020840948434646407,0.016200579985178383,0.019738144297306307,0.017341273636102855,0.013451247791725575,0.007503084043329809
2023-02-08,-0.01978393371467304,-0.017261008906227664,-0.01781050501467983,-0.019360136170041654,-0.017172881291276636,-0.04682574836668511,-0.017810505110580077,-0.022715084372790743,-0.019296732873491877,-0.019183418871932346,-0.019783933715154807,-0.01781050501467983,-0.01845599882053443,-0.023664448051100694,-0.01978393371827252,-0.02900688743759185,-0.02526418410411309,-0.018478407502974838,-0.021183082021760988,-0.021580377183724388,-0.022757754395747856,-0.01846287593297602
2023-02-09,-0.010685359877189573,-0.007868657360160425,-0.006935619369540199,-0.010654544668103682,-0.0061947195669085475,-0.013811429453472171,-0.006935618987339013,-0.011685546340824204,-0.008375234890886608,-0.008679070705336758,-0.010685359877195854,-0.006935619369540199,-0.005150033779565073,-0.011469272342255088,-0.01068535987626525,-0.015532484720071552,-0.012119934458645641,-0.00844003972204906,-0.011002007750922652,-0.010566846072799632,-0.009256575026309923,-0.005122877334319874
2023-02-10,-0.01096569637095742,0.007377234093662221,0.0024531331717239074,-0.00015978727007410278,0.0077316775560881245,-0.009425702871767696,0.0024531343580079545,-0.005963732026692306,-0.002068164709865801,-0.003391914657530859,-0.01096569637101864,0.0024531331717239074,0.010075338462785853,-0.0007038362736318231,-0.010965696366712718,-0.002923238742036221,-0.005420862579252173,-0.001617009407434648,-0.007325183203904832,-0.0029198199021336023,0.007330737131711727,0.010359221138707648
2023-02-13,0.016883553105791593,0.017554944338079234,0.018632341044002666,0.01436700554724666,0.016118554681093855,0.002186219058870618,0.01863234075158978,0.015714459278126487,0.015176482344944583,0.01607895291471037,0.01688355310561655,0.018632341044002666,0.013435884142615059,0.018435181120663113,0.016883553111851385,0.019157540616336524,0.018536744299907697,0.016501053893442724,0.016683635234025492,0.01648888712939611,0.01740940335010704,0.013395816945095744
2023-02-14,0.005360369105567055,-0.0019562696439151318,-0.004234007548662882,-0.002919602990764553,-0.0026807719474728695,-0.0020313161219805494,-0.004234007217409284,-0.0018517888684629119,0.001876633898774635,0.00174387814565632,0.005360369105606772,-0.004234007548662882,-0.0034741028610286847,-0.0008223641872320347,0.0053603691050768945,0.0001588129555902662,8.407370861373718e-06,0.001339798579047093,0.002932652430259532,0.0021052254881089665,-0.0011603642831752208,-0.0034653878370074368
2023-02-15,0.005223008952082919,0.010256019222821648,0.013807425839470994,0.010266196418679855,0.011775984847360497,0.010471457651891367,0.013807425529961257,0.007840415508200617,0.009374309540237165,0.009105229151336977,0.005223008952209817,0.013807425839470994,0.015356771571132147,0.009436535756226525,0.005223008954940931,0.009486022732601625,0.008560969402505243,0.008499496899721709,0.006745697618311417,0.007349016986525864,0.010763371426285414,0.015369656988757457
2023-02-16,-0.020173298170706625,0.02294608570137449,-0.01048396247469145,0.005618811653383364,0.027114802496975704,-0.018431724301856446,-0.010483955541613113,-0.01513887238588695,0.00833488562600566,-0.000902283068103497,-0.020173298170640015,-0.01048396247469145,0.042704024864556184,0.0011840831107506073,-0.020173298138474405,-0.007382875601327378,-0.010327630622171725,0.003470752163134529,-0.013670823855483885,-0.007083616164796518,0.024974650199036514,0.04322340273299712
2023-02-17,-0.016235747206269562,-0.009033338718802929,-0.004324089347612692,-0.01240935796937577,-0.0064330778433642245,-0.023987092964663007,-0.004324090269713527,-0.014810367116481187,-0.011471084063779422,-0.011958776726876934,-0.016235747206261107,-0.004324089347612692,-0.004416070915016892,-0.011149140580523496,-0.016235747191855967,-0.014684670793633212,-0.013449693473831039,-0.011334412524816893,-0.014955806893149383,-0.013583251177958852,-0.009074038167925708,-0.004455879847134416
2023-02-21,-0.026065369668526458,-0.025744920325473698,-0.021501805384991596,-0.026656654609581568,-0.022514463524467353,-0.025497741907751014,-0.02150180756304566,-0.0254498124847743,-0.02423994395574841,-0.025070985874353274,-0.026065369668513687,-0.021501805384991596,-0.02165854460704729,-0.027920265021401564,-0.026065369679433105,-0.0330590480366017,-0.029590170784270238,-0.024289916596496906,-0.02644607802079956,-0.027116303828488595,-0.02752240733974129,-0.021712072334540807
2023-02-22,-0.0005413688638460767,-0.007576434015728939,-0.007676764206068199,-0.006590353491315263,-0.005316568957265066,-0.005005604011874445,-0.0076767615175603885,-0.0008354515557699496,-0.0033955270000049337,-0.0018102080954545223,-0.0005413688638460768,-0.007676764206068199,-0.007377764029782675,-0.0043578600871014015,-0.0005413688667242462,-0.006287451199928761,-0.0025220322525416447,-0.0029289689105555716,-0.0016442832324863714,-0.0037363124782723595,-0.009368383058011555,-0.007199196996230609
2023-02-23,0.01206514002325023,0.002082203726607809,-0.0020300699567414593,-0.006095303621437438,0.0008608023755573141,-0.0008009879999986985,-0.0020300698763752382,-0.001344442579559537,0.006427056032259295,0.007224302090348733,0.012065140023250294,-0.0020300699567414593,-0.0018389206553527484,0.001375576807010498,0.012065140032936943,0.0029558799631074838,0.001297850690238698,0.006462971199403771,0.007782863297429991,0.007804281298733618,0.0013117158000099838,-0.0017078227249391128
2023-02-24,-0.02402895477064749,-0.017076171854916188,-0.014945515834926329,-0.0223087978544539,-0.01661053324533976,-0.02853962370602401,-0.014945518666822,-0.02506348596634459,-0.02039557919731187,-0.02087916657649612,-0.024028954770644803,-0.014945515834926329,-0.01506146174530662,-0.020252730211245656,-0.02402895476102025,-0.019658568848121227,-0.023800022388646834,-0.020319744007993627,-0.023464750736194896,-0.021373492722146982,-0.01675393596013733,-0.015129515387497027
2023-02-27,0.0057590326265441714,0.0037248147124067437,0.005143534712519269,0.004477982584054142,0.005488551005122213,0.0003870421150161666,0.005143534776540584,0.004933954300604612,0.005512833460984066,0.005973357002830207,0.005759032626544175,0.005143534712519269,0.005253951433200597,0.004379491883430197,0.005759032627190819,0.0027578247484350113,0.0038318033453348423,0.005623791815833193,0.0051345676683284235,0.004409250136899933,0.002734395043403369,0.005351565460607832
2023-02-28,-0.0013561444635720736,-0.004687166288602571,-0.0034536733978069115,-0.0023872802786798326,-0.005256785890037397,0.0005419714049777028,-0.0034536744947109787,-0.0004336237360954936,-0.0033664558152529736,-0.00292721839201778,-0.0013561444635720717,-0.0034536733978069115,-0.006173936938973728,-0.002268831504133794,-0.0013561444688097062,-0.0012794944162711065,-0.0003895348204200413,-0.0033064651768047355,-0.0014049771418488185,-0.002256964031883931,-0.004420159890688343,-0.006094928101600891
2023-03-01,-0.005102405537051975,-0.003268736666232992,-0.014348405673769596,-0.0021197440044429224,-0.00603895269877187,0.0062715383753390265,-0.014348405671719766,-0.0034417221395019928,-0.003722895594828428,-0.005627111827978926,-0.005102405537051987,-0.014348405673769596,-0.0031576863417109038,-0.002783710659233894,-0.005102405543105145,0.0009817149885692573,-0.0008130934737254346,-0.005570679117911922,-0.003909898885264739,-0.0038157181341964604,-0.0005404298079890451,-0.0028861116441108482
2023-03-02,0.022583917857990285,0.009858119492606107,0.004120459012055335,0.012062168978183635,0.006366272390487691,0.017876064975127427,0.004120460662247087,0.022672198150940417,0.015119440549868671,0.015149101096314682,0.022583917857990292,0.004120459012055335,0.00393827980434381,0.019994508174914695,0.022583917862880186,0.025594603621508963,0.027493816950873204,0.014475095124238986,0.021431896662283782,0.01820658425741566,0.011411534549678904,0.003941907546354567
2023-03-03,0.019082442524089478,0.01676026106406576,0.03448858874578687,0.015589014730338155,0.01935726838198732,0.019827338979816006,0.03448858049881196,0.019479993753042078,0.017583918112984296,0.020456780922334356,0.019082442523981773,0.03448858874578687,0.016677523229438124,0.018066049762073638,0.01908244252294388,0.015892028973365245,0.017863341718649253,0.0192198554530384,0.018853166810442787,0.019346508971879485,0.01439563561603955,0.016800754175956105
2023-03-06,-0.0010502768988262285,0.0031031929368199617,0.018369541995292744,-0.002485694090484624,0.00660367882261004,-0.00514442176495517,0.018369539820924066,0.0005410610025987108,0.0005046406405853145,0.00283451925894964,-0.0010502768988262245,0.018369541995292744,0.004677284481011925,0.004017200295728921,-0.0010502768911317033,0.0022782616619723434,0.002140366334062239,0.0027767009618919064,0.00016181018576307883,0.0015532100930953803,0.0008744393570573694,0.0043448014204991135
2023-03-07,-0.009480769644391944,-0.011670066381820709,-0.014602615342408042,-0.012699745696654285,-0.01135589677729593,-0.019336495561936215,-0.014602614792821265,-0.011231576007305826,-0.009837785064031195,-0.010472181128285695,-0.00948076964439195,-0.014602615342408042,-0.010874389414867023,-0.011364022121279002,-0.009480769643723418,-0.011855329718510298,-0.010615691113844507,-0.010418333210843938,-0.010178807552338921,-0.011373543520248094,-0.011663806649201231,-0.010780323900443176
2023-03-08,0.011401385489643758,0.004610988358349618,0.008342623338121557,0.007953833765169263,0.00412591439296002,0.013282350879853513,0.008342623574767767,0.0067842599644282455,0.008473173233559304,0.009112438470831404,0.011401385489643751,0.008342623338121557,0.0045857820354699135,0.0048415631932980634,0.011401385480652847,0.005049836553353059,0.004881257593200041,0.007763649941301888,0.009465813242833007,0.008109733914587015,0.005228877787896675,0.0044759592647810615
2023-03-09,-0.01540182323803635,-0.004437152463615918,-0.015027268701101817,-0.009817588948652844,-0.008057345622616074,0.006671062304971747,-0.015027269103078604,-0.013144434698708216,-0.011692111677171192,-0.013027069331024838,-0.015401823238036344,-0.015027268701101817,-0.007181968757833076,-0.009397205789403935,-0.01540182323876119,-0.007128320298956265,-0.010683641435705975,-0.011729584430326213,-0.013188857417342222,-0.010537982873049507,-0.002776881203040098,-0.006956313029503475
2023-03-10,-0.015481629150611957,-0.004870828785780784,-0.013975892617878403,-0.007351024545470379,-0.008553651491616845,-0.0040066322375770375,-0.013975893071810363,-0.01491618989643274,-0.011342976439765702,-0.012669110727143131,-0.015481629150640936,-0.013975892617878403,-0.006182451818671865,-0.009349150967341503,-0.015481629146699056,-0.006881855055015115,-0.0110385273800408,-0.012017640321114402,-0.013478372649675278,-0.010516428132267695,-0.0017709348554825646,-0.005933820075640341
2023-03-13,0.00220875449802593,0.002446237071171937,0.013178839635956358,-0.002950410614976211,0.004063009527013453,-0.007264472075930482,0.013178838585171748,0.0030693849714687757,8.772345355072698e-05,0.002528622890364942,0.0022087544984356073,0.013178839635956358,-0.0018136974663964206,0.004945442415416038,0.002208754509570689,0.004959044857375142,0.005033025870416955,0.003135882012519691,0.0023853766308326234,0.001442536166616163,-6.569731705827111e-05,-0.001665135791793185
2023-03-14,0.028549986839876217,0.018383689101728277,0.013991016970956241,0.019015216077478077,0.015514960122807129,0.024085366723387024,0.01399101942659096,0.025244906952510957,0.022383507413719222,0.0225120922333969,0.028549986839876213,0.013991016970956241,0.013254990220826195,0.02309646296291263,0.028549986842490133,0.025558873070282997,0.026956246597318247,0.02203247348134167,0.02665100812157647,0.023715573491423142,0.019735234812666178,0.013212448635148073
2023-03-15,0.011886951462278677,0.005274705589814048,0.0026178490443059016,0.009513174833749714,0.0038878357910297943,0.011452395254616207,0.002617849062978963,0.010815192507444265,0.007213723156581338,0.007698996020111907,0.011886951462303511,0.0026178490443059016,0.0003574944099560943,0.007754147237446574,0.011886951448928061,0.009133084292277306,0.008903150952174647,0.007887393626654235,0.010723449577646128,0.00874474527858218,0.005780130005571912,0.00038332270137435526
2023-03-16,0.03804919345500407,0.02807971539286121,0.01852161946582733,0.029427316848004127,0.024533149875100864,0.033251982468038364,0.018521626486507427,0.03505291529859829,0.03137991589316176,0.03140487393841822,0.038049193455025,0.01852161946582733,0.02127334364561688,0.0324585720920839,0.03804919345839734,0.0350891989700375,0.03691633476081891,0.031291171665052464,0.036400010189175144,0.034195413766146446,0.02799198684283875,0.021270502417409683
2023-03-17,-0.0018589318034637,0.0015030146245760166,0.007178360441854628,-0.006887804222722772,0.0026034480460614758,-0.012305144800490735,0.0071783603622765264,-0.002574333975280946,-0.0005570795029194863,-0.0008915665640193966,-0.0018589318034244779,-0.0035137893944982863,0.0011173132098177849,0.0007057234849371875,-0.0018589317737128454,0.0005961789838520493,0.00010815274208631062,0.0003722581212988877,-0.0015697244087714945,-0.0020673323891570146,0.0018484911233580263,0.0012558462523430546
2023-03-20,-0.00121960584303512,0.004039317683093596,0.0067795972330732,0.003337440380184688,0.005372440138058449,-0.009518239665625126,0.009754735978169816,-0.0019160914972728032,0.005201293091934743,0.0033448729501483186,-0.001219605843014923,0.014037985549474859,0.014442193810850875,0.0007827000377334794,-0.0012196058355371147,0.00011547510604687709,-0.0018853337596023954,0.002076417147511665,-0.0006114380646545458,0.0015315132640097149,0.0055595112488248995,0.014117171885251113
2023-03-21,0.012795285229985277,-0.002117916225675378,0.011478205262174544,0.004113842598802552,5.001704634258544e-05,0.011266018710437467,0.011478205265099701,0.013469578086688862,0.005551460169320742,0.008000920255094045,0.012795285229928061,0.011812081152819127,-0.0040935001345632875,0.006586332823916469,0.012795285197163102,0.005973398621809537,0.010584750700476795,0.006422651138163931,0.011179894123966293,0.008393318016256729,-0.004294011070079616,-0.004336889401217032
2023-03-22,-0.014496437214643068,-0.01820045566177716,0.010215261167092881,-0.024398612296073947,-0.017410654514930127,-0.020255824687134247,0.010215260739331374,-0.017476324112853717,-0.01836582601070684,-0.016049947283386223,-0.014496437214613031,-0.006151813199344066,-0.021916844143416905,-0.01575051623875621,-0.014496437191008389,-0.014157944551419967,-0.015477881786305835,-0.015953545864786603,-0.01566992479413428,-0.01758600328813773,-0.0203031505542603,-0.02231215435909881
2023-03-23,0.018835834747494756,0.009965748635355617,0.026949689542196852,0.01954331704664746,0.008848653653502103,0.0036289515406849777,0.02694968503857333,0.01615987090514908,0.013479208334917721,0.01404634423912566,0.018835834747473336,0.010037957644204471,0.006036721128516016,0.013523837984720281,0.018835834748395328,0.013147686545292215,0.014535689502367818,0.013842244200498427,0.016991414764398742,0.015457644772017477,0.011172777213762045,0.005907376101373778
2023-03-24,0.006002867228874257,0.01356007268052231,-0.015268159059852833,0.014835328613418502,0.013070508228233009,0.014665873369621074,-0.015268156892037836,0.008537244558116037,0.009826861764269453,0.00879351322089916,0.006002867228874255,0.004631968864016525,0.014473720367553539,0.010974183224492092,0.00600286721149719,0.008918176853528664,0.009687890678009209,0.009536687728553634,0.0076975497466643915,0.01020518879951204,0.013701138599500676,0.014738600573808928
2023-03-27,-0.007857506750984147,-0.004465664472509105,-0.009304033548706382,-0.0032187120830923874,-0.005505634706821372,-0.006962452910124998,-0.009304033409766753,-0.007520290874116221,-0.004476998272659906,-0.006564663302894016,-0.007857506750984147,-0.01371544323306622,-0.0016768265251141637,-0.007957989219442255,-0.00785750675621426,-0.0077667052474444135,-0.008327816458139039,-0.006681570728902761,-0.007590517738468383,-0.006767718640981139,-0.0035353000897081588,-0.001173720885707161
2023-03-28,-0.005873107357620022,-0.0029084490150469654,-0.004571266425259474,-0.0041964612204533625,-0.0034260019280637818,-0.0019066857582822506,-0.004571266422635062,-0.004575223276663392,-0.004712806100880089,-0.004873178088933537,-0.005873107357620022,-0.0040786049393008545,-0.00312950703728943,-0.003064367718838562,-0.005873107350802223,-0.003248116399947273,-0.002669408575766823,-0.004649554642841901,-0.0050644192077399924,-0.0038475613157374564,-0.0027360680259959328,-0.003095137592073339
2023-03-29,0.023556165398891448,0.020629356820841285,0.021501343942127608,0.02749191294467064,0.016911311613749595,0.05568210432423629,0.021501343711602044,0.0243153390811969,0.020277960904589762,0.020884030893927832,0.02355616539889146,0.019891829415420465,0.015982444350732823,0.021719934420568895,0.023556165378325507,0.023064164109252036,0.024307065658451213,0.02023373850632052,0.023705718235192408,0.025026509021114182,0.022002311929314736,0.015671569901926165
2023-03-30,0.009982174946954601,0.007823117614518803,0.014678412059731572,0.008857658086776922,0.007567670419196867,0.004616440854501107,0.014678411627197104,0.008918667184594838,0.008016585597684082,0.0088111792479937,0.009982174946966679,0.010589126989609976,0.005743059628106719,0.007505210941822091,0.009982174944911604,0.006880458396128954,0.00753595629299471,0.008774922683075736,0.00925665029444626,0.008976355504019227,0.007239891274734398,0.005586281770092382
2023-03-31,0.0155792795753277,0.01613740278538063,0.014286029922670244,0.017835734528181806,0.015900206309782398,0.017261032551689395,0.01428602995456689,0.016310923325521247,0.015904459245261692,0.01575641617686956,0.0155792795753277,0.015331967800559773,0.016269364895770983,0.016720400985112297,0.015579279568933858,0.018157212070279954,0.016714249422991052,0.015739742942555052,0.016000808763616224,0.01620606533612793,0.01673313578994872,0.016333806943218086
2023-04-03,-0.00253109046609767,0.0005969004286308802,0.006745367345615261,6.598908051681416e-05,0.0008599580085181518,0.00605500796912443,0.006745367040753679,-0.0017187406813495793,-0.0012891554468097929,-0.0005940834293268537,-0.0025310904660976767,0.007528934163823249,0.001132165269119363,0.0001706146628014868,-0.0025310904538200355,0.0009161984962301371,-0.0011929725452292296,-0.0008355662287897593,-0.0019166497418603777,-0.0007425730475583077,0.00020608794265095874,0.0008284502437175803
2023-04-04,0.0004819790673679049,-0.0012289977811886345,-0.018478515279105073,0.0007247977929743439,-0.0018115233255040445,-0.0016483515013231507,-0.018478514697165768,0.0023573302846782436,-0.00048198541383816327,-0.0006185739887642292,0.0004819790673679016,-0.005608691581805969,-0.0021155773071712338,0.000631310518301573,0.00048197905165236056,0.0021427653132219593,0.0026493301010791963,-0.0006647721290680688,0.0009673472152665634,0.0012993008232757997,-0.0012946869838808689,-0.001972319096131181
2023-04-05,-0.014049485943839571,-0.0039636536167423075,-0.021055616558456235,-0.008219324577627005,-0.004202419582233478,-2.0854429294580686e-12,-0.0210556162559262,-0.011409693142687014,-0.008429691572101506,-0.010078255779691727,-0.014049485943839573,-0.012854258153096761,-0.0016053797539618802,-0.006852559950205587,-0.014049485931129783,-0.006796374778585794,-0.00840953581259905,-0.00912595276303653,-0.011970152384575737,-0.009750494550496133,-0.0018217985046264326,-0.0005909468685997573
2023-04-06,0.005178941913625693,-0.0007076472890041258,0.00578665102934882,-0.0021987185886522416,-0.0007920424672418283,0.003081668337197621,0.00578665087775913,0.005001812654492041,-0.0011608039508215376,0.0016259276930730062,0.005178941913625681,0.005528044919429768,-0.009777264665528244,0.0037057553851653074,0.005178941899247528,0.007633197222106778,0.005173396650660558,0.0021934497231919326,0.004731524999354162,0.0027234849578566195,-0.0026088492274748626,-0.010022592657859838
2023-04-10,-0.0017329398184055774,-0.0029493087802103597,0.019848305973652624,-0.0027897999592946666,-0.0036957868296647045,-0.014154479280332739,0.019848305297508497,-0.00537518406811882,-0.0005718805531653763,-0.0029872942113124508,-0.0017329398184055649,-0.010543283931901364,0.0002146285948970894,-0.007392656469896037,-0.0017329398088898355,-0.01011602682350225,-0.008573086072696566,-0.0027143633240351403,-0.003386039901846224,-0.005286501506699168,-0.0012558322488527066,0.00048471852145532096
2023-04-11,-0.0129155102688302,-0.014528096814456347,-0.01497788486737122,-0.011104980000038359,-0.014930633330389813,-0.010293298525179496,-0.01497788480734928,-0.012626125436317916,-0.01332076464432308,-0.01295908038742632,-0.0129155102688302,-0.014269679037087505,-0.013772164627327802,-0.012729667953307124,-0.01291551027017981,-0.011039086129765204,-0.012486835257419573,-0.013923071799610009,-0.012889457894953328,-0.012135665921616745,-0.015105574326793502,-0.013790989552822031
2023-04-12,-0.009331137274429744,-0.006892008551341628,-0.025120673768087756,-0.010150166709907715,-0.006669856059388903,-0.006762160741201465,-0.025120672741166118,-0.008003033766586776,-0.009649195966250008,-0.008584775552877014,-0.009331137274429743,-0.014999893186839756,-0.00999813523082638,-0.005701885577567315,-0.009331137281993453,-0.005075885892645612,-0.005374798953229361,-0.008000496666909324,-0.008368723371769807,-0.007702636295899073,-0.007964889413462978,-0.009929709156126428
2023-04-13,0.021324835525808085,0.017415141022476266,-0.001208412320161758,0.021086578276836247,0.018317324191601352,0.01496831151399983,-0.0012084106217852182,0.024293600707960293,0.018265234839988514,0.02079449812098283,0.021324835525808085,0.00883802448395693,0.014230078496322013,0.020907812754190687,0.02132483550220905,0.018098940795477587,0.02209764595904283,0.019821079858704724,0.021346356060169158,0.021323093678932457,0.015472057972379372,0.014331801569553167
2023-04-14,-0.0008199920506201496,-0.006511510476481203,0.011085781433961142,-0.005608728601753724,-0.00632406977880735,0.013285360230476946,0.011085780813582802,-0.0017226847570661423,-0.0025445074175604572,-0.002384049194444146,-0.0008199920506201431,0.00013973242478612776,-0.005062212315989452,-0.004059606934794984,-0.0008199920525399143,-0.0012828699085908543,-0.00236296022275148,-0.0035720309147137504,-0.0014152116603830286,-0.002142316164143998,-0.005588174254476141,-0.0050934299438776445
2023-04-17,-0.0019178765529874896,-0.0008162334028827501,0.009077582156682026,-0.0028243503251028012,-0.0011001102100826913,0.01240660515799228,0.009077582039207752,-0.00113887945468852,-0.003213791682284789,-0.0019938805766936134,-0.0019178765529874898,-0.0005307986457841547,-0.004939617680249849,-0.0009738980239111599,-0.0019178765511178777,-0.0027688469553421823,-0.0005644378933164699,-0.00150899338153509,-0.0017587297241745902,-0.001156153873101446,-0.002908538080593304,-0.0048774437935219265
2023-04-18,-6.157484535660568e-05,0.00028717496426565415,0.024329496796053854,-0.0014300194042735806,0.0011218371638557912,-0.004916459747990595,0.024329496519345933,-0.002364588665243667,0.00020163860416859305,0.0008357977909019987,-6.157484535660482e-05,0.008310380704711956,0.0008171922481483039,-0.0004165340106926825,-6.157484054089145e-05,-0.003829440465622969,-0.0015493079493443247,0.000530131159249593,-0.0006852691502855629,-0.0009401339312641913,-0.0007625595004606046,0.0008382578531961814
2023-04-19,-0.005901449034260296,-0.029150290210203576,0.009496602888236257,-0.026724947780178844,-0.02760479891283999,-0.04551247496267887,0.009496602651963587,-0.008209443018379241,-0.022008863093588803,-0.014362007480600826,-0.005901449034260283,0.0024146271847190312,-0.043820275280844846,-0.01489629879159532,-0.005901449035680158,-0.012205043384676992,-0.008625320104980782,-0.016753123973550145,-0.008926716695031919,-0.013064818327827932,-0.03490010769553073,-0.043811923985607154
2023-04-20,-0.008309743837404389,-0.021697946505907884,-0.030055716666964338,-0.014659514437995458,-0.02104622695542397,-0.00277901461914164,-0.03005571647746747,-0.007289061445111189,-0.017330891565920176,-0.01368498446927138,-0.008309743837404397,-0.013224724983691517,-0.02699534668309298,-0.011713677915460493,-0.008309743840652545,-0.008939718309575765,-0.007941592983329014,-0.014677985396414179,-0.009502093361428671,-0.01225524266268844,-0.023321092711131967,-0.02840486870000204
2023-04-21,0.0008347718694258037,0.0032727283323114673,0.0005529335771485358,0.004834739032273975,0.0032335352999033253,0.0034490446640411186,0.0005529334478010838,0.0028284199455400868,0.004346564696192902,0.001751361439116052,0.0008347718694257974,-0.008223963494651446,0.006654990110180179,8.394714789399958e-05,0.0008347718691225307,0.0006066209605358746,-0.00030592963969492564,0.002034153584664565,0.0010409889057073757,0.0012563740793334374,0.002013557494289699,0.007045251582381367
2023-04-24,-0.004779484237934458,0.0005270146397821033,-0.002843048571819563,-0.0014114292902198669,0.0012097225354074015,0.007625783176152315,-0.002843048627248409,-0.00447379627719382,0.00018262271651097632,-0.0014626501724788257,-0.00477948423793446,-0.011460647805890083,0.00624298420614989,-0.00334147022241171,-0.004779484237264814,-0.0036938975423592936,-0.005675089342883793,-0.001784880851263529,-0.004182563957587867,-0.0031630917070032865,-0.0004238705060889752,0.006387668429572456
2023-04-25,-0.02428819355271334,-0.011586174457081828,-0.030068431432724477,-0.017789202289823957,-0.010877430149409619,-0.006350686554490477,-0.030068431305624074,-0.021783880241445664,-0.01711319076333881,-0.01814266502875385,-0.024288193552702817,-0.012663404669133935,-0.007230879604094018,-0.01613485707981835,-0.024288193548715857,-0.017348973713421277,-0.01916434554320376,-0.017582811851061482,-0.02212578516035785,-0.01918699975375196,-0.012633837237640071,-0.007192750845289684
2023-04-26,0.010344218547613412,0.008663470931716852,0.026882865670598142,-0.003330881399698707,0.008760472809528946,0.00818185643598428,0.0268828654145856,0.00729076948212991,0.0015071137104757763,0.005352949864211557,0.010344218547613408,0.0041044545867718685,-0.009464250758524207,0.008023678072332853,0.010344218549586483,0.005461363505849481,0.008266332435926662,0.009552345678571179,0.008802623680324962,0.00580786901257043,0.006339688167960423,-0.009307430222354023
2023-04-27,0.023903897737781628,0.012095039773219584,0.009966759480760784,0.01498752236271678,0.013104311734988964,0.020347540260805205,0.009966772735803871,0.025950773558977933,0.014514285010585765,0.01891285955167605,0.02390389773778164,0.02652785095672435,0.0056888704470043445,0.020783964015782773,0.0239038977348996,0.019948402716793687,0.024750792465104875,0.018504104736385297,0.023003393906981452,0.0208739111804068,0.01112994210228751,0.005100116555832021
2023-04-28,0.010973619265040375,0.013694885964538774,0.019027407826755268,0.015220911363211128,0.011686803209592747,0.021593317526450218,0.00794049875326162,0.009082381057579414,0.012468435167452501,0.01142127460237909,0.010973619265040382,0.010510498234168768,0.013294282232786746,0.012321603955627512,0.01097361926497906,0.014221720457971269,0.011592016875133426,0.011330211237316564,0.011272789861901441,0.01067902685137054,0.016181498983931286,0.013671504590711866
2023-05-01,-0.00500113037032882,-0.001318657066954745,0.04098755701821076,-0.009113216749443468,-0.000671670188276022,-0.0247729920413335,0.04098755611644306,-0.010017300790414463,-0.0022394565349891397,-0.0030254779536807662,-0.005001130370205522,0.005239119778388131,0.0003194490546222944,-0.004633238659209345,-0.005001130363557682,-0.004010530873220297,-0.007056283417341974,-0.0028364002793024217,-0.005622764177495739,-0.006656193383658491,-0.0031877763018959135,0.0008380899597552425
2023-05-02,-0.013624684976553074,-0.014612050219018513,-0.02451084128331662,-0.017578227555734804,-0.012298893030928633,-0.00854911307310642,-0.024510841217883966,-0.014232383409307062,-0.016542241056373936,-0.013876026788561292,-0.01362468497655308,-0.0060590056978560404,-0.015716072995344832,-0.014161357361985974,-0.013624684977616205,-0.015709311362211584,-0.01410637379130027,-0.012961789003740856,-0.013861888425547543,-0.014060386507701784,-0.016526175573637496,-0.017327368403703903
2023-05-03,-0.014824697407549662,-0.0056798902837006835,-0.014568640542973408,-0.004888527796355321,-0.006714730785504795,0.0008073056097633399,-0.014568640508364292,-0.007019792416432397,-0.01236110733798177,-0.01180929597281774,-0.014824697407549627,-0.005921757852918399,-0.007450764064078145,-0.006114141547386029,-0.014824697405754969,-0.0058830564910517,-0.006718700710109398,-0.010769714096527227,-0.012090126924587531,-0.014140585319289571,-0.002266185621070406,-0.007831616125890214
2023-05-04,0.0032574494441504898,-0.00335992864031963,-0.008670042800066002,0.0021861070844226326,-0.003932088162636369,-0.013142363993544313,-0.008670042776144153,-0.001401472133020522,-0.00031469655789532645,2.002831828294997e-05,0.0032574494440138616,0.0005347380635393898,-0.004520527636039868,-0.00244563248206479,0.003257449438278948,-0.0014559217180856966,-0.0018947922736039496,-0.00033731935924293985,0.0017102077052118026,0.0007906478330277202,-0.0016473534560336569,-0.004773963578969571
2023-05-05,0.02333904526714693,0.016541163589491766,0.039762123604986266,0.013813208774157816,0.019867248874997395,-0.00803470687790917,0.03976212352968928,0.020930820573233144,0.01878867217392593,0.021695752413700822,0.023339045266804283,0.022285649279937293,0.016669814498565867,0.019646974707040573,0.02333904526893963,0.013945343605355574,0.01969754053390392,0.021603147071072158,0.021773308204336726,0.018698159581051962,0.012001191050150017,0.014775246035512949
2023-05-08,0.008744309678633135,-0.00041762601243946736,0.016289031654523212,0.005655057656696396,-0.000838359906048399,0.0020287174805885973,0.016289031551140018,0.0030672890038771134,0.006024178986068102,0.005274563665710659,0.008744309678633218,-0.0011857409470236216,0.00025772422678417345,0.0008829005474190666,0.00874430967606905,0.0023394608783613704,0.000843773867444349,0.003952974886292369,0.006375272154844529,0.0030786251923130177,-0.0004841780228092066,0.0007015055382678717
2023-05-09,-0.014333055517289528,-0.0015602507726660772,-0.020096834098807963,-0.006978405178155688,-0.002071759220656809,-0.0014382591497455266,-0.020096834012652123,-0.015596371365911466,-0.0074792932706111565,-0.009124345450813573,-0.014333055517779756,-0.0115790429379266,-2.642012829746779e-05,-0.00507215726640904,-0.014333055509103855,-0.0022334533496789783,-0.006962898100756124,-0.008202407368973168,-0.012597285935116602,-0.010648607796369471,-0.0008872567031744571,0.0009250198562224113
2023-05-10,0.010467621413123764,0.007898818458427617,0.01093016351280363,0.004633388574934008,0.009357284858364918,0.0058102015044022,0.01093016353950141,0.00999210876979996,0.008341135714820102,0.009562527938534028,0.010467621413123759,0.015707136747613863,0.00729914771559346,0.012104972488200319,0.010467621418129937,0.012476017511412928,0.01342580095802077,0.009912453135744343,0.010220185091788429,0.009296548070292168,0.007476213201605421,0.007061027935934586
2023-05-11,0.0021146151867597203,-0.007819696660086355,-0.010685187751406283,-0.0021631226155276796,-0.00557029249730347,-0.008449846064421753,-0.010685187591780687,0.0029126759108930624,-0.0016534716265677648,-0.0009626951312226833,0.0021146151867597,-0.007907470210527493,-0.006262354001722906,-0.001860653125379209,0.0021146151852266945,-0.0004352592100704978,-0.0008860512975454684,-0.0017278386552718756,0.0007498981368723959,-0.000716661441977009,-0.008873156614615909,-0.006741797889594489
2023-05-12,-0.009626656910155875,0.003088329873516671,-0.008363096190033741,-0.0054613380042448575,0.0017264294605697406,0.0035416753271076545,-0.00836309616175899,-0.008538617018329378,-0.0028537535911343573,-0.004633065324558704,-0.009626656910108417,-0.004767926301946617,0.004001233325589981,-0.0014945326935128774,-0.009626656905743495,0.001831220572155823,-0.003474677698999413,-0.003950113724793072,-0.007504984731690265,-0.0057099050243137675,0.00459594190475068,0.005068986387128978
2023-05-15,0.009517386791754932,0.006621505144949476,0.021399681719713317,0.009032931837249052,0.004130612304605634,-0.00694566855553529,0.02139968151443388,0.007361392433056902,0.009036305147561347,0.007704494863505869,0.009517386791612459,0.0061780561149183365,0.005811855682753307,0.0051278132387342105,0.009517386787059469,0.0030103052006222705,0.0068297123943613924,0.006823999548180283,0.00905553410803038,0.008229995988373545,0.00807052527864293,0.006726367928392103
2023-05-16,0.004441306285031736,-0.0018471033399962502,0.008939880169296574,-0.003805213967940296,0.0002710563634073517,0.004441306285031736,0.008939880164075585,0.0010933898321149474,0.0011331440795978231,0.002420934022411983,0.004441306285031754,0.007711440945024069,-0.0009574031833525104,0.0019707335639975094,0.00444130629020603,0.0017864910393420117,0.0027203454210706765,0.002356181324219544,0.0030360015937866986,0.0009706860843285304,-0.0018349804774459525,-0.0021134358209587774
2023-05-17,0.015447354949491713,0.011375629589912454,0.03249951026266129,0.013404204170519456,0.011214294246308331,0.017932573310350218,0.03249951017598324,0.013796207205825799,0.015276010404718479,0.014152090986234449,0.015447354949491714,0.014760245670873025,0.012642546656292488,0.01162290851378378,0.015447354953596015,0.012266548569669272,0.012068574403048659,0.013330824597900023,0.014125631126434321,0.01210333628439346,0.011640644328606155,0.013518919022656378
2023-05-18,0.02572996717929637,0.013459098894932808,0.048509193605223315,0.026812852471265983,0.012923544066979136,0.017258577520726688,0.04850919346061329,0.023524106475844915,0.02019639076059257,0.020521660182826612,0.025729967179257025,0.022224254695934455,0.01254514341325684,0.01831546186694188,0.02572996718503473,0.016483108381272163,0.019687962285634394,0.019326755623137775,0.02289183621113538,0.020570167658392022,0.01362468033771519,0.012320169139016797
2023-05-19,-0.0023619272889278857,0.011877805985638026,-0.013155097896391502,0.004488005729788579,0.009843878220197099,0.016689739145451344,-0.013155097866935786,8.542192174943244e-05,0.006227196148436417,0.003350920915129609,-0.002361927288936253,-0.00348378607797777,0.013376869183415997,0.004579169307616151,-0.002361927293575511,0.003074171416730029,0.002744529787276763,0.0037409754656346074,0.0003039475392367431,0.0023562459985436374,0.01434056916309193,0.01525560396501786
2023-05-22,0.005273923771123208,-0.0018394890492430965,-0.002818705837318624,0.0019174252966103617,-0.0018250337107356149,-0.005255668900494609,-0.0028187058145336674,0.003139680562486661,0.0006324564697831176,0.0019356497432069194,0.005273923771123207,0.0061693456231237615,-0.0032331996354751117,0.0013360674173246872,0.005273923762796679,0.0018644431533137264,0.002713992785027217,0.0017244450301937984,0.0044843864468217896,0.003717999395503292,-0.0021880269783638388,-0.004307154119407904
2023-05-23,-0.012542167079855159,-0.005985141049876777,-0.015776863751831755,-0.00944514282972822,-0.0077305213427260044,-0.010491316423573021,-0.015776863750258874,-0.013457612943950405,-0.006788570575016072,-0.00961772714278257,-0.012542167079855804,-0.017948454249377375,-0.005619506387999112,-0.012481726263354285,-0.012542167080788726,-0.013121884496509624,-0.014123875630258773,-0.01013634421129058,-0.012090312268697825,-0.011619977660097196,-0.0038877802891680267,-0.0028142769604905258
2023-05-24,-0.0010154730552529377,-0.007475240248910892,-0.004899957898011482,-0.001885031302703555,-0.0061476661703756905,-0.01630598162312311,-0.004899957831107842,-0.0008469210404089728,-0.00471947873833908,-0.003383629863888348,-0.0010154730552683333,-0.004579300541603478,-0.007871973611505849,-0.004137014795974091,-0.001015473053144972,-0.0028256880793062853,-0.0034493373933485423,-0.0035815696128143103,-0.002378874319861172,-0.0033477785720020603,-0.009355352042203802,-0.00813994301909572
2023-05-25,0.028956099905950015,0.014771566296917466,0.21808788945740812,0.0012496923427662739,0.018211845823570175,0.01853488674300382,0.21808788521740777,0.01180558229211143,0.022464046020347822,0.023737231553695493,0.028956099905950026,0.07954434147683018,0.01659060030819196,0.01253497490831259,0.02895609996851533,0.014130258968555132,0.010383171358077054,0.023583972864760102,0.021669948885917,0.011456354003429436,0.014887321352168276,0.01509761441199667
2023-05-26,0.03269552433827523,0.01903816959691832,0.02511648264560785,0.03255503942200381,0.017503210014424224,0.02048992612173416,0.025116482661905956,0.03268714728266026,0.026332011740588544,0.026512601559485236,0.03269552433827523,0.02207725269345388,0.017357988097787023,0.024518589442665835,0.03269552432537846,0.019748983550429238,0.029093335682408912,0.025099367176349738,0.03082229830320776,0.02933242892271818,0.019611674046703286,0.01699933306307813
2023-05-30,0.012727090130110611,0.005830018588755856,0.029474522590905165,0.016506780659721904,0.0037376827778853837,0.007317947524629208,0.02947452238804268,0.012179578426994558,0.010115470912083872,0.009408352271664765,0.012727090130110613,0.0029459492510738624,0.004453366001505634,0.007757762755756758,0.012727090104491624,0.006480822000019324,0.00936135366948127,0.00823238645399801,0.01185714951566358,0.012069356332521071,0.005041943873394509,0.0051742802199770946
2023-05-31,-0.00641351356365224,-0.0064385999202332565,-0.05844241622652042,0.0006287901778161925,-0.007723892810472536,-0.003941692729454905,-0.05844241600017493,2.654500321956025e-05,-0.007854558536752512,-0.007118561502172427,-0.006413513563652302,-0.02011623115484504,-0.008728411641118858,0.0007841763100655036,-0.006413513612592238,-0.004346191655593065,0.004805017106953703,-0.007068703187062386,-0.0036206093332964953,-0.001754706359284563,-0.007011057265918367,-0.008883122993689232
2023-06-01,0.00961565439522757,0.005542396512937775,0.04990474885050306,0.00440721507760959,0.007350140025329958,-0.005484871474650791,0.04990474850310103,0.007224095129401411,0.006332773486750293,0.008237594427985625,0.009615654395227567,0.021308115697305133,0.0050716696661107395,0.0028871948259184075,0.0096156544083698,0.003972522900208441,0.00135749101956605,0.008482897210278766,0.007604897790104164,0.006859424486583671,0.0033210267412930703,0.004542175407483728
2023-06-02,0.004171771057605252,0.006262961045745579,-0.011201711217309255,0.0044110912008044735,0.006188447232277759,0.012104119449543165,-0.011201711175722728,0.005789105316486168,0.004748385903955468,0.00500497222429718,0.004171771057605254,0.003889295843260548,0.006054539027640433,0.0065097055019325105,0.004171771040891207,0.006991253735503879,0.007125692736623124,0.005180109144941505,0.005210575393471621,0.005451023116367163,0.006198289428433115,0.005930710821878026
2023-06-05,-0.0031430470902259417,1.8508062303875363e-06,-0.003974482164773728,-0.0030252224584794898,0.001599302229987127,-0.012912157161583766,-0.003974482139348263,-0.004136935474601258,-0.0003692933942562736,-0.0010687180166158222,-0.0031430470902259456,0.00031448758458725275,0.0028951903356823224,-0.0035656244064317857,-0.0031430470837997635,-0.0006922349633625933,-0.006047596569304915,-0.0007718724301194076,-0.0036083238779992147,-0.004403876795244743,0.0019446887376086237,0.003192714254000659
2023-06-06,0.007270455132255298,-0.004839597282193182,-0.013286422216349247,0.0025304982766764577,-0.0068947156610042375,0.023877402899338537,-0.01328642211804172,0.003716932100641193,0.001163002982427266,0.0014936151901786185,0.0072704551322552895,-0.008265312844917617,-0.0076304780198674345,0.00017751905759323412,0.007270455111281906,2.840196206536005e-05,0.00384713345851567,0.00018786973562553077,0.0061000652405233755,0.005588851899952449,-0.0060652927062187076,-0.007811026203092892
2023-06-07,-0.023117239643307117,-0.008238646551027191,-0.03087300521898937,-0.009681916421262003,-0.010619822098412047,-0.004561802516640824,-0.03087300515623272,-0.02032242421332324,-0.014111422546287836,-0.01771029114862364,-0.02311723964330715,-0.03124266892441866,-0.006092808350185534,-0.01649520434259484,-0.023117239652188905,-0.016512702240824677,-0.01952531640592,-0.016868530870859582,-0.020534953638291026,-0.01648833424083515,-0.006878070163410165,-0.005029204408020574
2023-06-08,0.017132306657257044,0.0027740393319199033,0.02724402768440235,0.011020151695283234,0.003035929152269327,0.0014577966831950376,0.027244027550394824,0.01633373332572316,0.009475025680086369,0.01124475384878745,0.017132306657201724,0.010768367150457097,0.0002659786607092131,0.010981561882060764,0.01713230666214207,0.0077009327785473826,0.01455257518391639,0.010084117904763185,0.015001184093470489,0.013307294233773167,4.824861950480301e-05,-0.0007604737444076872
2023-06-09,0.0081868957381039,0.0003666964154076409,0.006728814899048141,0.005739538639145843,0.0018298753952415113,-0.015199774782704158,0.0067288149774111915,0.007012424182788343,0.004751157861852964,0.005340401601839584,0.008186895738103916,0.005164975375423118,0.0008743469499430507,0.0067467866090341385,0.008186895759575593,0.00766059853895045,0.008295834002180355,0.0050083855666727085,0.00660512759858687,0.0049725919021056525,0.00014344027672002037,0.0002902441062072556
2023-06-12,0.01995089660072826,0.017115917065772344,0.018198232962642245,0.018921492731760175,0.01573212330424527,0.013158644952785011,0.018198232960658575,0.02036810441641998,0.0185214798906514,0.018379967654705582,0.019950896600728275,0.014462630798432706,0.015961955910261116,0.018196107318901433,0.019950896595232463,0.01726001611531787,0.019935885697983487,0.017841509952486765,0.019939680445841393,0.020126826805416796,0.017228412485461756,0.016185439689689624
2023-06-13,0.004285906495599619,0.00555883533435351,0.03826342147768113,0.008263998307485252,0.005502444821383665,0.0051336872906769795,0.038263421156164996,0.004492360035334709,0.005099192034322316,0.004540751784363267,0.004285906495599624,0.014497642105070953,0.006030927767245979,0.004758195991983764,0.00428590650547915,0.005040140168594354,0.00475010850060444,0.00489417565849164,0.004353377848447305,0.004071684959480859,0.006992428562708528,0.005837548479297147
2023-06-14,0.012110169538158884,0.0058751881787832,0.04702193114987653,0.010840314585515539,0.004997394317181702,0.009677511436738187,0.04702193091261432,0.010454202751264779,0.008523928911300944,0.009062438281841691,0.012110169538158888,0.017877147899759152,0.004053261504068622,0.007876666603649194,0.012110169561533142,0.008435794520431467,0.009024250881570557,0.008553781927670295,0.010804350832083224,0.010236869588295176,0.005565366990060054,0.003955890424951151
2023-06-15,0.011042497113563315,0.02039319364246283,-0.00803255762639649,0.015470589083773082,0.0208625226299157,0.017505751298156784,-0.008032557587877255,0.012878130114349256,0.014167810257208967,0.014721907291766655,0.011042497113563308,0.02225794743944994,0.01928728606422009,0.01684497304128765,0.011042497077080937,0.017545181917015807,0.015916542712749573,0.01595250987173949,0.012999439730453382,0.013905264441236308,0.020744548260813938,0.019986640597017203
2023-06-16,-0.006404553252136804,-0.0018712476866073386,0.0009137422281310975,-0.003142381885498862,-0.00514306191550765,-0.0009934446082893022,0.0009137421979880306,-0.0049824409087675745,-0.0027658268323503573,-0.005278014217891922,-0.006404553252136803,-0.012628232742164607,-0.002949290369284187,-0.0038967492769332655,-0.0064045532680469305,-0.005927969913535769,-0.003692367902834441,-0.005773807583822228,-0.004967690860013481,-0.0038413029416328485,-0.0009296569865108843,-0.0008095223628128121
2023-06-20,0.00020545313747867685,-0.008217490060353775,0.025804899521275432,-0.0033837226510503833,-0.00854734824143525,-0.007658023497799469,0.025804899483543916,-0.0021998669825618712,-0.0038915165925313094,-0.003649652914873915,0.0002054531374786801,0.0006634643428719339,-0.008921389279738654,-0.006689282743898255,0.0002054531383223581,-0.008793608964398418,-0.006930680482246495,-0.004170947551978286,-0.0018564403909978656,-0.00315533458106396,-0.011263245614692389,-0.00962064600705232
2023-06-21,-0.02381895675326555,-0.01443334025434833,-0.017570240219225246,-0.02444477838993689,-0.013174089447658584,-0.013228001592290891,-0.017570240228280767,-0.021530143615330823,-0.019760147950314246,-0.01929465144152915,-0.02381895675305267,-0.017250052777959237,-0.013166513030299974,-0.019915179686947972,-0.023818956750658232,-0.02062601602596917,-0.02293585466116347,-0.018496523100462067,-0.022790370210221268,-0.021989990278670594,-0.015221534637266906,-0.0129007287261121
2023-06-22,0.008560764038336492,0.00949602839956199,-0.00046490935670251323,0.004381566145453642,0.01065729367675776,-0.00046490935670251323,-0.00046490935249287425,0.011064664698160639,0.007254687987841133,0.009112452331254826,0.008560764038442768,0.013191822264627735,0.008261174302567044,0.01015948249721157,0.00856076402666261,0.013090204210644722,0.010485669746816058,0.009609028857547126,0.009176548125590663,0.008488309357880312,0.008071934783517594,0.00817068903293006
2023-06-23,-0.006781617371844911,-0.013224041807271665,-0.019147785587831076,-0.008346218042175751,-0.012837782991614796,-0.009763632686051151,-0.01914778557489385,-0.005277242762661492,-0.010298710491461804,-0.009718256785335673,-0.006781617371844909,-0.015466893348283342,-0.014072677713020348,-0.007112412471296516,-0.006781617377135274,-0.007425252305438435,-0.004748388565980331,-0.009809700181729851,-0.006980603474196949,-0.007039541844016969,-0.015222632338131712,-0.014312536202691784
2023-06-26,-0.014965231415438734,-0.006740149546061908,-0.038077577518774816,-0.008112315774873891,-0.008620787770390635,-0.009691946332553505,-0.038077577500036625,-0.014449824884987434,-0.009934013637691266,-0.012024347166559465,-0.014965231415438728,-0.023418349636413923,-0.006177404616713554,-0.011592430220345703,-0.014965231439205877,-0.013503234434840906,-0.012273703332008378,-0.0117930095929147,-0.013093784821297607,-0.010651615120016479,-0.0059551915339341645,-0.005048375949348847
2023-06-27,0.013835311029306517,0.013956233234432253,0.030156932998017544,0.011695810806098716,0.014432011942043296,0.01286262057117002,0.03015693298319922,0.013738096172560981,0.013446235141159463,0.01406044586238509,0.013835311029306522,0.019612172395799085,0.01346550041417022,0.013695869122726054,0.013835311045361287,0.014372214435605202,0.01342002363526313,0.014133661485674902,0.01344061964805554,0.013236988617525949,0.01393737019559997,0.013711576515345313
2023-06-28,0.0014790412519893846,0.0016548094489890258,-0.01829124275969984,0.003253022503743818,0.002917636457968586,0.0007809893132413281,-0.018291242732077377,0.00237673204381291,0.0009660724797052458,0.001639595021023224,0.0014790412519893816,-0.0002769861577674639,0.0021531870177328985,0.003270292674364318,0.0014790412480984714,0.004533112042614827,0.0031175696650750785,0.0021983388549789836,0.0015995414131264683,0.001611167940652804,0.0009536272445428998,0.0011470654347447565
2023-06-29,-0.003415751227938752,0.002950018544553101,-0.007200485823203584,-0.001788218229135284,0.002974179265936392,-0.007691326934035616,-0.007200485814901497,-0.004714247604802613,0.0006151446478618048,-0.0005112160121573923,-0.0034157512279387537,-0.004535714620107148,0.0046207188327386725,-0.0015549881725153284,-0.0034157512228813586,-0.0019213019624565576,-0.003761428105623437,-0.00022078598100118082,-0.003036900260895139,-0.0020805190262837255,0.00477074691465263,0.004968632971041863
2023-06-30,0.017064133208211704,0.013162673334335679,0.035613300841063275,0.014395995648647552,0.015226728789539231,0.010737619584117841,0.035126383641587135,0.015958006995348745,0.014356986234231142,0.015686865477910258,0.017064133208211707,0.020554001055296877,0.01452748430939095,0.015199981359557243,0.01706413322436203,0.017262034371859466,0.01512615450200112,0.016145430998875467,0.01593334095895884,0.015373889526986553,0.011541241200170613,0.013810273145994836
2023-07-03,0.0023322383702623004,-0.0009577349064214852,0.0026203879776708567,0.004505272405262533,-0.0016050056743419664,-0.001541685476821943,0.002620387948825085,0.0003405536755552872,0.0020173726403658002,0.000797240743129312,0.0023322383703124243,-0.0018440100246681099,-0.0001670179921928678,-0.0016143675500625864,0.002332238364679147,-0.0035545382179308378,-0.0013089970138241236,0.0003636163479601678,0.0016647719656657043,0.0014571729771563513,-0.00034876737052195973,-0.00012240960780970618
2023-07-05,-0.0003346773468823991,0.00033864203847146175,-0.002265884866585532,-0.00032737818947739777,0.0017455205485610722,-0.005888773214999575,-0.0022658846763594343,0.0009038284599832966,0.00042084498925058745,9.744521093708387e-05,-0.0003346773468823982,0.00516469563351858,0.0028310404166906064,0.0017251715521039942,-0.0003346773400398355,0.0032043827934163695,0.001886714310211516,0.0007054216008393362,-0.0002964160099820436,-0.0005760439212536076,0.001332559404360353,0.0018395993295034934
2023-07-06,-0.011419954035033292,-0.00409804888265615,-0.005069896565725125,-0.015466088869248372,-0.0037726303589389098,-0.015382760003393533,-0.010398994834647039,-0.011330300469898594,-0.009970256168145444,-0.00828726219644806,-0.011419954035071943,-0.00484209375528219,-0.00616758011636939,-0.00708777313291396,-0.011419954021368025,-0.004240754353621209,-0.00909758099457332,-0.007596292196986137,-0.010905033677041133,-0.010115987305391668,-0.004315031147957005,-0.00621055844130833
2023-07-07,0.00018429521282356726,-0.004577395966716381,0.009455721244605824,0.0003733759876430285,-0.005156854417411837,-0.0020654340141317987,0.009455696062192312,-0.0005361832289298631,-0.0008272804203091478,-0.001800179520983351,0.000184295212823569,-0.006085053271972901,-0.004352305484374189,-0.00341502807051328,0.0001842952124235691,-0.005278655675934021,-0.0030075570856835194,-0.002486279602294135,-0.0006138397797117346,-0.0012242272155386705,-0.004313988514534727,-0.003756098344555676
2023-07-10,0.0034035320929310478,0.0019053969033762976,0.008206364450442791,0.012657399303374036,0.0012969427000796424,0.01261053153744851,0.00820636254273268,0.0034695837066202355,0.005247295136805171,0.003147322484232279,0.00340353209307001,0.008136733740803035,0.005883844503411885,0.001225091542703581,0.0034035320730840565,-0.0036492620958176146,0.002831565123164524,0.0023502373965053457,0.0035993913272610012,0.00425423282390722,0.0030644612233108846,0.0047759271894270375
2023-07-11,0.008754818790955656,0.01012897722304872,-0.0034017069199346684,0.01366932622731696,0.007144101145069062,0.013910670694178034,-0.0034017066887355595,0.011189385600393786,0.010687897605585616,0.00842837769404085,0.008754818790985273,0.004925438864096807,0.009035608613000585,0.009004358545197242,0.008754818772321211,0.005523441379553947,0.009448366699036821,0.00794945996801236,0.009660478271158344,0.00945878571465675,0.01145110002221529,0.009731323615152917
2023-07-12,0.012619050726675834,-0.011382031452316428,0.008685257510596726,0.000736747727761701,-0.009557711118753594,-0.02183834373749638,0.008685313048227722,0.011171594968575631,-0.002791408924018722,0.0024050766573350648,0.01261905072667583,-0.008044335630802953,-0.015360341237669084,0.004474214154821993,0.012619050738281973,0.004396469000154541,0.008730358426897514,0.0015306698039611304,0.009305945444974335,0.004321444054706653,-0.017344378639950933,-0.01642962051303903
2023-07-13,0.01956894736065449,0.01417995637498801,0.04618153570570574,0.016754431081864453,0.01419771583572658,0.017449993640490675,0.04618153337553439,0.01919479537314401,0.017902358304933808,0.01717124641998876,0.01956894736065448,0.014764506628877827,0.014360175902351448,0.0164139761042859,0.019568947373268086,0.01599574266979006,0.016419629809944408,0.016883331598190533,0.018371580159208225,0.016485492168008813,0.014832701857815048,0.014740636291146263
2023-07-14,-0.005759320904527937,-0.012674053228560096,-0.011110551446156813,-0.01394030462219535,-0.013221721014686801,-0.00948871840823663,-0.011110552208510129,-0.006324230142604716,-0.012432307781670666,-0.009612628247250616,-0.005759320904495582,-0.011625229797360052,-0.018064468903284045,-0.008192675043933433,-0.005759320912119463,-0.005393947083274668,-0.007336597240014366,-0.00949052095960737,-0.006654342892388768,-0.007930359071960397,-0.01589680282830509,-0.017818722236956002
2023-07-17,0.011331000352489611,0.00907007306236264,0.02158241089682781,0.01319194059006931,0.00885826179766629,0.0061503136256911145,0.021582410469302777,0.009578419534501472,0.010350611387176738,0.010460695231572305,0.011331000352489613,0.01067308665994097,0.009069190689912878,0.00931234397750995,0.011331000354097762,0.007475377759112628,0.009574135761494755,0.01009463107507795,0.010897444952268982,0.011376167685020486,0.008049927035396998,0.009096588798877547
2023-07-18,0.011596144491291694,0.01285755607105023,0.021990147196783816,0.01148286207877953,0.021490354319968964,0.03776254442626718,0.021990154667550124,0.0127336768649284,0.011870705643302455,0.013646948852732923,0.011596144491291687,0.03151892978788243,0.022857762360612578,0.016018910264888598,0.011596144535514516,0.020936342098589286,0.016940112235180434,0.016543249405630334,0.01117593699615487,0.00974048025851957,0.015071040366419802,0.018556006269944754
2023-07-19,0.0019282827177433668,0.012836114465660999,0.005858947096635894,0.01006648812317468,0.010304088925307984,-0.0014798363809804134,0.005858943674757878,0.004021310896696096,0.009493794538896469,0.006638715362715987,0.001928282717743369,0.014517352445073047,0.011808081865858785,0.006214940729524516,0.0019282827163288109,0.003991478742334775,0.004709774353906454,0.006116185821525677,0.0036552351387738285,0.006054390878001813,0.013995103715429382,0.013635634329678136
2023-07-20,-0.03082515960679944,-0.008731587387591992,-0.0336328919954842,-0.025448278357640998,-0.025103068415917223,-0.06074582350023265,-0.033632920543396026,-0.029583182360581134,-0.02407969478867133,-0.0280055293108595,-0.030825159606799445,-0.04997283834415873,-0.03163509496845915,-0.02758883211633005,-0.030825159686346276,-0.03097877521339215,-0.033295255242401955,-0.02796411401135833,-0.027436486222087955,-0.022336774433714963,-0.007237615947161978,-0.02115533620297401
2023-07-21,-0.0018095154073043723,0.000595481484334403,-0.026964093735389005,0.001244713907456646,-0.004066266704456597,-0.024951825275519285,-0.026964093253163096,-0.0020267004261499315,-6.202797248111135e-06,-0.0018888024971440154,-0.0018095154073043702,-0.010487992263968675,-0.0042940298010169745,-0.003613577526501561,-0.0018095154648136436,-0.005841145418272916,-0.003623874313279261,-0.0029378910558804866,-0.0006716907816652713,0.00020817668031602467,0.002220171226211283,-0.0017080961682590925
2023-07-24,0.001714780399816583,0.0064734382509443345,0.006815160381584333,0.002719046460570167,0.005557599532816782,0.004424111072515306,0.006815159272058389,0.0016387055345792386,0.004366009518994511,0.003786959721810328,0.0017147803998165856,0.002831817126456613,0.006329560369240808,0.0033848347574836493,0.0017147804063279066,0.004670547780938011,0.002217181173708151,0.0036361899663166853,0.002174842401309881,0.0032030600633729026,0.007537472560597207,0.006729349635876644
2023-07-25,0.007543557545450258,0.00891516863518588,0.023635851073222185,0.005639742051460182,0.008106658034536245,0.011035263432032576,0.023635850952936112,0.006978377792122011,0.007882569467698481,0.007481040512712801,0.007543557545450257,0.002441210133333264,0.007413505017878137,0.006939169806351675,0.007543557557003453,0.0056156848336306135,0.00601186207677218,0.007825107789993254,0.007201642511677274,0.006833548079772021,0.010889003927595248,0.008420091648138436
2023-07-26,-0.0036692276611186036,-0.009913963925877173,-0.004981897513406057,-0.002108486698917985,-0.012588046768151567,-0.008406115575646623,-0.004981897553761181,-0.0019115162747095006,-0.005167690384107979,-0.00523711883113632,-0.0036692276611186092,-0.009025359129239945,-0.01185492113036175,-0.006126262027314174,-0.003669227682959213,-0.006800137746413465,-0.004208168877775045,-0.008128637214635095,-0.003227783527135179,-0.0034357527996009755,-0.01409120275397557,-0.011173588505136818
2023-07-27,-0.004218027291790607,-0.008057764301867911,0.009808365059834588,-0.005284922712308367,-0.009933127882287666,-0.0064620820998055346,0.0098083649469635,-0.005012821652440569,-0.004621091795650348,-0.005124073355201399,-0.004218027291790611,-0.013905089788012982,-0.0096413816003485,-0.007441474703387888,-0.004218027292608259,-0.011383865337999982,-0.00741803515664321,-0.007075577587039139,-0.004859463020293881,-0.005340774613951644,-0.008158850307262159,-0.008702937821266635
2023-07-28,0.021655181516541323,-0.0011517671708470697,0.018349103886113997,0.013767971799963816,0.0023353415134152265,0.024206350501262658,0.018349103904512096,0.021659143941183193,0.00701231019706799,0.011188421665395772,0.021655181516541326,0.010670714954265926,-0.000566448028748264,0.013820232428731195,0.021655181502795988,0.013070778101994055,0.0192922595427841,0.011995261514978248,0.019386941830702595,0.0148152361283326,-0.006162671085266248,-0.004008425281616169
2023-07-31,0.006225479789601957,-0.0005481587693403129,-0.00044937867142034527,0.003961938446044745,0.0040575266212841115,0.013694278097341904,-0.0004493785788502283,0.003986692896852112,0.004498626627473484,0.005124710868718793,0.0062254797896019645,0.015892482025834532,0.004796675072021657,0.0046267810452613155,0.0062254797997870065,0.0046452070026276465,0.0059736483459752595,0.005141503205443033,0.004867937700044153,0.00431760880578943,-0.0026724521284254062,0.0027502347131853114
2023-08-01,0.0005037692027050966,0.008227198728708505,-0.004762146170739719,0.0020365945228189046,0.0070315182518111115,0.0013925605055676769,-0.004762146146630198,-0.0017676371793565852,0.0050396510802115,0.002690929159192305,0.0005037692027051031,0.002722573344643326,0.007207967081362695,0.0009891591919328798,0.000503769197533597,0.0031566963883236585,-0.0009686503994242792,0.0037676437272581203,0.0008995297648971439,0.0020956130561995555,0.009582470816472918,0.008126026709098096
2023-08-02,-0.0300705416529933,-0.006172871207130623,-0.04931811897629558,-0.02192155867460461,-0.007711490719549723,-0.02353081384413366,-0.04931811884858919,-0.025651989051117596,-0.018650452572555758,-0.02085269175478304,-0.030070541652993315,-0.014154436050378794,-0.007508422028352838,-0.019368748370292174,-0.030070541656106668,-0.014152428627988245,-0.023415536758010665,-0.018891016186271575,-0.02630775466874291,-0.02319239637751372,-0.00658850546079462,-0.005327182360004564
2023-08-03,-0.008594323699150678,0.006308870046981496,0.005541506749130785,-0.009447997447472593,0.006476119063454139,0.005841428954453899,0.0055415067163737865,-0.0015053131195899433,-0.000843698081299994,-0.0033376325851033756,-0.00859432369915068,0.0015900481233471916,0.006920785292689377,-0.0012634607616180456,-0.00859432366359926,0.0007921090657370903,-0.003502904641088936,-0.0010591023178482203,-0.007828790352749946,-0.007468096577332832,0.007959513567378212,0.007664426564430277
2023-08-04,0.0033163119572061596,-0.014111537118072694,0.0036998219151232613,0.0006873115682548548,-0.014037674451886816,-0.0010483427069172546,0.003699821899149999,0.003900589648451148,-0.0019428781722922047,-0.006253483558137502,0.0033163119572061596,-0.0029416990039887697,-0.012560738489389399,-0.005866822930200734,0.003316311956829833,-0.014790808130467351,-0.0008550983118747546,-0.005360681247340322,0.0005749051959808935,-0.004464669014346383,-0.007722452642647459,-0.01439782418104329
2023-08-07,0.010745492521691616,0.004009254460020609,0.016360621571271796,0.012314806370017528,0.006674107300405237,0.01676991003912945,0.01636062155639174,0.009416893121795472,0.009324952279429737,0.007113675239539348,0.010745492521691616,0.014642085719259401,0.008011027036181851,0.007637059660565411,0.010745492527263738,0.005820388566125285,0.00934430494856296,0.00870979991104843,0.009632680824860962,0.007343992932874127,0.006875320322050525,0.005836995200636164
2023-08-08,-0.01169359486257052,-0.0002804410419192568,-0.016718680520656767,-0.008844454280318464,-0.0009108040836622689,-0.010326466320467187,-0.01671868045253617,-0.008991753824415754,-0.006638947294937228,-0.0065040660935942705,-0.011693594862570527,-0.005867951950833316,-0.0013695842009786704,-0.006070043206284023,-0.011693594859528832,-0.0029606016303554855,-0.007983991578695435,-0.006302199473116393,-0.009749729767953477,-0.00747531777980682,-0.0016017989180812829,0.0007016097441165937
2023-08-09,-0.018822426629001833,-0.003945684616875072,-0.04839405938569137,-0.015699743730572327,-0.005742488382356414,-0.035036965648407435,-0.0483940581398056,-0.018250280146366794,-0.011821568869796404,-0.01356185022414838,-0.018822426629001836,-0.016264061092568224,-0.006051331509238869,-0.013953996753444942,-0.018822426656960614,-0.00953691589991727,-0.016735293558610385,-0.012282457505678988,-0.016379823992410593,-0.013024276522439399,-0.0034539151772371543,-0.004004158871530709
2023-08-10,0.004112090536712783,0.005577591267257451,-0.003908530172286903,0.007037249683257451,0.005719733609182974,0.004691482196649226,-0.003908529710281622,0.003918101474903118,0.005325461476123336,0.004208540281197413,0.004112090536712785,0.00528349527817038,0.006071667370416179,0.004010609646615176,0.004112090522071679,0.004435381758961603,0.004034599952933579,0.004915912072947879,0.004578694779020277,0.0049809669000483985,0.006073916649471955,0.006193281162421191
2023-08-11,-0.008916580003445987,0.005325451454869534,-0.036836127057872224,-0.004179796254512124,0.0026949734018067288,-0.026582026092047777,-0.03683612499840463,-0.006246311418239491,-0.002214382752295195,-0.004213132758860771,-0.008916580003445987,-0.007883046883943865,0.0021125296743594664,-0.0035592271348267638,-0.00891658002975063,-0.00014054499785864482,-0.005741056514702303,-0.0031108033008196284,-0.006119711723694658,-0.003526925107869316,0.00505650172724845,0.005266970173017575
2023-08-14,0.022121185382109,0.0038817871686665176,0.06853088065761315,0.017385595475838584,0.004283499822347426,0.0033272434499378844,0.06853081384841041,0.019755159956073243,0.0139413800730654,0.015263749920822368,0.022121185382109013,0.008338474458014486,0.004481923352109873,0.013292386800402014,0.022121185399106572,0.009036991908493709,0.01569556917724463,0.013202342602228204,0.01867531909608227,0.01576617995496986,0.0032705878608432493,0.002957152778356065
2023-08-15,-0.015146838643836409,-0.00996728737747949,0.00426503404216209,-0.018921173088891595,-0.009780322812170124,-0.004052421431605857,0.004265033957513459,-0.011418087458215643,-0.013042283768968602,-0.013195989965911344,-0.015146838643836407,-0.009727369735284838,-0.009861222739206395,-0.010579529759280178,-0.015146838587713882,-0.009903252215262654,-0.011389874248450817,-0.01246358072800325,-0.015203593675888492,-0.015093196711622944,-0.009290684454078732,-0.01003516130576523
2023-08-16,-0.013319744018330797,-0.0065790272456861315,-0.010386207593258067,-0.013403512580255718,-0.008500499046448956,-0.015651174632013674,-0.010386207621544404,-0.012528648475298703,-0.010926645978687468,-0.011095296363392543,-0.013319744018330797,-0.014224407209071088,-0.009516238968062946,-0.010091194656898946,-0.013319744018832694,-0.009557152334147181,-0.01203695451939301,-0.01091012153238987,-0.012273796423408749,-0.01188946559046907,-0.0063516465473213695,-0.007591191526130003
2023-08-17,-0.009918656120365764,0.020494781417960236,-0.003270640242782297,-0.0017311305657795645,0.01800029564176729,0.023048636014362342,-0.003270640324550163,-0.007477136984553497,0.007198883454898866,-0.000451371598672738,-0.009918656120365764,-0.0002550060516579004,0.017691399443763516,-0.0012813915114170864,-0.009918656106594542,0.005893707554857382,-0.008549086802361699,0.004040819760700786,-0.006463723414950571,-0.000371041270518378,0.0237348433256166,0.02429483533830851
2023-08-18,0.000980802151113611,0.004528149329702161,-0.00103875376754384,0.003606451846523727,0.004817432898373532,-0.000523528799810262,-0.0010387537571202533,-0.001175063800901619,0.0028477364982593474,0.0024425462271151326,0.0009808021511136112,0.004675283698591979,0.005206133158430561,0.0004930398931071594,0.0009808021355915495,0.00396047083108213,-0.0007564968675326335,0.002899117524743572,0.0011716330132484343,0.0019009682382032534,0.004266005741597889,0.005262937069131432
2023-08-21,0.018668467633677015,0.008567300612741358,0.08131575783051659,0.013592509192269522,0.008982193348381764,0.03378633118556452,0.08131575748553621,0.01965787526334803,0.014097573661583816,0.014208992309325317,0.018668467633677008,0.008293513275202904,0.0076417359014040055,0.015047425712286686,0.018668467717662774,0.00919333910546452,0.01627617491729786,0.013825330491029377,0.015907399405730906,0.013293552790827244,0.009116143885546494,0.007373436758975223
2023-08-22,-0.0019789131168463634,0.0014446275219648893,-0.02804751796827206,0.0005763871406793135,0.0015400244040791509,-0.005268478923742967,-0.028047517833438226,-0.0024208760421595434,-0.0010431121628373423,0.00021888295825451642,-0.0019789131168465495,0.006390360450023511,0.0020889250938819453,0.0002058486905932663,-0.001978913169236475,0.0022404638917926166,-0.00012299427663384124,-0.0002194443563836078,-0.0006218355333816477,-0.0005933243142879971,0.0008443584685589233,0.0017732265502658946
2023-08-23,0.021516106568383084,0.011946212145811142,0.031215012626766115,0.019050620484300316,0.01526953479553458,0.024719758306239632,0.031215012596901955,0.02104247058912105,0.01664267598686472,0.019157980736016315,0.021516106568383084,0.022957563865755336,0.015998222920734106,0.019413456826321472,0.02151610659234804,0.018164106850666717,0.021720995336845846,0.018392820681958834,0.02006807951078173,0.01834264382864744,0.010544482790289954,0.01341651220949739
2023-08-24,-0.028415426826459648,-0.016462571372758823,0.0009968940794248113,-0.024738346783051274,-0.01992210193477751,-0.021471260017989584,0.0009968938778594986,-0.025156272201205407,-0.02237208368542143,-0.02574052188095756,-0.02841542682645965,-0.03321845012827533,-0.021015885844660076,-0.024163662012728425,-0.02841542679959918,-0.02411627585337885,-0.027170228966866487,-0.024168764380618584,-0.026851120591431007,-0.025550941559478076,-0.015231929555132074,-0.01885935991168476
2023-08-25,0.009584346718312858,0.009425206116571662,-0.024577090594871825,0.010423745831148062,0.009039800950856157,0.001943899777924021,-0.024577090439388296,0.01027261449034668,0.009067648647221838,0.010137628352044238,0.009584346718312863,0.015527543809817905,0.009873930092884951,0.010429360052893898,0.009584346671602196,0.010005181198568573,0.011414183777014652,0.009312073834584508,0.010422138634747703,0.010861164661215582,0.008580881189096098,0.010060366430085418
2023-08-28,0.007707535620441407,0.008305757041720898,0.01759816761153684,0.008554385741764037,0.008627250979579556,0.010202986471621179,0.01759816756002413,0.00811620051239427,0.008199208032580292,0.007996248459115837,0.007707535620441408,0.00684987674277935,0.008439978170580818,0.008021687123649656,0.007707535631362629,0.008162952938799478,0.007887695344994944,0.008167393300010482,0.007703431481293817,0.007852329175112586,0.007670915365516838,0.008486634189036535
2023-08-29,0.0198164280733036,0.009548173983981478,0.040771588099238205,0.015913659616976848,0.013189859899109157,0.024570122068160116,0.040771588014708565,0.01926794751331202,0.014443921580376537,0.01702086466411554,0.019816428073303603,0.017686482417354737,0.013167102638142046,0.01756861240885175,0.019816428112016227,0.015611980800083667,0.01957814794387757,0.016503143986206385,0.017999437249630424,0.01647624215691825,0.00821093661717347,0.010416898834847074
2023-08-30,0.008883773763611182,0.00695900756693862,0.009791306685696635,0.008042334349826326,0.0074007645842817564,0.009398513681966817,0.009791306685044923,0.008568699805518524,0.007094380203416229,0.008811873590939523,0.008883773763611186,0.00815613093161007,0.007178270512507781,0.008856760201314142,0.008883773764859828,0.0083358499663094,0.009167360741709141,0.00814226917394647,0.008731143254150317,0.008484553620919846,0.004093738728988432,0.007004989505153571
2023-08-31,0.006693124525365414,0.0074350143194095485,0.001845582399409562,0.008018675174281826,0.006306822830102889,0.003253768368268811,0.0018455824140778609,0.010296579141857162,0.0078000903416371795,0.006412001061275639,0.006693124525365414,0.003971975836861801,0.006210891946548903,0.007744567349159747,0.006693124521825107,0.00599641133831063,0.008445976766329005,0.00649997367773416,0.007196537899019167,0.007377235153503478,0.006920622398217978,0.00729240838206815
2023-09-01,0.009442387861021993,0.007694102750232635,-0.017289759499322255,0.011519181308367451,0.007649088371698255,0.0028095810156703767,-0.01728975939084488,0.006181982752491072,0.009068543915524025,0.009301698910489903,0.009442387861021998,0.011484338736782836,0.00811259070517849,0.00611071598763137,0.009442387801711234,0.009859157607773684,0.0063343570219526,0.008545738116360124,0.009476037158351236,0.01064250184741099,0.007420754935694702,0.008809758943626424
2023-09-05,0.002395041521732327,-0.005842667629421903,0.0008035583531366244,-0.0014247249473307553,-0.004323104819818858,0.0034214767497989665,0.0008035583884697461,0.0013991386614427338,-0.0025942936109157196,-0.00012047089320250774,0.002395041521732323,0.005563492903809441,-0.003991837575263602,0.0010298868700844817,0.0023950415319911903,-0.0013973282983189466,0.0030496267305980458,-0.0009640316490432635,0.0012554145877122472,-0.00019119675296874533,-0.005170437852089548,-0.007283607519147309
2023-09-06,-0.009545192701642601,-0.006559832769687683,-0.031026056333400193,-0.005237410203351419,-0.0077780512243233796,-0.013506360609582189,-0.03102605623094968,-0.008605222187440057,-0.006426251164788996,-0.010136353172039873,-0.009545192701642585,-0.004250314535212769,-0.007060183406524603,-0.009274539974329643,-0.009545192732455195,-0.0076748146812429755,-0.00865839293061665,-0.008661621962982992,-0.008663577138687253,-0.008594363545218234,-0.002501755949197214,-0.005716928689194189
2023-09-07,-0.00453872720892018,-0.009777809030929169,-0.01757757642668475,-0.0007926272879974919,-0.008718616644583496,-0.008674999158967146,-0.017577576372622004,-0.0011059181967393605,-0.005320887900540937,-0.007125696472934859,-0.004538727208920174,-0.006339351283838711,-0.00693918046632573,-0.00594719384701696,-0.004538727232703908,-0.005980123947801843,-0.0035721749703617723,-0.006628671926751838,-0.004309198392706406,-0.004388148413579915,-0.007708805306603185,-0.008502480147730246
2023-09-08,-1.1785617102258667e-05,0.0008563324108006927,-0.014573583389020404,-0.00244917982957776,-0.002347096334271912,-0.004922624953734943,-0.014573583314235495,0.0015487806717716815,-0.0008532191926249277,-0.00036926205542994663,-1.1785617102253463e-05,-0.001602775981644658,-0.002452705458972095,0.0013529358511613783,-1.1785632124423602e-05,-0.00015531161236710992,0.0016909127148870082,-0.0011794409756870627,0.000556388416398451,0.00019908856602561618,0.0009471937146444582,-0.0015286394056127518
2023-09-11,0.0074414180542528305,0.0044535645904018265,-0.008683153499066206,0.007917125565524938,0.0029864072780138302,0.0013717012408561782,-0.00868315342351972,0.008112263013108105,0.0056630542857419265,0.006134197888903223,0.00744141805425283,0.0042321520808197115,0.003200441416584215,0.006228445775093728,0.007441418021041628,0.004794556096721298,0.007032072076416211,0.005213912666133331,0.00773549961748192,0.008234480849198757,0.004465384044420108,0.0035272648656972092
2023-09-12,-0.011255605685164568,-0.01061643246687071,-0.006840881988466726,-0.0066937518758882104,-0.010926337513971417,-0.018182771247531593,-0.006840882045739977,-0.014908182994383214,-0.009932814368016327,-0.011884179973418712,-0.011255605685164559,-0.016119663594692267,-0.011436279340973616,-0.014995519197794236,-0.01125560571662912,-0.01257429957225248,-0.01612637832464434,-0.011090971599567994,-0.011325693516082716,-0.010163209051415496,-0.010298111575601405,-0.010418196653660476
2023-09-13,0.0018175690533255133,-0.0024451312032443325,0.013613296963181348,-0.0033967101248374414,-0.008078696451787446,-0.012724560530267576,0.013613296845826432,-0.00012007410487253184,0.000309489054578696,-0.004250424248450804,0.0018175690533255079,-0.02739478384083076,-0.010527118666089842,-0.004313688934307418,0.0018175690331568167,-0.008788426343916859,-0.005020124658913329,-0.0031305636992309607,0.0007635439430526141,0.00038879018132466337,-0.00018124498051043923,-0.005736998709578401
2023-09-14,0.0009986897926228609,0.0034549992145887012,0.0021083950467261094,0.0010980294646714753,-0.002169487789344204,-0.008271946228913314,0.0021083950008109528,-0.0003080916623747409,0.0012384094876619438,-0.00020036021633259887,0.000998689792622863,-0.013718381185923603,-0.00313599982194924,-0.0003940151059859563,0.0009986897593736125,-0.0013223027922096352,-0.0016350524163135129,-0.000585398998360598,0.0017225897426349924,0.002255791953644771,0.0029184827738929333,-0.00036470243131990227
2023-09-15,-0.021104259596113152,-0.008346756401197327,-0.03757681413103044,-0.01477515682953406,-0.009704773435465767,-0.017450615413376842,-0.037576814081249674,-0.02002708994558732,-0.015011108554747746,-0.015017838306087302,-0.021104259596113163,-0.0161765619386279,-0.008496995850964886,-0.016173745623048602,-0.021104259621983045,-0.011317955133518926,-0.01836837601057152,-0.015404516515789543,-0.01855031873759836,-0.016208898971188733,-0.009341227039879494,-0.006666391986388591
2023-09-18,0.0010467544163745971,0.0028370846018982905,0.001502257532543632,-0.0019802496266776107,0.00028104484961167034,-0.001222990773827971,0.0015022575247405584,0.002374545187532628,0.0011273823061963254,0.0021019238440977083,0.0010467544163745982,-0.002598766894728361,-4.2646793394191895e-05,0.002003134098584437,0.0010467544199395096,0.0016096412988924973,0.0015465654815313946,0.0006638996329931419,0.0012344421093713625,0.0011751666733355367,0.001163317807305199,0.0009933759844161867
2023-09-19,-0.00558701785658584,-0.0025021457142013867,-0.010196019305370266,-0.009601004563499771,-0.0035036653129238452,-0.0034887440707375675,-0.010196019267698479,-0.0047604722405963345,-0.0052817035880256165,-0.0037418422875324124,-0.005587017856585862,-0.00018574220793794987,-0.0033904560022391824,-0.002891031582237831,-0.005587017847517334,-0.0043410251364478574,-0.003292322026836777,-0.004545341584754848,-0.005332292421637436,-0.006226839402016647,-0.0035536837224761785,-0.0038504501132375114
2023-09-20,-0.02155295582080509,-0.010579676080843984,-0.0298764618530044,-0.02028058842483561,-0.011653837879512163,-0.020341151539964235,-0.02987646181537407,-0.02244398435530907,-0.015374715775091922,-0.017868867234861287,-0.02155295582080507,-0.01606069429326601,-0.011597071269300655,-0.019281287086423318,-0.02155295582427713,-0.017922163692496648,-0.02183429056821226,-0.016603396850158825,-0.020575883772867717,-0.018105176910850496,-0.009778836777505313,-0.00909795916372635
2023-09-21,-0.025158351280950852,-0.030487052975350776,-0.02935758464921561,-0.02819096065145742,-0.03206865839051173,-0.02487843047236623,-0.029357584614439707,-0.022132902419182067,-0.030973624501808655,-0.02612980001226639,-0.02515835128095085,-0.02242916748619479,-0.032482626709136805,-0.023193946477488868,-0.025158351278191285,-0.023699637080297882,-0.021018154603650502,-0.028613504835731284,-0.02504141944293182,-0.026435819511908973,-0.03204600399347364,-0.035812281918783856
2023-09-22,-0.003051096009020951,0.0019761051522873946,0.014354077586852499,-0.0037209407305419783,0.0010370894631926224,0.00243159515340951,0.014354077501362587,-0.0024845459261103415,-0.00010956518489790878,-0.0013893239101245307,-0.0030510960089764325,-0.003430863841447373,0.0010274319717093459,-0.001811739880640336,-0.0030510959909953,-0.0013432930430714455,-0.003366333659567531,-0.0010070032729141665,-0.0029623285341581823,-0.0017068296000541095,0.0016749777692986762,0.0009930517872339339
2023-09-25,0.007275932016460923,0.0002657792968445745,0.014600735191128445,0.006339198882792653,0.00139157129283056,0.00865727803471611,0.014600735171440844,0.005832982169849905,0.0036929565348161374,0.005381850703726081,0.007275932016426637,0.00489351286886722,0.0013789581441897754,0.004634696687389132,0.00727593202146133,0.0032033586672111296,0.005878945965436562,0.004333751654645741,0.006207437251860756,0.00510846627970438,-0.0003757615457780633,-0.0005765221096608398
2023-09-26,-0.016183599784050616,-0.016231147870304156,-0.007392888233564144,-0.01395997782677404,-0.014721642808116706,-0.012141170483430486,-0.007392888260817515,-0.01807022988301924,-0.015511165647654292,-0.016371045477335047,-0.016183599784050606,-0.013775384435632886,-0.014346468586380915,-0.01697463993754006,-0.016183599780318893,-0.01616774018250114,-0.017100267945394376,-0.01545262129608366,-0.016404076658141357,-0.01626102242842671,-0.015826247122857837,-0.015029766006677958
2023-09-27,0.0031217425110542834,0.004813291010068601,0.013202431292662103,0.003178773405199105,0.0066348031517357835,0.005538292202168444,0.013202431255550396,0.004130956788041929,0.005574315654526391,0.003131350759511901,0.003121742511054264,0.010536797514619601,0.006991738590778885,0.003043178736746247,0.0031217425249008474,0.004304066217070122,0.002442077145581812,0.004878272831395032,0.0028665387227661304,0.002328029303252225,0.006904646094097493,0.007632076897584907
2023-09-28,0.01047330405453217,0.009437620663591943,0.014516851273542561,0.010373004609492207,0.009824161384954868,0.008200395641144127,0.014516851249683918,0.006455992222901913,0.01136435687025079,0.009480276468388492,0.010473304054682525,0.013291160926356538,0.010250211066401881,0.006659951310984168,0.010473304046411728,0.007475401334799824,0.005890829504939134,0.010148732719743519,0.00960700678345737,0.009772149355272736,0.010018234856471549,0.01127747732289594
2023-09-29,0.0035294570261449935,-0.0004059655543644507,0.009470315542621652,0.002649474534575668,-0.00013584707190605633,0.004952973315315161,0.009470315530716712,0.003691540636276549,0.0012257758163690571,0.0020994474762972134,0.0035294570261449926,0.0015731114777908133,-0.000565834439908245,0.002006062700116297,0.0035294570300483216,0.0006779975537708675,0.002975358830091251,0.0016968049771194796,0.0029370378915260145,0.0021682609814878163,-0.00027488473491596227,-0.0016068270980349876
2023-10-02,0.012895918341914567,0.012194559304965654,0.029068243602223428,0.009639700923059248,0.013081663153727347,0.013753211816641714,0.029068243575701425,0.014848443289555898,0.012397873705811968,0.012666846969953224,0.012895918341914565,0.017311976123538266,0.012483251295270262,0.01439441830707194,0.012895918376606667,0.012742513446931392,0.014350089392628662,0.012988790747820955,0.012588791984020674,0.012047958058835292,0.013001794286946299,0.011625461105814477
2023-10-03,-0.018547801412930078,-0.009911412613018904,-0.028654662561088545,-0.01361413474093576,-0.010385821893439246,-0.01754862416535103,-0.028654662540402654,-0.016944534262563885,-0.013729678236011813,-0.014586144111703028,-0.018547801413167878,-0.013702587370582203,-0.009547798777187866,-0.014738010704880497,-0.01854780142804209,-0.01220519899543044,-0.01610356831369597,-0.014466811653184662,-0.01681502034619401,-0.014638086612985645,-0.010804282428464151,-0.008590182756775094
2023-10-04,0.014394562436393032,0.0015406581544737561,0.011969535011481099,0.008468366395792085,0.00022550814061748654,0.0041222006329633375,0.011969535006709577,0.011171889793640274,0.007142746083482117,0.008806226338627286,0.01439456243639303,0.0013694413800683187,-0.0006726326781949111,0.00858153070795975,0.014394562419908146,0.004764528583976308,0.010581962943740805,0.007310035288505291,0.012490529111322979,0.009995626607143636,0.0015076740988603553,-0.001017168299731525
2023-10-05,-0.003279047382641345,-0.004259308558067764,0.014583919217471155,-0.006267516828170918,-0.005248476575481512,0.003746737723531986,0.014583919183449857,-0.0009354138804095222,-0.004821379563548491,-0.0036803341822135172,-0.003279047382641345,-7.56423334840571e-05,-0.006050562050834701,-0.0017478895840312494,-0.003279047339661954,-0.0035390559341060422,-0.0016385657861782083,-0.004263761979061428,-0.0035297305516218238,-0.0038826525156867957,-0.00461024265007764,-0.0059256663528908255
2023-10-06,0.019010940166078454,0.01138192685039756,0.02374903029216668,0.014005068568169469,0.011995276405060457,0.014312851130422896,0.023749030289289284,0.018185356076626604,0.014260515267919773,0.015932446393102685,0.01901094016607846,0.012534956621064342,0.011173253593398455,0.01710619901749056,0.019010940193423375,0.014258939154280188,0.018424286375370594,0.015503108285569457,0.017479837730120854,0.015460350966244986,0.01169340099484127,0.010873011008263624
2023-10-09,0.0029708720264799895,0.007764923655243217,-0.01074341166195016,0.003897381808013661,0.007441224911528334,3.795964203968938e-05,-0.010743411632624216,0.003505435235413862,0.005284462676626228,0.005371978098190046,0.002970872026433793,0.002417351639332107,0.00828851160142814,0.0050651219286067875,0.002970872007216859,0.006017724584118707,0.004227850367595529,0.00520604846900416,0.003923809208324533,0.00453272375722125,0.008113972361378341,0.008194211061817953
2023-10-10,0.0005214435283582509,-0.0017945249597779585,0.011529772953736141,-0.0026543727301231693,-0.0039948810300404446,0.004407300658966339,0.011529772904491814,-0.0010211043320497207,-5.825557240264189e-05,-0.0018559705584725167,0.0005214435283582492,0.0031212677281859356,-0.004229939752578418,-0.0032137332735998237,0.0005214435248352997,-0.002806511950808681,-0.003546089216157901,-0.0017367187508410917,-0.0003598684783579049,-0.00023302970404949085,-0.0017202965189441974,-0.003350335802752952
2023-10-11,0.00810808228304907,0.00010072346045398835,0.02177099418795568,0.002700339970925338,-0.002103734041771366,0.0023675979480401238,0.021770994144915887,0.009739694596368517,0.0033024581805617447,0.004074285313722904,0.00810808228304907,0.004439778608877214,-0.003118514175379044,0.00601640043184828,0.00810808229712597,0.001988284033543367,0.007463886482668094,0.00300217412063896,0.007244269459370784,0.006045111557466032,-0.00014157897967895412,-0.0032729914076975435
2023-10-12,-0.0022975894540283367,0.0007675638256663595,0.002965342460778768,-0.005820805257102777,0.0008078487812501527,-0.0005001904249160535,0.002965342450330388,-0.00020148511492249117,3.535272525031412e-05,-0.0007570508169118136,-0.002297589454028345,0.003349686940078443,0.0012158541045658778,-0.0005394617597266723,-0.0022975893712572724,-0.00040435206092357637,-0.0014574528083768047,-0.0007448703363890986,-0.0023736776254843607,-0.002108155804284763,0.0017159916147282297,0.001608462024872075
2023-10-13,-0.01625199639887996,-0.004323523753625517,-0.03212197887305639,-0.012054059767089884,-0.005694171681212622,-0.02219307811827971,-0.032121978845109145,-0.014962808378935988,-0.010345930552220457,-0.011808269305863383,-0.016251996398879958,-0.01144413822246213,-0.003927683375516694,-0.011962755551638105,-0.016251996450624757,-0.008626141107959832,-0.01417507584732316,-0.010973084040046308,-0.014079656751654212,-0.012715648845899282,-0.003737098840911085,-0.002515234701351378
2023-10-16,0.013105836996923631,0.008561750398576736,0.01384973964322398,0.013960119935630972,0.009141005551371994,0.0012796441750103902,0.01384973963923512,0.012214397443951874,0.010754267963484665,0.010568915658819598,0.013105836996858218,0.00937952363882243,0.008205805980505108,0.010689083158219995,0.013105836967885032,0.009912165410961467,0.01187012282727275,0.011123421274147859,0.012546083433334408,0.01210171904666462,0.009001229007826322,0.00826683255103442
2023-10-17,-0.006739960890475055,-0.0034452463427650515,-0.04792492690554042,-0.006254986924977135,-0.007694841831033579,-0.03332472509335629,-0.0479249268575906,-0.007120613159081845,-0.005672080963881897,-0.006105514716384352,-0.006739960890327069,-0.018324292431617227,-0.006339424719812739,-0.006482848556386494,-0.006739961068414471,-0.00720676619049999,-0.0070659296475313795,-0.0072174013607543145,-0.005299512316606645,-0.004917201034607072,-0.0033000624314275715,-0.0038652890095834157
2023-10-18,-0.017923103831220782,-0.006341159371620145,-0.04045425809272602,-0.016982282353516072,-0.00871873039305373,-0.014514699480503712,-0.040454258063728245,-0.01623420185590113,-0.012016523653529124,-0.013049739612811662,-0.01792310383122079,-0.015279450725674323,-0.006507614318814317,-0.013572130578570232,-0.017923103881079774,-0.01142303033975577,-0.01599340896445124,-0.013320917112137256,-0.015819202003577372,-0.014244971139743936,-0.004824954792353604,-0.004998199172489268
2023-10-19,0.011547487744207089,-0.005029270387178746,-0.0022537893377460247,0.015333485013378872,0.0036469247135787483,-0.004529497022713731,-0.0022537892790204725,0.01542224087570296,0.003566848866484278,0.006538384823458012,0.011547487744207075,-0.0064050780514832905,-0.0035718967217746745,0.013848432793088148,0.011547487872805098,0.006271398817515985,0.019304393659629594,0.007597206228892919,0.009764203104587236,0.006522936544239747,-0.00462876854215999,-0.003939394818421207
2023-10-20,-0.016594414399887444,-0.010976016083419415,-0.017104656863848173,-0.015020078554708511,-0.008557932430188386,-0.011025134792570425,-0.017104656849480284,-0.016710535125073707,-0.012893122602412797,-0.013377434911331159,-0.016594414399887444,-0.0105145949038372,-0.008430795741854897,-0.014171981668873103,-0.01659441434245874,-0.010845558993212356,-0.015464262736474797,-0.012576173415037917,-0.01619787111745031,-0.015656417122552925,-0.009640026593069255,-0.008458976557820484
2023-10-23,0.0006144738503817112,-0.008457896009539551,0.03765170046113277,-0.0023464022309264594,-0.005982779426612982,-0.0063722675994378145,0.03765170038404795,0.0024088570085962343,-0.00518641246714759,-0.0019149608157413497,0.0006144738503817031,0.002864063408481027,-0.00945668652885285,8.623942027376425e-05,0.0006144739911246922,-0.008564751374530326,0.0021331574288239855,-0.002684152788115589,-0.000986137557069479,-0.003251729778360089,-0.008794719368547732,-0.010870589978701422
2023-10-24,0.012404874950936012,0.012054111782700045,0.01588243980713346,0.015167416118728039,0.014262542790127944,0.01304492305745552,0.015882439799612506,0.011772444827046768,0.013602155053561545,0.01251814073610975,0.012404874950936012,0.015555507682626042,0.014354842476155278,0.011664011139453069,0.01240487495092775,0.0135279093830292,0.011675895041013368,0.013333708870531978,0.01224899715623633,0.012640039312550855,0.012423390893132512,0.014422031492382746
2023-10-25,-0.036150758140707,-0.010479501645590774,-0.0441073427766628,-0.034257745234752154,-0.010562866595539452,0.01254120790857364,-0.04410734271528471,-0.03250188083756124,-0.026320110456709327,-0.023657898885894695,-0.03615075814070699,-0.022148368551978825,-0.007773935573867171,-0.02519442738616201,-0.03615075813941046,-0.020647532444937312,-0.02932257215625053,-0.023356812368123224,-0.033142408601807574,-0.03001562893141465,-0.004540277383102422,-0.009646218171134733
2023-10-26,-0.018859597922991224,-0.020697271706917618,-0.035397339857923454,-0.014877922795302671,-0.023199368528518352,-0.027975253497245667,-0.035397339818857315,-0.02061568757601886,-0.019256667153757814,-0.02085419159251265,-0.018859597922991224,-0.024904866756833902,-0.022407636726150575,-0.02179488028238847,-0.018859597924824657,-0.0218238388447598,-0.02101698647363013,-0.021029483225754778,-0.01855338224892819,-0.019245576528699914,-0.022918961979090435,-0.021262258378929928
2023-10-27,0.012800721280341744,0.0028183355380920344,0.004305585227591777,0.004881406836646718,0.0018361619127036414,0.002903071463896476,0.004305585194678028,0.015120086841478742,0.009157221011449515,0.00821280737551039,0.012800721280341727,0.0004883845061338017,0.0018534152611239193,0.006834271130062327,0.01280072126050107,0.0024850170257482555,0.008506235593944962,0.007318441596522693,0.011461959979715703,0.010882520979173417,0.003956619562253664,0.002739444904442748
2023-10-30,0.01689214793126954,0.005368417520652418,0.016189281432055478,0.01337242187824118,0.007583821577424974,0.014920583327345145,0.016189281450506195,0.01922888797581189,0.010212804311923911,0.014024791375522948,0.01689214793122749,0.008484237714454475,0.006901608783478242,0.01583205489967513,0.0168921479316689,0.009775142946496188,0.01878468107285724,0.012237984754347255,0.015823963185570895,0.01321707288257702,0.005021984346685235,0.005261393777341736
2023-10-31,0.007394496468859172,0.00902872773650595,-0.009299490079573399,0.008719611209367243,0.007553361364139712,0.006093029281677696,-0.009299490034893589,0.005031428573569509,0.008741618000865032,0.007607972832135538,0.007394496468859169,0.0036857572301163843,0.007856651755421551,0.005586017449816683,0.007394496467695468,0.006449467393862559,0.0050839373811385905,0.007473928916499442,0.0075692473435222,0.008583400642854858,0.009039714159387816,0.008993342071972518
2023-11-01,0.024830583659974297,0.006161849861942699,0.0371862209456332,0.012515271478639824,0.008818554591125337,0.009681574954459057,0.03718622089416073,0.020822832813226076,0.015389742419521015,0.01846068164360347,0.0248305836599743,0.01763576477211187,0.007891024965838033,0.017459434551379653,0.024830583661189745,0.014297978462519723,0.019972234745048358,0.016824569125549825,0.020800966969031755,0.017799558043685645,0.0061819816356488795,0.006298681599024247
2023-11-02,0.017558889196643813,0.014509038552420183,0.02752106509137002,0.021610955157152507,0.011175788542481292,0.020327688072724656,0.027521065043853793,0.014891256736474644,0.014804450334424795,0.014471166026577983,0.017558889196643807,0.01796984255750134,0.010573904426583366,0.01427932851813312,0.017558889194463932,0.012012742806553846,0.014873200334774229,0.014367338869562554,0.017553771079841955,0.017346089960661896,0.011086564978641583,0.010655397473512096
2023-11-03,0.01306981721862998,0.0048901192852266575,0.03387451610618405,0.012234213033984068,0.00869074406968234,0.02737391536937576,0.03387451604056865,0.009795297285205746,0.009808676907478203,0.011340200493001702,0.013069817218629978,0.011844078940151354,0.008595178516544722,0.008994014545930969,0.013069817219179623,0.007978931950374975,0.010098918464458708,0.01088028064415616,0.010972763235667012,0.009902432136676412,0.005201632623069994,0.006373540903436665
2023-11-06,0.0032743717715764905,0.005023907647098527,0.016440110136651833,0.00012868074268930127,0.006579234512810512,0.009513565807079226,0.01644011010342628,0.007049241197656948,0.004073008555938841,0.004486896020789169,0.0032743717715764953,0.006744264170513084,0.006569870683740301,0.006989739069925246,0.003274371773651404,0.0072209283381858905,0.006977801026470744,0.004926803142193502,0.0033684332817515324,0.00309853305808239,0.006007458832494992,0.005632860690091581
2023-11-07,0.012105552301555153,0.002250552114088333,0.004449015791368068,0.005938270233067905,0.0008295471392977954,0.005103168815211024,0.004449015810391444,0.012998556617979173,0.006068815679998108,0.007401277674372752,0.012105552301555147,0.010507772994795016,0.001072533551986121,0.009931500341342072,0.012105552301734747,0.007264625598538925,0.011710893250727274,0.006467549720426475,0.01096946596333086,0.009276511823970676,0.0015362781040847897,0.0006680153383465488
2023-11-08,0.0013969737248537065,7.177313148705585e-05,0.013379827767310223,0.0001095717076672702,0.0010168834670781493,0.004899328331671272,0.01337982773486705,0.0007326917251245283,-0.00010079458510880426,0.0011470057792251978,0.0013969737248537093,0.0036034672566179274,0.0008495388354482286,0.0014143969790335427,0.0013969737252654338,0.0019414830922587075,0.001591165524285114,0.001206928595965928,0.0010370306070082973,0.0005603136941773343,-0.00041623689043385225,-0.00026982583042154426
2023-11-09,-0.0071099218200195765,-0.014855872919682454,0.008040711129776449,-0.010180000778437802,-0.012536211652088895,-0.006118007482413426,0.008040711093521068,-0.006980745554430519,-0.011874015068119435,-0.009852673155665013,-0.007109921820019567,-0.0037890386490586525,-0.013154798894618342,-0.007953001581592723,-0.007109921818034289,-0.008533474220374825,-0.006364379548401923,-0.009823066736054238,-0.008433969225971234,-0.009692463352540861,-0.01538176931578258,-0.014953999324002827
2023-11-10,0.023739582378031816,0.014395428352180935,0.029072859173638454,0.01873978538797861,0.016953132129148125,0.02779824862157651,0.029072859170851322,0.023193074892391807,0.018779174788960802,0.020921360734197248,0.023739582378031816,0.0203379966167526,0.016854800916960143,0.021983811692152803,0.02373958238077703,0.021468696094094068,0.023619156074769027,0.020346357253589974,0.022007407246043702,0.020622952050862633,0.014892908283063873,0.014945483315861664
2023-11-13,-0.006388330740312141,-0.006205543675438546,0.005878728106403045,-0.005769201127934092,-0.0043974962870856095,-0.005274463497401279,0.005878728081234546,-0.005440293438176624,-0.006543076186047474,-0.006257633208970339,-0.006388330740312137,0.004287469373110573,-0.003980433284204447,-0.004983015338003529,-0.006388330738687037,-0.0044024667860787445,-0.00465902818881719,-0.005392913513698877,-0.006416442888202628,-0.007015023839649463,-0.0062214444915970855,-0.005709524476261707
2023-11-14,0.021155345471739997,0.01814749739816515,0.021084410373207983,0.02253223138284038,0.017048280712020032,0.016797301977447054,0.021084410365736442,0.01865092285077643,0.01974546232846716,0.01896481387648775,0.021155345471740004,0.023143064875405156,0.01719030106243971,0.01777144499817361,0.02115534546824409,0.017179006690410954,0.018050503673486203,0.019101813091880013,0.020685132486927535,0.020452011050515643,0.01655985071052899,0.016803930707083976
2023-11-15,0.0022549813554098206,0.002549841201652583,-0.015587121701945638,0.009897913355393815,0.0015755348236844925,-0.0001252764315478514,-0.015587121663465191,0.0015543685486529499,0.002163543392086305,0.0027684330128430407,0.0022549813554098154,-0.00884569003469728,0.0007667373769658517,0.0026033708935970373,0.0022549813499193523,0.001994994700195805,0.0028644479803016593,0.0019152580895471561,0.0033224201457231176,0.004556129789338461,0.002403403932220564,0.0027153551587177
2023-11-16,0.0030388025530788875,-0.0664366656971351,0.012036563379518013,-0.02166057941186088,-0.05548053317825585,-0.007932969451158671,0.012036563379106371,0.004593192636423367,-0.03779625585761009,-0.022000567893637742,0.0030388025530788815,-0.011042145211856112,-0.049391645287040986,-0.00748362470892487,0.0030388025587144703,-0.01166155726733268,0.005178435392704861,-0.026220865312588472,-0.005208641334648514,-0.016370803607662555,-0.06722443972907433,-0.0694134170096174
2023-11-17,-0.0010207066222720773,-0.0061198783732140105,-0.003685077553730617,-0.0022620954981040706,-0.00632964293673976,-0.004864423074769879,-0.0036850775492520286,-0.0013879502875431397,-0.0028625276234743547,-0.003423920664778771,-0.0010207066222481436,-0.003546987150771152,-0.006834097855222343,-0.0035115263004869327,-0.0010207066223644249,-0.0031054714466686724,-0.0027488541967319083,-0.0036751747795059158,-0.0018085459384136562,-0.001580573686822778,-0.007133970944949461,-0.007145496422364802
2023-11-20,0.013716729782639592,0.012259218907783274,0.02228620048167535,0.013846775584835122,0.015719480826361522,0.019688811911118036,0.022286200470142133,0.014915727231930678,0.013135483666890987,0.013847211574212363,0.013716729782639596,0.017987560660931767,0.016248475921207622,0.015498698310336867,0.013716729785028043,0.015907412576413715,0.01604830301686467,0.014718105304500555,0.013424682537846754,0.012855624106934464,0.01356962510298607,0.014115132897778514
2023-11-21,-0.010276414721682774,-0.008580375776098045,-0.009267400415804063,-0.011038998529723782,-0.008821265854446992,-0.008739047039292633,-0.009267400411350093,-0.007532682326700445,-0.009434819334961222,-0.009324654523371886,-0.010276414721682782,-0.008200393585610555,-0.00903932450305715,-0.007312330538740085,-0.010276414717739712,-0.007568672284486707,-0.007034914867484856,-0.009548840288064884,-0.009932135187246767,-0.010322109617348623,-0.00871413892938032,-0.008470650303093553
2023-11-22,0.00760376272228497,0.0060006649510811316,-0.024894836800609665,0.00511404618546019,0.001588062046945743,0.0015306163641317784,-0.024894836724453053,0.004669453654385411,0.005589523300801839,0.005571107136514573,0.007603762722284962,-0.0065837094860293046,-0.0004800353727105514,0.0028976481718870303,0.007603762713387235,0.0025250051265443395,0.002000148366854032,0.004595912384615366,0.0075656250233052304,0.007760267496538307,0.006788520494554489,0.005081326630325301
2023-11-24,-0.002905005341796975,0.0017069393752444592,-0.019483977178839592,-0.0005772694430909665,0.0004919778313235588,-0.0014629327580480134,-0.01948397712001962,-0.0022878166274990282,-0.0005806574066739025,-0.0008797601976908345,-0.0029050053417969657,-0.0072468994828779635,-0.0009807441202139013,-0.0018306518203171957,-0.002905005342619917,-0.0019484514440615492,-0.0027476597302042564,-0.001206513755236712,-0.002016061843237389,-0.0008894962808345067,0.0016298800209850603,0.0024148157857683
2023-11-27,0.002092744475261707,-0.004380878705607804,0.009706560796152857,-3.2447610105845086e-05,-0.002138985481427132,0.0026286919626645157,0.009706560765037823,0.0011101851951747159,-0.0012854943789166941,-0.0007742191755465174,0.0020927444752617073,0.0016996235788914438,-0.0014182190881050446,2.6044175669734642e-05,0.002092744474566353,0.0005482967649166281,0.0008931462087677922,-2.3120503082709127e-05,0.0010175965563796626,-0.00020145799621683412,-0.0026123195884564356,-0.004042841777978721
2023-11-28,0.003806024521932998,0.0019354609208879657,-0.008765258364285562,0.004343800423384578,0.0013803087294079017,0.0020197926628624605,-0.008765258324523583,0.0014682082120643434,0.0021540895071539335,0.0025899452145403835,0.0038060245219331997,-0.002847651369177156,0.0009137695089263188,0.0017980729693992015,0.0038060245142724817,0.002428070003962579,0.0016641141336928961,0.0025931666256704504,0.0040812955508473196,0.00330526546691116,0.00246951190174129,0.0016013450985322736
2023-11-29,0.0005849886900020376,0.0017351803813221859,0.006648557057822419,0.002599780790888283,7.245445405853676e-05,0.003846194946877907,0.006648557035019632,6.398679523181555e-05,0.0008061315306107438,0.00022250314202902042,0.0005849886900020451,0.0018673511571242144,0.0002760908028531272,0.0005921897051158489,0.0005849886919558462,-0.0007635217236373168,0.0006877207413955297,0.0003287215720302875,0.0003010488797545863,0.0004907452149150438,0.0033856097554368757,0.0020940805837467193
2023-11-30,-3.7594888739641945e-06,0.011897650612638318,-0.028871400568899315,0.003308170647503514,0.002400025041963302,0.006094431265412456,-0.02887140044877682,0.002814353897490981,0.0009603943978426873,0.0003566231542682656,-3.759488873943378e-06,-0.013680548917277208,0.0027050455234385743,0.003917614451565627,-3.7594915839531118e-06,0.003119561638969764,0.00276048996326896,0.0011981327765446693,0.002415258221225201,0.0029573385215785715,0.009332118556036923,0.010495230131800372
2023-12-01,0.0024740692619714478,0.003558851429004764,-0.00010692205426984735,0.003043355475936705,0.0006867238791693913,-0.001911679958961359,-0.00010692206310476691,-0.0007005676870613146,0.0021446444976396697,0.0023950194263993962,0.002474069261971449,0.0010976833171694232,0.0018874341290525405,-0.0004047606447033763,0.00247406925639174,0.00015663045111426058,-0.0009602431272308048,0.0015803965705704197,0.0027392213109578255,0.002059457820184519,0.000547025558460011,0.001270666015581508
2023-12-04,-0.018540722491928202,-0.012124013796986712,-0.02720300903192289,-0.017450559971966387,-0.0173411024995423,-0.02267199479266992,-0.027203009011640387,-0.020233090018452856,-0.015973471035743796,-0.01680828718607842,-0.018540722491928265,-0.018178125045907753,-0.019127748198903966,-0.01978938635867445,-0.01854072249625028,-0.02000110830116917,-0.021185126690269007,-0.017940912495735248,-0.017345210046282353,-0.015538111713462418,-0.013463333791911477,-0.015086909071498985
2023-12-05,0.002784048342594277,0.0029531554975172937,0.023026647538358643,-0.002637586558566905,0.001515823776483791,0.002370715564861764,0.023026647450267057,0.006779099701974821,0.0009969816345859147,0.0011377324807096737,0.00278404834259426,0.008749328575186056,0.0025188176538204375,0.005099664419610232,0.0027840483472212903,0.004312988824556187,0.005952328461487501,0.0021499360595390346,0.002289748258516118,0.0020658849063433567,0.004413358960750116,0.00040985616586779205
2023-12-06,-0.008822006420624412,-0.005344974818796004,-0.023092575586045144,-0.005987709873594238,-0.010064150887304304,-0.012979918388282606,-0.02309257554445083,-0.01200162740105513,-0.008072630868030433,-0.008496864051402757,-0.00882200642062441,-0.014630973338091081,-0.01124172799278601,-0.011263073574718582,-0.008822006427413724,-0.011334741414142197,-0.012206158844480135,-0.009443078653964359,-0.007835968904129492,-0.007222934064233163,-0.0069077542018028204,-0.007981460041137315
2023-12-07,0.02076644193653213,0.009710112061770481,0.023736374029393364,0.01140850731072354,0.01308581762321032,0.013882890062084218,0.02373637403738747,0.017271052225273704,0.017947351654909783,0.017954220403484707,0.020766441936623498,0.019660638368848758,0.014232604583182675,0.015480475709540016,0.020766441941847746,0.014921124288790728,0.016482285038941676,0.016926129779871228,0.01769681825223223,0.016390869063735783,0.008711880842393794,0.011090171873331634
2023-12-08,0.005519909416107784,0.0044591688594492656,0.01934146423806331,0.005266004031069599,0.005826115572032579,0.0068658777124138235,0.019341464174273043,0.00541283969263296,0.00471377745494777,0.004875782467500866,0.005519909416082904,0.010031411578159,0.006338776544101176,0.005874655899359342,0.005519909417613402,0.006225516284898917,0.006284815827848608,0.0056730124940701804,0.005063193616076543,0.003943220846314792,0.005411854610329159,0.0045653167861759054
2023-12-11,0.007228220688024004,0.008592269117470394,-0.01867622351143958,0.011519494005185829,0.012398251883082982,0.010048886934883925,-0.018676223345428334,0.0043340591907047015,0.01159227768182665,0.01119797485648844,0.007228220688024008,0.0037421637824040337,0.012090224383779777,0.006805764819418538,0.0072282206878850975,0.007647098604066853,0.005764011806280072,0.009813236285553485,0.007420892776744073,0.009018111456945603,0.0060816134653853176,0.011051950441728884
2023-12-12,0.007401200807786857,0.002976807825266644,0.021849752151972764,0.002160082132128621,0.006522502110101089,0.009590225082591067,0.021849752095604465,0.006782955771383659,0.005357043686681494,0.006343518459412166,0.007401200807804481,0.012833957743557238,0.008441384425987245,0.00680135528889278,0.007401200811352268,0.007955885748048792,0.007373782287859248,0.006961851458943979,0.005950762846157538,0.004531377172153328,0.004733741139141037,0.005066262517765093
2023-12-13,0.010840331826580504,0.009471311562749107,0.00900312929757458,0.016472709842583044,0.004949325392440612,0.008158750968023437,0.00900312928488862,0.007877933083362591,0.008165506884716102,0.007750902894920591,0.010840331826560549,0.002650587547397703,0.004788682869661422,0.0072736309134995335,0.010840331820030438,0.005592292033437219,0.00775218561646075,0.007894828609510691,0.010902422220988407,0.00984801666944602,0.0074709627642993316,0.005679720024904601
2023-12-14,-0.009074516941367796,-0.005879917666420974,0.00543343870677611,-0.0031769410491857874,-0.0150571594262619,-0.010756636464845986,0.005433438586680652,-0.010978370564817501,-0.010088598133742325,-0.011935501168155853,-0.009074516941367806,-0.015015225679709792,-0.017741972496132005,-0.01206873176971092,-0.009074516943250724,-0.015788634108313642,-0.011875517150316704,-0.012065838183814808,-0.00890210251803945,-0.009022120365213472,-0.007811139801887551,-0.012894515962233458
2023-12-15,0.00781546279184971,0.0071014482666658316,0.011106738393999808,0.008051684296917236,0.009346890646116785,0.009061594148119046,0.011106738383602531,0.009539510011410776,0.008355997094135072,0.008202085450062773,0.00781546279184391,0.007680600053769244,0.010343800158917869,0.008971100920502979,0.007815462794711368,0.00900405056105797,0.009300023311681414,0.008581176718983247,0.00759102718533171,0.007780997365646064,0.00832198077172085,0.008801744689459828
2023-12-18,0.010963016105657267,0.004456036326678384,0.023988893244491584,0.010542002949813074,0.011370065611265549,0.00909782217559085,0.02398889317239409,0.011812474762881149,0.010962986648191547,0.011215590468862748,0.010963016105657246,0.017476501046495136,0.012250098624586606,0.010719458628147105,0.010963016108485948,0.01108752871353439,0.012265202728450542,0.011166540858461405,0.009984194657446478,0.008024485852946569,0.004002176534166678,0.007853279448421256
2023-12-19,0.007130492537244572,0.002199447954564085,-0.009490340211844568,0.007831597821421846,0.0020981814592714258,0.006264085889542359,-0.009490340123623733,0.005581796295162308,0.003491783601320855,0.003921631841341407,0.007130492537244574,-0.006292747850926307,0.0016171318709748666,0.004925472839447801,0.007130492533018213,0.004563778646353019,0.005225202423087161,0.0046143369982580024,0.006793259104623245,0.006086002732721019,0.00197428261267774,0.0005942191320371859
2023-12-20,-0.014169098455107151,-0.009289040052781729,-0.030560551118932792,-0.012876968692436007,-0.013740508101529676,-0.013859095449348153,-0.030560551045655436,-0.012403849657083363,-0.013144385055742874,-0.0135061694010912,-0.014169098455107155,-0.021307705671580152,-0.015517902719269769,-0.013186324387610766,-0.01416909845761467,-0.013944750734940184,-0.013587580224958934,-0.013954803278318415,-0.01270839878710105,-0.011347669162421394,-0.008976940388373694,-0.010537491342098467
2023-12-21,0.012777654620399682,0.002463791138572576,0.01810533243646299,0.009494053573023523,0.00861639356146124,0.013691876465796787,0.018105332429387208,0.012213678274332108,0.008669850823285136,0.009711539474994455,0.012777654620399682,0.010072027762536927,0.009964281190684194,0.01104363217563221,0.012777654623184847,0.01133058368302714,0.012205732949620258,0.010697024090930464,0.010810670546567733,0.008206707018435535,0.0033530460285218066,0.005660766791979032
2023-12-22,0.0003798685510514859,0.0032644114453193253,-0.0032713420864570993,0.0029622883839077944,0.002731127720449139,0.0010843528798806126,-0.003271342072042687,0.001048855081126259,0.0020074459056918185,0.0014586075680854463,0.00037986855105147783,0.0008425135298959232,0.0023630884152316986,0.0012807236421885633,0.00037986855084495803,0.0009061895282578895,0.0008968375535462083,0.001555498135750312,0.0010723738937604176,0.00248940188140013,0.0027162935678644814,0.0032863070956038244
2023-12-26,0.00895996050230477,0.0024710938858605513,0.009153062200147952,0.010597611757459035,0.007787431714043188,0.008722163190193734,0.009153062222418535,0.007765814572816386,0.007211548526291739,0.007370085889128512,0.008959960502304779,0.007060035493911894,0.00812898164525629,0.007795816121954406,0.00895996050335271,0.00800834731976308,0.008353387687782501,0.008373696108173982,0.007825640029063892,0.006724047750807736,0.0020272341700650516,0.003566109043593984
2023-12-27,0.0017647049531393365,0.0017950348520069702,0.0027966434067243934,0.001836195046320201,0.0022632963274765803,0.0019716628093093573,0.0027966434152439843,0.000832778706977741,0.002271848382253857,0.002258686146968266,0.0017647049531393424,0.002945574398112568,0.002389889513349506,0.0012249682518747102,0.0017647049539447125,0.0011014028355913745,0.0006886520850915822,0.0020140006403079583,0.0014294718541520049,0.0011916487235238754,0.001277069302426731,0.0019319929304889918
2023-12-28,0.0014246129568588463,0.001195812873519708,0.0021224593793616442,-5.801543649690711e-05,-0.0005900765861884551,0.0010473116178255425,0.0021224593812485463,0.00013054386540656986,0.0009976467655704942,0.0008376406314043362,0.0014246129568588478,0.0015999962453122954,-0.0005794620693695554,-0.0002183020663181894,0.001424612956633222,-0.0009001597878354347,-0.000950851145239275,0.00041726818533519613,0.001017691035879466,0.0006138973526856406,0.0011447353998316034,0.0003728029421311099
2023-12-29,-0.005790818973858639,-0.0022289284376437605,-2.0204948825173637e-12,-0.006081748320875647,-0.0011626863540450127,-0.0033225928745218153,-2.4132545178257255e-11,-0.0033373451551137454,-0.003405388530300175,-0.0036610904328496794,-0.005790818973858639,0.0003085001754041415,-0.0013594660462018897,-0.002761014108767255,-0.0057908189707428686,-0.0023925571600726895,-0.002772619958784214,-0.0034767526639518306,-0.005373964123735472,-0.004263049819975827,-0.001273497345483283,-0.0010623080879257848
