Date,EW,GMV,GMR,MD,MV,MSV,SemiV,WUBC,WLBC,WUBC_Alt,FSD,SSD,SRF_LP,DMV,DMV_Yager,DMV_Return,DMV_Vars,EWMV,RP,HRP,CVaR,MAD
2021-04-21,0.008426120195626264,0.0016011309258507633,0.008524473899922365,0.003008206745290357,0.003216729945019924,0.009536117446434506,0.00852447398414574,0.007194109048144515,0.0061668540932422735,0.006166853993410661,0.008426120195626264,0.006444256640601172,0.0012706018324922872,0.009995026477275046,0.008426120197565813,0.006856450175229735,0.0072612102790394276,0.007905181170565628,0.00485210664916985,0.0032660665029302987,0.0013721718121378975,0.0008702962668582487
2021-04-22,-0.0035965330507312897,0.000608801489976825,-0.012127911532414763,0.0008088770704148434,-0.002414907761502736,-0.006787557924220955,-0.012127911598573751,-0.003376541208627408,-0.001968648074150518,-0.001968648073862137,-0.003596533050984782,-0.007091959381341309,0.0008654430834464404,-0.005138376380939249,-0.0035965330526396763,-0.003453523632192207,-0.0034356845379324413,-0.003478370521808434,-0.0009122166905015578,-0.00018844427000551655,0.0007724323429021288,0.0008783170868412406
2021-04-23,0.005852493576310231,0.00045458227831617786,0.012510982892298211,0.0015045045839306185,0.0016625236987622505,0.0037436372487403306,0.012510982635819453,0.0033569212744895965,0.003616420043215646,0.003616420002548218,0.00585249357631829,0.007724340455652437,0.00045037237429491027,0.0064720356025473845,0.005852493577068791,0.003832447399859227,0.004121073124873508,0.00543349658855543,0.002389123294856951,0.0005562454091934636,7.967964669618687e-05,-7.74118658805785e-06
2021-04-26,0.002502796169254128,-0.00040460157547507383,0.006490045056766959,0.0003246620199031856,0.0010249705983482239,0.003749547479700372,0.006490045041317806,0.0017226554751287762,0.001407744743181429,0.0014077446952853003,0.002502796169299586,0.003938803822737379,-0.00045855051045310053,0.0032171291089339625,0.002502796170133387,0.0020808146592312814,0.0019292679442528126,0.0023550136121635364,0.0008707033234458851,0.00018532360419576234,-0.0010870378369838597,-0.0006281572028035406
2021-04-27,-0.0017628698536559621,-0.003146171242719191,-0.004341680498163321,-0.003934148058030804,-0.003042653631422374,-0.0018154485425694081,-0.004341680376113846,-0.0026008722164284123,-0.0027600284178747937,-0.0027600288319881506,-0.00176286985365596,-0.0057755164463973736,-0.0034698627906822447,-0.0013920851707803514,-0.0017628698531845638,-0.002207943761472149,-0.002505540230050475,-0.0018908482314326034,-0.003233434058660849,-0.0032281069837195686,-0.004206213136195521,-0.00323803097122118
2021-04-28,0.0010923539575774298,0.001419150292411027,-0.0033864019892217447,0.0007869751096217689,0.000587960022525942,0.00025806257899902915,-0.0033864019207250173,0.0005757040750044323,0.0011205892708166085,0.0011205892306128543,0.0010923539575774304,-0.0020712255367271444,0.001207050154559204,0.0009715176479773791,0.001092353957422359,0.000675978417934029,0.0009104226197341305,0.0010419145640722805,0.0011631676470570354,0.0012789259786733418,0.0011784017297063137,0.0013736317778441733
2021-04-29,0.00036826692161783664,-0.0006658055127122794,0.003592473281702704,-6.501159304609532e-05,6.154890104493617e-05,-0.0005166194761089446,0.0035924732144479343,0.0003090269141845447,-0.00032191588372149787,-0.00032877834226641936,0.000368266921617841,0.0016841778109595801,-0.0008979182983469661,0.00023834060265791627,0.00036826692148331556,0.000831637693275474,1.3566777276083786e-05,0.00033759511956054646,-0.0005979387135873977,-0.0010302858295381532,-0.0010280150042043517,-0.0008608552032744624
2021-04-30,-0.005841729810630952,-0.0007635621522371322,-0.006576499278186571,-0.0014397194015632988,-0.002052990068500532,-0.0059344784737349575,-0.006576499401179248,-0.0039986518776321065,-0.0037559365304812077,-0.0037543043789447592,-0.00584172981063095,-0.0039096046310771486,-0.000769963557106868,-0.007240953679826264,-0.005841729812336779,-0.004752984156398687,-0.005231514276746599,-0.005462855836417919,-0.002649580582678712,-0.0010003899877765107,-0.0006258171769851906,-7.139370530795039e-05
2021-05-03,0.0065901823482704385,0.003257102626594836,-0.005339695736276881,0.00425819767687372,0.0031095891650509905,0.00986006965468498,-0.005339695129286606,0.007322307294860313,0.0050746913613641965,0.005068502346339555,0.006590182348270432,-0.002833379154564364,0.002900224032060791,0.007717207668567204,0.0065901823496464455,0.007377732337331308,0.007416773132701225,0.006242123029948494,0.004661025193635348,0.004230240591559273,0.003110124310860416,0.002328809664756756
2021-05-04,-0.005961061079782368,0.0007968166801343285,-0.018159776116404895,0.0008630371445516379,-0.000666315926912719,-0.004464023987101197,-0.018159775497255618,-0.003634104110524837,-0.0035380878749768667,-0.0035062291635517785,-0.005961061078441207,-0.011201061386425314,0.0010437918165508268,-0.007583471846310241,-0.005961061081808075,-0.0036786538933114912,-0.004535697893174812,-0.0054315865644954005,-0.0015716932379236076,2.6925730090267824e-05,0.00023056581353572377,0.001381539579725957
2021-05-05,0.00151207433806655,0.002286829917412669,-0.003367831319395775,0.001639985346470828,0.0012921062524567863,-6.594527073030615e-05,-0.0033678311631779117,0.002358650540392201,0.0014455024522877571,0.001447080648757537,0.001512074338064883,-0.0013953299409657375,0.0018861889969853675,0.0014858020619014651,0.0015120743379861516,0.002140853563108026,0.002810972157055929,0.0014900775295055737,0.0018927495730468322,0.0020009099503811487,0.0025284905260362822,0.0017653859285956509
2021-05-06,0.007424761424420045,0.0018291672764906433,0.00750903400876739,0.0039359203082653255,0.0037144550035319622,0.009093082341791223,0.00750904512599279,0.00784020839886302,0.005384844583121935,0.005388741639860837,0.007424761424420045,0.01298817916243185,0.0011560147996834348,0.008832680769151063,0.007424761426129177,0.007844962860688295,0.008207073678420456,0.007053730782331236,0.004748737820873442,0.0035880277785689642,0.0014052868454720144,0.0007430723318559635
2021-05-07,0.006445532059824682,0.001674667997196567,0.003933855337486714,0.0021494246485366355,0.003814880445215947,0.005386677700514556,0.003933855461996111,0.003928955806303062,0.004306387767601456,0.004306387550058204,0.006445532059824676,0.005046565417763261,0.0016594250204388762,0.007047235563298696,0.006445532060572301,0.005787338309379759,0.004677075356018311,0.006182466898363808,0.0031491680644614075,0.002040262365697023,0.0012180584758239967,0.0009990736483771441
2021-05-10,-0.008421333007818346,-0.0022406912911473093,-0.004722516950992526,-0.005071773209278875,-0.0054761730370301714,-0.009579193860293262,-0.004722517321146524,-0.006610986875209424,-0.0069955464275755445,-0.006995546546768627,-0.008421333007818369,-0.006516232983260248,-0.0028774563278437795,-0.009789483989221345,-0.00842133300945802,-0.005983952941558005,-0.007509770197502421,-0.008126817010739529,-0.0060656072047479935,-0.003686295889703669,-0.00221192238707805,-0.002313037089006256
2021-05-11,-0.0033112210309679873,-0.0015311601496568951,0.012544252765902205,-0.003029934005356159,0.0007483666612812631,0.002806188920311401,0.012544252526724644,-0.0016098293757987278,-0.002989569580530477,-0.0030177317628774453,-0.0033112210309679865,0.0088949847489545,-0.0015944428116227548,-0.0020350844379051947,-0.003311221029435447,-0.0011924698719433546,-0.0018084811821942467,-0.0029052622617430626,-0.0028203482582911327,-0.0017647431338862897,-0.002866693861300525,-0.0012836136386005924
2021-05-12,-0.01714834668830382,-0.006542369321403172,-0.022853631399097282,-0.01122055989635505,-0.007338439110492256,-0.014661005439351752,-0.022853631385029414,-0.014213291703505526,-0.013605148080872573,-0.0137403417824666,-0.01714834668830382,-0.01318835561438116,-0.005818673731662879,-0.018433441663616035,-0.017148346689918798,-0.013178535273431321,-0.014928245215346601,-0.01616735593052266,-0.011764698358794796,-0.007901781857542634,-0.00798238149595637,-0.005324308218026558
2021-05-13,0.004058873810595515,0.0014491465921058547,0.0027860593035998926,0.0005921011535148062,-0.0038274754621103082,-0.0033199460406050725,0.002786059298275438,0.0018894973786237213,0.0038168585165125665,0.0037541144422173992,0.0040588738106524195,-0.012943942244103038,0.0006653938682915127,0.003330094273306416,0.004058873809758957,-0.0021100818876062643,0.0012462522760301076,0.0032702388833249366,0.0025661837000513746,0.0019603763332283713,0.0036480736856049916,0.0018872461390827366
2021-05-14,0.01243614670176096,0.0038455651104045184,0.011853131398307038,0.0076661849696325005,0.006190689391612393,0.010879649952986226,0.011853131454450296,0.0101975865030608,0.009479921971855054,0.009718811701070624,0.012436146701760959,0.008670199992007131,0.0031602465544485862,0.013356660616181145,0.012436146702879854,0.010122652343205196,0.011040209117434635,0.0118116009707461,0.008612784647062093,0.005702930848023185,0.003098678308663801,0.0029275532738894843
2021-05-17,0.0021548336532005515,5.0629016845888934e-05,0.028269121737534455,0.0007605126815807725,0.0027664855061166863,0.008639695370790176,0.028269121482056885,0.0029168198841562063,0.0011869705370183442,0.0011614650885778072,0.0021548336532253385,0.01783214078820905,-0.00018188511315039683,0.0038114950215051855,0.002154833655284909,0.004285120687152056,0.0032743798252811546,0.0022159988384921653,0.001032951416339904,0.0010759907366000914,-0.001514068419754685,-0.0005349987292774383
2021-05-18,-0.0006254352769572995,-4.058964689077554e-05,-0.0015285029919205927,-0.000418447084724695,-0.0012913358322142526,-0.002544193407688956,-0.001528503001836751,-0.001555744152123036,-0.0004947972416098198,-0.0005659100815271041,-0.000625435276957297,-0.0009827899333047711,-0.0003113343389351574,-0.0010618341449237516,-0.0006254352774953592,-0.00048641832421196854,-0.0005683320658724281,-0.0006920253324829949,-0.0006764754588418372,-0.0006871775767080087,0.0003029686597665793,-0.0002940809887852029
2021-05-19,-0.005530443074134386,-0.004107568283527269,-0.01619156742439916,-0.004983323841173374,-0.006143162097393504,-0.0076131909309871005,-0.016191567340295022,-0.00525769912578402,-0.00475804045578631,-0.004738912011018184,-0.005530443074132073,-0.011476880631170019,-0.004526035790857982,-0.006513128936544254,-0.005530443075354914,-0.006616299658358104,-0.00591857104869015,-0.005591714976460297,-0.00441171614016268,-0.003821052895539901,-0.003046751249712993,-0.003915738563282462
2021-05-20,0.0069750447251798985,0.003421072314562566,0.0023292468860772403,0.0047858769669973595,0.0032438117888370513,0.003922345850687887,0.0023292469646164866,0.005842425394957806,0.0061602754699343325,0.006323624834845861,0.006975044725099676,0.002976177708387317,0.0031473276190483825,0.0068277841654775465,0.006975044725026626,0.004872989109173919,0.005977691692166595,0.006601921431545613,0.005732072310950539,0.0045343982608139636,0.004420040324283043,0.003492374119419148
2021-05-21,-0.0003488593292844711,0.0014482245108043967,-0.010132597247420612,0.002127725257463629,0.001342839206256351,-0.001028233026783305,-0.01013259711136641,0.00045432581126645993,-9.721074735388096e-05,3.4114860705636123e-06,-0.0003488593292635796,-0.006356939669181576,0.0013259367461009642,-0.001015617854316421,-0.000348859330119932,0.0006031117452280517,-6.378904908850265e-05,-0.0001796894757303887,0.0007973794226395145,0.0010355065976902994,0.0008162069773597598,0.001075610202148742
2021-05-24,0.006952145152923528,0.002103009203055866,0.008580368956803181,0.004829683723132065,0.004607245460387247,0.009052152531876493,0.008580368995521136,0.006378632665056466,0.005187813677634315,0.00529209895925216,0.006952145153000451,0.006148874670541878,0.0021862424029367284,0.007627595393567667,0.006952145153759867,0.006863161168938909,0.006548460460423528,0.0067176551836698965,0.004606602316525318,0.002956405774012708,0.0011823794217073764,0.0017160233175700702
2021-05-25,0.002059940479055652,0.002584930913166898,0.00927721273323571,0.0035203660948644492,0.002377301412873747,0.0021263660144640716,0.009277211899003204,0.002860756292703827,0.0025864928542006244,0.002819824054333472,0.002059940479003747,0.0037770123059723097,0.002520949237142629,0.0018470237357026222,0.002059940478794686,0.002685998185675805,0.0033122576311035495,0.002091676572437462,0.0034697921420827724,0.003648302349945498,0.002763150503376886,0.002717732050563802
2021-05-26,0.0013919572619454405,-0.0005628497749138146,0.0034777983115693834,-0.0003291442170529212,-8.520124226522744e-05,-0.0009881115895339523,0.0034777982331413945,-0.0004335802531365649,0.0006316609615922341,0.000604769680817932,0.0013919572619454385,0.0003059639272394545,-0.0006048562248877774,0.001479581672341493,0.0013919572620762163,-2.2099674513900497e-05,-0.00038935704384803523,0.0012442414115243724,8.361146691996573e-05,-0.0006658141565806413,-0.0007118113974534365,-0.0007284225608082158
2021-05-27,0.0016040684506148316,-9.02580664133869e-05,-0.003747985744095637,0.00023333366267327743,0.001513414355909702,0.003555976205579221,-0.003747985700326511,0.001040261634178835,0.000598898501480307,0.00048472730001312937,0.0016040684504852946,0.001677262744424251,-5.1684155705627186e-05,0.002597031901180735,0.0016040684519396547,0.0018586237035035109,0.001324957958129403,0.0015950030411443182,0.00013062801561354673,-0.0003760614902678517,-0.0014021892974806112,-0.0006412048920712506
2021-05-28,0.0017846456023810262,5.2087129563459616e-05,0.001932338261575358,0.00028993985123479567,0.0002498841544350659,0.0014613354376367467,0.001932339107841309,0.0011175905436423517,0.0012180041745997897,0.0011480290303661394,0.00178464560234874,-0.0005650743967940556,-0.00016018460079426786,0.0018907198531137401,0.0017846456025416722,0.0014415760390017152,0.001345811297801321,0.0016311694575864288,0.0007527830042225976,0.00041571438408598656,0.00012575642668045568,-0.0001913665897998923
2021-06-01,0.004427595999642422,0.0011973351999987204,-0.003329449542755016,0.002403889980906469,0.002209405758594322,0.004121988773840457,-0.0033294495404442986,0.0007872075448770079,0.0030442004196217657,0.00304218916840488,0.004427595999542321,0.002057612863555161,0.00116663504897996,0.00457452464652768,0.0044275959998801,0.003335056639658946,0.0020552996398728166,0.00420577697553761,0.002354535598876976,0.0012054278974440369,-7.199073277301758e-06,0.0010323114029288057
2021-06-02,0.004068902044631175,0.0020409402476201793,0.011925491099804484,0.0036217816739004967,0.003295194128199448,0.004016054185888886,0.0119254910689942,0.004058728303844614,0.0031891979202177895,0.0032824888915567113,0.0040689020446311765,0.007181160080981744,0.0019321051241295703,0.004454459799976535,0.004068902045227328,0.0044646316351654785,0.004013226166833894,0.003991531252988002,0.0030527866083565644,0.00245358866018062,0.0016010969031875172,0.0015200724608080605
2021-06-03,-0.007934683936127623,-0.0035491829792865096,-0.02674061875718375,-0.004927211073319274,-0.006772546074344282,-0.009760395323420186,-0.026740618751834217,-0.008116251831941493,-0.006315519650274031,-0.00639707070408549,-0.007934683936127616,-0.01827715156913931,-0.0029937939700169537,-0.009721014017745782,-0.007934683938840836,-0.008478821202548236,-0.00861553564803434,-0.007818470149949287,-0.006062861150304517,-0.00538265879288031,-0.0023053242318856393,-0.0027310624256311495
2021-06-04,0.008671450112090267,0.005943245012014402,0.012490466972107686,0.008775515325397026,0.008905493869545797,0.010284677048146326,0.012490471330172536,0.009900781998676974,0.007721322586092774,0.00810861655261158,0.008671450112061524,0.011396727237245777,0.0062511096091867795,0.009319642508651475,0.008671450113104221,0.009635963329248518,0.010047274542440643,0.008694854487835819,0.008451113305126625,0.00730953951064167,0.00526260687567051,0.00545375150793987
2021-06-07,0.002597576803906178,8.591525941637314e-06,0.004643929827197239,0.0006740097454624393,0.001013355203987099,0.0029140830891298823,0.004643929825964384,0.0010931305850785545,0.0015828322158975379,0.0014818573676262687,0.002597576803710485,0.0030781734103317894,-0.00023559226736867935,0.0032282126303796463,0.0025975768048456687,0.0017891901858300223,0.0012070015745366451,0.0024391546439142694,0.0008023093601285457,0.00020494680091518057,-0.0003461404523981296,-0.00042597084915228924
2021-06-08,0.0013909593314478273,0.002364062919283091,0.0004752040856527604,0.0036180902033848376,0.0028452818112124573,-0.000347297287005639,0.00047520408208220075,0.0007976785476726487,0.0018358116974162798,0.002096196713191105,0.0013909593314562238,0.009774150709632279,0.0028896882931041708,0.0006452239092283082,0.0013909593303477437,0.0012576227336798555,0.0006687794862460597,0.00153639157942429,0.002447298093879928,0.002349884845017512,0.0020939094583130057,0.0028238596944418883
2021-06-09,-0.00013744055693045158,0.001530694428910104,-0.006677761152919435,0.0021897004499922632,-0.0005782841752541323,-0.0021771728626186824,-0.006677760740149365,0.0005320374677242623,0.0006647860416145023,0.00045144336241490727,-0.00013744055685877606,-0.004648112898557068,0.0014274274573990331,-0.0012916575039441927,-0.00013744055892277716,-1.7039558518580937e-05,0.00019194150532004725,-0.0001815249187628197,0.0016553732387184464,0.002001808367174272,0.0021884424764886967,0.0022336020517716316
2021-06-10,0.0042418612405070895,0.003370056805963995,-0.0074433611867704,0.004625927522753173,0.00452042602771075,0.00399644280279024,-0.007443361170656905,0.004379004126577303,0.004044392997004192,0.004044392954827442,0.004241861240593433,0.004455811951276988,0.003416372056602546,0.003984777435715035,0.004241861239684028,0.004617099041046176,0.00448012220285789,0.004269717719227455,0.004228723360366504,0.0039083591568635735,0.003311529299626967,0.0033377084406572277
2021-06-11,-0.0005808263058038412,-0.0016357157385187054,0.010499432503479957,-0.0020180580414114234,-0.001642975016138241,-9.621100830350406e-05,0.010499432496928036,-0.000942220766259323,-0.0010005939643773763,-0.0010005939654498114,-0.000580826305712616,-0.0024202823636358824,-0.0012409903917612927,0.0002793636138790328,-0.0005808263040785783,-0.0013130205333865893,-0.0008240126059156093,-0.0006870411768372809,-0.0013263881198320858,-0.0018008478683461942,-0.0012930802243332096,-0.0012548503311404495
2021-06-14,-0.0007472777146202139,-0.0030881050022359127,-0.0029392349404410542,-0.003428242781570361,-0.002337379462629635,-0.00021332661796132215,-0.0029392349383815424,-0.0017810474397847967,-0.0017668067292363732,-0.0017668066985284175,-0.0007472777146031381,-0.004720962216370961,-0.003005968353544047,0.00045035934822012375,-0.0007472777124359567,-0.0014112935731591522,-0.0013715397448761269,-0.0009062878894211554,-0.0026593550211019357,-0.0032930208767311996,-0.002739715753125948,-0.002893734936380413
2021-06-15,-0.002837632735692154,-7.054921128298144e-05,-0.00286091758360546,-0.0014373562976706933,-0.0013539805615484495,-0.003224695194165812,-0.0028609175840565103,-0.0015117458984871197,-0.0026476899715783325,-0.002647689958911903,-0.0028376327356921544,-0.0011294733597910513,-5.73632850223595e-05,-0.0035850926952859783,-0.0028376327381250625,-0.0022172996227361598,-0.0019927392229862986,-0.002689267518277789,-0.0015676663503357592,-0.0008032851774757328,0.0004309680479132006,2.7465836861187033e-05
2021-06-16,-0.006656906558326301,-0.005663380829332022,-0.0021294746714976887,-0.005071759869860982,-0.0051516852975377215,-0.0071035060610625984,-0.0021294746746635504,-0.005690351610873263,-0.006545510998531343,-0.006545511274293139,-0.006656906558362945,-0.003818335741181716,-0.006140008099346724,-0.00726213584748509,-0.006656906559553534,-0.006316294826758406,-0.006148365889819603,-0.006506384432247447,-0.00585135275363932,-0.005890181449311855,-0.005918460068663238,-0.005938620078567466
2021-06-17,-0.006401611364193629,0.00044903762489664485,-0.01128723050207238,-0.00149954339923856,-0.01153057314327555,-0.009004848222899976,-0.011287230499491614,-0.006607823096795335,-0.010828435324978607,-0.010828431733996401,-0.006401611364234483,-0.012583815351610737,-0.001245106331561508,-0.010238722497371514,-0.006401611388469268,-0.007252617660611742,-0.007277962738541317,-0.0069145075421018195,-0.002273608744612222,-0.0018941829896690218,0.001996561125460117,0.0015940041590704473
2021-06-18,-0.006052703052960232,0.0035075688988382312,-0.02296364533047881,0.003177073751439348,-0.0016938365512981137,-0.009084219076672673,-0.02296364532482691,-0.004801285023023584,-0.001717469507161513,-0.0018779947375060406,-0.006052703052912753,-0.005380052901500423,0.0025971053725939498,-0.01104807950517506,-0.006052703067006821,-0.0048394424021235985,-0.00503301031500928,-0.0056168164027940205,0.00016189256465648895,0.0033026002692609475,0.0031313649391189694,0.004451248420584015
2021-06-21,0.007169276221536997,-0.0007145837346055502,0.02115811764988708,-0.0004057229413856659,0.006296139372721887,0.007169276221536997,0.021158117644442385,0.0050931424911909795,0.0074513709622486485,0.0073516767135963865,0.007169276221536968,0.00782915959993647,0.000717557864133845,0.011634966501266008,0.007169276232986185,0.006979153627696471,0.006532977358266036,0.0070819625366554916,0.0013284843576846996,-0.000836159859473063,-0.0014922058111663263,-0.0014997275635138954
2021-06-22,0.0003701243301708467,0.0015878303317473524,0.004529788729565301,0.0009396556117219205,0.0020445170165121064,0.00021438181673267285,0.0045297887249179155,0.0013333260359855643,0.0007409335664378697,0.0007409335411858576,0.0003701243301432414,0.001330222742703864,0.0014360857513757662,0.0002953418300904206,0.0003701243299254098,0.000586191853624442,0.000837067933182114,0.0005375635988049614,0.0010162845933649237,0.0014516263980623822,0.0016244952039478143,0.0016656308947605146
2021-06-23,-0.0003662346799105989,-0.0016377069633681661,0.003285132544822919,-0.0012016599960200383,0.001882347018078836,-4.6051361598554454e-05,0.0032851325428013833,-0.000465642094352797,0.0011601176778213798,0.0011601174579572524,-0.0003662346798873183,0.0011786125986741453,-0.0006679166189757034,0.0004935183610564472,-0.00036623467547250454,-0.00015630666729752858,-0.00017459304388955268,-0.00014137651011167084,-0.001095222675871395,-0.0012593214987884611,-0.0019263611623384163,-0.001655645658223662
2021-06-24,0.0046748077908311024,0.0009561362240431757,0.014027071428896098,0.0025493100314443714,0.004983455965901373,0.005334782625538213,0.014027071424023043,0.005514903463395502,0.00446718201150714,0.0044999044246321574,0.004674807791070023,0.004788386355059567,0.0020844479041811897,0.006546841050466611,0.004674807803046016,0.004738945550371397,0.005040152624669479,0.004705672608338129,0.0027426761549753246,0.0014217914853097092,0.0007672846222415389,0.0006357646226412637
2021-06-25,0.0011735229505394282,-0.0014759401698493347,0.0016802978636323866,-0.0031639578290296897,-0.0020611471665063544,0.00241280552939858,0.001680297864386049,9.794244033767437e-05,-0.0003468510478766133,-0.0002915162702460033,0.001173522950618878,-0.0039186737728105926,-0.0009358668910010199,0.0026038892818575853,0.0011735229568272205,0.0007145347461390852,0.0005606728857907791,0.0008500559388348965,-0.0013424683588164788,-0.001935999336542721,-0.0014374396925419504,-0.001734901726337367
2021-06-28,0.0007429717429051206,0.0021577732073650305,-0.007952907385276577,0.002974249150440073,0.0020145170333154706,-0.0002463441814408564,-0.007952907381557349,0.0009806965223436472,0.0009041570848507976,0.0009927358272544926,0.0007429717429051209,-0.0008705156926676,0.0014464008623381814,-0.00046611067022343724,0.0007429717377699192,0.0009172039080302054,0.0009764767908461607,0.000870126271946124,0.00249210555363363,0.002967276208797941,0.0022381816953725127,0.002328773558952561
2021-06-29,-0.0012332751508008864,0.0008600599911735853,-0.004785006258382572,0.0004733858519337897,0.002224080444506896,-0.0016214416053984266,-0.004785006256868056,-7.869595127887961e-05,0.0005219039155267991,0.0005000087713392344,-0.0012332751507727277,0.0040941985753818995,0.0011273046221799898,-0.0014891972852865351,-0.0012332751517383854,-0.0006495937430605615,-0.0004941590798303502,-0.0008875395912701341,-0.00014217723920359173,0.00013218244626454008,0.0007201523369800003,0.0008208045869121372
2021-06-30,0.00033012180725771484,0.0011543134071070509,0.00013079215776505305,0.0020792771439186873,0.003941569077999599,-0.00011513785068446847,0.00013079215791136992,0.000681403893317171,0.0024549127471368507,0.002454912621355828,0.00033012180692521063,0.007905436787463915,0.0016930018586784937,-4.681132997851132e-05,0.0003301218056281179,0.0006483873145970613,0.0005366057325813852,0.0006912665343318978,0.0012030580082634864,0.001852984362368276,0.00103645356399712,0.0015102200817637011
2021-07-01,0.0015346235652268286,-9.473798349094397e-05,0.008768363920741746,0.0006792809479421097,0.00226750971998657,0.001845698739012931,0.008768363917963642,0.0014242716134609322,0.002077543804293332,0.0020014116983738516,0.0015346235652737132,0.0028197082025359426,0.0005798510554151381,0.002044849390077881,0.0015346235670639545,0.0016705738040202125,0.0016532491411157995,0.0016079121807028,0.0007947825546451448,0.00015659557789730243,-0.00019165464015172468,-0.00012834320811959735
2021-07-02,0.004884658617428986,0.00373895897245221,-0.009553303034321508,0.005383132150579363,0.006981491470607342,0.004894482832117238,-0.009553303028147784,0.004631479986578223,0.0062473602767778086,0.006308330223969138,0.004884658617398294,0.008114563604220677,0.003691602718681552,0.005025841060842419,0.004884658617626293,0.005072586929326342,0.004814753174664869,0.00509434190274681,0.004587441898376456,0.004226329303881007,0.00356742364359104,0.003714501256536692
2021-07-06,-0.003452227737126381,0.0021948369689727175,-0.014635952355877016,0.0005452215417656604,-0.01368236235373769,-0.005436653778807406,-0.01463595235372887,-0.0062626273213886256,-0.009486428002310289,-0.009093480271284603,-0.0034522277372352746,-0.018573382370825786,-0.0012075776995930016,-0.007877154166246219,-0.0034522277580810667,-0.004466815638283449,-0.004912216397191522,-0.004475241198787505,0.0005115182922988243,0.0022771067551057332,0.0033041032388001885,0.002652738198111816
2021-07-07,0.0009149536267859851,0.0015830789467199753,-0.00934133320768431,0.0018898535387969814,-0.0050600521223465415,8.930089739993935e-05,-0.009341333203592548,-0.0001852485365183928,-0.002140658663415067,-0.002140658566694779,0.0009149536268910008,-0.007467117866093215,0.0004242144025804887,-0.0008750356779543894,0.0009149536193395992,0.0002610884807136937,1.6371371620891445e-05,0.0003174530518727321,0.002212749801216935,0.0024159785331558234,0.0021853258843734383,0.0017544791301266952
2021-07-08,-0.005195273809040798,0.0010110925980218893,-0.009249014257176712,0.0002891184966247516,-0.0011929523551744156,-0.006600942551446756,-0.009249014256655742,-0.005631377207717383,-0.0026482689989181874,-0.002648268805976535,-0.005195273808328169,9.261485636802579e-05,4.2726041415325905e-05,-0.007759668778468247,-0.005195273819766711,-0.004642891275425543,-0.004790918150278921,-0.00479504166365416,-0.0016040524713370776,0.0006438861921744619,0.0012544611473796988,0.0015258642179549972
2021-07-09,0.008144441547401213,-0.0011813455351516746,0.020889965265791573,0.0013791442539122893,0.008967891725360588,0.011103328258723542,0.020889965262247973,0.008666064411106433,0.008789457734828915,0.008789454485366766,0.008144441547398665,0.01618284030726658,-8.453244572885618e-05,0.012813123111766122,0.008144441560948797,0.008052440125128827,0.008331409718415264,0.008226786565197148,0.001997876115785232,-0.0013185608325127797,-0.0024405266638366204,-0.002320729702947758
2021-07-12,0.0019214123551645687,-0.00017243939631266095,0.0008390030789418026,0.0007356345914205115,0.0017843229026530294,0.002392703631919708,0.0008390030801325968,0.0018350231321900483,0.0019753752128745406,0.0019753752341052106,0.0019214123551466538,0.0019659255563364564,-0.00015786568709865752,0.002949355722835133,0.001921412358317422,0.0017821381515958816,0.0017390444771767206,0.0019077034099134142,0.0007041368928456472,-0.00010285275043036106,-0.0002660822145949923,-0.0003079224837164587
2021-07-13,-0.004371803160808858,-0.0025820702146972475,-0.01902624066849381,-0.004432594521925653,0.0008472871478756636,-0.004201926412158271,-0.01902624066041541,-0.004042454687249059,-0.0010800788724386224,-0.0010800788575673485,-0.004371803160832219,0.003995793812003802,-0.0020781334606025693,-0.0049800745651327975,-0.004371803162759769,-0.0035523956620618496,-0.003664223167667159,-0.0038498941299404113,-0.0038308865543436573,-0.003037322853188403,-0.002866198519125521,-0.0026959276782179335
2021-07-14,0.002749309626093508,0.0033069666457528745,-0.015549826325059505,0.004547047328079443,-0.003282775293828744,0.0019075318396397038,-0.015549823674749006,0.0007839230230963512,-0.0003837830712453958,-0.00038377839965206577,0.002749309626631712,-0.004311934599430855,0.0021190913114423455,0.00033942767364872903,0.002749309620083573,0.0017716750545950849,0.001323243281576901,0.002146101134101287,0.0040773083038491255,0.0039006031554870233,0.0036169856952034903,0.0032852125670665405
2021-07-15,-0.0015422503610474745,0.0020275621600842515,-0.005681508034599541,0.002246043559390023,-0.005723423979250588,-0.003063209423866155,-0.0056815080344801,-0.003224306794345512,-0.002777145755344285,-0.002777145773406991,-0.0015422503610284747,-0.007506875201915869,0.0011338420841559597,-0.0037978937375629574,-0.0015422503658919955,-0.001955593037468349,-0.0022947360042124988,-0.001960367722867784,0.001115267598568425,0.0019166709430873384,0.0028559366716421797,0.0024297632853270933
2021-07-16,-0.006693753512832483,-0.000909023886999518,-0.012391131543043681,-0.003486030947476319,-0.004309395233694512,-0.00763782934470836,-0.012391131539886056,-0.006291176625415861,-0.004995612531610832,-0.005092250645097775,-0.006693753512009857,-0.003650035396075898,-0.001004553688755514,-0.00848499135137543,-0.006693753516247212,-0.0059064219130698726,-0.005932845931738739,-0.006455317684918688,-0.0038219968557335494,-0.002010729984004631,-0.0006142433633808686,-0.000710666105294926
2021-07-19,-0.009846775380548994,0.0025971899680938934,-0.015093358704547661,-0.0006773960513921911,-0.023220956885340493,-0.014004998734299931,-0.015093358708721728,-0.011587109451178804,-0.018375814075966068,-0.017498657916715506,-0.009846775381156865,-0.031184338833328343,-0.0019455623448852875,-0.017243904473289988,-0.009846775397732216,-0.010941198625481534,-0.010987829395865189,-0.01118419353102815,-0.001540742617768068,0.0015314965495284694,0.004865169287051845,0.003296672583779492
2021-07-20,0.007162369486629065,0.0012742521278113696,0.03055828208623469,0.002721777282312916,0.011058254644112652,0.009269370818502137,0.030558282076275537,0.008420906976025684,0.009350976982364473,0.009397814726657464,0.007162369487214266,0.013337555554917259,0.0026690740463148426,0.01136493180604494,0.007162369495407783,0.007931312687869183,0.008581455431127186,0.007551958002377423,0.0029164251708944924,0.0011386755351049786,0.00030590911583245196,0.0009204791480870759
2021-07-21,0.005258219471735879,-0.002521436326969037,0.017077269597928903,-0.0010270304159870989,0.010903781716096277,0.0076792486664647615,0.01707726959536182,0.007119289796916537,0.009193956179013021,0.009007961062950678,0.005258219472195397,0.015228100764915483,-0.0004088888424275774,0.009888768195497822,0.00525821948091344,0.005822303509146134,0.0060320941761915015,0.0058227756961719175,0.00015502830161106488,-0.0017238674268479017,-0.0038201210569664577,-0.002957288639951503
2021-07-22,0.0014171542910582967,0.0018388136573713576,-0.016024205648834885,0.003485316463964009,0.003992447270278043,0.0006773602499484366,-0.016024205640763,0.001033712980221527,0.0033328978507204134,0.003212858841011106,0.0014171542911884801,0.0050064346598581305,0.0020581096011253867,0.0001507300828213763,0.0014171542876961255,0.0016249822526789553,0.0013332326893773336,0.001674683588980271,0.002683850645951009,0.0027239059869965413,0.001992699609608945,0.002037307336580396
2021-07-23,0.0014580610589206987,-8.972298017137135e-05,0.00465672463418507,-0.0005615116372476123,0.0069101808006053304,0.002388303954939429,0.00465672463034833,0.003694584966501103,0.0026610390083360363,0.0029100577452140976,0.001458061058974806,0.00490286485078058,0.0007896724466617737,0.003231955901085861,0.0014580610641731092,0.0022571181331608476,0.002763827751203327,0.0020032730330891623,7.191999877265154e-05,-0.00034808693717362977,-0.000594662855766722,-0.0002958235078234558
2021-07-26,-0.0010233879439437512,-0.000870474943157899,0.002910798671265253,-0.0005414825847114881,0.00395967023886817,-0.0008898106043161512,0.0029107986683992353,0.0009550930906966188,0.0014227485905985834,0.001143996836657364,-0.0010233879439223899,0.0068924177752973485,-0.0002191227486773924,-2.0491847476684184e-05,-0.0010233879411081104,-0.00018217489563391621,-0.00013538122667738905,-0.0005250821256625579,-0.0011755625981001213,-0.0013258266384797595,-0.0006668125849020015,-0.0007527891616638275
2021-07-27,-0.0038123519778558513,0.002030831622455571,-0.011740450225560037,0.002199336563460169,-0.005838916645423032,-0.006355545118794137,-0.011740450220993308,-0.0038407540362820364,-0.00439549862006844,-0.00465226822189176,-0.0038123519777667953,-0.005228177631346642,0.0007246018119931568,-0.007401688608241994,-0.003812351987816387,-0.00332108958489945,-0.003426053597397129,-0.0040150084446125694,0.00042831340023253965,0.0017235762384458287,0.0030997382266576105,0.0023068573355314904
2021-07-28,0.005292603104236967,0.001093084120592341,0.014597616921968481,0.002205470205596486,0.0035263988279006374,0.00617604071880474,0.014597616154883291,0.0032044234682313006,0.005109237086040304,0.005066874183410886,0.005292603104236952,0.004492995204226193,0.0013492735040397579,0.006582164091973699,0.00529260310748327,0.004650321878169918,0.004478489450653219,0.005115982676603334,0.0031168178035190087,0.002025536907001565,0.0010261081755310836,0.0010615052965915438
2021-07-29,0.005183288553173952,-0.0007799265917644435,0.01749015911018398,0.0015450658835498628,0.011147634465157511,0.0067659069868791066,0.017490159102304628,0.004643164251314354,0.008875349704316457,0.008089600077069173,0.0051832885532295675,0.016479785579386005,0.0014242351253551772,0.007817345460477203,0.005183288559028042,0.005789552469691176,0.004985942574932183,0.005779723144372308,0.0017255853692598226,0.0002167602968172961,-0.001836044138793821,-0.0008191879713532967
2021-07-30,-0.00364810645271546,0.0008545253138433568,-0.005625251113446304,-0.0004000169342667473,-0.005010311909201163,-0.004881148764159664,-0.0056252511129863,-0.0034236521833233818,-0.004241249849735569,-0.004221254544012556,-0.003648106452715453,-0.005210696775595105,-2.6152521264773522e-05,-0.005046711648348244,-0.003648106456169413,-0.0037126292037030226,-0.0036776676082377925,-0.003784326998364029,-0.0011989055391902017,-4.277585770243858e-05,0.0018041993355939316,0.0010504222674354814
2021-08-02,0.0006880010886588014,0.0020724280433324386,-0.01082757012768529,0.0030214335131533198,-0.0063894308669334935,-0.000302085949358044,-0.010827570123889681,6.0770014246806564e-05,-0.0027666696181584604,-0.002221165711058978,0.0006880010906838628,-0.01008010275082653,0.00011592746975904854,-0.0012017190693697907,0.0006880010846784981,-0.0005766047843476299,8.173849755847276e-06,-1.974210690042829e-05,0.0021966575637251597,0.0018044806722643202,0.0033791730508394846,0.0021667680902498344
2021-08-03,0.003017144511508362,0.0006727488709147863,-0.00467651806083642,0.0011182804657417472,-0.0004998357585852599,0.0034545767713965196,-0.0046765180405175,0.003375801338614145,0.0007090458405517079,0.0012450194493600342,0.0030171445114588556,-0.00442023239792617,0.0001863854180346769,0.0037626695770648496,0.003017144512877415,0.002165930882884145,0.002605507059402347,0.002665446484498999,0.00173381872650969,0.000914086651085206,0.0006891406053754928,0.00047996672640432587
2021-08-04,-0.003351789342213764,-0.0014722699209831732,-0.012529349825754514,-0.00374610689236842,-0.009272016491004275,-0.004060403649761249,-0.012529350287851227,-0.004627238373183473,-0.00722954483709377,-0.006343488569060025,-0.003351789342266283,-0.015064986172550818,-0.0028983059263835357,-0.005124408979624253,-0.003351789346379078,-0.004199026047885218,-0.004052407264155126,-0.003943812057092814,-0.0020681300798367046,-0.0012821234468725106,-0.0005917133005407086,-0.0015546598104781133
2021-08-05,0.002969818291258993,-0.0010411472814346263,0.017812970486850335,0.0012364150817374582,0.009543451475087035,0.004194493720726115,0.017812970456875025,0.004465639406612576,0.006383893667977391,0.006073517919493782,0.002969818291313847,0.013326615794092143,0.0008882524325601801,0.005709516559911063,0.002969818297074802,0.0040084157470602995,0.004371400466854764,0.003627181609641795,0.0004941192348793862,-0.0009515880619301361,-0.002357439418233981,-0.0011877779706902564
2021-08-06,-0.008156681533433456,-0.004356665643011322,0.0061065849011413004,-0.009190616985220572,-0.0067541135158131335,-0.007622777984644563,0.006106584852932123,-0.004965133369010966,-0.008161534276896032,-0.008024645853981088,-0.00815668153320894,-0.008263591707378653,-0.004180688366454473,-0.006633442363202952,-0.008156681530440482,-0.007425340933066954,-0.006412818094935203,-0.008016424731671423,-0.008067038310410791,-0.0067660293033861355,-0.0051125402035961005,-0.004619648400018274
2021-08-09,-0.006229186765622964,-0.0024946039994069233,-0.0055212435749300605,-0.005466644175147174,-0.0077645503394003935,-0.00602673694188295,-0.005521243578033454,-0.004606730136633246,-0.008651900735252748,-0.007868434667354637,-0.006229186765547488,-0.013459637985657961,-0.0034808388305885125,-0.006620447063767295,-0.006229186766485997,-0.005812961690559522,-0.004677428626070401,-0.0063827231230007,-0.004681193977925127,-0.0039376106661077135,-0.002182563264824996,-0.0026197895519501687
2021-08-10,-0.000395914038298855,-0.001438136519204073,0.0019784770871420993,-0.00047093676187263,0.007551369365697407,6.023075236777473e-05,0.0019784770828758774,0.0002219680839510062,0.00498601222089208,0.003980082381094946,-0.0003959140382894207,0.016483775952780205,1.594390672298362e-05,0.0007070111012753763,-0.00039591403592734165,0.000926033866905309,0.0008830028870945212,0.00039881430210076036,-0.0009307645446299098,-0.0012677946153720743,-0.0020042269595564118,-0.0011436511759378464
2021-08-11,0.004983051037083592,0.0019009474102897007,0.004884856010971528,0.004013340840914559,0.0053674499683776244,0.005051925481887996,0.004884856239937502,0.004287346373068525,0.00614927136686623,0.005674214209287449,0.0049830510374635215,0.008303831570207235,0.0023267219403821787,0.005330363548804522,0.004983051037614,0.0050190465063229064,0.004540139492484482,0.005021490930212993,0.0035307606341917755,0.00249864075018949,0.001256977843489176,0.0018672504777362412
2021-08-12,-0.001764814238611323,-0.0002605851425379745,-0.003642968011669005,-0.0019393978083255073,-0.0008877295841281146,-0.002025649583048632,-0.0036429679614897637,-0.00029244694011214603,-0.002328260260388122,-0.0019950148256681253,-0.0017648142385728834,-0.00337464772053597,-0.00020369258159339156,-0.002185005040331731,-0.0017648142393926198,-0.001258053182139729,-0.0006929934730664705,-0.0016771057731630023,-0.0009677021065043728,-0.000136706204420547,-0.00023680363677321418,-0.0004736948480421268
2021-08-13,0.0050076157008021255,0.004231605830989795,-0.00913818439829388,0.006779068799697665,-0.0007418123448321152,0.0031343871207179922,-0.009138184382043526,0.0025185527873179043,0.0017798127088282925,0.002288638855012925,0.005007615700689526,-0.004546224391287578,0.002982386517500827,0.002561311494992328,0.005007615695518938,0.0036870239736704682,0.00292179802079427,0.004432672896238703,0.005969319299515425,0.005345240448646979,0.004706613574588186,0.004255130900498948
2021-08-16,-0.001098912907860695,0.0011396956927896638,-0.00935945859434776,-0.00014606386347034719,-0.0014669992148958967,-0.002272344247614727,-0.009359458582808601,-0.0015805011796994491,-0.001544310356977106,-0.0014746201577528434,-0.0010989129077672508,-0.0023135005908888943,0.0007451829058942296,-0.002449368079337341,-0.001098912910786624,-0.0013023612641361684,-0.001751492974950604,-0.001135721538564215,5.635381126610278e-05,0.0007936559108471616,0.0016755661502445753,0.0012820381494864676
2021-08-17,-0.00645168180396501,-0.001670307285563425,-0.012262994230422816,-0.003690196080629978,-0.008134217270419637,-0.007992154742007072,-0.012262994224021955,-0.006041245111471581,-0.007652775793362727,-0.007366921248398992,-0.006451681804000953,-0.010198440556028128,-0.0024526344647743674,-0.00846732749039715,-0.006451681808310641,-0.006347445845926506,-0.006381094130626578,-0.0066199353506104725,-0.00395826978050527,-0.0025210941417436704,-0.0010229265214546073,-0.0016462883185163815
2021-08-18,-0.004461280834768055,-0.001551060698409932,-0.00877208154200379,-0.002531586236888202,-0.009470791981311375,-0.0060071688570114065,-0.008772081539197537,-0.0059969513302968284,-0.006552743827507612,-0.006521506094293,-0.004461280834838967,-0.010689231833654927,-0.0025812115089678105,-0.006744838347035527,-0.0044612808393018075,-0.005062497609257757,-0.005287582444363061,-0.0049622319494223785,-0.0024852357029054328,-0.0016184139253331447,-0.0010248499611854762,-0.0016166129333963452
2021-08-19,-0.0040177976480602826,0.0006107349211249242,-0.012053129964610068,-0.000870945098243626,-0.005766098760061683,-0.005714823269745899,-0.012053129931700674,-0.0023676064062709986,-0.006510840186538044,-0.006092636384335847,-0.004017797648060276,-0.012571820935054802,-0.000435418226055052,-0.00585000214586969,-0.0040177976508449335,-0.0038808588452832428,-0.0034256749856024188,-0.004192627759260422,-0.001109684462568049,0.00019783248980742595,0.0015419818223659668,0.00054805208336653
2021-08-20,0.0012663831976773591,-0.0003883051196166712,0.016750546791226246,-0.002014978715752402,-0.006373908768830197,0.0015873192510197287,0.016750546723996524,0.002361297622863761,-0.004678875143984194,-0.004678873510463839,0.001266383197506736,-0.02201505314242374,-0.001456340065620328,0.00195051295076925,0.0012663831988900824,2.9635081234047616e-05,0.0012125266849772243,0.0005023540010266043,0.00030861828406181485,-3.215186060738029e-05,2.829840848916237e-05,-0.0010458446721671715
2021-08-23,0.010936835241852065,0.0026122128737144463,0.018845140730295973,0.007838532283171188,0.016510786655033253,0.012856406409328332,0.01884514071368191,0.00945733925891506,0.015218345925586395,0.015218334948931145,0.010936835241992014,0.03310309755231582,0.004507239644408472,0.013450776419062787,0.010936835245648948,0.011146570118813082,0.010626881803189646,0.011494230383170158,0.006655919812434398,0.0039826859077665925,0.0010715277191523482,0.0030036004602382207
2021-08-24,0.004283458656980089,-0.00037492273291864697,0.009787070410052584,0.0011682395056800718,0.007921256375019402,0.006452290647972399,0.0097870703999561,0.0030993612013650853,0.0076927295626601005,0.007692729462960398,0.00428345865696118,0.01878572153955067,0.001037054765443248,0.006521762581022621,0.004283458660413751,0.004361068043873948,0.004123157229212769,0.004647238428784018,0.0011940507267129425,5.4405052789809625e-05,-0.0015457389575233578,-0.0002717289346309739
2021-08-25,-0.000340741917130568,-0.0018677097968212513,0.0035107930433495266,-0.0024967105029743723,0.004201509340877803,0.001314929441955456,0.0035107930404443756,0.0007575122246871455,0.0021535638618258757,0.0020485154923092237,-0.00034074191643497964,0.007715480212119891,-0.0005632542817380929,0.0015502476020071783,-0.00034074191402500096,0.00019523995413830812,0.000320111651209981,0.00011348320867025485,-0.001887017910947824,-0.0018824177542813205,-0.00250307347555614,-0.0018842977535964954
2021-08-26,-0.004213176217610618,-0.0005797905677393591,-0.006370378367042992,-0.0016298811241000333,-0.005888607098665088,-0.005716734379153152,-0.006370378410378678,-0.004030059848278353,-0.005267668445767624,-0.005234081025483883,-0.004213176217610615,-0.007128490964364879,-0.0010625068338710139,-0.006029322832769222,-0.004213176220531879,-0.004038666959431729,-0.004022140130669678,-0.0043807193057160635,-0.0020067586422741596,-0.0009258936145949122,-0.00016401646020205478,-0.0006571151560254783
2021-08-27,0.011055755452162084,0.0035022723053474945,0.01257893249665073,0.008144832466891289,0.010714697426806728,0.011803092571492441,0.012578932466431969,0.009307979128785811,0.011458914007985179,0.011367432092994798,0.011055755452162088,0.012169431134435598,0.004058746990609547,0.01260717029196528,0.011055755454631703,0.010331870354996622,0.010026116567571753,0.011021649649626548,0.00791778862428374,0.005497213460368756,0.003099550194320177,0.003575973841412409
2021-08-30,0.0018040852597980353,0.0016425483754916518,0.0036391801621232845,0.0020453798894372248,0.005241230037670558,0.0018151523574830531,0.003639180190222663,0.003231696893014782,0.0025156358073060983,0.002730639613451446,0.0018040852598594996,0.0035662433753581276,0.0018645439675222806,0.002464461646602616,0.0018040852608952576,0.0023335069766479166,0.0027096535213462824,0.002147799737585285,0.0018064820481514896,0.001595186540305832,0.001756419991800867,0.0017258404141969452
2021-08-31,0.00012184850210794038,-0.0010175755132721524,0.0019494457329501328,-0.002142050519584207,-0.0024240294007662247,0.0007642246670005238,0.001949445576040277,-0.0005950500760272045,-0.0012102094901754895,-0.0011258218745828742,0.00012184850210794336,-0.0048331360551773835,-0.0011708378109028116,0.0005942917114281439,0.00012184850273798625,-0.00032707084907024423,-2.9449728864455954e-05,-0.00013273928817947485,-0.0010074928068148682,-0.0011344153360647858,-0.0012702030438311012,-0.0011770308024623682
2021-09-01,0.005037495281910402,0.0010079102413474345,0.006705622711041616,0.003808181593786522,-0.00015704430134504252,0.006215039201954039,0.006705531340493158,0.003561240244796155,0.00232420522411445,0.002433196720039083,0.005037495281910427,-0.004253157555384001,0.00033356460693336897,0.005550025571388263,0.0050374952825740175,0.003644982925379926,0.003986727308928006,0.004518041323584868,0.0031601594281568555,0.0017453725605962736,0.0005500088800319511,0.0008256222358430879
2021-09-02,0.0019272535984331892,0.0015967282767065788,0.0069227460413201014,0.0039276025511789945,0.006554145957131002,0.0021896306070395026,0.006922745326492351,0.003988474144707437,0.00430959018251434,0.004192201507573305,0.001927253598424947,0.010956943281241744,0.002240346835112669,0.002611564383817446,0.0019272535995994884,0.0031989346589523238,0.003499871612359549,0.00238994283430297,0.0023205288714740263,0.0017076244275661839,0.0012106807588887528,0.0017118942286133314
2021-09-03,0.004112957007745001,-0.00048253738061255764,0.0030710705162175626,0.0013785571630296305,0.00011988854106272779,0.005759009586242283,0.003071070329531587,-0.0010253544857763293,0.003248619135067673,0.0032913926213473527,0.004112957007745008,0.0003167629177070803,-0.0006817802919269156,0.00447082638298499,0.0041129570080049825,0.0023768103930973993,0.0015340572782271988,0.003713650161076794,0.0007926272028416535,-0.0007050874682434905,-0.0016688786861561037,-0.0005988429162917778
2021-09-07,-0.005382659272980576,-0.0031826819828019272,0.0014141981731018356,-0.005276195504896986,-0.006733835870581642,-0.005245543276543716,0.001414198162029118,-0.004016301968559371,-0.006666037729521127,-0.00655876764005041,-0.005382659272961055,-0.011236375721658153,-0.0036698067754324243,-0.004872041749766883,-0.005382659272263802,-0.005402410783368317,-0.004720029655271056,-0.005517776932740682,-0.00513829485507899,-0.004751869885110373,-0.003365608608442738,-0.0033531651116529854
2021-09-08,-0.0026214792497208077,0.0020517658758660243,-0.00348672907631954,0.0024538168538217066,0.002926762395643939,-0.0038689605763708515,-0.0034867290766158556,-7.929579294483442e-05,-0.00020779078663514246,-0.0002077931356589157,-0.0026214792497208142,0.007262918074205138,0.002332749766971568,-0.003884431911494175,-0.0026214792514807767,-0.0010199359624857114,-0.0009181116492656652,-0.0020666550851843745,0.0004314496698434833,0.0015510327628862081,0.002200582939337773,0.0021617577527115904
2021-09-09,-7.099527433971481e-05,0.0022666223810341103,-0.0034462655561589483,0.0033955195454583005,-0.0035971658838231625,-0.0018413728826811812,-0.003446265656566039,-0.0010017599110604598,-0.002104671283584576,-0.0020468525108476273,-7.099527451106277e-05,-0.00593449317199966,0.0015274733798286426,-0.0020011410645654417,-7.09952770231668e-05,-0.0008490988021442028,-0.0010509035347615273,-0.00042361233528805185,0.002109266095129129,0.0029905603171652886,0.002388489229467324,0.0021516925215081368
2021-09-10,-0.004739173442461419,-0.0021480114508371125,-0.007618220137448575,-0.0039168350349003175,0.0021240139626908807,-0.004478125215400943,-0.007618219603190004,-0.0036349899793419954,-0.00013872337213976637,-0.000448993432148357,-0.00473917344238343,0.011454097221862285,-0.0010134059522800415,-0.00445963831076082,-0.004739173442072876,-0.0029582807371668733,-0.003292842387250095,-0.00405285470194619,-0.003962100400991637,-0.0029855904274619094,-0.0026727842933830224,-0.0020970403491119348
2021-09-13,0.004258140096827841,0.002281488107163203,0.0077180240324466525,0.00572340632848229,0.005947276658287867,0.004456870183349603,0.007718024026714901,0.004757384545450497,0.005158803360483147,0.004875659918896396,0.0042581400967363885,0.00759998916653501,0.0026874191753384112,0.0045035734049285805,0.0042581400971899,0.004709321323944521,0.0047420567924936685,0.004427053752973843,0.003912493131064895,0.002832183329688406,0.0017382170178380637,0.0022235769595816534
2021-09-14,-0.0007255688253327876,0.001756198133471612,-0.012824353696661987,0.0030075764988536373,-0.00264724694300244,-0.00294372151557214,-0.012824353684674376,-0.002825234653201217,-0.0008664657617698838,-0.0008975838291935497,-0.0007255688253327878,-0.0019986220563672865,0.0011050885512016145,-0.003226805426903658,-0.0007255688292836307,-0.000949105728973322,-0.001699707503458474,-0.0009177366370997199,0.001431642654533464,0.002118520251430494,0.001761442296527931,0.001856773570138508
2021-09-15,0.002981055883236567,0.0003046512036410917,0.016277072287336727,0.0026549722164224106,0.011353034531735706,0.004803176020680938,0.016277072086850457,0.0052057467690310895,0.006723765489713812,0.006553341760716861,0.0029810558832291476,0.013659029108525204,0.0017531910091250981,0.005304125982284516,0.0029810558867815534,0.004364263478290982,0.004717518158984495,0.0038182537480864727,0.0014249610304176987,0.00012359482717504925,-3.854409478847931e-06,0.0002700014602250685
2021-09-16,-0.006484976697096053,-0.0021336932764572025,-0.007088703820799174,-0.004537244996756723,-0.003823054439899872,-0.005466583227558222,-0.007088703817536531,-0.0014625308446923598,-0.006511073016461874,-0.006365657029635324,-0.006484976697096046,-0.005441810150123211,-0.0022752308407066562,-0.005736421544256704,-0.006484976695847946,-0.00487591158481637,-0.003343510720559352,-0.006218784471376438,-0.004424731622240595,-0.003133029070299398,-0.0020630727597109495,-0.002215818312175203
2021-09-17,-0.007284415355014229,-0.002538765997594285,-0.008163147223166196,-0.005587224292256372,-0.008770667002893872,-0.008424204272686928,-0.00816314722536139,-0.006819449738844645,-0.00762619726676211,-0.007678237048933745,-0.007284415355010216,-0.007717385782803135,-0.0027976903767207963,-0.008385781663883714,-0.007284415356535549,-0.006611689256533977,-0.006473216265776809,-0.007433040519802194,-0.00512128064170244,-0.0033808618824737106,-0.0024711837015576215,-0.0025263974592942377
2021-09-20,-0.008884294086613781,0.0007266793837464483,-0.011852791388581868,-0.0007048863953421592,-0.01316911488003404,-0.013534235288887511,-0.011852791508476625,-0.010636568175981288,-0.009867261022363353,-0.010022940396263957,-0.008884294086798637,-0.012109806960412334,-0.0009818352536473656,-0.013733767899534897,-0.008884294093575712,-0.008785523055910292,-0.010010098229028696,-0.009312776165955803,-0.003108535919815529,-7.863329461588013e-05,0.000962649113799756,0.0008022970018747308
2021-09-21,0.0034905142292958103,0.0006630244493915618,0.0010362629259162421,0.0015927675188291146,0.0013198975061436853,0.003970870534833047,0.0010362629285291158,0.0023475133987131847,0.0027360754402783955,0.002674501601174377,0.003490514229106248,0.0034772026622936665,0.0007917844761798102,0.0036570134103530616,0.0034905142294612227,0.0026240125924810857,0.002453253565457685,0.0032734525569805984,0.0019222571711689175,0.0011085526383992363,0.0006896131187811624,0.0006233291656629165
2021-09-22,0.006073235671030325,0.0011879737600873968,0.011328801309006629,0.003955922147910578,0.007853545107229952,0.0074436382657207,0.011328801585579277,0.006517990909838716,0.007597159657343493,0.0075681418702070406,0.006073235671221991,0.005282637191480559,0.0019581709923971583,0.007774139854787313,0.006073235673535628,0.006263773584304899,0.0066151304127906735,0.006251266614650286,0.0041877090596825544,0.0026466586421170584,0.0009080725320735584,0.0012233599866979432
2021-09-23,0.0017986212574545909,-0.004422527709727812,0.01524398861316865,-0.005412159907121841,0.00888964458941826,0.006249301482290781,0.015244331920272915,0.004816211639739225,0.005147639305656241,0.004971816097769139,0.001798621257454597,0.01109647618600971,-0.002301226971867965,0.006451685490060204,0.0017986212640326185,0.0029491318237480136,0.0037725171340684733,0.0025077235906509586,-0.0028287573154145507,-0.004159778275316772,-0.004847673607568622,-0.004415645031782265
2021-09-24,-0.004506661163214705,-0.0022836358802923594,0.004528391192105639,-0.004712710383744898,0.0004450159632650398,-0.004451533280979256,0.0045283908151071825,-0.0032328796416214033,-0.0021860119815535206,-0.0024541261595527105,-0.004506661163041282,0.0017987069135138372,-0.0018484327839721668,-0.004071376547431498,-0.004506661162541712,-0.0032030287119392065,-0.00344443713986527,-0.00401149345056673,-0.003997203126567829,-0.002815879848457158,-0.0024242968628976035,-0.0022998809130294635
2021-09-27,0.0009735481098439144,-0.0015490818484693526,0.01346320338058254,1.2230812456967815e-05,0.0031391270977192244,0.001628705520179758,0.013463203417545113,-0.0002289389307544923,0.004295991832639482,0.0036726107617938574,0.0009735481098439181,0.008196968390830204,-0.00036426645900662245,0.001934027858879143,0.0009735481113756026,0.0016097814468856572,0.0008864891334933868,0.0011901060086314248,-0.00041986966564816746,-0.0008281473839805858,-0.0018005470655687269,-0.0016704937231111646
2021-09-28,-0.01412225722063121,-0.004958715410589688,-0.00795634092111838,-0.011350358784059223,-0.013137873340332333,-0.015311665978119251,-0.007956341090011147,-0.015158080029436617,-0.012272483046820097,-0.012892529072349643,-0.01412225722078118,-0.012833235767675467,-0.005054450626853913,-0.015984318260555668,-0.014122257223655323,-0.013612318520007828,-0.014846664150118821,-0.014023818832601332,-0.011261568547250083,-0.007870915219926493,-0.005483805282631389,-0.004766190798565096
2021-09-29,-0.003423322508227039,0.0012991852655352728,0.0009979977376427037,-5.9374577967429685e-05,0.002133050945571676,-0.004198913701198497,0.0009979977028726154,0.0004976855283103695,-0.0020959357465769276,-0.0019428649569574812,-0.0034233225081124643,0.00044071218451467535,0.0015402764972116596,-0.0032040859579240233,-0.003423322507567326,-0.0007665205283746337,2.1438597638491952e-05,-0.0028676851628471863,-0.0006825407797230505,0.0004716734095594366,0.001387899786674013,0.0013053282139345963
2021-09-30,0.0001209707761848644,-1.7401464510110177e-05,0.006462820318496045,-0.0009879767710972705,-0.0035072201073947473,-0.0015637193853652444,0.006462820304241482,-0.005212743116897087,0.0019259652219026369,0.0009720259440985885,0.00012097077624285057,6.69690178539831e-05,2.0350475344014184e-05,-0.0020732411064584553,0.00012097077255876759,-0.0006084666067345313,-0.0030793386326083134,-0.00024184831217309707,-0.0005349629694499742,-0.0004718431258493408,-0.0003640554490078006,-2.9006622655512043e-05
2021-10-01,0.007239345621183784,0.0033105682147097472,0.013290891566203384,0.006840202172264991,0.01128306551583664,0.007876919532327983,0.013290891565315864,0.007671890936822002,0.009054809346823716,0.009022186530709573,0.007239345621263277,0.006543134369635231,0.00377352771316802,0.00831266677842105,0.007239345622971153,0.0078858415211805,0.0077278306870558105,0.007643717610649071,0.00612545699413501,0.004987307829998642,0.002938219403514491,0.003268179379627885
2021-10-04,-0.005167629738759839,-0.0027084658458482176,0.01600821371812811,-0.0031204131547507663,0.0023910312640437535,-0.006659385190781046,0.01600821369891616,-0.006682848220257446,0.001185122884325982,-0.00026427597236324175,-0.00516762973888652,-0.000643781224323522,-0.0012592706070517913,-0.005936763821584616,-0.005167629739828491,-0.0025566554428777693,-0.004877199694709676,-0.004411763638479457,-0.0037759275528698325,-0.0024025110907880663,-0.0032850753433502486,-0.002715673127797958
2021-10-05,0.0018043032727179842,-0.0014221176472076905,0.012434426859863843,-0.0013489564094270844,0.008491680799742196,0.0038866493121609154,0.012434426657347121,0.0035461864488581427,0.0049933403231740905,0.004250875426835214,0.0018043032727179972,0.009513275245009604,-1.4983816115519662e-05,0.004333211916681574,0.001804303276575721,0.0033030664862261144,0.0030528156101931993,0.002473041025420405,-0.000434270563893854,-0.001658412584378796,-0.0014864635553410279,-0.0015234371585767126
2021-10-06,-0.0008983951017298647,-0.0007380860603222108,-0.016774998739381382,-0.0015340150179940695,-0.006784885663606386,-0.0020191491192445257,-0.016774998434453195,-0.0017160752077805103,-0.005661376170021032,-0.0044530215608027035,-0.0008983951017298595,-0.013576175935584661,-0.0019762751159417614,-0.0023105131666271432,-0.000898395103935733,-0.003791197106324789,-0.0023832862617358943,-0.0014870441579175162,-0.0005158347482035616,-0.000233738367650882,-0.00045675948333913683,-0.0006133005892081251
2021-10-07,0.003840017738140152,-0.0016322019223724512,0.012488180345536103,-0.0005673181133146058,0.009220229491631307,0.0075355455550097355,0.012488180380138728,0.0053080702891697175,0.006434466183035397,0.005945119146142148,0.003840017738075821,0.009391510489560993,0.00021773020231585804,0.007112691278335255,0.0038400177432132135,0.0051578645868766305,0.005274432743595103,0.004378038913489266,0.0005807590547827505,-0.0013280869530240232,-0.001595863393475088,-0.0016897325387638064
2021-10-08,-0.00248115682090075,-0.0024718369962631838,0.0033356978205652636,-0.003627054409101249,-0.0006742965924363242,-0.0021338609438778322,0.0033356969450172285,-0.0034273511539805812,-0.0007361472396852824,-0.0013772251812742091,-0.002481156820900758,0.0022995399642525014,-0.0022123763614785,-0.0024469559264987555,-0.002481156820919226,-0.0020280832243343367,-0.003012147524567777,-0.002300470798054308,-0.002938996686620139,-0.0030176309682667713,-0.0026708362461563763,-0.0024585216200131398
2021-10-11,-0.0021619246490463154,-0.002313128028139778,0.006638303040505189,3.1416703503560784e-06,0.001747294468339656,-0.0021489366561054475,0.006638302090919921,-0.0020520951887677084,0.00047814342864311947,0.0001950147870130491,-0.0021619246490463115,0.004931783771288307,-0.0018848220404518396,-0.001973602950880005,-0.002161924648702332,-0.0004458395861895194,-0.001460064528024805,-0.001771002737307771,-0.001910732817067507,-0.0021630061417600103,-0.0025618044719318044,-0.002475953123693586
2021-10-12,0.002962451565529318,0.002973904713409358,-5.431100014178552e-12,0.006002389409329319,0.002065172834649247,0.0009104819722612289,9.95210005698448e-11,0.002276221989377022,0.002073716209539591,0.002724357303922427,0.0029624515655293187,0.0008534493242757354,0.0026187288614116684,0.0017480021393969597,0.002962451563795565,0.002855466289028285,0.0031802242435362824,0.0028727236924413545,0.00431105299474508,0.004194785262598694,0.0028156354388304272,0.0030671363788290617
2021-10-13,0.008071273325403106,0.002228857794582423,0.0056550212596533705,0.005186124420953711,0.00562551577522589,0.007871709479353107,0.005655021263683742,0.0052973278613990095,0.007346398455264992,0.007426243455299766,0.008071273325403104,0.004953059179900802,0.0029075698207858924,0.00750164523021588,0.008071273324438681,0.006722802335469338,0.006363729249096731,0.007826697570385375,0.006124010575194666,0.0044963425155696,0.0022059650893464008,0.0023116588418955787
2021-10-14,0.009728498601923328,0.0041366468738418755,0.01028520530467464,0.006827373297499394,0.011922816133100957,0.012297592805939707,0.010285205403395307,0.010512840970884493,0.009895511039640119,0.00998605619546694,0.00972849860192332,0.008794632930252028,0.005426111668887405,0.011667144380289395,0.009728498604934022,0.009134879092076687,0.009657877536917655,0.009947930355041094,0.006954783250794912,0.005290904433464336,0.004240240916534198,0.004114721982412279
2021-10-15,0.0004298516890408914,-0.00279296648910735,0.008337188950716782,-0.0006846097662996796,0.0058817600771971755,0.00364412838485643,0.0083371888425354,0.0026016917449104057,0.0028020527615708222,0.0023476143122012324,0.0004298516890408914,0.005839964273617228,-0.001437056531749694,0.0027305394989062324,0.0004298516925872798,0.0016977960875138084,0.0019064941102999449,0.0009750425278565191,-0.0010947359714829183,-0.0025672983707533924,-0.002809851604292828,-0.0030005793766131553
2021-10-18,-0.0005542655736463292,-0.001227368823374274,-0.006014220494167409,-0.0008235422590633761,-0.0020822923721534404,-0.0007731689795305952,-0.006014220363877453,-0.00032696527903606934,-0.002192250656823738,-0.0017648039592487435,-0.0005542655737256584,-0.005147278199446284,-0.0012972097339981608,-0.0006766497609064289,-0.0005542655737803146,-0.0014123235384696355,-0.0005840065344198526,-0.0007070682534970408,-0.0005817485372905461,-0.0007687223528318042,-0.0010383202275224515,-0.0010982137533353663
2021-10-19,0.003296179677503482,-0.001320310171183378,0.0023174833012623197,-0.0024107971866675435,0.0029576019391210637,0.006591688084078805,0.0023174833673897718,0.00251563197437268,0.0030025706460436352,0.002910136393704103,0.0032961796775872695,0.0012083588678169456,-0.0003308323491302722,0.005094668094076516,0.003296179680034009,0.001919505983631576,0.0019967922255204706,0.00326232190366524,-0.00024953906177482095,-0.0015039267197505396,-0.001098616414722674,-0.0013584919127173157
2021-10-20,0.004789358363311047,0.00012808359271142568,0.011049765924626434,0.001954791122920286,0.010994225611406238,0.006795758446698549,0.01104976583338258,0.0036471320068339414,0.006667481665274068,0.0068961098084929,0.004789358363545845,0.008892536477680303,0.001901366913133089,0.0063405116481536905,0.004789358365673903,0.0055737060881681936,0.004066537213420601,0.005409845088120561,0.0019330565137100622,0.0006257949966333408,-6.084885500649362e-05,0.0001643757031228931
2021-10-21,-0.0031549944785515486,-0.0033555727982731167,-0.015225212501674898,-0.006060877083786373,-0.007435283956977257,-0.0036019587908760146,-0.015225212214290506,-0.00275592220255029,-0.006629502748981997,-0.0059456547897297025,-0.0031549944786190085,-0.012861275555293357,-0.003957924597920526,-0.0033235627753793718,-0.0031549944787949633,-0.005149522289976411,-0.0034723686003760457,-0.0035830234263941278,-0.0032323498351823294,-0.0028301013760036035,-0.0030699392616909604,-0.0030490432160480193
2021-10-22,0.0027181087234861767,0.0006237952792022557,0.004638197996430311,0.005928667652883861,0.003461491287887286,0.0006639748195656882,0.004638197877883617,0.001464849531316185,0.003295065756433503,0.0032966545271493515,0.00271810872348618,0.004245668797444671,6.008165791569276e-05,0.0014263906888282642,0.0027181087214903357,0.003297219308176307,0.002195235624267791,0.00279244697992629,0.0031116114717531524,0.0018385008095647814,0.00022009469928253194,0.00037308396888668504
2021-10-25,0.0037749681952981154,0.001501885325457651,0.005077292691450103,0.001728207357706069,0.004760902366889737,0.004107886217778908,0.005077292700931022,0.0033477680622140595,0.004127953159292232,0.004072014013403659,0.0037749681953780437,0.004354545416262359,0.0020342073151765477,0.004571530261203709,0.0037749681965745397,0.0039779353066208625,0.0036309394657403965,0.003873561612457277,0.002345221862046461,0.001720281751870746,0.0014540932180441943,0.001536521751002997
2021-10-26,-0.0007494910273897886,0.0007664031636622127,0.0013803546151109998,0.0019429357290687455,0.0017679251173184178,-4.6518217359585684e-05,0.0013803546140660251,0.0010279090140730511,-7.466384686369358e-05,-4.2615260068836825e-05,-0.0007494910268849978,0.001351333640414406,0.0007504385508500664,-0.0006769786833737703,-0.0007494910270715257,-0.0003843980715266506,0.0007839479465347479,-0.0004977494129189681,0.00098107777546207,0.001307353993783525,0.0006858690708098194,0.0007383188601038418
2021-10-27,-0.002747646228724591,0.0019078399488101309,-0.01856200157973775,0.0009074285677088904,-0.012495361520336411,-0.007466329273908443,-0.018562001367174345,-0.004743212073951188,-0.007215532095272797,-0.006989572473953991,-0.0027476462287191355,-0.014027479909668926,-0.001351223686538428,-0.006901276486717312,-0.002747646235125605,-0.005600567051705877,-0.004835034473001283,-0.003722417757885772,0.0005747167653667325,0.001914554465992617,0.0019227087822840643,0.0019321473187298081
2021-10-28,0.005227970439782658,0.00010942973918526104,0.0051388627500518385,0.0021630424982962797,0.008373132928842918,0.009092008253994453,0.005138862924118756,0.007674877118283593,0.005332255741943976,0.0056382376355439325,0.005227970439831585,0.0036829396986509844,0.0016369080319813584,0.008400442990863266,0.005227970444603323,0.005194568773344826,0.0068937710544154296,0.0055424866886886835,0.0026348742732527353,0.0009728068738957004,0.00033745875026218734,7.891737537152007e-05
2021-10-29,-0.0035407254262715274,-0.0010838197491162052,-0.005138862760789761,-0.0012344472616900033,-0.004084859907181427,-0.003985957352876894,-0.005138862701763715,-0.002134044355736699,-0.004091281233754933,-0.00432860053453915,-0.0035407254262649858,-0.004091979242033491,-0.002273475815081586,-0.0034395907761047818,-0.0035407254260302673,-0.0036154597763001844,-0.002602243352245153,-0.0035951388743625167,-0.0022284246678676784,-0.0018388868688304868,-0.001185878230169395,-0.0011851521943167962
2021-11-01,0.005433200876243246,0.00010640634834210364,0.007466156250127829,0.0030551038077686063,0.005149286156972566,0.008181432428485215,0.007466156332444242,0.006394167192155938,0.006041325135300223,0.00588926350380352,0.005433200876243249,0.006049445037821736,0.0004289366982820781,0.007806580779937334,0.005433200879865424,0.005335360908226816,0.006082783267226719,0.005404809404316178,0.002632669109239558,0.0004110602819538355,-8.797944246683633e-05,-0.00035976182519606144
2021-11-02,-0.00023910590260309023,0.002334480773875116,0.002785499541122811,0.0017967347577953127,0.003463217843662243,0.0008486586838798258,0.002785499473630499,0.0022911619158000763,0.0006773631174047822,0.0007657112031724979,-0.0002391059025977153,0.001290129426835989,0.0024699844935881293,0.0008101772393548602,-0.0002391059008271583,0.0003157649370370058,0.0020212404675957448,0.0001311264720234447,0.00143218526292799,0.002157876601653348,0.0023140728708269743,0.00241982215618857
2021-11-03,0.0007309711487299578,-0.0011424902860728676,-0.025829034380250217,-0.005261981805479762,-0.010218677533002103,0.003800342011495279,-0.025829032346543723,0.0023804472417491293,-0.006537680285946201,-0.005777828896387246,0.0007309711487845053,-0.013729204013667326,-0.0027402520832908437,0.0022648578413118447,0.0007309711508333748,-0.003341211532404981,-0.0001331780897761241,-0.00036399371944324875,-0.0014281245855931792,-0.00150804018928536,-0.0002555476412517471,-0.0011142191803379911
2021-11-04,0.0033317749098799978,0.004014211422208643,-0.00037732567812749976,0.004137179613700713,-0.0032465189872416377,0.0006213926509644522,-0.00037732636797152384,0.0018589134234473605,0.00031860434281221145,0.0003037618146943952,0.0033317749099682163,-0.0011368934892853396,0.002419629994347534,0.0010693275886150756,0.003331774906562424,0.0012178698879026565,0.0016314620231966184,0.002673945520167825,0.0039449833978743645,0.004067080272200117,0.004061003479268036,0.003925545278962988
2021-11-05,0.007070415862654086,0.004784446847727147,0.013786885383800707,0.009161875674685304,0.008207765665460992,0.004736038767447036,0.013786885348897682,0.005655633065210247,0.008625613011144662,0.00862561130391775,0.007070415862633808,0.009038108994980252,0.005250836939371227,0.005980323539842104,0.0070704158612739515,0.007515244575212744,0.006936625868922174,0.007184150842934769,0.006958940246686901,0.006029767266494948,0.004470223908721767,0.004727434234727029
2021-11-08,0.0016703790178127314,-0.0026972429155419607,0.0030968180880927153,-0.0005306773192334363,0.0027478055727840557,0.001664021570669728,0.0030968182173577424,-8.438527650994957e-05,0.002651344507214834,0.0026513426622310297,0.0016703790177910413,0.002985209317662535,-0.0015132834476189892,0.0013254334150640985,0.0016703790174568357,0.0012704362905085565,0.0006965637647507317,0.001778121673309864,-0.0003020352945598448,-0.0012838800358665888,-0.0027014002934412883,-0.0026580825983806523
2021-11-09,0.0002069700436835983,0.0026719514650048767,0.007945977962668344,0.0044241008932937856,0.0027541766384130265,-0.001878092596993134,0.007945976627374627,-0.0005740838078769255,0.002415935169524235,0.002217349628070184,0.00020697004363134366,0.0025418327216860984,0.0026052276940565266,-0.000989756853961606,0.00020697004175047147,0.0016092327089530748,0.0006655427831789716,0.0004616907031565157,0.0022790733718348367,0.0023198904966640374,0.0023117399023845097,0.0027313802240332427
2021-11-10,-0.007480833257806484,-0.007606345113872499,-0.012649625923972214,-0.011784134942763098,-0.01000199063410357,-0.010353755170067959,-0.012649625927548086,-0.010794772178622413,-0.008903472706374167,-0.008631174214427304,-0.007480833257845218,-0.013825306117111719,-0.007322207501388513,-0.010600213638308653,-0.00748083326347966,-0.009859343828707009,-0.010765007266985299,-0.007732948995436193,-0.00871017110120674,-0.007725413118445587,-0.007320151621852134,-0.007265936855529212
2021-11-11,0.004528010409326969,-0.002171203957330679,0.00704730386085796,0.002289188265536597,0.004146879056056632,0.0049556557742357595,0.007047303806509406,0.0021405946106660073,0.0051658738373255575,0.005013509637805382,0.004528010409282546,0.0051174871704399065,-0.0011301295887078753,0.004775418354806822,0.004528010409651563,0.004468259800446565,0.002985178777666778,0.004489897273999935,0.0015226025155986342,-0.0005056133227072503,-0.002392143853724459,-0.002245574023107362
2021-11-12,0.0027419939273713384,0.001442760032406664,-0.001405472665356506,0.0013725927244365042,0.0013045389227743795,0.004095426133468323,-0.0014054725390752602,0.0035207152400329868,0.0015099703565619378,0.0015315590664368682,0.002741993927279659,-0.0007479009189210039,0.0006092699856411294,0.003331516632790542,0.0027419939281552873,0.0017460971867799544,0.0024264652561807863,0.002598248426911646,0.0017061732818914543,0.0008941568338779897,0.00112077292222283,0.0012269182414928062
2021-11-15,-0.0027464346907741287,-0.0024997683478524668,0.0004687103992450657,-0.004464978525774375,0.0020345399400938167,-0.0005545050344405336,0.00046871031681216597,-0.0013274168133288106,-0.0015682666476590135,-0.001455498644762369,-0.002746434690786243,-0.0003579748468427431,-0.0015565614421081454,-0.0012151619508106214,-0.00274643468860618,-0.001954200517822995,-0.001769113702695608,-0.002268337227687341,-0.003541846220683582,-0.003786669415831721,-0.0023836645078738803,-0.0024770132054849317
2021-11-16,-0.001569881177191679,-0.0002783462558766808,-0.0014068936657574839,-0.0025455002192027974,-0.001206479716807997,0.0002770394586603306,-0.0014068935940038819,-0.00014004930411502564,-0.001722014192037944,-0.0017822245450856442,-0.0015698811771513662,-0.0013072428965854263,-0.00022613502347964697,-0.0003331409749544283,-0.0015698811754548407,-0.0018429232437498942,-0.0006010938614948023,-0.001533541031153311,-0.001418995003987606,-0.0012363517418787948,-0.00013116963513655277,-0.0002110164969040396
2021-11-17,0.00025973862954873023,0.0010411536492398244,-0.008955930829923594,0.001335463324972707,-0.00402876054302769,-0.0033400486427421594,-0.008955930886797907,-0.001724222775282277,-0.002028993211162631,-0.0019024618130585407,0.0002597386295256714,-0.00660050204170901,-0.0005984501755015957,-0.0024610698202080995,0.0002597386255237381,-0.0012066909003872533,-0.0015927570561913788,-0.00016911128770890878,0.0013437439605814483,0.0018635839728859513,0.0010104093824177356,0.0009803463917765355
2021-11-18,-0.00016011054487755408,2.871663313342191e-05,0.003308892522326522,0.0013999802825315978,0.0027574831761904154,0.00038309468274102306,0.003308891838671545,0.0018601943215424005,0.0007044567812837408,0.0007044565255582198,-0.00016011054487848845,0.002802294862103099,1.6439926974987285e-05,0.0007880927606332827,-0.00016011054349153843,0.000929185656513189,0.0014670827054180267,0.0001316488272292396,0.0004891623911040835,0.0003955627270508455,-0.00017969689587047798,-5.6760385868937e-05
2021-11-19,-0.0029361897742271707,0.0006649538663249221,-0.016175321141219553,5.5810125273253464e-05,-0.0088556779466014,-0.004579065822992379,-0.016175320924039165,-0.0033175095061232455,-0.006204481831327587,-0.006204482096987452,-0.0029361897742392054,-0.012630499105950151,-0.0014900934340417679,-0.004529059524558258,-0.0029361897765431593,-0.004507477187645633,-0.003703509828696478,-0.0035281385914645892,-0.0007213624767095179,0.00042878268842332285,0.000745899819408895,0.0005649787576479274
2021-11-22,-0.007887848495339406,-0.005357315594912735,0.007168339284189981,-0.00639857112163544,0.00037857718773338825,-0.0046306473709082484,0.007168338812518396,-0.004968630431513031,-0.004216420258124315,-0.004216419846886235,-0.007887848495339404,0.002956459891518673,-0.003864058899113419,-0.005376064615755768,-0.007887848491558248,-0.005308471220397321,-0.005336689573563192,-0.007061205927032139,-0.007480105025298948,-0.007236667680371371,-0.005377903821087323,-0.005271279862234326
2021-11-23,-0.002662830698214028,-0.0022895836107492,0.01793356160611775,-0.002448261587979331,0.010464827051322565,0.0018040637179700966,0.017933560931712476,0.0005945538001468809,0.003045366237216911,0.003021892645507296,-0.0026628306982601083,0.013790488235345306,0.000105611401892858,0.0009984342402449826,-0.002662830692909064,0.0016161823322366762,0.0008561572296986401,-0.001350064923260385,-0.0031688494676855696,-0.0035432298097368086,-0.0025984830887609877,-0.002258111084432304
2021-11-24,0.0008482034409956355,0.0011207171705102657,-0.003748911923417329,0.0035991176970918506,0.002250073770927946,-0.0005582423421215152,-0.003748911816699368,0.0004240015895145661,7.824003375518488e-05,0.00025873455590165353,0.0008482034409656343,-0.0024670920798040064,0.0006943119142064413,0.0003989103130857489,0.0008482034403920209,0.001084096357199243,0.0012998639182231328,0.0009883904739888647,0.0021774474563163084,0.0022550752108511708,0.0012252950548771939,0.0011759297287497101
2021-11-26,-0.016991416674645324,0.0010506568157274384,-0.06147585332242299,-0.008528132754702315,-0.04205093049314092,-0.029186155392413052,-0.06147585262764695,-0.020764100927030796,-0.028444365129091067,-0.028444365075258857,-0.01699141667464529,-0.04752428988502686,-0.007740694092732559,-0.026043410611816493,-0.016991416688684563,-0.024678320800023832,-0.021750690856251986,-0.01949736805649481,-0.007489151574803721,-0.001956488317261369,0.0016046831040872536,0.0008685425245049568
2021-11-29,0.0028151691754489993,0.0018772658420623057,-5.737521568976806e-12,-0.0022278576448463887,0.004595304587473956,0.007052715420074806,7.531515409355228e-11,0.004781952888671738,0.00278342289777238,0.002783422992441254,0.0028151691755057225,-0.00056565872409756,0.0027755281620686334,0.00518277888776365,0.0028151691791752755,0.003351955060672347,0.0038426481165929533,0.0029931827166514947,0.0013868291815688312,0.0015761087833309506,0.0024652441724636585,0.002205006034688878
2021-11-30,-0.008216905915741991,6.289819284599051e-05,-0.02784278478490301,-0.0027664919576163315,-0.019263637509619916,-0.013164763416400042,-0.027842784519760716,-0.010297748107944241,-0.013236019917848278,-0.013236020175326437,-0.008216905915741994,-0.01936259251258033,-0.0028211007111291495,-0.01272336660764809,-0.008216905923469967,-0.01115131785663169,-0.011256620207205248,-0.009321579075129805,-0.0035740268248927263,-0.0011424659508005401,0.0002852581649064839,-0.00022966350010447537
2021-12-01,-0.006796742899349913,0.000676108377240714,-0.008765258829571595,-0.003039408954461822,-0.009127712427998012,-0.009700404798025754,-0.008765259160647914,-0.0075059786044214365,-0.008244584880763349,-0.00824458616026521,-0.006796742899300261,-0.005154861764060564,-0.0002391897275746764,-0.008700416806665763,-0.006796742903108374,-0.006132011129812815,-0.007116111442833566,-0.007029839852214722,-0.0028307693262160337,-0.0004990166403896512,0.0009079142807962916,0.0007400127232000543
2021-12-02,0.009697710715962734,0.0028699139551048814,0.008765258817720577,0.006686685491186317,0.01420131829558137,0.014363580586131967,0.008765259265911419,0.01112559886072867,0.011699771179551982,0.011699770814632245,0.009697710716019551,0.00694525258771008,0.004291116191029391,0.012867095445365798,0.009697710722748965,0.010557173673944271,0.010853035264882417,0.010148071473924564,0.006258140010856609,0.00407574073920128,0.003162934230831768,0.0029823849789170744
2021-12-03,-0.0016602365471715661,0.0030059584369515487,0.001026048360346351,0.005256324493892026,-0.0009893344388302062,-0.006834113632851621,0.0010260474540041285,-0.0018984035128927247,-0.0013950088103653951,-0.0013950086567889315,-0.0016602365471309933,0.003648873282570219,0.002064211852525106,-0.005086892948153622,-0.0016602365540689785,-0.0017492686883472947,-0.0020999841614513935,-0.001593146336337431,0.0019054717977917868,0.0035950215795124136,0.002581626431968931,0.0028021283248469363
2021-12-06,0.004677605698774566,4.9715508287052294e-05,0.017285749371656653,-0.0007310764444965405,0.011353009659956708,0.009945801242295617,0.017285749295807486,0.005944293323761413,0.00846937877880415,0.008469379617028034,0.004677605698763368,0.009753771975271542,0.0022346255419066815,0.008750009419277543,0.0046776057057580376,0.00697034236141603,0.007002762364629034,0.005345146094892779,0.0011778549356740537,-0.000405236925065187,0.0002655016168271744,0.00031253763133905514
2021-12-07,0.011668472887281867,0.0014256980369691432,0.015007581136292964,0.004533300116459261,0.013956888169501643,0.017975652088986663,0.015007581268133969,0.013239140536884582,0.01260206356451593,0.012602063458937945,0.011668472886473108,0.009077260038693122,0.0031156657147976465,0.01588046976024773,0.011668472894390847,0.012025921050028511,0.012879838814304672,0.011897314415503842,0.006356512355001038,0.003450962095053217,0.0012944924915141017,0.0014456284787548147
2021-12-08,0.0007995917347489935,-0.0013727712270195792,0.01331722225420292,-0.0031081847184617714,0.005590898799816163,0.0033709351539454955,0.01331722200826298,0.0018312578236619112,0.003983804865658101,0.0039838056040232515,0.0007995917346741701,0.006080879837531455,-2.754587324784309e-05,0.003501401938036661,0.0007995917398212927,0.0025167089645914283,0.0023037130679538454,0.0012787224412557333,-0.0015874230094715819,-0.0024135336768347387,-0.0015507756184289405,-0.0013289241764194788
2021-12-09,-0.008745512131753353,-0.0014238475161883638,-0.015305064034899044,-0.004251759116302958,-0.01265044339674323,-0.010199706058723924,-0.015305064034048256,-0.009165196596616115,-0.010658709722116673,-0.010658709595897523,-0.008745512131795705,-0.009686918779934538,-0.003531897818759614,-0.010842278060058221,-0.008745512136203198,-0.008719655763705694,-0.00919917840947272,-0.00913600525825234,-0.004669016169593938,-0.0027630807167882514,-0.001393584391822192,-0.0016068053533586466
2021-12-10,0.0037314649574419134,0.0017468168543155352,0.01137773977671983,0.002005070030818973,0.008169809732888866,0.003994736101754387,0.011377739674671736,0.0038313737607476514,0.005407896091421768,0.005407896975344247,0.003731464957441914,0.008010214692787131,0.002517943530878375,0.004302369289834253,0.003731464958905025,0.0045661363235120125,0.0043377765494437195,0.004175299434986607,0.0025225999843867678,0.00200192292209808,0.0015950368670272909,0.001762544427271397
2021-12-13,-0.002731991662238166,0.002032713522894211,-0.004930945020595099,0.0034375485445804644,-0.003736341620754624,-0.0065545470901045965,-0.004930945047723018,-0.003701619978509698,-0.0025998672500874157,-0.0025998720289110416,-0.0027319916622501068,-0.0018773336726094687,0.0012971605759034169,-0.005961948574157999,-0.002731991668515619,-0.002524717535319482,-0.003232879525869577,-0.002832426658089809,0.000530780244048421,0.0016540110886538112,0.0021060724182821707,0.002063471289521207
2021-12-14,-0.0065686349378614945,-0.0019055498041882662,-0.008937549367152355,-0.0045393642679758565,-0.009196128259134075,-0.006379998926805356,-0.008937549354099501,-0.006399211761743247,-0.00764710662336955,-0.00764710645636712,-0.006568634937975399,-0.006664888843456631,-0.002655913028540719,-0.007039027184400218,-0.0065686349390801126,-0.006757058842324054,-0.006747141765554482,-0.006831384269988751,-0.004788099316250721,-0.0036967334856173057,-0.001730397113787787,-0.0019295647838694133
2021-12-15,0.007375042755051001,0.0014999445093602745,0.004975211950027355,0.001927655089831531,0.009796252652402955,0.01134956659816853,0.004975212151042566,0.008912388663570985,0.007306769305520529,0.007306767545812699,0.007375042755051,0.0029435066306686838,0.0022549083391021204,0.010391252644890232,0.007375042761433893,0.007334144150245185,0.008548017522761103,0.007617163744786194,0.003988818534213023,0.002372288936978252,0.0014713182168919262,0.0014412056749766484
2021-12-16,-0.0009391971796982057,0.0012102448662709307,0.00593763406876788,0.0019113814542286375,-0.0017129892835937054,-0.00506095965911693,0.0059376338069609385,-0.004566646442191195,0.0005001412345683944,0.0005001383777814778,-0.0009391971796982096,0.004982437272264469,0.0010579170230854828,-0.004852496166769693,-0.0009391971872695502,-0.0012673140765753564,-0.0029777912420492153,-0.0010165763900877554,0.00029479184019464495,0.0009162912603642388,0.0008747829645190531,0.0011216032012792273
2021-12-17,-0.0031571309152581147,0.00015931491254342844,-0.011910843779280318,0.00025615612338403433,-0.008027219353179366,-0.005844013475963406,-0.01191084363679201,-0.0033593949251322936,-0.005069800711559866,-0.005069801045324936,-0.0031571309152581203,-0.0074493915371117376,-0.0007728903631135757,-0.004546059196026934,-0.0031571309178129335,-0.0044924662672726256,-0.004041896477468322,-0.0036441397590502556,-0.0010373709090481288,-8.394031802407258e-05,0.0004775141738520613,0.0001575241583002681
2021-12-20,-0.006857932669856219,-0.0015466661276308444,-0.007014122347257255,-0.006057016608055485,-0.00853142042390501,-0.007867718400125736,-0.007014122410429982,-0.006310324177965072,-0.006999114716350578,-0.006999113017361553,-0.006857932669856217,-0.006374925985674603,-0.0019573468286336114,-0.007767652477470123,-0.006857932671569164,-0.006945597127909082,-0.006805076152473431,-0.007025281445261098,-0.005169543145597329,-0.003798337680957789,-0.0013506354908953385,-0.0015204055040720509
2021-12-21,0.010289965464072995,0.0012493878830530977,0.020896368671933188,0.004330931967798676,0.0156619728622832,0.015562279844062764,0.020896368591484388,0.011464590380137404,0.012075152848428068,0.0120751532576776,0.010289965464056113,0.010657470688615115,0.003613071380241414,0.014088769250965449,0.010289965470944634,0.010934278981619522,0.01158329229034587,0.010827166203894012,0.005633550962796116,0.003454035851620625,0.0012048308905576836,0.001498346428748458
2021-12-22,0.0076560086359088566,0.002056128287998376,0.011747597643755605,0.0053947482626360375,0.010640879484719309,0.007649579017129553,0.011747597550783013,0.007414493464216741,0.008660354318316953,0.008660354308558233,0.007656008635908859,0.007824819156923065,0.0030757802249896963,0.008615795443406031,0.007656008637482711,0.008049090059962094,0.007898260586830136,0.007954495720789899,0.005331436376660736,0.003444757077281003,0.0018984212745946313,0.0021186912098510964
2021-12-23,0.002674881959568486,0.0005928874961373468,0.005338488668038617,-0.0011250016745473085,0.0030927477229213602,0.004315121340655366,0.005338488689762484,0.002917752156682658,0.0026476435035061585,0.0026476436507956507,0.002674881959568486,0.001278920556538595,0.0014965520240438688,0.004120414248137114,0.00267488196162278,0.002151503353777933,0.0028951938313542852,0.002716668535903774,0.0008077583602023846,0.0004571930091920352,0.0006803903932043311,0.000707667273001866
2021-12-27,0.007193390946672177,0.0009715391312431454,0.012506201162255997,0.004534363217818608,0.014751401065209006,0.00875731695094984,0.012506201163873399,0.008502390956135183,0.009424294137868616,0.009424294323332102,0.0071933909467890335,0.011138590732781102,0.002439296745095106,0.009853402185545779,0.007193390950560485,0.008950500646238466,0.008828076936418624,0.007949191958525854,0.0047978164096716455,0.002912999169362165,0.0007708924830593436,0.0010231975062371696
2021-12-28,-0.0017498883124863278,-0.0003459399642710464,-0.0019139689245025898,-0.001395856617789684,0.00020297130675751103,-0.0013217106768881606,-0.0019139689236969844,-0.0012425860753299332,-0.0009613949556960333,-0.0009613946233021747,-0.0017498883124863283,0.0015136244317658246,-0.00029016798309758405,-0.001577608891696152,-0.0017498883122701082,-0.0011101104107087343,-0.0014778431854327646,-0.0015546023505619443,-0.0013522236813939472,-0.0010417694856437664,-0.0003499470671267224,-0.000365918610064537
2021-12-29,-0.0017895220722750505,-0.0031213619476265974,0.0047778099249894375,-0.004112921882961063,0.0044060486499614155,-0.00010935554327952106,0.004777809923601591,-0.00042987073213407066,0.0004479676014782165,0.00044796749460133213,-0.001789522072275051,0.0037631881434423537,-0.001527992157611291,0.00033369379799547567,-0.0017895220691775413,-0.0001992609305787248,-8.73270272420232e-05,-0.0011699650000514083,-0.0029592413028675536,-0.003317826891579492,-0.002947780017613296,-0.0030412620218519927
2021-12-30,0.0022368858484158247,0.0011534946618190248,-0.004777809935971121,0.002890359516172872,-0.0008732195468062506,0.00016712971167595495,-0.004777809935389442,-0.0001172119561761685,0.0013372230786999938,0.0013372230368801081,0.002236885848415827,0.0014274397681446611,0.00010658615975099779,0.0002533256344622334,0.0022368858455891726,0.0015150741378873256,0.00022397988270441587,0.00192587530889362,0.00251482347785883,0.0025562738989180636,0.0009744240739808809,0.001129410325168968
2021-12-31,-0.00023573878056569561,-0.0007452749777932529,-0.004800641550295707,0.00010008853695056563,-0.0014114884672234162,-0.001887249287372563,-0.004800641501577887,-0.0014446104654614407,-0.0005753059816365158,-0.0005753059894669368,-0.0002357387805656966,0.0006658974759402864,-0.0006744559840355295,-0.00146586962235021,-0.0002357387822746732,-0.00032994219546474677,-0.0012895287646897532,-0.00035331374923146697,-0.00029225442288636485,-0.0005304550790236755,-0.0005724111886997865,-0.0007109169387674423
2022-01-03,-0.0025904021863351764,-0.004432525891995525,0.003842439218472316,-0.00965078446359625,-0.0004615036706526747,0.003064703304837174,0.0038424392514322748,-0.00014648257646752028,-0.002427714083659871,-0.0024277140770265194,-0.0025904021863351764,-0.003740246190035729,-0.00272976760696235,0.0017706509925394897,-0.0025904021803323024,-0.004549828872388444,-0.0008437761832823685,-0.002377512334766986,-0.005725736921316869,-0.0061603199658521735,-0.003845186466941408,-0.004222105776752523
2022-01-04,0.0010159461410474166,-0.0011641589588345924,0.011913336370299184,0.0024166874741554482,0.0038813898001924807,0.0004611599788853538,0.011913336102153546,0.00021280983839591996,0.0028027355500942672,0.0028027352625552534,0.0010159461410474168,0.0003453530609281108,-0.0007393906006806847,0.0007739400843949355,0.0010159461406891526,0.0028092160522422394,0.0012492338134273417,0.0013024905069619226,0.000579201448001641,0.00016594904744706253,-0.0019382374612220742,-0.0014514824156916393
2022-01-05,-0.013560878366571397,-0.006036236509583594,-0.004272469296638718,-0.008484960697400725,-0.016028864299379993,-0.017351633544709387,-0.004272469663287066,-0.014998937394190528,-0.012546085605039128,-0.0125460860136132,-0.0135608783665714,-0.01850684507545658,-0.007109698946206569,-0.01681978234350332,-0.013560878371377276,-0.012017562066774656,-0.013812367008506419,-0.013807676959852253,-0.009845047133907363,-0.007576722954663131,-0.0067071416922258095,-0.0061598060562959
2022-01-06,-0.0021481105155982455,-0.0009287791581249123,0.008526865610062433,-0.0006482932349961975,0.0034239793392245492,0.0007829984748544021,0.008526865488519237,0.00023085830868022802,0.0006212598658203365,0.0006212542340597836,-0.002148110515598246,0.0017986569319921437,0.0002698983779570326,5.14373001516056e-05,-0.0021481105127035293,0.0001365201400241442,0.00042476119618268106,-0.0015909015301159711,-0.0015316283134703256,-0.0013145623330377337,-0.0009651384226334229,-0.0007968441042358115
2022-01-07,-0.002223395257601692,-0.002810446294687367,0.001885002617682566,-0.004181892754531891,-0.0022217404916247047,-0.0029132834017782535,0.0018850024981296207,-0.004313470446457777,-0.0015044298069065286,-0.0015044311355861435,-0.0022233952576293237,-0.004052213623372162,-0.0023308381101332857,-0.0030245566308592805,-0.0022233952587069265,-0.0014844164405755185,-0.003153624372334728,-0.0022232297810039934,-0.002718873427790986,-0.00257637263874774,-0.0028583315659844993,-0.0027647801892804356
2022-01-10,-0.0013066196116316045,0.00016563332732817654,-0.004246367300139294,-0.0005948985223005269,-0.0035612841760808474,-0.003262161743180968,-0.004246367300693809,-0.0028288745386980036,-0.002271347646585691,-0.0022713478906861563,-0.0013066196116316075,-0.0034447073035390316,-4.278236175480955e-05,-0.002806670132541501,-0.0013066196135887217,-0.002029396215907338,-0.0025948316517366947,-0.0015320860680765257,-0.0008608366809263117,-0.00033485152571742814,0.00036329584731561364,0.00024692895576028753
2022-01-11,0.010060205810909252,0.004020996818895976,0.019199821987682983,0.007864413951803362,0.011605116571143902,0.011412313840201974,0.01919982187480307,0.008441009659625541,0.011970044262829924,0.011919039141635644,0.010060205810525403,0.0051956671500667405,0.005551862080660597,0.010889073649189361,0.010060205812009821,0.010821465844305088,0.009999536023186477,0.010214696886932714,0.007588577310124193,0.005767861159758824,0.003703341567695009,0.004007668855031993
2022-01-12,0.00477109888949157,0.0012197849606482688,0.00785409978246934,0.002861652668420348,0.004390539569818642,0.005520617883569532,0.007854099726800451,0.0029442120916747592,0.005428899001709326,0.005362041416104612,0.00477109888949157,0.004687626351148423,0.00190654016203561,0.004536803566962514,0.0047710988891809854,0.00463309739015254,0.0038208280120465717,0.004733042957524278,0.002865606566230285,0.001877727967899187,0.001017595346057342,0.0011457440151201811
2022-01-13,-0.0064436621526770665,-0.0007335515534273006,-0.010640893108977067,-0.0007300843151109037,-0.00886946104399345,-0.010707957117811948,-0.010640893114031023,-0.006855033242092583,-0.007527468485456223,-0.007270260284889603,-0.006443662152677058,-0.007060126731464338,-0.002726803307365874,-0.00890654948931518,-0.006443662155866356,-0.006281495220321203,-0.006841632940614752,-0.0066862420418087026,-0.0029112908087709733,-0.0012537179688339576,-0.0007630235050446405,-0.0008937784697989372
2022-01-14,-0.0023876652773407265,-0.0033190150882679284,0.012939201745503868,-0.005004750159445303,0.002567385801758628,0.0007292833602458191,0.012939201621928234,-0.0015918261935674858,0.0011119220948524115,0.0011085458443178273,-0.002387665277340726,-0.003161972137052475,-0.0012574645209318036,-0.00019531111085822157,-0.0023876652744793444,-0.0002599181688594473,-0.0006944805579056149,-0.0018921601694307985,-0.004085262413853757,-0.004492666409079022,-0.003424551388930398,-0.0031447795528603364
2022-01-18,-0.009989155066660423,-0.0058732314493941205,0.0077750727682334465,-0.008191703916077925,-0.0039419362992084185,-0.014413839237825061,0.007775072518176091,-0.012439619046576292,-0.005533482186843078,-0.00557669929889352,-0.009989155066660416,-0.005983450636553752,-0.004227839689412963,-0.01172200160518624,-0.009989155068920046,-0.0042910706909589,-0.00970135463112443,-0.009384433189915336,-0.009124930356719912,-0.007721178619315049,-0.006013287598390151,-0.0057791036011638555
2022-01-19,0.00036972575721923393,0.0006852700196715096,0.005451946670637165,0.0015328688893728093,-0.003646994173392505,-0.005813857814285895,0.005451946568641142,-0.004227985070174432,0.0013875952435502817,0.0009432793400553628,0.0003697257571967632,0.0022082515842869453,0.00031493577816279827,-0.0027851156328032177,0.0003697257528934273,0.0020663830276290577,-0.0014852593598031628,-3.19462358419312e-05,0.0009972018100908209,0.001372437107009134,0.0004641949560207477,0.00056821876543448
2022-01-20,-0.0036108191764762532,-0.0001321039639293869,-0.0036312932613721837,-0.0001859481651116301,-0.00745529995039011,-0.007433879583215555,-0.0036312933021383233,-0.005738319918766297,-0.0037070616986843627,-0.0040805713729441685,-0.0036108191764762255,-0.0027371996677891695,-0.001329422199683866,-0.006056825076365719,-0.003610819179809262,-0.0029525549823763673,-0.004877457832279711,-0.003995267253867611,-0.0018609776656205988,-0.0008534094515276384,-0.00019546040684754193,-0.00025621423419922636
2022-01-21,-0.006518079626986703,0.0026464263939181337,0.0009090851694298314,0.0025889431141264156,-0.003127697254020226,-0.011274160826204074,0.0009090850794327575,-0.005434838393417049,-0.004346774978891517,-0.004458768080870404,-0.0065180796270592496,0.0005065707931896332,0.001357263296064955,-0.008845167566021536,-0.006518079629936601,-0.0023462320260663845,-0.004706772037595489,-0.00617904138969015,-0.0014711295646309293,0.0013097428209765906,0.00247960437065592,0.0024486917595054726
2022-01-24,-0.0016302495246251051,-0.0010196322442983722,-0.0022743642080279205,-0.002702209197684291,-0.0007213075133546651,0.0012825540372612331,-0.002274364191914763,-0.00210132264064116,-0.0017529274451502505,-0.0016148283805161887,-0.0016302495246251008,-0.0016545810309239186,-0.0011055706629847434,-0.0007824785016257068,-0.0016302495235615369,-0.0025077297741848965,-0.0019055521977474322,-0.0015393553234980609,-0.0019702254675021454,-0.001722930837689131,-0.0009840680773192945,-0.0010061392018601277
2022-01-25,-0.004729316482174863,-0.0019233094211142346,0.009066287393989174,-0.0011070684301201252,0.001967693766258809,-0.007213373779480133,0.00906628730769314,-0.005535899504287665,-0.0007966775415487773,-0.00124353118581033,-0.004729316482174857,0.0029712480146206603,-0.0012412330501503513,-0.005112247488887337,-0.0047293164825520165,0.0010388467317376583,-0.002948972652708086,-0.004059615457331511,-0.0031590685285928554,-0.002468981041505109,-0.0022636212720257465,-0.0020722534957081234
2022-01-26,-0.008284992730430006,-0.004943116408796058,0.002253761770138213,-0.00937545879964674,-0.0055594517423463155,-0.005891745199974785,0.002253761738157809,-0.006024488707963976,-0.005237237007565206,-0.006023091307348288,-0.00828499273043001,-0.0006250131221323564,-0.004014665225856636,-0.006889554220441198,-0.008284992728649517,-0.006268800752496741,-0.005997532225792305,-0.008012438631621644,-0.00774336552049518,-0.005969398558494239,-0.00496485741407088,-0.004850191151580793
2022-01-27,-0.007335012804908849,-0.00035489597462350043,0.0049404684721179315,0.0007233074771709146,-0.0015802078222719338,-0.008546629679264294,0.004940468431144169,-0.0026184835435982667,-0.0036523711637815185,-0.0047334356138776556,-0.007335012804957899,0.00020982580598126902,-0.0012102580564200026,-0.007293839848536305,-0.007335012804703192,-0.0028427786367963134,-0.002843437281778674,-0.0067595323066451645,-0.002691144302859877,-0.002141715436797974,-0.0009460906141301483,-0.0006355173730638499
2022-01-28,0.007703495680938216,0.0025585179066968397,0.0008957486161109,0.003764185296554245,0.011644020196801714,0.015174093182247494,0.000895748663661737,0.010343154948063643,0.005661172036398064,0.007208879622036084,0.007703495680938227,0.0018825572822264603,0.002513295680903177,0.010827461003860736,0.007703495684671955,0.005960715163983054,0.008834534075206046,0.008097548132524557,0.00537909600601205,0.003241222924224645,0.0026989647999041515,0.0025797385643809684
2022-01-31,0.012139387043554453,0.00022355448099235176,0.003574601240211884,0.004752671300482505,0.007644927488846546,0.016521314208449798,0.0035746013032858944,0.010322533952541247,0.009570007298936166,0.010002054550838265,0.012139387043554457,0.0018788811317452527,0.0007848280649063336,0.014238235598650747,0.012139387045996796,0.007161285819234025,0.00960916634881261,0.011689941088083662,0.006888100414279761,0.002823235507558839,0.0001736217511170308,0.00020607658211720513
2022-02-01,0.00367309492504473,0.0016772154564889852,0.004006211860550398,0.00017284878467227352,0.002285577687580983,0.005210953376907209,0.004006211873225316,0.003716984895893743,0.0037562054756669497,0.00339356756723712,0.003673094925064231,0.007020439711830519,0.002654213134798865,0.004609484013678265,0.0036730949262675956,0.002535564425868226,0.0031830460105365596,0.0035343432012983553,0.002205814683967656,0.002491946579740997,0.0025414946537433104,0.0017675148684665972
2022-02-02,0.003857286030709314,0.0018268779225251918,0.00399032313938008,0.0044383800318657535,0.007246098114978776,0.005039505407015911,0.0039903231507201365,0.004360879270862533,0.0038971980208789203,0.00433128407203283,0.0038572860306689254,0.004121234095611158,0.002415357261925461,0.004673858161573808,0.003857286031782434,0.004822115081487785,0.00541866392931537,0.004196167239136249,0.0034128290079105004,0.0021449183750953393,0.001729500790084109,0.0018050523917845652
2022-02-03,-0.01283617686038526,-0.006627229511172976,0.0022099315145117627,-0.008145404498151942,-0.0068839596002648155,-0.01639004891716801,0.0022099313587573798,-0.014117974752047645,-0.008322344539087792,-0.00896735889182529,-0.01283617686046545,-0.008966454636207068,-0.00641360077207388,-0.014266573380521888,-0.012836176862006145,-0.006385547531433394,-0.011404651816273169,-0.012240955134373213,-0.009927742999959474,-0.008395335529388617,-0.0074642553297775615,-0.006738723371778639
2022-02-04,-0.0002776818608361529,-0.005201228003634461,0.007915558247754553,-0.003943099995619737,0.0024100833449559357,0.0025868839813339268,0.007915558216039523,-0.001386152768720967,0.0021802890649449957,0.0012870908304284659,-0.00027768186081571266,-0.00020470945840516248,-0.0034636449743263957,0.0014769423580121123,-0.00027768185858585486,0.000595162546833187,-9.637949993877848e-05,-8.905340256945473e-06,-0.003304069835833149,-0.0046280664130659436,-0.004655038080672477,-0.00526519185404827
2022-02-07,0.0018428263478939926,-0.0001963857094756289,0.002187692116638494,0.0021987731393288295,0.0002437337606831587,-0.000714926541730648,0.002187692103002386,-0.00048707150957574575,0.001946286035770395,0.001765433035980393,0.0018428263478939937,0.0006441132383873594,-5.793467084600439e-05,0.00043820474849541835,0.0018428263461913055,0.0014402066655993225,5.377966208920855e-06,0.0016829170891729177,0.0011998079590530015,0.0005478536412707122,-0.0003909483077985402,-0.00023571744228816413
2022-02-08,0.0027412519400829673,-0.0022565213701861223,-0.008779631897831942,-0.002244710947833153,-0.005099325745671913,0.0038703800433253607,-0.008779631854263767,0.0011671347638863437,-0.0007150131236229861,-0.0005101908201727713,0.0027412519402132585,-0.0010462044122162533,-0.002861360220504661,0.002704164812838379,0.0027412519397853998,-0.002671882157222277,-0.0006531358477500764,0.001957194171507484,-4.136776640951251e-05,-0.0012905466050901727,-0.001821879600684681,-0.0021402978483331973
2022-02-09,0.010839219213537372,0.0037350105425840063,0.010089953561630378,0.00721824080828773,0.014065879169869462,0.015519162399248762,0.010089953584671404,0.011733819610742258,0.010614439642895684,0.011227828007971273,0.010839219213545078,0.011725210448432147,0.00531872034342969,0.013370414176673742,0.010839219216745466,0.010550554974907601,0.011293397896870387,0.01116188520917058,0.007755796048304063,0.005584200906099278,0.004344902703878001,0.003733350539400519
2022-02-10,-0.01302251435585875,-0.011295598579659057,-0.005251523779517158,-0.012478875156363242,-0.012513378832779427,-0.015973165120189925,-0.005251523822971934,-0.015081408449388468,-0.010691217731980753,-0.011623240097623142,-0.01302251435585875,-0.010984964535898879,-0.011470476853419159,-0.013925946214875962,-0.01302251435688375,-0.01084693934101319,-0.013206458458104078,-0.012971600803550828,-0.012510183624174274,-0.012355559486767814,-0.012043356964900005,-0.01142452745290531
2022-02-11,-0.002295547605668032,0.0030718783917322414,0.01480853825329338,0.007929477553837959,0.003865650177960356,-0.012587083408324519,0.014808538186671192,-0.003269757152017923,0.002835678053481539,0.001637393485762387,-0.0022955476056680233,0.012712690010733291,0.002709802427940343,-0.005115348194566018,-0.0022955476087924693,0.006305670818319544,-0.0009111519308533044,-0.0016794278273051955,0.0017526134427403922,0.0016802828011184003,0.0014689849033817748,0.0025868181177500305
2022-02-14,-0.0029351370784809544,-0.0037247079870640276,0.005174623013314697,-0.004685099004729149,0.00010941864961713701,-0.0032259009783239985,0.005174622998989018,-0.003796176996906934,-0.0005022090797185989,-0.0012181387527229024,-0.002935137078480951,-0.0004754416139022685,-0.0025961538255574994,-0.0023620722592606375,-0.002935137077703791,0.0006017941887006943,-0.00263081133251005,-0.0026306815056711453,-0.004295975206287729,-0.0038740554734417844,-0.0030154228135731943,-0.0037283523123462395
2022-02-15,0.0048126491928497574,-0.0008378337237042214,-0.016479019046661693,-0.003951196009169763,-0.007118682747914218,0.01371818267467969,-0.01647901900754326,0.004227585112468646,-0.0015748512379457674,-0.00030338147650523287,0.004812649192849798,-0.010196406333300954,-0.0022474440038649035,0.005945656470544144,0.004812649193827121,-0.006479722295106189,0.0011705913137660794,0.0036195159987733633,0.0011608990769938436,-0.00014716290152515742,-0.0004869148942604203,-0.0005558627974455168
2022-02-16,0.004059903461810267,0.003972435230308536,0.0013107983869274835,0.003654340498125893,0.0019933733622649304,0.002037917103831943,0.00131079838922881,0.003193353539699557,0.003235171947859221,0.0034015415260281057,0.004059903461810275,0.001672911775254575,0.004109573452948997,0.0032901695947354388,0.004059903460747848,0.003512331598467678,0.0029760840500860763,0.0038532504518557437,0.0038133044944014542,0.0041369105706291695,0.004318507140833178,0.004134591969812618
2022-02-17,-0.006695903108783032,0.00017791439454960777,0.008262660815944995,0.0004297790164422546,-0.0009526749834506381,-0.01630061454763399,0.008262660770358676,-0.006922061962739881,-0.002208333975373383,-0.0031545292043623136,-0.006695903108783036,0.006899232340050083,-0.0002281071340704884,-0.00887618334914645,-0.00669590311125635,0.000861293830869475,-0.004466902214656186,-0.006121580296249814,-0.0027247949559244607,-0.0016613427448668196,-0.0007883653418889944,-0.00035976149971263336
2022-02-18,-0.0018373445626479726,0.0022715859420214856,0.0038903793422594025,0.003246336761283079,0.0010090905718225939,-0.0053817177619357205,0.003890379332566946,-0.001485466518046888,-0.00011902740100286173,-0.000616519305936187,-0.0018373445627179194,0.0035883079262691246,0.0022195229344988713,-0.0026768297430992496,-0.0018373445635157981,0.0009661870762027664,-0.0006068048449562713,-0.0015527010492009158,0.00036773653310178355,0.0012759328301770617,0.0020971711292858694,0.002222498852438361
2022-02-22,-0.0037892840879128866,-0.0008806205763849975,0.014135934374706264,0.0008900739367536508,0.007176168433661721,-0.0052225492681760395,0.014135934357352314,-0.0028727793445464185,0.0015882814273316746,0.000699804921326632,-0.0037892840879128822,0.007507930168579742,0.0005510365446999664,-0.0032801301246910735,-0.0037892840869556453,0.0040567176229910325,-0.0004276089164848968,-0.00269273883575544,-0.0022196169488973255,-0.0016485563163614288,-0.0009432170834433474,-0.0010951064143960585
2022-02-23,-0.0076267374765416965,-0.002903272783656669,0.009314241484495573,-0.006451470636066347,0.0001815677082554071,-0.011784420322653437,0.009314241466323486,-0.008415620861844358,-0.0025444438123115496,-0.003843509185280079,-0.007626737476541695,0.0025383461641842017,-0.001309942603651219,-0.0073135192874776815,-0.007626737475872268,0.0009960102390957767,-0.005679569533955622,-0.006845906958062031,-0.006769000815846448,-0.0048273629442995725,-0.0023974829571063723,-0.003006194665631183
2022-02-24,0.0027161018231813393,0.005047265705766664,0.004205193911493316,0.0016422849899631997,0.007305195901330931,0.009144271563173064,0.0042051939148744924,0.005539917371744271,0.0031628294518208653,0.003785923067397951,0.002716101823858498,0.0033395564205591756,0.005527989094598165,0.004395514714760315,0.00271610182524271,0.0006618805607163298,0.004117782958160249,0.0031750112309962995,0.00264948666649187,0.004121133610663583,0.005544298283762779,0.005126091945216556
2022-02-25,0.010707357180251996,0.0024964566055035884,-0.015222370690214117,0.004401128738949081,-0.0028078228760441016,0.015107620199315977,-0.015222370664453956,0.008928509293591477,0.0029284388467270307,0.00488048978809794,0.0107073571802901,-0.008256079105704492,0.001212750951147319,0.010062483585622586,0.010707357178795021,-0.00016230491172196685,0.0055445128291224215,0.009355839174622363,0.0070927089211205675,0.004910605984854357,0.002972846249237176,0.0028434729814181057
2022-02-28,0.001703297766967487,0.00572775637533771,0.01689960111572002,0.009621541453729359,0.0064433311487189756,-0.003897850951503953,0.016899601088025754,0.0024211976876884287,0.0062621887297392214,0.00466706836528716,0.001703297766967475,0.014291389317641425,0.005417057031564343,0.001032055414627269,0.0017032977664930525,0.006442725351231915,0.003757728259933694,0.0021773011051426433,0.00484006668166776,0.005145384411871894,0.004615337571625687,0.00536840966898033
2022-03-01,0.0007199134586507432,0.003663437657951422,0.03943017547442492,0.009359455738759747,0.02285018953232445,-0.0009099642696700941,0.039430175438958014,0.0014841966714797118,0.012332991997550686,0.010097478082594567,0.000719913458581722,0.025574757443412838,0.006418183268134588,0.0027608405134659708,0.0007199134617731405,0.017650959270426148,0.00671258102317478,0.0029329410660179694,0.0032080244894733927,0.0026862104988371526,0.0027572702273367384,0.003165956015862957
2022-03-02,0.0034993362129182365,-0.0038818379445604095,0.03210091443009681,-0.004781418619679327,0.024499558236804247,0.015036254712841174,0.032100914425326955,0.003158940876779654,0.012079809650236212,0.011402378009186365,0.003499336212995233,0.010089052214041156,0.0020857895731520608,0.009486636881405533,0.0034993362206074225,0.014236892709933629,0.008625999361258392,0.005599358415306837,-0.0023707110384504244,-0.002889936450480939,-0.0017246665054908381,-0.0038746228675952503
2022-03-03,-0.003072674107510773,0.00025049424865170944,0.010861255654713539,0.0021014590058772275,0.00936918489581312,-0.003912398710431815,0.010861255646573184,-0.0014989258727306828,0.001107504813006174,0.000971788085914028,-0.003072674107510766,0.007803777045190915,0.001163653150415787,-0.002176309809208179,-0.0030726741058435597,0.004016180372559484,0.0015618732475515128,-0.001828488207178318,-0.00031735858360393103,-0.00031312101225190844,-0.00020309193988334116,-0.00029672198785689525
2022-03-04,-0.001229678007991146,0.001295622790725624,0.041192283823346124,0.00789013866373442,0.029598988776851624,0.004390634869872094,0.04119228380110699,0.0014619387694113188,0.011496910514009194,0.009665862261441147,-0.0012296780075889188,0.026599503207402817,0.007433411393303784,0.0028872703168631134,-0.001229678001370128,0.01816224119174466,0.009197971150044532,0.0018531886704930783,0.001906446514169493,-0.0014630679995267185,0.0004521213784374027,-0.00016637420277880758
2022-03-07,-0.01529174518581649,-0.0062528171372885615,0.021608628437627446,-0.009554463703029089,0.009560412533205234,-0.010220201259591362,0.021608628434440776,-0.01110903697955895,-0.004221633111565161,-0.006300173719206159,-0.015291745185655427,0.009557562579789887,-0.0009800373071384664,-0.010877435328160334,-0.015291745179082512,0.005208586349388072,-0.005052210040845894,-0.012806529413914353,-0.01151799098233144,-0.010250487853166918,-0.006132312275167854,-0.006817295783627936
2022-03-08,0.003525699969458041,-0.004064811790770458,0.016885589352775385,0.001598983867712221,0.01058537659796185,0.007426017678692118,0.01688558935137868,0.00315317956048428,0.0075336667808359745,0.006446454074416988,0.0035256999694580375,0.010889357935138037,0.00044983887552516163,0.005867464048247815,0.003525699972840692,0.011391082930894074,0.004569154827787518,0.004231667632308417,0.0006435347625796752,-0.0017398722472916892,-0.002351208375200982,-0.004427308198184668
2022-03-09,0.004684456846656282,-0.0004379839538291709,-0.08277767456379488,-0.007393676453996463,-0.057975014571648685,-0.01770598148613979,-0.08277767455727685,-0.0018162544810413788,-0.021554181086641214,-0.0166516324781382,0.0046844568466562694,-0.06314808158169245,-0.019567263705888766,-0.007473680001350912,0.004684456826820857,-0.040222340310438844,-0.018334549147368442,-0.0015814902951741395,0.00027556315030581157,0.00039762537552413563,-0.005173530157355248,0.0013376517497716736
2022-03-10,-0.007126707364755586,-0.007140931949192605,-0.012069370411350104,-0.010361256608426711,-0.007097491429220621,-0.0038458503479356287,-0.012069370410436916,-0.007940073069826758,-0.008609506263600035,-0.007881479921501984,-0.007126707364655984,-0.010155077938234398,-0.007783967333166795,-0.006602597918888753,-0.007126707364388689,-0.008604419401194146,-0.008417655983113238,-0.00712378577120209,-0.007598389774665471,-0.007820428456363257,-0.007000992660581767,-0.007044501670700423
2022-03-11,-0.007273829653824268,-0.0035603268916345123,0.01708760090929786,-0.00012997594361077014,0.006538218737921956,-0.0036909024617270457,0.017087600904711325,-0.003956663788252479,3.4599445656075586e-05,-0.0012184978319041142,-0.007273829653824261,0.012638262734282557,-0.0011442021606646842,-0.0048738808592558944,-0.007273829650112326,0.0033210297169075915,6.414621169705242e-06,-0.005892624814649666,-0.004651120562584383,-0.004318447700208157,-0.0031476441393946844,-0.004021669774627328
2022-03-14,-0.014195259451699475,-0.012691656262155121,-0.029701183132554234,-0.01353440734273508,-0.020905457771069804,-0.015017170053791915,-0.029701183130808682,-0.012849463802781236,-0.018847036525419476,-0.0177541728688669,-0.014195259451699473,-0.025354791312042733,-0.01562516629402861,-0.015458715605353958,-0.014195259453987922,-0.019485285377378342,-0.015538574054016834,-0.014866279283636503,-0.014009429043584983,-0.013503277885068122,-0.013518348050574655,-0.012696730187326345
2022-03-15,0.004472012493817426,0.0031020235892962877,-0.02490081407976076,-0.001374633149976042,-0.010981177327299927,-0.0038363762357150367,-0.024900814071503942,0.0026758115553476014,-0.004339835336776335,-0.002760503038601194,0.00447201249378622,-0.019672721823669803,-0.0004534999513460731,0.0017357270207206976,0.0044720124892315945,-0.006833180186258626,-0.0027053399348993794,0.002926693511705727,0.0028032655714298046,0.00526072971032396,0.00185942417991085,0.0036704215128689275
2022-03-16,0.01946193971676801,0.007215073865152425,-0.0085768567154944,0.011175951194273254,0.0018262679106190167,0.009670612535121881,-0.0085768566981416,0.013575279322498468,0.011050302487769042,0.012069561895159817,0.019461939716605973,-0.005533947133417382,0.006220701687727777,0.015176006631596385,0.01946193971075002,0.007029834525706153,0.009082550454303229,0.017698372536153112,0.013904190443636404,0.01307357857668351,0.006959633430415541,0.007491427167220629
2022-03-17,0.009600928097200161,0.004519014226002701,0.046874247558413594,0.008304494792301427,0.03083393882605084,0.017639996048168613,0.046874247526263506,0.011028568716896298,0.02078292377229023,0.01920634174782477,0.009600928097200177,0.03298198464643029,0.010597358527554793,0.014972370769498627,0.009600928104527574,0.023356860247329605,0.018004742990143423,0.011724229170085226,0.007653404470119181,0.006992544032129186,0.004480549489066321,0.00434665892929204
2022-03-18,0.005683617989149028,0.003276265036809869,0.004685733942380543,0.006843145383548382,0.003830214102933336,0.005784114178995433,0.004685733942760957,0.004611432742500488,0.005384252430463436,0.00514996611039584,0.005683617989149029,0.0028047488097729125,0.0032873650617532162,0.005274240844571307,0.0056836179886478695,0.003425885142365673,0.005227138189554042,0.005498277600527473,0.004807189115427318,0.004018720389284676,0.002416816206109027,0.003178276393923684
2022-03-21,-0.0036022787935353216,-0.010515500900896698,0.036715256376486934,-0.0050838225127768435,0.016903776780999438,0.005170037327913783,0.03671525634980025,-0.0031834073925823122,0.00849298029647556,0.006350830470895142,-0.0036022787930096905,0.024119684103551864,-0.004126777214386163,0.00199702787685095,-0.0036022787857104125,0.011633751609111035,0.005200318730327218,-0.001551673236082217,-0.006177291851351581,-0.009286748889287792,-0.00958766778487474,-0.010999438194689175
2022-03-22,0.0025171735210033105,0.00030622029033456656,-0.0022556259316236634,-0.0028410414659409498,0.0015468830542977937,0.005979759454979106,-0.0022556259268388425,0.002331653469241035,0.0010853337360751823,0.0013256086764482137,0.002517173521003318,-0.003435333362186607,0.0011646005180231532,0.003322319440424903,0.0025171735217167637,-1.0138958741715172e-06,0.0012152313545257868,0.002420144474332765,0.00012025164135792861,0.0012313127863183583,0.0006759244417138934,0.0007062847883128743
2022-03-23,-0.00041589980540768234,0.0020468665092416276,0.024536555938192765,0.007111616477897917,0.007055825151519092,-0.004418454444460438,0.024536555916612253,0.00013243699324508307,0.0070698365424330875,0.005278873877671648,-0.00041589980546664516,0.019964279221493502,0.0033952235989937935,-0.0002369641522062915,-0.00041589980399014525,0.007284595611827219,0.005152083274542769,0.0003312726902849677,0.002472074477264827,0.0002544128900463876,0.0026318742550464243,0.0014566021679517317
2022-03-24,0.00562969582808094,-0.0016102789162604962,-0.009964957762845587,-0.0016626846118489437,-0.0010588247935512996,0.008189900802544257,-0.009964957755316778,0.0036446489920584774,0.0009512998837032565,0.0017650689622577618,0.005629695828153368,-0.007170647664147912,-0.001782326455844117,0.0051517112716335505,0.005629695826722184,0.0006302686223975305,0.0008142466652628032,0.004960843765917786,0.0023416387050413994,0.0019295312436648166,-0.001109152098241458,-0.0012697343854104091
2022-03-25,-0.0022393969251295735,-0.007768369055135109,0.007391050649307689,-0.004230869721867541,0.008481799344740606,0.003709860485415375,0.007391050648534314,-0.00150380162716122,0.0006497373372726135,0.0009006102438965449,-0.0022393969249175066,0.002781757051888653,-0.003352519866167116,0.0008454565310649014,-0.002239396920883999,0.0026959204621001326,0.0009744185613813224,-0.0011672772981425638,-0.00432492170674039,-0.005423979039133276,-0.007094635154843053,-0.008024471911770721
2022-03-28,-0.0028647435875472508,0.0021406804442854603,-0.044418254981822856,-0.0057141647334718,-0.019316226917183085,-0.005158735654003717,-0.04441825494947532,-0.0018871316461498103,-0.015330796660007515,-0.01258084015460575,-0.002864743587607463,-0.032757670481091676,-0.004656962248436308,-0.007154850726118517,-0.0028647435954777638,-0.019279843489658548,-0.011361432512837838,-0.004509891920510829,-0.0017051768248466325,0.002224362016666603,9.240285216010046e-05,0.0033380372005174606
2022-03-29,0.01305565411762474,0.008996911531316102,0.0038416171750376847,0.01154553540788188,0.014112077151855161,0.01519017977700755,0.0038416171942054905,0.012305156659166651,0.010347341559707434,0.011545284523744502,0.013055654117624674,0.0036603298272350816,0.011352449624023502,0.013602364362399422,0.013055654117959208,0.011502507943699888,0.01121377247582046,0.01316129642104778,0.010996961229794752,0.01101215570225264,0.008795398202796133,0.009250076691582737
2022-03-30,-0.0017347207616352027,0.000979535058041074,0.01786106415708856,0.003311690453641177,0.004654287874502769,-0.0020823734031810326,0.017861064121742296,0.0002467114661273797,0.003863067998043675,0.002887684923020119,-0.0017347207616352051,0.014139988950964104,0.0014117540061910129,-0.001038433046495069,-0.0017347207600445819,0.0037402587889990477,0.0033972014584569468,-0.001095819898021459,0.0004526191091517816,-0.0003611292537648871,0.0011629897571986778,0.00027102116897090474
2022-03-31,-0.008610378735618214,-0.0022360470049855806,-0.01862822468973966,-0.0071391647482546144,-0.01586225598166715,-0.01365268433728847,-0.01862822468475883,-0.008161888304525435,-0.01161573241137986,-0.011298781820832049,-0.00861037873561819,-0.01263612420565101,-0.006656223531869543,-0.011157262378275523,-0.008610378739066438,-0.012558766268332616,-0.010884372551584975,-0.009335566460223103,-0.005970810580006561,-0.004799938280107262,-0.002788431509972962,-0.00199439327992499
2022-04-01,0.00422713399148659,-0.0024024478762621608,0.006502264859925042,0.003816028364452308,0.011188200319041924,0.005665668484486836,0.006502264863711458,0.003275660925896059,0.004924859604046821,0.005548723338136498,0.004227133991486618,0.002599241587558431,0.0020285246364708217,0.00529389639677133,0.004227133992846953,0.005821470572185154,0.004605417573592558,0.004923240624242099,0.0022889031185480465,0.0015695455629825572,-0.001929960438067246,-0.0023631875949270977
2022-04-04,0.005289556184615271,0.004362757856129078,0.0188826994699209,0.0015476184932537163,0.00775478227982198,0.010723142674630771,0.018882699452741757,0.005198213894143965,0.009160100253714373,0.008178378802050761,0.005289556184615274,0.013639361169439772,0.007157998151056795,0.00708341254621135,0.005289556187169363,0.00850770627695079,0.007938209934213687,0.005536078794135939,0.0040379964443864845,0.0045003067253900865,0.0057005572074609575,0.004780070298795588
2022-04-05,-0.015099943299651492,-0.012247968728641466,-0.008264540138384664,-0.015016102270919096,-0.007562692258288884,-0.011947177851051094,-0.008264540140993586,-0.013049469382714212,-0.013049322019441006,-0.01288229500690648,-0.015099943299467983,-0.008727134160553617,-0.011236315263104674,-0.01347151601154033,-0.015099943297447913,-0.010591878647798082,-0.012111656061060457,-0.01434621819551524,-0.0144988911226441,-0.014145053754136876,-0.01199862661639806,-0.012513364770212289
2022-04-06,-0.006834625427528289,-0.005938373032545873,-0.007953030944007452,-0.006670380449874055,0.0014244486635351088,-0.007035107168954291,-0.00795303093554607,-0.006328745441590699,-0.0068924403982536615,-0.006181846081280797,-0.00683462542752827,-0.006816718964019115,-0.00469093235475465,-0.00671173625924354,-0.006834625427373377,-0.005101053774458651,-0.006186780715198185,-0.00600871801842199,-0.0060286657588271295,-0.0060839007517037675,-0.00554981395568643,-0.006231932784792619
2022-04-07,-0.0011204580277785559,-0.0015437527183770532,0.0034161897246975906,-0.0016276129733527453,-0.003865185759377188,0.0002078267510596623,0.0034161897128157513,-0.0006663033315212816,-0.0002989986574511005,-0.0004296014309989071,-0.0011204580277785513,0.0019047656329260337,-0.002157413207455023,-0.00045270476182599395,-0.0011204580268448562,-0.00038809833088486435,-0.0002250720537603267,-0.0013949308009384193,-0.001675654807463257,-0.002090670478516579,-0.0009766314996058425,-0.0017917150728745724
2022-04-08,-0.0022478205688067692,-0.004514450748002674,0.01242728425732969,-0.0018781598796618357,0.006564689467898932,-0.0006717848111452856,0.012427284238311517,-0.0025431490061475813,0.0018130132437036263,0.0016154006956135948,-0.00224782056880677,0.007941073570599269,-0.001466801381738901,-0.0004107322491506197,-0.0022478205660186176,0.0030401969131535083,0.0009488788109885568,-0.0013665695651362132,-0.0029561727933437505,-0.004400278158826725,-0.0030372207302515265,-0.0051707410300546215
2022-04-11,-0.008725958414727843,-0.0058575806257819985,-0.008267645275512707,-0.009092378047383491,-0.009618954993973836,-0.014343883254780752,-0.008267645280733375,-0.010146200485371914,-0.00866215710216725,-0.008715431525222538,-0.008725958414728757,-0.007382053870750364,-0.007432052402005028,-0.009432851062141458,-0.008725958415617675,-0.008482064407681648,-0.00977876333280937,-0.008815258072652443,-0.008163738038517613,-0.008200692491171238,-0.005322501738822893,-0.0061377471350393085
2022-04-12,0.0023314763920658983,0.006999549360282055,0.029375577990642464,0.004008034292260893,0.013034969304531154,0.007959109018634421,0.029375577957323613,0.003714543027657639,0.00963626130315226,0.008902206810627231,0.002331476392065142,0.0230798750468074,0.01021423075417407,0.005532199562450551,0.0023314763970393917,0.010982660841588552,0.008512309241490325,0.0034018256833124125,0.003321774431386308,0.0033102339324291865,0.008048877318947562,0.007223228306554849
2022-04-13,0.010727178815736333,0.005070043042723332,0.021747887593216497,0.008795731399196299,0.014125679239676668,0.011783796517628085,0.021747887581305206,0.009606577640413649,0.013814461611520583,0.013299772870046913,0.010727178815736337,0.016739127526561433,0.008836015726461444,0.012226897617374803,0.010727178818150019,0.01383387476231718,0.012004146752643,0.011067028858130365,0.00835616649695746,0.006848177725740123,0.006025179097987918,0.0049997878942579545
2022-04-14,-0.008443003382293717,-0.007048035829290843,0.007501405127166946,-0.007530867959091895,0.001344373109214419,-0.006072254490244607,0.007501405112155673,-0.008224143957415997,-0.003855483654561148,-0.004250391456795604,-0.008443003382317956,0.0032601424094574776,-0.003742967369056999,-0.006155593567740933,-0.008443003378653318,-0.002222536502318999,-0.004243814926691028,-0.007464265733142907,-0.008407478628677552,-0.00842781518881316,-0.005947480193339636,-0.007188690920187262
2022-04-18,-0.0015642553256285446,-0.0016149501403050705,0.011323474301470389,-0.001456964907228894,0.003545656944996541,0.0026527355442759874,0.011323474290492536,-0.0001117700817938078,0.0023017833792984754,0.0015331657561656505,-0.0015642553255682508,0.007676701633663725,0.0006586506980413626,0.0007370787334239368,-0.0015642553219850307,0.003244879219621455,0.0015842039901096119,-0.0010532640985660376,-0.0019770145948456333,-0.0029657847019082346,-0.0006654867545721837,-0.001716909497639585
2022-04-19,-0.0008574175042768226,-0.004558955671636276,-0.026021777078076905,-0.006288922320350226,-0.0022990127379810266,0.0001229866130638491,-0.02602177704805204,-0.00104451560550003,-0.008406720760929721,-0.006027773334140396,-0.000857417504352375,-0.02104759725020121,-0.004199882881630708,-0.0014774648207589525,-0.0008574175067267557,-0.006863778471521182,-0.005701595503057521,-0.0010015770276472415,-0.0033105799562194766,-0.0024851424373719894,-0.005439887186739774,-0.0038244187045263145
2022-04-20,0.004666267122309346,0.005225344842081611,0.0010828302807931757,0.01003427684891565,0.008983018352624302,0.0020737850910523036,0.001082830287750613,0.004480809058213586,0.003707471439923756,0.0043616375860365975,0.0046662671222370755,0.0027987064428402295,0.005460328595044892,0.003802939681367419,0.00466626712108013,0.00391776867987093,0.005132256588090638,0.005097942245340735,0.006358862774545512,0.006279828123080582,0.0052166444800577205,0.004803769689527685
2022-04-21,-0.011392258918396209,-0.0060772262811617855,-0.0014440344345602251,-0.007494928004918721,-0.004333516898465211,-0.00758576839591573,-0.0014440344445257466,-0.009465217464504416,-0.00851450488307998,-0.008683466586446982,-0.011392258918308619,-0.002492575738935191,-0.005423140091896882,-0.010037235314985392,-0.011392258916026195,-0.008219095475613631,-0.006714554882957491,-0.010686384716403112,-0.009282279373482187,-0.008638939677295517,-0.005764386972216966,-0.006207185958432957
2022-04-22,-0.014369482701124474,-0.004089544731400591,-0.01933304143844073,-0.01124556360869171,-0.018497360218094977,-0.019572131446915393,-0.019333041438288342,-0.013329095583178678,-0.01584834551842174,-0.015776881286775415,-0.014369482701910633,-0.014253092841626637,-0.010012317339027355,-0.01669489086838785,-0.014369482704648377,-0.017171655187080408,-0.014589472105822437,-0.014782270452821523,-0.010551639580122143,-0.007896361236454964,-0.006033510046210666,-0.004012440557651997
2022-04-25,8.948793858169269e-05,0.005919077284358075,-0.007393783031543039,0.0004932695615508559,-0.004897099507173913,0.004313898317291301,-0.007393783026650284,0.0009488121665294542,-0.0021058436258067177,-0.0019135205481417752,8.948793860906858e-05,-0.0038574746731231133,0.0028094279809323746,-0.001387951189769465,8.948793599038705e-05,-0.0031838085605550657,-0.001121805733323952,-0.00040917080599386446,0.0017835913004428468,0.004792466671831162,0.0028989299022410824,0.007165961948718168
2022-04-26,-0.012582643462016237,-0.0003115068922686067,0.013635811891457775,-0.003351872481770892,-0.0016414846886692981,-0.005677980245313061,0.01363581186593619,-0.008656875059986375,-0.004717220156622097,-0.006227792753226779,-0.01258264346209244,0.011845493666051128,-0.0009908188873167902,-0.010760715958882115,-0.012582643457616775,-0.004988758846535692,-0.003668893460243207,-0.011488527584681548,-0.006715443691575979,-0.005961078896054864,-0.0005975434720895474,-0.0005950755285054543
2022-04-27,-0.002153640179803592,-0.004595289824067091,0.006930416217625405,-0.0030617477284740078,0.00031277676773662326,-0.0032599493022620186,0.006930416210918186,-0.0036425657276390353,0.0005715767148551907,-0.00010571963444695699,-0.0021536401798035922,0.0037220382120493143,-0.002614732436584705,-0.001489110276662881,-0.0021536401779322254,0.0004916934120187014,-0.000732499633044011,-0.0019069984850496686,-0.0036845017640789596,-0.004591612559105772,-0.00410798361883727,-0.004792406211363887
2022-04-28,0.011487878853398418,0.0028440502598091268,0.008325866774241856,0.00646567562834952,0.013065501339457542,0.006797863727448512,0.008325866778540145,0.010017799405311846,0.010539275483930802,0.011035432202065766,0.011487878853398416,0.0058201461146126865,0.006270563102066688,0.0122112122672691,0.011487878854077318,0.011357952318898041,0.010086965597360489,0.011645641102004325,0.00804489564279277,0.006862523685422425,0.003953205521094573,0.0029789767620029255
2022-04-29,-0.017738484907020687,-0.008802287091264098,-0.007598967892565586,-0.01268719732436031,-0.027007898125141008,-0.029270759210615102,-0.0075989679122316686,-0.019071584231124462,-0.014696630029258698,-0.01666586313392778,-0.017738484906984105,-0.00701875794250625,-0.015225002843708858,-0.020408059041119853,-0.017738484909641913,-0.018099210240000597,-0.016554435319038732,-0.01866542622883271,-0.01425971888401037,-0.013627456354348012,-0.009372414908166869,-0.009550145128102237
2022-05-02,-0.0028233679354187774,-0.0033759504960250847,0.015140783528037067,-0.0057734610269074525,-0.0026207405356156455,-0.0053149512760273234,0.015140783520820317,-0.004360617706657917,0.0025658773390254937,0.0005866001613520399,-0.0028233679354187813,0.009971703357451728,-0.0009925405142671203,-0.00116235024610087,-0.0028233679320430896,0.003228181259266114,-0.0009620260275100372,-0.002803105195438464,-0.004680766809926579,-0.004135210723160168,-0.004001789294597298,-0.002283128719762431
2022-05-03,0.004000036571572673,0.002702521404911459,-0.014051743101609171,0.0022251696456313,-0.002823821705582529,0.004692566765985766,-0.014051743097570636,0.003417673775293918,-0.0014154972677300507,-9.56223130869579e-05,0.004000036571572673,-0.011502342787416377,0.0007466031523742831,0.0019149013638543684,0.004000036567645206,-0.0025617694450351886,-0.0002912058696142913,0.0033176507438571643,0.0036582304715728963,0.0045587653262487305,0.0021832495375099644,0.003060157791265654
2022-05-04,0.01703857528123534,0.009529240052146807,0.030727638234668703,0.014005924323078633,0.022050223585752832,0.012095290091107207,0.030727638231182124,0.016000654402121846,0.02114529406772036,0.020180186945743202,0.01703857528166756,0.027528498744948372,0.013965067644071742,0.019539334760303357,0.01703857528524883,0.02225923589048432,0.01909673557075643,0.01753974011168708,0.014060037689740502,0.012264012597554413,0.010663184579157561,0.009440431613436568
2022-05-05,-0.02564747360809379,-0.014026591389547666,-0.00529191740941241,-0.020536397018893697,-0.015214246342009418,-0.022908549545861127,-0.005291917413503423,-0.0225411076980927,-0.01954080684275033,-0.02062772023020614,-0.025647473608093774,-0.005066941477698172,-0.01435911237892959,-0.023209947972277965,-0.025647473603598443,-0.01757641388236337,-0.017548857417213914,-0.024604150881485452,-0.02110691969199588,-0.019276629638174007,-0.013449334281486144,-0.014538539270084572
2022-05-06,-0.007852287147025376,-0.005406154102922708,0.001060548743466299,-0.007802257945430023,-0.004412048119193523,-0.008052806162555834,0.0010605487417700368,-0.0070700930283862,-0.005178436402759038,-0.005828481534997579,-0.007852287147025374,0.001060548743466299,-0.004749201642907595,-0.00644132155657229,-0.00785228714445536,-0.004326663937345725,-0.0047661248622204245,-0.007508263244242188,-0.007063287520590031,-0.006751088830300501,-0.0047646122899463374,-0.005452719629566298
2022-05-09,-0.023697086210983903,-0.004621099207467692,-0.04628441828606696,-0.015880401668178633,-0.04138989261538284,-0.015348237364937109,-0.04628441828479841,-0.019127660845419482,-0.030473285809365758,-0.030411243880374167,-0.0236970862109839,-0.04628441828606696,-0.01758526022379863,-0.02873706828837674,-0.02369708621961038,-0.03166215178208764,-0.026993884849745055,-0.025466366851423786,-0.015974694123706168,-0.011170173993706747,-0.007031965175018659,-0.005144850198019862
2022-05-10,-0.00026818893026501903,0.0038141363533316535,-0.00593910374782493,0.0024466274414460666,-0.006874283381548261,0.0005679532055914307,-0.005939103776225995,0.0004251040554404256,-0.0019694633737123352,-0.0021250447021828826,-0.0002681889302015171,-0.006276756222208917,0.0026634385332768478,-0.0018181439822814254,-0.0002681889329110398,-0.001750170664919604,-0.001870027212638071,-0.0009287983753933431,0.0007262979786312878,0.0024177807998616526,0.0023668136296523604,0.00441418878599345
2022-05-11,-0.0017462847420638581,0.0011115906653666391,0.024274748956910595,0.00792431527849782,0.011852170451651309,-0.00037591198218052315,0.024274748626434372,0.0015339484576941762,0.006060025293291962,0.0051536058034439515,-0.0017462847421006915,0.02213074436335936,0.002417409227025233,0.0012208269176593608,-0.0017462847362475884,0.008092175745615172,0.007068188748239432,-0.0003864392226923226,0.0016385065992560797,-1.168959197888524e-05,0.002963500730930964,-0.00027848729081577164
2022-05-12,-0.0022906725235807782,0.000775244584415392,0.004712764591143056,0.0004935037774059175,0.004703788586372314,-0.002590068106477769,0.004712764555805137,-9.127826034245254e-05,-0.00018964140008050122,-0.0002602013058278789,-0.0022906725235807782,0.002034155960842394,0.00172934163201042,-0.001005826607882873,-0.0022906725212746473,0.0011074168848399786,0.001149453402245986,-0.0015912264125854682,-0.001512491649140839,-0.0004963820333143544,0.0001684192327123088,0.0012136440543813701
2022-05-13,0.013609502375966955,-0.001062213298494071,0.013649707628581824,0.00538053982889803,0.010951806856290956,0.00997629791933656,0.01364970766358213,0.008026134715821382,0.013621563944724838,0.012676631372856281,0.01360950237596695,0.010755000226422888,0.0014844319722697957,0.013067945816840964,0.013609502375301615,0.010772280946418545,0.009688682768539406,0.013343732823999352,0.0069089940427797735,0.003930271850446013,-0.0005193952821082662,-0.0009390459514327593
2022-05-16,0.0015942780198756486,0.002233306746874501,0.01627775673094739,0.003892176859123294,0.007721365223218142,0.0018617208643868907,0.016277756556921034,0.0015734157676048858,0.00599932160623325,0.005276061712507839,0.001594278019875645,0.015376564833607017,0.00375000665936999,0.0030407421867975183,0.0015942780234110838,0.006607356253518657,0.005079366168015421,0.002206986740209826,0.002296553834701084,0.0011369986751845738,0.0034800192833775037,0.00128951901666671
2022-05-17,0.007188376621801649,-0.003969971850600628,-0.010940727364829666,-0.0008433535581673672,-0.004459691173810353,0.004344541266127041,-0.010940727204481688,0.002306401732028292,0.0017496454497974566,0.0019167679607265526,0.007188376621801648,-0.010324172507016874,-0.0048273509547744784,0.00442955727493885,0.0071883766160805804,-0.0014103234599455615,-0.0006046893466214998,0.006023569842240447,0.0018566050545992551,0.000432883307249637,-0.0040617697869833455,-0.0037439031322149276
2022-05-18,-0.016258673651922937,-0.0020112624773987774,-0.021884301047617516,-0.005050664038658232,-0.01699767167102538,-0.006935881860159557,-0.021884301132307746,-0.012401377594631472,-0.017946361847745482,-0.0172403347248308,-0.016258673651992017,-0.018906798553697347,-0.006164700281841203,-0.01863357262790432,-0.0162586736555436,-0.017926029700054965,-0.014632904456027123,-0.016332573453833182,-0.008726712168031576,-0.006813496480302654,-0.002125294683042317,-0.0030260912201040915
2022-05-19,0.006423657091339487,0.005910117468481517,0.012615131136770446,0.0067103392634043635,0.006053475836143092,0.008240607746866049,0.012615130961225015,0.005091400126712034,0.008281099238713768,0.007829665136315667,0.006423657091339482,0.012909165635398925,0.006374176285724941,0.005871798167529206,0.006423657091191547,0.0068639402081821605,0.006381645502361527,0.006386638965819847,0.006177718335747838,0.0053277529745804075,0.006446537029967953,0.005661733185368693
2022-05-20,0.002466585575162383,0.0019281378354618819,0.001431551971594458,0.005645563526887687,0.0034719446160298823,0.0030667924339592883,0.0014315519858714419,0.004551512809867851,0.002156075508156289,0.002316138986811346,0.0024665855750478282,0.001322315555019295,0.001591085948861359,0.002385657077790516,0.002466585574974044,0.00263219172377231,0.003729257012149735,0.0025671214792491303,0.003280560338936895,0.0030161122566313035,0.0024275342351597336,0.0014703167175751245
2022-05-23,0.006288719075263729,-7.138816905022079e-05,0.0074827733907126,0.0012970672392652186,0.003909994021948094,0.001035879706995042,0.007482773413124416,0.005052632840941729,0.0066469353349876146,0.0059685237165199734,0.00628871907526373,0.007059516565910112,0.000581683744124237,0.007054036158321401,0.0062887190763483486,0.00600687816399052,0.005745428889582485,0.006050846569932165,0.0027264905565150934,0.002268792457532597,0.0003245174183937132,0.0001475115509023046
2022-05-24,0.0007898540454142275,0.006858635947474791,-0.000710222773297836,0.0063414726529869014,0.004164751985630139,0.0031489974473610334,-0.0007102227509140829,0.0050672576325856734,0.00033983107343814366,0.0008046631698990924,0.0007898540454142232,0.0005110741531106232,0.005989694402028973,0.0012272991151887989,0.0007898540458586498,0.002296529416583269,0.0039176362162380894,0.001127343839435818,0.0044716102241443515,0.005893256178394012,0.006629271086871091,0.006816326183347464
2022-05-25,0.00606696040107931,0.007861825942525649,0.007079630538175196,0.0030373095084211986,0.0056978398521635885,0.006703201711431661,0.0070796305235994485,0.005075743899688516,0.006370761386577205,0.00611754076770918,0.006066960401079308,0.00512531962968632,0.009069086594677957,0.006013773225497899,0.006066960401038526,0.0062247276559011236,0.0055069421282080205,0.006030048346187737,0.005580939838368793,0.007705977355778448,0.005642738700627877,0.009569016082697945
2022-05-26,0.008839813449446399,0.006523925194564744,0.010875400126819035,0.004220365388296855,0.005513640651483449,0.00662045526844711,0.010875400088487325,0.006030937609690284,0.009450489176400807,0.008882745223502303,0.008839813449446399,0.008980914423943394,0.008069672584910977,0.008614846437769913,0.00883981344924314,0.008211203974847665,0.006914284659674265,0.008507196169650105,0.006040929114437485,0.0064846769130537975,0.005254107271980675,0.007914214686100861
2022-05-27,0.012279729381937736,0.005214970704012926,0.011793408742872642,0.0072620080460944056,0.011706379515801125,0.007875652407413291,0.011793408797351433,0.010341417905997055,0.012133833118705785,0.011616038787711792,0.012279729381937733,0.009780398733468348,0.0066129827312177815,0.013161383067489842,0.012279729382980107,0.012285742755722806,0.01114963906077195,0.012222394395324073,0.008886074426685035,0.00817268871802812,0.004852651932854835,0.005885135363663315
2022-05-31,-0.008960670537374912,-0.009329753244165268,-0.006920474867798307,-0.011077025460963077,-0.009047801768982764,-0.010775783983027396,-0.006920474896901357,-0.00966477927074453,-0.008348611882299373,-0.008545961647083882,-0.008960670537140806,-0.007612705716162514,-0.00893288569662943,-0.008627735668170912,-0.008960670536853677,-0.007971757808562085,-0.009086652820250563,-0.008969383660535696,-0.009718594467528312,-0.008820522737754608,-0.009359303179950509,-0.009373629893917459
2022-06-01,-0.0031006967258114327,-0.004352953914498237,0.004849454983506617,-0.003693529127404985,-0.0008815970122208559,-0.0014787778075689485,0.004849454917888707,-0.0039106922052977505,-0.0007156512737240176,-0.0009574646603461981,-0.003100696725811435,0.0036289736741316574,-0.0029631426816477653,-0.00281053589401382,-0.0031006967249207627,-0.001577895821249449,-0.002162689206665745,-0.002878786754452375,-0.0030734854332991708,-0.004105177299124442,-0.0035471904629386826,-0.0042850250546128755
2022-06-02,0.0142449310436563,0.004544776015505279,0.022549570623240225,0.011058329931317234,0.015112990103285873,0.010820194077419208,0.0225495705808318,0.01110664274743332,0.016736322844794874,0.016239303002717,0.0142449310436563,0.020186495849006083,0.006418694141763144,0.015347233291867698,0.014244931045467845,0.01606755378516367,0.013827666367515395,0.014331736949619256,0.010244788180516546,0.007229944524488044,0.006101965629396822,0.003526082468432829
2022-06-03,-0.010690542879619406,-0.004682459228020478,0.009415012611431881,-0.005045902693743241,-0.0005603966081468847,-0.010314591131012567,0.00941501245443571,-0.00834810657550729,-0.004658876410402036,-0.0056689293640104655,-0.010690542879619404,0.004920725248572649,-0.0037858914525078177,-0.008535399081988915,-0.010690542875899168,-0.0030557106974649197,-0.004734955889814058,-0.009677528252472162,-0.008002443082179147,-0.007346518387697645,-0.004566186348093573,-0.004724727692941457
2022-06-06,-0.0007657678365780097,-0.006636933657039117,0.004341271536179394,-0.004366650828676535,-0.000494444267402366,-4.78401292520695e-05,0.0043412714997591445,-0.0031909203654935134,0.0007663438876125779,0.0003377787009700647,-0.0007657678365780094,0.0023357463260858117,-0.005446589815817498,-0.0002803454133559202,-0.0007657678357075048,-0.00031667508372921604,-0.001483206444673173,-0.0007386354796604453,-0.0034263871374080666,-0.004638689696751013,-0.005542604678329633,-0.007219981418119314
2022-06-07,0.0070984821957809545,0.003457576460413744,0.00664229387228325,0.0064682425339972986,0.007934782874058525,0.005423404779796544,0.006642293899935734,0.006790378480135131,0.006961625717323985,0.006962493452243349,0.007098482195780949,0.006609071400162365,0.003820989956885355,0.0073259465901196925,0.007098482196032248,0.006782601673765562,0.0068409593140580215,0.007182112263608708,0.006282439261421115,0.005161518616742989,0.0038765580327113965,0.0031296731720587487
2022-06-08,-0.007616134672379354,-0.005566566844922235,0.008897823329562238,-0.005542983743278069,-0.002129833676773978,-0.005588356738405786,0.008897823327989036,-0.007558288044549022,-0.00266194741227971,-0.0031531217085133518,-0.007616134672379354,0.006647474235425841,-0.0039000786947356297,-0.00633710615492993,-0.0076161346701171225,-0.0018915756175912984,-0.004624598554190041,-0.007067504572818818,-0.00660004537655569,-0.006985359078775961,-0.004740969866288746,-0.006105982308482475
2022-06-09,-0.013223767278871297,-0.004676493085207361,0.0016389936437193773,-0.0059231514834847815,-0.00507940548515264,-0.010001358619514143,0.0016389936423920495,-0.010753720920419336,-0.008764939043535154,-0.009006305599840071,-0.013223767278871291,0.0005331527245933932,-0.003829161024058848,-0.011963295722163356,-0.01322376727660457,-0.0073407523164600785,-0.007949997308842443,-0.01240933109949943,-0.009195180871922375,-0.008666723990088724,-0.004272939862159433,-0.004811406809388892
2022-06-10,-0.014323847454742043,-0.012252945549295326,-0.009875007768237267,-0.011547406405265354,-0.011233478266607658,-0.011116497399662136,-0.009875007768607617,-0.014448908435877603,-0.012989195546989057,-0.011829288768368532,-0.014323847454742045,-0.0045607928248531816,-0.012761631816028136,-0.014279617811154399,-0.014323847454288895,-0.013604648357401227,-0.013124378572672984,-0.014014810535928634,-0.01179737437269881,-0.012782583009303083,-0.010494356625517147,-0.013953294469707826
2022-06-13,-0.03330408917344602,-0.025397823531312327,-0.011310760740372332,-0.02688204924110553,-0.021111976862903302,-0.031753953371004964,-0.011310760872959428,-0.030101868647225118,-0.02670609072042391,-0.02747892053848826,-0.033304089173446016,-0.014851547799502887,-0.023425374661117708,-0.030547133257680426,-0.033304089168748635,-0.024236889294353452,-0.02659472174769453,-0.032084877942391746,-0.029622607184881317,-0.028875742662888282,-0.024654659790552085,-0.02677760844867397
2022-06-14,-0.004611560132688675,-0.003314641455703101,-0.011101883147168102,-0.009350009332054609,-0.009410114674458743,-0.004064070944833553,-0.011101883123659064,-0.006859915624395117,-0.006558657030926876,-0.006405333221173347,-0.004611560132688669,-0.010938092068751654,-0.005495781865961384,-0.006004753153638785,-0.004611560134919692,-0.007962181129263834,-0.007353387967660354,-0.005091415586865681,-0.005259161504023443,-0.0036316400979185177,-0.007739780619017954,0.00012990419256991197
2022-06-15,0.016843729621971976,0.015467431159611689,0.0006762827825073644,0.014371714232108191,0.007559047679324101,0.017768820675624554,0.0006762828539655025,0.01569370217020627,0.011993495591952778,0.012608007302949033,0.01684372962197198,0.0013327462780954764,0.013345371953048692,0.014673513968580845,0.01684372961800186,0.01053288718690713,0.012172272885570325,0.01591526142770719,0.016004799342974614,0.016183079025691403,0.014177815510253027,0.016423146334511456
2022-06-16,-0.013799517650184384,-0.0022131894299504693,0.004385278406554641,-0.003303768634540396,0.001488704769822989,-0.010971201972688928,0.004385278328606484,-0.007711762355040197,-0.008344078842548284,-0.008004320449344198,-0.013799517650184381,0.004748231836587324,-0.0029944652251932286,-0.010140303245218505,-0.013799517644466418,-0.004376134875426283,-0.006418455818309372,-0.012270695408183648,-0.0075041378265470055,-0.007257993557455964,0.0011692659034226683,-0.005839555428862199
2022-06-17,-0.001886152959883227,-0.0010588211038537042,-0.03633024108993503,-0.0060446844289693885,-0.018959938258515132,3.1469709925043454e-05,-0.03633024094481404,-0.003807940435351752,-0.012219379329116648,-0.01081570692861562,-0.0018861529598832114,-0.034830742116385496,-0.00705717962997985,-0.006812770499711868,-0.001886152969802387,-0.014461658423859896,-0.010493307987652222,-0.0035935314897464184,-0.002209104170751771,-0.0005209304592027432,-0.002992645727640082,0.0007632220863779235
2022-06-21,0.006051393561700175,-0.0026571974646620302,-0.0024462551094271913,-0.0011338661888161557,-0.0026993688334655684,0.003035148767816146,-0.002446255069983245,0.002501821690678527,0.003502098960108917,0.003414962531131081,0.006051393561700177,-0.0025252103728494904,-0.0033429818244725897,0.004180987121177515,0.006051393558617467,0.0006330900902366682,0.0017520241978408058,0.005176317322183602,0.001372931695745744,-0.0001969118197088053,-0.002071606096225542,-0.002560568315301418
2022-06-22,-4.033866654858326e-05,0.005522194514734402,-0.018005822652794906,0.004388664092247438,-0.003843504719856482,0.0007380780134306993,-0.018005822542237593,0.0030465331179245743,-0.005429983820740475,-0.004148205764774475,-4.0338666548591934e-05,-0.01713057450262228,0.002179633687693571,-0.0012357555719187518,-4.0338669313419364e-05,-0.004044243445971526,-0.001241203221522008,-0.00042065527187936996,0.0029790919424606526,0.0035542328549277554,0.005649644120671196,0.004563915241723709
2022-06-23,0.002723581773645764,0.003721943266482158,-0.022699522178968166,-0.0009784379699694953,-0.007679886360578615,0.0026243934884937615,-0.02269952204135596,0.0016434321072626994,-0.004903349304318651,-0.0037046180354811,0.0027235817732262015,-0.021888325134728572,-9.079568775584345e-05,-0.00028811717808223283,0.0027235817684144546,-0.005607070242359554,-0.002000065699621036,0.001683234960223434,0.0026810213010426036,0.004564201911842196,0.0013129389158990968,0.0055093000198310794
2022-06-24,0.014198850935881578,0.002284694218875882,0.00943062948042203,0.006064208831168068,0.005891880821670564,0.009994717472329806,0.009430629504556342,0.010170715296221992,0.012768384480881509,0.012184448131377588,0.014198850935881574,0.00905886857402831,0.002409723783643412,0.013013434463971445,0.014198850934229562,0.010027261402535811,0.010486078530257285,0.013368153924460478,0.008507050944789101,0.007369959821591386,0.0028004847924635143,0.0028294143062467456
2022-06-27,-0.0037879021430567298,-0.005337532970452923,-0.002168479689313158,-0.0046029552882854196,-0.0032227396842303894,-0.004307926322382725,-0.002168479692026554,-0.004581497402405393,-0.003302075415508125,-0.0033605096724612427,-0.003787902143056728,-0.002268189420944044,-0.004991180468212194,-0.0035553018153172016,-0.0037879021427052076,-0.0038337874550271015,-0.004136250943251022,-0.0037313858971740953,-0.004603430214074256,-0.005566660056675202,-0.004674859551477756,-0.005789512915411559
2022-06-28,-0.007927633209486572,-0.0027666462550193665,0.011868433456174415,-6.397100723926205e-05,0.0044994469634377955,-0.005940555867321904,0.011868433328983127,-0.006201036557578732,-0.0019888132370637834,-0.0026405570770864934,-0.007927633209486565,0.01156557453362515,0.00017191854896798518,-0.0059454182951621535,-0.007927633206175799,-0.0003318644553446164,-0.0017654638103760853,-0.006684925192194139,-0.004686536896841892,-0.004794518841454008,-0.0010853270512184274,-0.004760307871138333
2022-06-29,-0.0016690997095480987,0.0024688648111889965,-0.017310095568082,0.0008144616059473104,-0.006632286941527461,0.0005883889930263573,-0.01731009549538373,-0.0005112126863226923,-0.006361398427706593,-0.005309919609736834,-0.0016690997095480996,-0.016585072751831582,-0.00024741776047814204,-0.0034760068676403305,-0.0016690997124357125,-0.006278064830780728,-0.003913768163252179,-0.002165418432746015,0.0004635009252967233,0.0013483872866627863,0.002470847840431213,0.0018234296521013429
2022-06-30,-0.0062524059625022575,0.0015138493486969097,-0.03140858210303176,-0.004642617763431223,-0.01291499747945659,-0.0027763436346671475,-0.03140858198129649,-0.0052664785855454175,-0.013799258565610798,-0.012170350502609438,-0.006252405962502261,-0.030290104574828426,-0.0031586447198802127,-0.009064965061567651,-0.006252405966892805,-0.013574074248209349,-0.009145704175635105,-0.006918665114197661,-0.0034752801581366868,-0.0011604317127823702,0.0007746417211776271,0.0015181465073014055
2022-07-01,0.005338296951588922,0.009004089973460755,0.004868145253695328,0.0059731448058018295,0.007690075965733945,0.004192087715315206,0.00486814526452136,0.0068868257370235915,0.0051972515018807175,0.005177482381819709,0.005338296951588921,0.005034078268682875,0.008856929317097244,0.005971043629019792,0.005338296952193662,0.007355061166601113,0.006972287852403245,0.005573474853003425,0.0064860445987009255,0.008141321835781425,0.007858193845733793,0.009772166854407047
2022-07-05,-0.009432967465710273,-0.0047549006536954,-0.06960681955138628,-0.015935701460604804,-0.03143843746769833,-0.00449307291188256,-0.06960681925643876,-0.012347635240826728,-0.027485117944285566,-0.023821084324078173,-0.009432967465710266,-0.06750855512442284,-0.012565347893906002,-0.016510246160328774,-0.009432967476575037,-0.029877670246230736,-0.021851675213262745,-0.011633514465909078,-0.008617467501516578,-0.005463038287396945,-0.008379678220271287,-0.002385473929626946
2022-07-06,-0.005073242228741855,-0.007293042996237784,-0.014928566292557406,-0.009881717437109853,-0.01031764248886333,-0.005339035441293645,-0.014928566214200483,-0.006100116771184308,-0.007675043567104088,-0.007675043413496245,-0.005073242228666487,-0.014745319354211323,-0.008380345897874907,-0.00635311519961817,-0.005073242230552815,-0.008781398019783445,-0.007839142472350236,-0.00559768225475396,-0.006772072790998388,-0.00568453027468057,-0.008119765736406607,-0.006339545014661147
2022-07-07,0.011232232306793757,0.005115373449165376,0.04062676921924039,0.00912665147494647,0.013102203238213053,0.00859178516520046,0.04062676895015732,0.00893371992853523,0.017600600946366278,0.01760055516905448,0.01123223230663761,0.03928737077501869,0.007575962300139244,0.013107772555826685,0.011232232309880038,0.01712576874685957,0.014704352838943387,0.011419229399935686,0.007700128857176619,0.006779705766796006,0.0023994372931244313,0.0078059653359946485
2022-07-08,0.00020362404390691902,-0.001956114939483282,0.01741190626754911,-0.0006320685857480498,0.003773908704033212,-0.0011240001430460342,0.01741190616712781,-5.401899279241021e-05,0.004595956569476525,0.004190984337046654,0.00020362404390691664,0.016738954772792698,7.217604727211349e-06,0.0018020432052851798,0.0002036240463909884,0.004310151759357418,0.002995115453825533,0.0005606525099195461,-0.0008082733573045672,-0.0010302078644081228,-0.0024403525125594274,-0.0013937169164278604
2022-07-11,-0.007837917039688757,0.0012084137469607942,-0.0019196585044645004,-0.0002975222162674186,0.0024735762523860477,-0.007464015394796122,-0.0019196585228695717,-0.0028899002156964615,-0.0058479291611109405,-0.005573855956137701,-0.00783791703929667,-0.0016398642500636473,0.0023774733091904343,-0.00601216682335446,-0.007837917037446117,-0.002148269943970619,-0.003254022601236669,-0.006806767710481277,-0.003487847246237115,-0.0026701840971435306,0.0023605683209408203,0.00032608597461230475
2022-07-12,-0.005317002978749514,-0.00015401922309962257,-0.04641026486011326,-0.007472370539430102,-0.01872458801373875,-0.0001950501432693636,-0.04641026464369723,-0.004942134367701177,-0.016190255768285304,-0.015207307843579978,-0.005317002978749497,-0.045014296681678445,-0.006060296449602984,-0.00998843554567125,-0.005317002985864383,-0.017229344135224544,-0.01319518935432688,-0.006657761482248413,-0.0036846145410661907,-0.0012256988623397397,-0.001893643984525074,0.0009588910541927394
2022-07-13,0.0018897650812604023,0.0024459242954566825,0.005620212018633957,0.004861681164705152,0.00388996922349638,0.0030756273216526325,0.0056202119897119235,0.0017480000896480147,0.0029192536473123666,0.002919253645867249,0.001889765081260392,0.005581913769172972,0.0029155455792075928,0.0020578575399718786,0.001889765081623149,0.0033203274604504144,0.0024644271940395396,0.0020897854954839996,0.003073063669925449,0.002699687244525502,0.003370003384347819,0.0015608945381954957
2022-07-14,-0.009932980157292479,-0.005470182533210072,-0.009249956974280693,-0.008875497494197963,-0.007259385970294129,-0.011972673054724901,-0.00924995696580897,-0.008427522194008455,-0.009480512070530269,-0.009480512034889043,-0.009932980157292475,-0.009144055064230668,-0.005053292188178469,-0.008972247090870609,-0.009932980156300052,-0.007652697089458134,-0.00831243336545899,-0.009665620738592642,-0.009036345020307169,-0.0073766515143849345,-0.006922338491890672,-0.003823623354065067
2022-07-15,0.011472140158153987,0.007188339989440578,0.012846429191855111,0.008696495647244682,0.008046881950534974,0.011104691566014523,0.012846429168819666,0.010572294131653504,0.011194992339826284,0.011194992309654862,0.011472140157998776,0.012576305943686694,0.007809315559837856,0.01130415668670598,0.011472140157954034,0.01100832249526781,0.010743769509338537,0.011129614337392103,0.009277690259908537,0.009283252814123942,0.0061913191003660755,0.008721999150399376
2022-07-18,-0.0014805957243116817,-0.0033737683922724095,0.018573992623160156,0.000623849374521267,0.004555901233192943,-0.0018165549046167601,0.01857399235576654,-0.0018103771718460263,0.002788584699393939,0.0027885847044481337,-0.0014805957243116915,0.017958433775365053,-0.002618348224031671,-0.0003180678988779404,-0.0014805957222861934,0.0021236230090161887,0.001553248047809644,-0.0008769460285612189,-0.002142359998754697,-0.0039388736722091,-0.00111911864329028,-0.005387277260977545
2022-07-19,0.014009686659300795,0.0032522291536074845,0.003907670846646046,0.006324089753318093,0.0010606955223011229,0.012559944803806181,0.003907670914381803,0.011079474303300803,0.010388343926986194,0.010388343855263818,0.014009686658859672,0.003664122690873438,0.0021740402310510675,0.012572417345884952,0.014009686657114356,0.008962389190033544,0.009815469535466031,0.012714787545600844,0.008867993185467021,0.008403513656741936,0.002016363613893457,0.005002808626917369
2022-07-20,0.0008781881330446391,-0.00013868462930934056,-0.0007803306497326961,-0.0007231189933312905,-0.000774901740438207,0.00022223940799771195,-0.0007803306438198561,-0.0008875974906284512,0.0003673769198565694,0.0003673769195981717,0.0008781881330328727,-0.0007860793405145774,0.0009140475848261458,0.0006808874362192279,0.0008781881326634638,5.008327940024494e-05,-0.0005307767423063245,0.0007128791456963552,-4.7953435283976716e-05,-4.944295506165673e-05,-0.0018348576240625563,0.001768494880255091
2022-07-21,0.009778629358937297,0.010165389662939773,-0.016926185050106988,0.008383255803595863,0.0005581748863279267,0.012043966047243605,-0.016926184836968356,0.009406947303065377,0.003665332042687001,0.0036653323358782257,0.009778629358852126,-0.016117360831719784,0.007287308109757241,0.006939643759819765,0.009778629354413447,0.003215207551782972,0.004792769897584252,0.008856583911676357,0.010312403139151386,0.011299981806838933,0.009579557770754858,0.010119274240621416
2022-07-22,-0.002818939471541715,0.004958986877730305,-0.011980985491883183,0.0021493974789658747,0.00047856245730041897,-0.00011807810299633865,-0.011980985402142331,0.001945803066953339,-0.0037135013369537975,-0.0037135013199375683,-0.002818939471541713,-0.011311892751463219,0.002965683510821815,-0.0027860112903947687,-0.0028189394718302545,-0.0020356793623258606,-0.001189576692958342,-0.0024891892786575004,0.001004505956995238,0.0024186631920195966,0.0059263774951164834,0.0036642291885545884
2022-07-25,-7.857006844722014e-05,-0.0007636901383467236,0.017917945904440846,0.0007739462208777789,0.004636923555594859,-0.001508796320707459,0.01791794562351268,0.0005278073755973123,0.0033553873011564995,0.003355386579676902,-7.857006827262933e-05,0.01730306567925543,0.0007119722872478734,0.0017577257453914297,-7.857006534334274e-05,0.003748829489604698,0.0032144401690729356,0.00039297929395698625,-0.001203750927087385,-0.0021760925728000367,-0.00040813627409347786,-0.0007356260204838755
2022-07-26,-0.004770762054100184,-0.002538350183474281,0.0019712948873329434,-0.0034974505645488404,0.0001423574304573041,-0.0040983731082254934,0.001971294798760507,-0.004345383559363387,-0.002881660473519391,-0.002881660464796414,-0.004770762054100187,0.001925870744494614,-0.002335860298674586,-0.004471334724225797,-0.00477076205329476,-0.0028741948834717927,-0.0033105104482374775,-0.004279450105644435,-0.003238423539956586,-0.0034656301167591613,-0.00198622289396463,-0.003388818421672173
2022-07-27,0.016412141896939368,0.007330611110332615,0.02258657360573323,0.01124105763416496,0.010095223524110289,0.013780808318364153,0.02258657347281877,0.01221370452231569,0.01645353728976374,0.01645353643643768,0.01641214189715067,0.021997661994129246,0.00791983340648687,0.01578880618073635,0.016412141896333655,0.014792159606074754,0.01418740997160968,0.015780450059656462,0.012247116002952512,0.010911225147128917,0.007340592367980338,0.007713913833823201
2022-07-28,0.012913788191328154,0.009336699058702616,0.000769986848668766,0.0070397657830242434,0.007815300591884511,0.012646699987913354,0.000769986978671782,0.010709231383212149,0.010034548225809178,0.010034548218490254,0.012913788191072561,0.0010298555301585849,0.008617019582405253,0.011158412085108734,0.01291378818893932,0.00835195763676839,0.009140763555845187,0.012403939431383789,0.011577766284775684,0.010850766493100449,0.009091652083253307,0.009519592523649277
2022-07-29,0.00647506897394083,0.0019061918243846968,0.004606504593835267,0.003509707733410426,0.002444440840985825,0.005143281636271462,0.004606504612096558,0.005570381586298363,0.005512142521172433,0.00551214246706321,0.006475068973956374,0.004485512757901372,0.0018278785342650302,0.006262619861758686,0.006475068973616027,0.005225552526530296,0.0051046178815012284,0.006072006160645332,0.0045013862070484596,0.0040518618962642455,0.002691683333376108,0.0018444279066356039
2022-08-01,0.0008835846760360483,0.0021619521919299233,-0.020507711443688518,0.0038349266751720114,-0.004959819056823758,0.005368530946790656,-0.020507711185856703,0.0017090156490954908,-0.0030783217798776314,-0.003078321282126076,0.0008835846762563884,-0.01975354884094895,0.00016625228381780778,-0.0013559691494234535,0.0008835846726621013,-0.003807550344477006,-0.0023110706790900296,0.0002992443027500676,0.0025460922142910127,0.002109594728620549,0.00251939864513018,0.0016694143008420632
2022-08-02,-0.010540995633129255,-0.010090354229015908,-0.005094935075103423,-0.01266650163659789,-0.010543400047338307,-0.013390222199989227,-0.005094935135928299,-0.011838787404659643,-0.009911014060901934,-0.009911014099572667,-0.010540995633129255,-0.005347692850134145,-0.009632810521100637,-0.009856829580304885,-0.010540995632134715,-0.009452855091233421,-0.010289962894103142,-0.01054123607455016,-0.01125536683324848,-0.010737931061804595,-0.011695683513172558,-0.008786260455227238
2022-08-03,0.0081056542336031,0.004922570089616599,-0.008682098533528214,0.0075216335612656405,0.0007886504738124239,0.007926014674288459,-0.008682098366059631,0.005984508273175395,0.004375775580925088,0.004375775714514661,0.008105654233603096,-0.008315517231828601,0.004174776202600841,0.006665725186177848,0.008105654231469932,0.004360294810767128,0.0044116160464718005,0.007373953857624032,0.007186444081778874,0.007547781792252385,0.004347906561867295,0.005828231198692869
2022-08-04,0.0026642779751028904,0.0040490822486739485,-0.010759151489373373,0.0015205686842660496,-0.0007446306076577722,0.0036009499874652038,-0.010759151201796229,0.001860976166025075,0.00042921697946118106,0.00042921697731715565,0.002664277975085622,-0.010306311130033632,0.002009169777318644,0.0013317870488668035,0.002664277973232882,-0.0008782763971346055,6.807451652840642e-05,0.0023233871168268226,0.0030815156342405598,0.0032090564386566055,0.004684464581277123,0.0030430393231086674
2022-08-05,-0.0074181397539140395,-0.010341252662323525,-0.0036122628083792925,-0.012303188443125506,-0.009098364180433725,-0.010459770917978643,-0.0036122628361059776,-0.00871025137924495,-0.007702703881852388,-0.007702703903056923,-0.007418139753901434,-0.003925969403363393,-0.009053632430615032,-0.006955744919122618,-0.007418139753307791,-0.008262147536336186,-0.0077538087774971665,-0.007586162196566007,-0.009561485432157128,-0.009487288231493389,-0.011500174775623935,-0.00914994213171579
2022-08-08,0.007443664638705499,0.004627289945812772,0.011990562777955318,0.009114863721187933,0.007018719107728882,0.009624859769921825,0.011990562438103057,0.005439686793353005,0.008045196433632175,0.008045196460217258,0.007443664638705483,0.011815361868901914,0.0044375476433962365,0.006558115831809038,0.00744366463779712,0.006973361370618161,0.006511475711978685,0.007401170085607836,0.0073339665191553705,0.005260125227311318,0.004770063315906934,0.0036564040531765754
2022-08-09,-0.00391600058369077,-0.0034856020782097277,0.008308686899098494,-0.0018069141940149525,0.0005766429340986286,-0.005045498699083143,0.008308686588980086,-0.0023653828288709537,-0.0016469662799720292,-0.0016469662624194288,-0.003916000583690761,0.00798546789983288,-0.0035475640944684014,-0.002421238553511584,-0.003916000581685306,-0.0005505524043903517,-0.0006249978760256758,-0.00346673623191183,-0.003263549847335844,-0.0038503066056776074,-0.002993891723862739,-0.004652144490103286
2022-08-10,0.013263854360275038,0.006492677034874806,0.013696077064747465,0.007015403819964604,0.007838765962313992,0.01126402835583711,0.013696077075104337,0.011874572651743028,0.011792851891440944,0.011792851846271813,0.013263854360275036,0.013320445008817728,0.008363129444805387,0.013271041533686074,0.013263854360211672,0.011621192310451027,0.011890444398769977,0.012721345520478933,0.009769378608455897,0.010389380637700639,0.0066103221875172535,0.008404895350386868
2022-08-11,-0.003309652109014453,-0.004169260894428636,0.01924621454543158,-0.004482882074491079,0.002121978538668247,-0.007553101508549019,0.019246214537362784,-0.003698768735242864,0.0005313207176397337,0.0005313206480268623,-0.003309652108962351,0.018504420679992205,-0.002916582501548911,-0.0011434402193984017,-0.0033096521059376785,0.000848389206427917,-7.678919353887662e-05,-0.0027664890442461844,-0.004584604663232575,-0.005252176462288103,-0.0035608480716952705,-0.004567699105799489
2022-08-12,0.011966633855713737,0.005398170207582662,-0.005351660653614381,0.006573291272283803,0.0032303938887071433,0.011800288432741288,-0.005351660643990302,0.009877675465947696,0.007754312802668729,0.007754312832501353,0.011966633855713737,-0.00508495324143017,0.00488914946734577,0.01021007423437249,0.011966633853095768,0.00683063193328784,0.007593914334966102,0.01109300985901308,0.01003833553147485,0.009889226538801291,0.005798157730843384,0.005906629016334208
2022-08-15,-0.0030292236078776126,-0.0005707460836960168,-0.012340995199026624,-0.0038801044771066442,-0.001490988718364283,-0.0044056472539786675,-0.012340995186402585,-0.0006493588640220566,-0.004080636707362741,-0.004080636759144097,-0.0030292236078927016,-0.010219396258679993,-0.0009927384849328501,-0.002261961689057599,-0.0030292236070839722,-0.0030893688970836976,-0.0030821987782782417,-0.0028754001189262787,-0.0028006602078484055,-0.0018623205734697298,-0.0019125271983466991,-0.00021478366246466545
2022-08-16,-0.0022513563608697195,-0.0028522847997526878,-0.01131737847377863,-0.001397049105003158,-0.004327954892004037,-0.0015281961462630974,-0.011317378466859917,-0.0026403494777349195,-0.003921525028475359,-0.003921525002956886,-0.0022513563607156816,-0.009928101448710713,-0.004004243209404819,-0.002903861745098692,-0.002251356361954253,-0.004226099569914669,-0.0035364246613993756,-0.002459016213983151,-0.0022199769353095835,-0.0025960729660302615,-0.0029412333176763146,-0.003318688777802684
2022-08-17,-0.008299814268820012,-0.00709204571435235,0.003916940891466279,-0.006500271744975684,-0.003361751110811272,-0.008811665672908888,0.003916940883456664,-0.006742671260932101,-0.0058337204033227265,-0.005833720406419123,-0.008299814268764732,0.0024570981302573197,-0.00682774146015426,-0.0069400234504665564,-0.00829981426676232,-0.005054815013907837,-0.005171446252222036,-0.007806007953019174,-0.00782405895123689,-0.00810366512701344,-0.007097749634676818,-0.007712197949600421
2022-08-18,-2.4990406002632463e-05,0.0020356249694868205,0.015131219983443436,0.0027756595295509094,0.005297287252070049,-0.0026118256907120994,0.015131219967875477,0.0015182325236007726,0.0030345985220801594,0.0030345985314689954,-2.4990406002630078e-05,0.013327475905989324,0.0036069898245271017,0.001939554269095002,-2.499040281970957e-05,0.00456792656372194,0.002898452500337369,0.0005072373598046342,0.0005888844938457233,0.0006779980905941285,0.0018492688368266835,0.002220580083474576
2022-08-19,-0.013763876526314809,-0.008812027333821512,-0.0003851314371848599,-0.011333476515655864,-0.0067395177539483,-0.014980234532342668,-0.00038513144826205647,-0.011603885250913607,-0.010600193246685343,-0.010600193289227112,-0.013763876526272544,-0.001514578232569217,-0.008120549765816932,-0.01171667338477262,-0.01376387652294372,-0.009157279804256787,-0.009846542531200663,-0.01306144064907816,-0.012283805420448171,-0.011630048319895161,-0.008620909559593415,-0.00907222193620994
2022-08-22,-0.011398189460000227,-0.006124465847427856,0.008820879198656111,-0.005950274515897035,-0.0029099624695410383,-0.008645611259308135,0.008820879180960244,-0.010378807446938428,-0.006465874815752993,-0.006465875201620105,-0.011398189460000225,0.00701336713548115,-0.00466404540677089,-0.010860305645616481,-0.011398189458446277,-0.00592756589033023,-0.007550079840411056,-0.010549366760954308,-0.008958625493114927,-0.009282546546798692,-0.006471197892349165,-0.0069103346010882805
2022-08-23,0.001396380052825286,0.0010219018648124811,0.01628513403765112,0.0022595020868040948,0.0039730435233377975,0.001969231629061663,0.016285134031900288,0.0005092598208539106,0.004556849401393523,0.004556849324973957,0.0013963800528252913,0.013723524284085496,0.002298465501611024,0.002002501930688131,0.0013963800543836805,0.004224011341815987,0.0031586454792019497,0.0016540463998765366,0.001297586149903717,0.0010680678326263392,0.0010589649171056223,0.0010837326610796684
2022-08-24,0.0015968136071124617,-0.0006257370014429136,0.010463407638566874,0.00021239200741138406,0.0027168739760470356,-0.0006231489437617994,0.01046340749167511,0.0012351314633370952,0.003359921013198337,0.003359920769202388,0.0015968136071124724,0.00857560541032288,0.00044429521641418143,0.002818381003697774,0.001596813609257597,0.0035299447273647254,0.002786462992710656,0.0017088196440059177,0.0004998395187581111,-6.888148011468696e-05,-0.0004242629848276516,-0.00044704558952749114
2022-08-25,0.009886625923735258,0.006290382543112254,-0.014227031388026912,0.006821035355014853,-0.00029881574434275455,0.010264225813186433,-0.014227030852271158,0.008576742027961042,0.00396692165757955,0.003966922209629655,0.009886625923735255,-0.01140895574278812,0.0033803268724082415,0.007489767007585113,0.009886625919214662,0.0030828478651765577,0.004885756897422962,0.008868081756927526,0.008670135184080621,0.009082968419126198,0.005500095478899578,0.0068214547089573705
2022-08-26,-0.017892291351622302,-0.006724359205867357,0.004139125900992564,-0.006236016880941856,-0.004091319375890474,-0.013270380434807081,0.004139125891189617,-0.015074094199004663,-0.011658183517191495,-0.011658183478273354,-0.0178922913516223,0.003412535806198165,-0.004928784092258123,-0.01655813745266967,-0.01789229134890463,-0.009834382570375484,-0.01152790518125086,-0.01651219415404921,-0.012797347288639203,-0.012692768376821161,-0.007197882376518569,-0.007798980001280357
2022-08-29,-0.004587780828786272,-0.003389460621312668,0.014539004657623946,-0.0016414086620978032,0.001697724469454901,-0.005312805175990829,0.014539004312368462,-0.004291779241921088,-0.0002428675033294401,-0.00024286765540290373,-0.004587780828786268,0.014539004657623946,-0.001425299208817264,-0.002784780742123827,-0.004587780825325185,4.176811750568809e-05,-0.0008271146716513074,-0.003959230298962162,-0.004223375865359801,-0.004842999111397897,-0.0028616309443058436,-0.003628177688772845
2022-08-30,-0.009302614553684875,-0.005220932761733385,-0.028149715065766568,-0.008348591476377737,-0.011944665084509571,-0.0065928645335307495,-0.0281497147683773,-0.0076666419374475615,-0.013107608229483576,-0.01310760778462156,-0.009302614553684873,-0.028149715065766568,-0.007488321828016481,-0.010849300337447302,-0.009302614556962463,-0.012375301271103202,-0.011442919044284548,-0.009566819606767342,-0.007336229336716004,-0.005522396552489201,-0.004953217042409445,-0.005563572108039708
2022-08-31,-0.008235325716886427,-0.005676122789598172,-0.021158739175378534,-0.009621849080234796,-0.01060417398582106,-0.007594741164578424,-0.021158739172267047,-0.008251082424877383,-0.010678219493767661,-0.010678219489896168,-0.008235325716886423,-0.021158739175378534,-0.007572054587991023,-0.008959229358842245,-0.008235325718715644,-0.01100199185620654,-0.010159172681307664,-0.008472210543779887,-0.008094958376931043,-0.00758877355814593,-0.006274499733213869,-0.005486071284184194
2022-09-01,-0.008144242822701198,-0.006276000650889049,-0.02161603950428487,-0.014561282886184546,-0.011503480287644094,-0.009779729471282108,-0.021616039495306036,-0.007074754419230595,-0.010761045275131628,-0.010761045222118237,-0.008144242822701205,-0.02161603950428487,-0.007493024747062008,-0.008250856551163838,-0.008144242823366428,-0.009840220455215525,-0.010024827978332849,-0.008480166569195473,-0.008586774011002087,-0.0062884908945009055,-0.007475474340775992,-0.004741304959281055
2022-09-02,-0.002526400137923641,0.00331656264301689,0.006731236586883161,0.001647438256370909,0.004077004847370864,-0.0003221349621530421,0.006731236576116458,-0.002297113921670573,0.00011819610897439471,0.00011819610885476536,-0.0025264001379236385,0.006731236586883161,0.004049745682337141,-0.002400192241913161,-0.0025264001371705833,-0.0003706468636090086,-0.000774958668678822,-0.0018660596393941897,-9.008692020469659e-05,-0.0002066174170187846,0.003786216268688153,0.002722203171232337
2022-09-06,-0.007194306896772739,-0.008081921659396772,-0.005936960426272388,-0.01198590662529633,-0.008444423539699732,-0.009278748706762818,-0.005936960425298196,-0.00814108390028698,-0.007404152587133046,-0.00740415264974215,-0.00719430689677274,-0.005936960426272388,-0.0080088983005443,-0.006857432196445747,-0.007194306896145966,-0.008094665018340153,-0.007486347413249078,-0.007319318561065439,-0.008669351473253303,-0.008278141710781246,-0.007359176862481474,-0.00743767105272103
2022-09-07,0.011663476469168986,0.007031960036441591,-0.02410716828402844,0.0056553001009599525,-0.0016521573742604091,0.013112625381873529,-0.024107168263666476,0.008973743970947367,0.004327628689611861,0.004327628842803251,0.011663476469168984,-0.02410716828402844,0.004051010117340434,0.008034870812749508,0.011663476462872486,0.005632049988141542,0.0037800199557330326,0.010331913084826044,0.010164317757803205,0.011118425329267,0.006965752755079313,0.007893539589386217
2022-09-08,0.0009290319293237012,-0.0011285942783117182,0.0040584211290147255,-0.003561242110500368,0.0007062784208522665,-0.0005485160462726608,0.004058421127643276,0.0010285131376592772,0.0008789608955652674,0.0008789608812555679,0.000929031929323701,0.0040584211290147255,0.0001828571764615869,0.0013303359525007814,0.0009290319299710015,0.0006299221076592619,0.0007399537665727879,0.0009067565784765576,-0.0004976493280413599,-0.0001906256190296429,-0.001539847617963625,-0.00018787315204410113
2022-09-09,0.013488779672646577,0.004429227324655145,0.027957002454728767,0.013270790669263923,0.009900292602240327,0.011303450727757212,0.027957002442087677,0.010934557755965647,0.014295643200110932,0.014295643180240292,0.01348877967264658,0.027957002454728767,0.00548452173534328,0.013748297355793887,0.013488779673286135,0.012748619514336024,0.013994883344164825,0.013129930965605949,0.010299668085229141,0.007878167698340734,0.005241090304177495,0.004074887498837108
2022-09-12,0.009579717581526901,0.0015027120637092048,0.013690891069780255,0.004601711594504342,0.004580786651913823,0.008825976653846318,0.013690891067027406,0.004284900302883341,0.009016178029416223,0.009016177986931833,0.009579717581526927,0.013690891069780255,0.0020399401031347955,0.007974308656666788,0.009579717579707134,0.005629816510850365,0.006515844935397365,0.009079824488565591,0.006151341765829049,0.004162551932642412,0.0019700133314980105,0.0014775290797454767
2022-09-13,-0.0251324252442438,-0.012125037170929328,-0.005063269539860126,-0.01369504413901702,-0.01195354846851741,-0.020693972288231884,-0.0050632703214471145,-0.02173894359411513,-0.01917260995385451,-0.019172609949232308,-0.0251324252442438,-0.005063269539860126,-0.012555748337005582,-0.02439893189314209,-0.025132425242918796,-0.018841700882620906,-0.019440685402771146,-0.02381453756667116,-0.018942451986064278,-0.018026899896674563,-0.012257010127561595,-0.013496957153691942
2022-09-14,0.0031880806221514187,0.0010501510912508845,0.004285886473100879,0.0029299996021526923,0.002034902105474241,0.004069581066710544,0.0042858864220217275,0.0020370307994603547,0.003126331566673961,0.003126331549234736,0.0031880806221514218,0.004285886473100879,0.0014316891551701828,0.0024114483769370827,0.0031880806212627524,0.002354185757523905,0.0022967526780618107,0.0030727627704837,0.0026108593218814886,0.0025162170632836737,0.0005149933266833614,0.0011491172242223235
2022-09-15,-0.01192822054353523,-0.007138249764374471,-0.02959378122490879,-0.011521287361423476,-0.012956707321685261,-0.009192741683160033,-0.02959378109962172,-0.011343057299629557,-0.014612965050164465,-0.014612964800353581,-0.011928220543535227,-0.02959378122490879,-0.008798352933515935,-0.01361567619338728,-0.011928220546028316,-0.013710820001544421,-0.014475669425635674,-0.012031069221350232,-0.010482819081474554,-0.008760949369492925,-0.00785112179862552,-0.006795443258454502
2022-09-16,-0.0021976119253667293,0.0008478124687094952,-0.0036109016647089447,-0.005389298956870689,-0.00021496966602169712,-0.0014248384367363787,-0.0036109016481537665,-0.002047861537847682,-0.0021097173640412434,-0.0021097173695618122,-0.0021976119253667337,-0.0036109016647089447,0.0007938654437909871,-0.002545243398923058,-0.0021976119256978564,-0.0027332846810161067,-0.0027615354687377763,-0.001999347699432226,-0.0015034607411929946,-0.0008315093172185804,0.001059441094235235,0.0012356209378172004
2022-09-19,0.002862106112083775,-0.00025725262630402397,0.003210343397310134,0.0022380631907187665,0.000599451641782331,0.0025123531967013698,0.0032103433935477595,0.002178956910414931,0.002247568793979404,0.0022475687898493423,0.0028621061120837755,0.003210343397310134,-3.962632877887659e-05,0.00286134454546477,0.0028621061120708315,0.0025931729022088306,0.0024673721748056207,0.00263584066505363,0.001914565390556663,0.0017676350936683702,-0.0007142823703617734,0.0001735582329902847
2022-09-20,-0.011038282155411984,-0.006998252898447805,-0.0012025504348651848,-0.008490784833311789,-0.005523699423027637,-0.010814779904773732,-0.0012025505250558585,-0.01109599558133051,-0.008572165312219288,-0.008572165442781929,-0.011038282155411982,-0.0012025504348651848,-0.006419457222642704,-0.009998181335435941,-0.011038282153943115,-0.008994290785615939,-0.009049115984125071,-0.010486823882173549,-0.0097879909376075,-0.009870043880332465,-0.007476494827080881,-0.007183903180881431
2022-09-21,-0.004990006420808296,0.000426315672093626,-0.006035159402812905,0.00022924311450668935,-0.0014172097198457394,-0.002046063711097935,-0.0060351594158984025,-0.0032158366094083256,-0.004340851510068332,-0.004340851258192071,-0.0049900064208082935,-0.006035159402812905,0.00031915147777354636,-0.005492321598121245,-0.004990006421357611,-0.003660787962016206,-0.004562412598887401,-0.004632726750712042,-0.0017137485959643098,-0.0013892700826178153,0.0014224688411157177,0.00010007674220522777
2022-09-22,-0.008321437751165532,-0.010411622707652307,0.0028208586452578522,-0.011826472638672843,-0.0072818630442361325,-0.00924047310191989,0.002820858578630377,-0.007559148442416963,-0.006948598317668801,-0.006948598340060558,-0.008321437751165527,0.0028208586452578522,-0.009538251296475323,-0.007421782955399264,-0.00832143774981076,-0.008158059866575567,-0.006327135076413204,-0.00821748028047259,-0.009243804072095407,-0.009312587515325597,-0.010432622876495986,-0.010203460087056096
2022-09-23,-0.01858253696720613,-0.0072557335107848245,-0.034387214500271025,-0.014829839840684806,-0.014425891033149053,-0.017405953910453152,-0.03438721436399784,-0.015374702775062175,-0.019820485360908524,-0.019820485159560378,-0.018582536967206135,-0.034387214500271025,-0.00918464524778748,-0.01888747647111226,-0.018582536967990886,-0.01650845154511317,-0.01854983248782128,-0.018166872373800425,-0.014457325975064248,-0.011997646325687002,-0.008152142152527348,-0.0076433696412018136
2022-09-26,-0.016304700852703025,-0.015554235759534251,-0.023599949683702076,-0.017509118224337043,-0.01788325626108079,-0.016227006049273168,-0.023599949568691537,-0.01742058177376527,-0.01760953249308239,-0.017609532415584734,-0.016304700852703018,-0.023599949683702076,-0.016536975644820002,-0.01675008192417487,-0.0163047008533794,-0.017331515953783874,-0.017968623609642333,-0.016462556393540797,-0.016514828981736795,-0.01599315828809042,-0.015815699310833178,-0.01525923726484009
2022-09-27,-0.004700300294549089,-0.0036842345634302315,0.010604578683507875,-0.007807292276758651,-0.00041870031170272324,-0.005877598677476549,0.010604578680475681,-0.006376172358082059,-0.0024902762388981366,-0.002490276125474829,-0.004700300294549089,0.010490191920173727,-0.0026775025817511655,-0.0033010905364542716,-0.004700300292575829,-0.005935769103767631,-0.0037699412972632077,-0.004272140296264452,-0.005929433038837763,-0.0067414210505558885,-0.00319812177714749,-0.0036403173615222814
2022-09-28,0.022743652417497096,0.02066906479344236,0.027467401757786693,0.025776964985572998,0.02284502038898821,0.022380287083628665,0.027467401634332436,0.02250125702343944,0.023508325175712268,0.0235083250763808,0.022743652417497096,0.027433378048420914,0.021869606459086102,0.02288256436039485,0.02274365241774107,0.023159906103253365,0.022922025284498444,0.022753789214646207,0.022696394307646795,0.021184709372970345,0.020819553906561903,0.02035809071059223
2022-09-29,-0.013394401413861855,-0.006761492439084209,-0.006176722853855533,-0.010296709929233618,-0.006117170351895215,-0.013352885641338989,-0.006176722902869401,-0.010795734741105675,-0.011044623289420082,-0.011044623136720232,-0.013394401413861851,-0.006166815657283374,-0.0061923252945741475,-0.01209889007896836,-0.013394401412021629,-0.010758593750508945,-0.010707430190160995,-0.012666678307665193,-0.010525973509839706,-0.009798242594106287,-0.005456260459290035,-0.007152988247044828
2022-09-30,-0.004807146596864557,-0.0037107608963299656,-0.012469001639975342,-0.009586514068611995,-0.00576856899324144,-0.0042177731320098815,-0.012469001637332852,-0.004343168743735534,-0.005867796991083598,-0.005867797120970024,-0.004807146596864557,-0.012404332303293734,-0.0047256906394429615,-0.005573928000756411,-0.004807146597987251,-0.0059450824447394215,-0.006349438243866585,-0.004903288836502244,-0.004643215038600455,-0.003861848670944654,-0.003006484475217265,-0.003925306144239954
2022-10-03,0.02445671388619553,0.013694200127319681,0.02233347404148801,0.01871469905482574,0.016068909175087617,0.02462004002809611,0.022333474040823344,0.02177387059599557,0.022393959069935028,0.0223939582380547,0.02445671388619554,0.02226443177997243,0.014157000785108807,0.02321370145690898,0.024456713884636223,0.021873557728491325,0.020621172475729456,0.023617933415084738,0.02163458988837874,0.01957612159330508,0.014863206995729166,0.01333912983329107
2022-10-04,0.022067673925914404,0.010980527822368889,0.02663596452752,0.016320969357238643,0.013968110539463174,0.02115474056767494,0.026635964524515436,0.017169264234021372,0.020142662657160876,0.020142661539543832,0.022067673925914393,0.026474920683212416,0.011954254121749518,0.02099235083260738,0.022067673924632568,0.01775098141151009,0.019954706601752404,0.021257717587269277,0.017404323696120345,0.015817633462310153,0.011393514624567919,0.011906977504236565
2022-10-05,-0.006682091654311966,-0.005608959541327826,0.01776234414122375,-0.0016460543312584288,-6.095451501252416e-06,-0.009402450698865791,0.017762343747179655,-0.006865984320174806,-0.002863561703227455,-0.002863561996931242,-0.006682091654311947,0.01758358019064309,-0.003331740033099102,-0.0043890106685440895,-0.006682091651040866,-0.004554689569970543,-0.0024490778762501107,-0.006014492034030896,-0.00645970412630841,-0.006923194651540089,-0.006281249166851068,-0.0053819909967175285
2022-10-06,-0.006996565551173934,-0.003913199408942449,0.006240316136258945,-0.004394425808796337,-0.0007629661123880391,-0.007905241145127471,0.006240316045381449,-0.006823114881805311,-0.004131863975289828,-0.00413186398261135,-0.0069965655511739335,0.006163228873877822,-0.002459516494823812,-0.005361669423991078,-0.0069965655488624014,-0.004752193751808862,-0.004832345429137567,-0.006373205607295344,-0.005796099032176483,-0.005570131841309491,-0.0037661414682210854,-0.003914193802878934
2022-10-07,-0.016988182347100447,-0.006860934833595185,0.010443052442385905,-0.009890104492036127,-0.001935969359741462,-0.01833227493123358,0.010443052270627553,-0.012633385531250877,-0.00997465031769847,-0.009974650298869594,-0.01698818234710045,0.010342348941667849,-0.00411396638511219,-0.013591591408133298,-0.016988182342225745,-0.010365727256102544,-0.008948530221012132,-0.015482961048364552,-0.013359922435871719,-0.012498909282188445,-0.007892360867610831,-0.007081557265830214
2022-10-10,-0.0105023551033269,-0.008683375549829397,-0.011220869719470724,-0.01236449466433413,-0.009712013113775215,-0.010447084748238912,-0.011220869718356017,-0.010900716492076934,-0.01033015155221196,-0.010330151528138778,-0.010502355103326907,-0.011220869719470724,-0.008955462745205535,-0.010595817173760767,-0.01050235510350981,-0.010526611507246424,-0.010507242369378441,-0.01042332090437173,-0.01046799767985052,-0.009890379517933237,-0.009690403958462537,-0.00858305793198317
2022-10-11,-0.005779020777096843,0.0004184130656589388,-0.014501607527209673,-0.005747637762875286,-0.0034181332222197837,-0.005108052565549703,-0.014501607475547663,-0.0033996548174160313,-0.006965910009269635,-0.006965909995502851,-0.005779020777096836,-0.014501607527209673,-0.0008531485732660435,-0.005901201425350166,-0.005779020777604916,-0.004730762407200964,-0.00555960744104358,-0.005542932021609136,-0.0038968943626006133,-0.002600392466218136,-0.00015173098922809016,0.0005735334252021068
2022-10-12,-0.001109483068015997,0.0026048288618592693,-4.537037412443457e-12,0.0020794569674182366,0.0017853839680298544,-0.0011948279190528404,6.218653658943553e-12,-0.0009249798081028516,-0.0004656348480372898,-0.0004656346975759503,-0.0011094830680159946,-4.537037412443457e-12,0.002229515078170309,-0.0006644079009587715,-0.0011094830674346768,-0.0004557986264824012,-0.0004347294200666899,-0.0008199963644114116,6.97963690025991e-05,0.00010021582701127263,0.002880150228252154,0.002485090721468695
2022-10-13,0.008339008714972788,-0.001065393678494084,0.013723014062270599,0.004105561932067507,0.0032399214296917568,0.007924854457488341,0.013723013987689619,0.005450083573620586,0.008102073355375444,0.008102072936565955,0.008339008714956972,0.013723014062270599,0.0008473334574011279,0.008187375644687751,0.008339008714826365,0.006536977974005634,0.007788312103127821,0.007829099986444696,0.004633487079066944,0.003917814809663333,-0.0005918068110510161,-0.0007196693452291641
2022-10-14,-0.017408569043644826,-0.0067256354154569195,-0.02005962878016663,-0.014624577278614496,-0.010092158715706971,-0.017204641371604688,-0.020059628747516683,-0.014590917745347435,-0.016933963942017818,-0.01693396393063628,-0.01740856904364483,-0.02005962878016663,-0.0076877688491446714,-0.01702293818812157,-0.017408569043269557,-0.015296939920298468,-0.015208072640259699,-0.016676928010851043,-0.014221231916979236,-0.01179570262927835,-0.007831060516128238,-0.006310498650406452
2022-10-17,0.0163020129465134,0.004977444322742174,-0.0023866207913046415,0.006955867969975821,0.0029404438700495706,0.017739600157114788,-0.002386620728528177,0.011779154562204602,0.011016577158095389,0.011016577378664015,0.0163020129465134,-0.0023866207913046415,0.0034573579810650286,0.013190432879023512,0.016302012942084693,0.01012942585917015,0.00957216659678356,0.014965856038867017,0.011373118716800558,0.010353590579247394,0.004786561016113428,0.005380964093150162
2022-10-18,0.004755202231331914,0.0026326017312542386,-0.01081093508622297,0.00046125781073748286,-0.0004939623842781254,0.005681445665220405,-0.01081093500382155,0.003956792300726584,0.0013473772347353452,0.0013473776735509744,0.004755202231165613,-0.01081093508622297,0.0012827536418520804,0.0033939600783416822,0.00475520222923405,0.0028479170033976647,0.0013620917284051378,0.004230285769770909,0.0037842775095973816,0.00457913211078043,0.0029581670979993042,0.002605966462141552
2022-10-19,-0.012504091695033102,-0.010053252765338493,-0.0004025667103830237,-0.012212838669981433,-0.006625030397836178,-0.01396190429902592,-0.0004025667644576631,-0.01224548828696552,-0.00955218272017616,-0.00955218285692798,-0.012504091694940772,-0.0004025667103830237,-0.008187894430820264,-0.01081629195880834,-0.012504091692695342,-0.010718900628651381,-0.010506476234898575,-0.011916185565313413,-0.012277008260481694,-0.012206287349711003,-0.010824008496225355,-0.009767294292759994
2022-10-20,-0.004034770059465534,-0.00561265213773406,0.0008049714121434404,-0.006577757329789754,-0.0038619937398365893,-0.004191063895027229,0.0008049713833280729,-0.00523921028480411,-0.0031486481658528926,-0.003148648259056665,-0.004034770059542605,0.0008049714121434404,-0.005182545767081006,-0.0037525807682675973,-0.004034770058942042,-0.0050526013364616176,-0.004067099854012205,-0.00401749242750264,-0.004960150295846066,-0.005437458530802942,-0.005392666782391585,-0.005761579120985503
2022-10-21,0.012561030826427217,0.005125390607530523,0.0012065077720145765,2.9484062703697897e-05,0.004475148387780819,0.013434455676766651,0.0012065078330442056,0.00866684910863505,0.009233666475711264,0.00923366647205287,0.012561030827028925,0.0012065077720145765,0.00423673141972665,0.011965667768078388,0.012561030825275763,0.008576316582126365,0.00778433409296604,0.011752442582562573,0.009080581742961545,0.008776440397244848,0.0066293160649818685,0.004676618617469999
2022-10-24,-0.0018112391936612633,-0.0022344297717660395,0.0028096246279187614,-0.005149392441079141,0.0007875658860968862,-0.0033607479952595873,0.0028096246162019212,-0.00010005793049306494,-0.0007466923818033825,-0.0007466923830408432,-0.0018112391936612711,0.0028096246279187614,2.5799241906088763e-05,0.0001868660811478475,-0.0018112391911966493,0.00013246195326979487,-0.0012066799438512886,-0.0015513586856854482,-0.0023201519799831045,-0.0015498768114188344,-0.0005321834566876454,-0.0019474615725380531
2022-10-25,0.017062271839975766,0.010718876182043575,0.005595502879725084,0.017745616335153595,0.008818796856389224,0.01811947463511571,0.005595502922743272,0.016824807404124065,0.014164665194705089,0.01416466520698801,0.017062271839947747,0.005595502879725084,0.009889249233719146,0.014868823284471429,0.017062271836850537,0.015547569310288608,0.014667228688807297,0.01623792434161711,0.015527476459812114,0.014082682697959203,0.01083526231494366,0.010889367008748277
2022-10-26,0.004673447141646309,0.005995409560217467,0.01855923921834271,0.010419795373435502,0.00861053840803466,0.004535980017498168,0.01855923909082541,0.005863598008642907,0.007672742615701731,0.0076727426206121595,0.004673447141752904,0.01855923921834271,0.006854160182410817,0.0052034964084763215,0.004673447142775025,0.006194556317734599,0.00828645147243941,0.005067156268285142,0.005925171308257668,0.005082011653269472,0.0061056902035773655,0.005932480831381091
2022-10-27,-0.0015365843814597571,0.005844066420073053,0.0015638834403268588,0.0008228991959688681,0.005208498685542723,-0.0015119234737325498,0.0015638834349299263,0.0007616927958624296,-0.00019831387433860313,-0.00019831385313640363,-0.0015365843814597608,0.0015638834403268588,0.005790676009004744,-0.0010077211871652768,-0.0015365843806657202,0.0007661547039231995,0.00039566572717046676,-0.0008620760747595211,0.0007143433673590307,0.001822485033306075,0.004401381649781376,0.00648884580903884
2022-10-28,0.0053940503243041565,-0.0026020390563292455,-0.011788052888761624,-0.002425500260177612,-0.0023594789471180736,0.005316072664590509,-0.011788052808339835,0.0032812330465609514,0.0007656748749717802,0.0007656748705467185,0.005394050324606868,-0.011788052888761624,-0.002750423588766233,0.003975586488136722,0.005394050321960305,0.0021737678013464515,0.000984140704917372,0.004618697397161934,0.001956696508065844,0.002501541098742778,-0.003481638005300893,-0.0022323897018235923
2022-10-31,-0.006735119571269739,-0.007530594312231001,-0.0071400088172605064,-0.007572149073142158,-0.009973864129189347,-0.006704787695383449,-0.0071400088249560945,-0.007069519832589225,-0.006616211088435053,-0.006616211240333097,-0.006735119571294088,-0.0071400088172605064,-0.009083101017139637,-0.006981236482473545,-0.006735119571562706,-0.006845529322663284,-0.006797793058751661,-0.007058994027061698,-0.0068403756661273105,-0.0072664732121836585,-0.007232770316413315,-0.008124543050660455
2022-11-01,0.006521847889829614,0.0036724196450909517,0.015014101594123292,0.008644881809567852,0.007238740564136871,0.006848382225676266,0.015014101495659425,0.0058881028581283,0.00771198768389059,0.007711987333672314,0.006521847889992004,0.015014101594123292,0.004775462765637787,0.00647230544871017,0.006521847890087542,0.006475845742451147,0.0078047210543949076,0.006593537157260338,0.006627581292622751,0.006025283420836745,0.003670737555583399,0.0034817646352250805
2022-11-02,-0.01364142551174391,-0.0032515844803179456,0.0089791172628408,-0.0064397985915755135,-0.0013376084775563492,-0.013456282617803433,0.008979117125400324,-0.010251068878357524,-0.007641752605468594,-0.007641752614987405,-0.01364142551174391,0.0089791172628408,-0.002752899357808823,-0.011732777144271886,-0.01364142550867085,-0.00926785124045875,-0.0074290394062695685,-0.012411043808325153,-0.00980348913461307,-0.008728546872824547,-0.004037380957397608,-0.0030696858075504986
2022-11-03,-0.004219231794616424,-0.004295978407617999,-0.0007776001161927751,-0.005216995624467824,-0.004218930271916406,-0.0041106649129235085,-0.0007776001416497895,-0.004172790982919175,-0.0034185043350462596,-0.0034185044357433704,-0.004219231794308586,-0.0007776001161927751,-0.004402614227775551,-0.004144589326524836,-0.00421923179435111,-0.003875779717801397,-0.0035385218800228473,-0.004219201642346422,-0.0040263319446472694,-0.004313893225667033,-0.004874138607715656,-0.004339279734789342
2022-11-04,0.020508730698620324,0.005758273219170884,0.033279072900175004,0.01255454626030821,0.014211713653597014,0.01967725167324664,0.03327907281641643,0.014505506657803521,0.02247925346698611,0.022479230362825807,0.0205087307002582,0.033279072900175004,0.008028427279732495,0.02163202085719889,0.020508730700461036,0.017408782505370923,0.019114763712631426,0.01987902899411799,0.01574001564381225,0.012653429114960198,0.009307106795426841,0.005011800875209327
2022-11-07,5.087647591979754e-05,-0.002909851342668516,-0.008690806062724599,-0.0044013728784271285,-0.004133215627194491,-9.758348103293488e-06,-0.008690806027055995,-0.0016973918765892972,-0.0023120799350603628,-0.002312077852319048,5.087647590892733e-05,-0.008690806062724599,-0.003685906959907798,-0.0008652741085400062,5.087647423396031e-05,-0.002368772760688515,-0.0023350576069658137,-0.0003675327343916309,-0.001548437916344326,-0.0013963247019115343,-0.002846236100666878,-0.002898325737709099
2022-11-08,0.0077461532383601844,0.0039553371814571425,-0.01221856247284594,0.005136820702585395,-0.001619876914127924,0.009238943077617924,-0.012218562281155351,0.00786393864235182,0.0027299834304812566,0.0027299831374523564,0.0077461532383601775,-0.01221856247284594,0.001446383124394655,0.005928079566936634,0.00774615323521324,0.004523196767542473,0.0042018481431736485,0.0068095502231113715,0.007470132448463967,0.006695713620109381,0.007315958406735122,0.0032647246089586865
2022-11-09,-0.013130698134359433,-0.0035233077040169756,-0.02331999056050829,-0.01009493719461402,-0.011940335868720642,-0.011670379378274089,-0.02331999032298027,-0.010218015931098771,-0.014815719890042324,-0.014815717680885451,-0.013130698133190061,-0.02331999056050829,-0.0071730414951009635,-0.014337723223545316,-0.01313069813619864,-0.012565775447935057,-0.01294002404318173,-0.013011661907795551,-0.009642157727292612,-0.007948002355668768,-0.00269394562590121,-0.003763476944372052
2022-11-10,0.04252073565742791,0.024086588698285335,0.009003721802335897,0.03511846474095287,0.02217561344036772,0.04646534928417037,0.009003721808549258,0.03720123092681929,0.03400330730242462,0.03400330727734573,0.042520735657427894,0.009003721802335897,0.022618842916253365,0.037537019849047226,0.04252073565019443,0.034314759972621,0.03399382296720553,0.04048622343572189,0.037181333568874576,0.035576319308077156,0.026112503295990307,0.02369572956685966
2022-11-11,0.009072578480714886,0.0023193453125515185,0.018915711266531327,0.009695933721888516,0.007341546520099734,0.01021209765572189,0.01891571091627815,0.0054109404809238116,0.010269088484157677,0.01026908841280552,0.009072578480714886,0.018915711266531327,0.00410062675074182,0.009233505715419081,0.009072578481095689,0.007671374499770176,0.009243155760034982,0.00889947528465337,0.007056676906169966,0.005785234964368627,0.002692399476031812,0.0020644019083601393
2022-11-14,-0.0071717659684167765,-0.004673778114205351,-0.01502619409816868,-0.007005303572957017,-0.006970277529589418,-0.007422998738112343,-0.015026193781668858,-0.006151494929755963,-0.008343090939099268,-0.008343091221718925,-0.007171765968416778,-0.01502619409816868,-0.005920437451521767,-0.007358812487152419,-0.007171765968737934,-0.007775136914063997,-0.007989738922310294,-0.00715161712453404,-0.0061597925662866876,-0.005927795776419361,-0.003723132047670434,-0.004960073746050035
2022-11-15,0.00888588103461952,0.008552616279582427,0.0115785969870709,0.013478919156765122,0.008403523634809982,0.01156107587570374,0.011578596770077318,0.007003170297877246,0.009251304242837748,0.009251304752588872,0.008885881034619578,0.0115785969870709,0.00829293480944039,0.007801243305847738,0.008885881033281137,0.00821302609694597,0.008791685891875387,0.008837645294638565,0.009161325585909647,0.009388333771877555,0.007006302266176456,0.008568697575201654
2022-11-16,-0.003924449671346077,0.0024961834177845226,-0.01119039098392972,0.0022036006733034052,-0.0028963361147579456,-0.00046460450777478096,-0.011190390897477953,-0.0008707240763832539,-0.004722605143640457,-0.0047226830353178,-0.003924449671346075,-0.01119039098392972,0.0005193016437827886,-0.005352741202089483,-0.003924449673211723,-0.0030860273187177474,-0.0031435893282425144,-0.0038216383156872637,-0.0007729299486240585,0.0007954085892145865,0.0028491810714038556,0.0026200350838739474
2022-11-17,-0.006929939981248761,-0.006711618962412164,-0.01682708609199374,-0.009457018935659117,-0.009308460496128847,-0.004303282183368756,-0.016827086001373708,-0.00802269083676408,-0.00910927458633318,-0.009109273830341281,-0.006929939981248761,-0.01682708609199374,-0.008138429363570798,-0.008172828434178093,-0.006929939983040569,-0.00928329575819256,-0.008535515379611978,-0.007167792032736767,-0.007168083506505497,-0.006147986678575885,-0.006752826193795396,-0.006768712651419379
2022-11-18,-0.00020312912203858423,-0.0026361910948321543,-0.007128611384168285,-0.005099869206884176,-0.0033186758091021794,0.00013410439732605413,-0.0071286113327887705,-0.0015064954990606238,-0.001998039614216057,-0.0019980391160863906,-0.00020312912179140143,-0.007128611384168285,-0.002826431982407139,-0.0007209914556274391,-0.0002031291229494164,-0.0016641019707301016,-0.0017809553508832843,-0.0005146837907449436,-0.001434265869132371,-0.0008873757378645602,-0.0029623085970833136,-0.0023596226223983516
2022-11-21,-0.003730536811643838,-0.0013968703902833863,-0.003583496834689751,-0.0024524787949381367,-0.002087999123526233,-0.003100847988649328,-0.003583496839547094,-0.0026335635303154923,-0.0034769465694686084,-0.003476945875859144,-0.003730536811643841,-0.003583496834689751,-0.0014310101272933993,-0.0038067186265583865,-0.0037305368116951508,-0.0028456184773255327,-0.0030589159946320904,-0.0035662830428320772,-0.002882514899524698,-0.0025409019879061197,-0.001980490554507047,-0.0009642177558878615
2022-11-22,0.010001205117149178,0.0061945033757390845,0.010317486322605885,0.011321473402172813,0.007421613308643419,0.010312123706883922,0.010317486298715288,0.009744971689785623,0.00982391999120013,0.009823919193411171,0.010001205117149175,0.010317486322605885,0.006865609621375489,0.009623874983113203,0.010001205116674614,0.009603952897367436,0.009699450591010931,0.009743245936298602,0.009169877015136194,0.008559282255461504,0.005997361052340345,0.00659407871879561
2022-11-23,0.007177607468828219,0.004015267525246988,-0.013913958558545275,0.006522305181008483,-0.00103078329543755,0.009554397606432612,-0.013913958439203206,0.006903506448824041,0.0022058465367545185,0.0022058466133846885,0.007177607468828221,-0.013913958558545275,0.0014895109648205217,0.0047149146748865925,0.007177607465323725,0.002990900339597076,0.003867526849082168,0.006356768392401644,0.006866641078886487,0.007146363160064431,0.004814345691274377,0.003639208455155074
2022-11-25,-0.0004852448537176771,-0.0015475670469343025,-0.008846000748007824,-0.004619096245165474,-0.0033998890415129043,-0.0008677588478351617,-0.00884600067451623,-0.000251226828929063,-0.002212967420743624,-0.0022129674632465996,-0.00048524485351632664,-0.008846000748007824,-0.0024355028294805237,-0.0009901086931460772,-0.00048524485450400447,-0.0013876334563710853,-0.0013675272446152544,-0.0007767092724971997,-0.0007346093898804539,-0.00012813979803901677,-0.00038453865437270524,-0.0016382654547213542
2022-11-28,-0.011361994790186066,-0.0031423214663999295,-0.006076544566961158,-0.004300509835294214,-0.005912678614325086,-0.006829320160783397,-0.006076544645458514,-0.009893473327899553,-0.009106805889904552,-0.009106805082035924,-0.01136199479071841,-0.006076544566961158,-0.004418476709487808,-0.011462877445645565,-0.011361994790142618,-0.009350056820894612,-0.009396432749908333,-0.010817063172599967,-0.00864273216355778,-0.008235005536762763,-0.0038903230639217505,-0.0034977462191879485
2022-11-29,0.0031506315050446234,0.00044052204949141774,0.012919038737119753,0.0006218620291924765,0.004175518956931707,0.001454263412845604,0.012919038665391173,0.001593158728290649,0.004318552943677663,0.004318552881399518,0.0031506315050731024,0.012919038737119753,0.0017810621270788812,0.004322450418827527,0.003150631506580592,0.0030899393636032416,0.004297538564574099,0.003253120250233331,0.0018204683332832686,0.0007477027836548854,-0.00019984044156687243,0.0004959377807562451
2022-11-30,0.021848959790560063,0.012323361068922649,0.022214265829223426,0.019587713338311923,0.015134192359448854,0.020008270746836542,0.022214265808010072,0.018212080900205884,0.020654659783703656,0.020654659763448206,0.021848959790765447,0.022214265829223426,0.013346837945669671,0.021550523911235984,0.02184895979018217,0.01853811250974414,0.019099884563463676,0.021177483047448948,0.01826001024975525,0.016203473999647694,0.011818976756606129,0.012440498394357652
2022-12-01,0.007794469743359227,0.007609909018024299,-0.005113056202457412,0.012553039411798712,0.004451041972281187,0.008665283310742013,-0.00511305599086238,0.010240284323147913,0.005435657281289251,0.00543565706396215,0.007794469743936896,-0.005113056202457412,0.005950747745967007,0.006586631058223956,0.007794469741842917,0.007231072907035828,0.007221454013680492,0.007460126966251423,0.009459502302268039,0.009309360427560903,0.010124984962401478,0.00720315873332119
2022-12-02,0.001386935368698682,0.00024363386393891763,-0.010703875095215299,0.002360379796165409,-0.003215838561422821,0.0021662312409158613,-0.010703874915251597,0.0015241011445008936,-0.0009563891842282815,-0.0009563890481362608,0.0013869353690381453,-0.010703875095215299,-0.0014782293492351085,0.00012487563541413275,0.0013869353670573738,-8.54443089884898e-05,-0.0002073208204460687,0.0009266579756865329,0.0014527069277571612,0.0016042249474051034,5.50964784483631e-05,-1.5635233886257104e-05
2022-12-05,-0.01803106900612426,-0.011605586990896054,-0.026248058783368892,-0.017602853218051856,-0.015546672651693093,-0.014395289624140927,-0.02624805870635584,-0.017870398949116968,-0.018805271570696,-0.01880527144314724,-0.018031069006507097,-0.026248058783368892,-0.013452350811584201,-0.019225689492315873,-0.018031069007689242,-0.01869356247760093,-0.018532181001283832,-0.017782629370681147,-0.0163503583024866,-0.013921509239061833,-0.012233558110127734,-0.011551410672076157
2022-12-06,-0.004733533082426834,0.0016593967088062251,-0.016086215325467935,-0.002054609369155612,-0.0032813309283859205,-0.002076291694032101,-0.01608621505796976,-0.0019290460056606718,-0.005415322819004545,-0.005415323023419715,-0.004733533082457756,-0.016086215325467935,-0.0009145773545481033,-0.00543089826265238,-0.004733533083319028,-0.003296774825612448,-0.004103988705349613,-0.004588312867022742,-0.002064762311917615,-0.0009169435215745721,0.0026568255802379053,0.0011690560469726887
2022-12-07,0.004652463307553221,0.006267183681825152,-0.005002154243439505,0.00723874807262752,0.004140759072392805,0.004992804094698825,-0.00500215404938166,0.0073366738171266105,0.0036441917031890536,0.0036441916039367164,0.004652463307401291,-0.005002154243439505,0.00542839129053843,0.004429113379842442,0.004652463307238362,0.006115498531587947,0.004766543087093575,0.004601292884037178,0.006226868787532082,0.006685929902486546,0.007329510549083431,0.006394220376383744
2022-12-08,0.004145899863219147,-0.002980875063917838,-0.0016729300047704572,0.0014231726290053696,-0.002072558775372292,0.003339672979797488,-0.0016729298528842824,0.0020320575138182096,0.0018419988654083783,0.0018419976175746634,0.004145899863572526,-0.0016729300047704572,-0.0030988190923259672,0.0032040053925160876,0.004145899862032367,0.0015466080954961428,0.002149538408389668,0.0035240539993600037,0.0019048300775949573,0.0004323612056993208,-0.003107534333851925,-0.0033193357449640714
2022-12-09,-0.003700328073510333,-0.004671842566036115,0.0012549597996373727,-0.011472649283647543,-0.001309186121811955,-0.0066393226255703494,0.001254959911618055,-0.0024552546627488957,-0.003235351327366325,-0.0032353536704074768,-0.003700328073888444,0.0012549597996373727,-0.003439113649313371,-0.0021172457995412594,-0.0037003280715267144,-0.0037261206420506933,-0.002860391956074676,-0.0034612138783404953,-0.004582444444566151,-0.0038832295655311534,-0.003916632078845212,-0.004353744380778712
2022-12-12,0.003521194264900673,0.0006198171352915286,0.010810848109111542,0.00527830847350424,0.0018767080564755507,0.002692640195149359,0.010810848102737513,0.002095926179274398,0.003746995868113151,0.003746995921536062,0.003521194265009605,0.010810848109111542,0.0016456795018741656,0.003432898274501295,0.0035211942648012856,0.0031732967017145492,0.0032241005901015663,0.00335674564405816,0.0021985936246513346,0.0012786311318997725,-0.0009180621223463228,0.0013329689066216923
2022-12-13,0.01205196552357657,0.010038298600032504,0.01640742469012443,0.011806584657205339,0.012649603373559226,0.010568875625114032,0.01640742461733966,0.012579903412071668,0.012542440462159205,0.012542440177652894,0.012051965523754725,0.01640742469012443,0.011114942949440423,0.012768164042310997,0.012051965524495377,0.012525528268577116,0.012877614220183228,0.012111729308574834,0.01177228876384558,0.011117709393278108,0.010903357306154372,0.010065602128529628
2022-12-14,-0.0008428828172052113,0.0009491137112848133,0.007700090107125652,0.0030104552185512296,0.00038876469925104795,-0.0003200353398101685,0.0077000901030356205,0.0005642903641826146,0.0007998097427456918,0.0007998097746588547,-0.0008428828171637688,0.007700090107125652,0.0007006992028198574,-9.002678638113138e-05,-0.0008428828161690257,0.001177046777544577,0.0010796764628976134,-0.0007197180655595852,-2.0239101795122916e-05,-0.00047083663035288683,0.0007070010192627377,0.0006599959720176472
2022-12-15,-0.016693191791391636,-0.001963254194841033,-0.012185377515461162,-0.010722262524556658,-0.006399894067759953,-0.012032912303840987,-0.012185377520126845,-0.013362935876970492,-0.013698036183108976,-0.01369803489639114,-0.016693191791727343,-0.012185377515461162,-0.003275276604629067,-0.016531924604731255,-0.01669319179114753,-0.012038711467276385,-0.01377839909526857,-0.01566386201902847,-0.012104837999737137,-0.009147017564519465,-0.0034355582894570347,-0.0011395363055948155
2022-12-16,-0.006111600329380903,-0.003610307140148126,-0.0127495135137405,-0.009224080078281384,-0.004292819320645175,-0.006680195734881508,-0.012749512845084646,-0.005999582512540753,-0.0066065180459507255,-0.006606508208247331,-0.006111600329380898,-0.0127495135137405,-0.004375231466825988,-0.005911058305014394,-0.006111600329103019,-0.006745787145883555,-0.006489790589828512,-0.0059297222285073295,-0.005196628009332874,-0.004487968488309953,-0.0020519410685210923,-0.004349704978361684
2022-12-19,-0.008061111453691849,-0.00643401292453885,-0.001875579123983264,-0.009142259339464158,-0.004677539361248968,-0.00936227046247686,-0.001875579129503418,-0.007433109861060623,-0.006830191274071986,-0.00683019126909927,-0.008061111453691847,-0.001875579123983264,-0.005782615597471351,-0.007195560473402425,-0.008061111452600401,-0.00743349851979848,-0.006788941531559935,-0.007722754244447561,-0.007836556472178218,-0.007471749910433419,-0.006334867169350569,-0.006622049363004316
2022-12-20,0.003689258750013076,-0.004277601487191383,0.004578634010831389,-0.005016703639749519,0.0025656521387783238,-0.0026434512117406227,0.004578634036264682,0.004595107363002424,0.00410510022926183,0.004105100142963839,0.0036892587500130724,0.004578634010831389,-0.0013906854470813015,0.006382323866746587,0.0036892587534526813,0.0023361171713749676,0.004610266717579873,0.0035768980888896,0.0011973777264957853,-0.0009759484724757774,-0.002068422877659631,-0.004727808756136612
2022-12-21,0.0070830656025935804,0.004072405279687604,0.012791430588370914,0.007647289947444003,0.005048376426643058,0.006272409727372751,0.012791430557533076,0.005220833136197162,0.006600391050190095,0.006600391049549611,0.007083065602590544,0.012791430588370914,0.004867494074348607,0.00655782584945012,0.007083065601881747,0.006418250189615525,0.005956952492325374,0.00687959668499853,0.00585446370132061,0.005802651594834557,0.0028949336397918815,0.00454175936266541
2022-12-22,-0.009032093185641512,-0.0034224281168462162,-0.012791430597798425,-0.008486034178817789,-0.007994824112574715,-0.005975274152085279,-0.012791430599710106,-0.007777220004207506,-0.00939859528462616,-0.00939859475962067,-0.009032093185641493,-0.012791430597798425,-0.005402170347747403,-0.009826672427750285,-0.009032093186663984,-0.007734179265045519,-0.008313979149327633,-0.008928366278334831,-0.0071655947772156225,-0.005659799181092801,-0.003895013548142656,-0.0032781422238413317
2022-12-23,0.0023327184314073986,-0.0007088553041420423,0.01810737770232795,-0.000606583832112058,0.004525723661777026,-0.0007586052622077114,0.018107377682582877,0.0017902888772226516,0.004122565293566132,0.004122565255248554,0.0023327184313983143,0.01810737770232795,0.0020606250061185084,0.004360188178598332,0.002332718433974907,0.002834159238826201,0.0039289985221440255,0.0025520189544443604,0.0010198642264331657,0.0003875398711121029,-0.0010238217930298378,-0.00029572077707771746
2022-12-27,-0.0025556318295350557,-0.006020723730809978,0.00893220093772139,-0.005227571161265445,-0.0004073166800028157,-0.006995427939334976,0.00893220093420986,-0.002816305750924098,-0.00016082438091201263,-0.00016082558650505193,-0.0025556318295350553,0.00893220093772139,-0.003886927261998953,-9.992369369602144e-05,-0.0025556318264083394,-0.001982942308047484,-0.0001635418688202119,-0.0023408003145818316,-0.003680391899282571,-0.0052741607807806935,-0.005087915519311248,-0.0071101777448296394
2022-12-28,-0.011338874134282162,-0.0062066111659057135,-0.011382231381086119,-0.0098225755081294,-0.007727511213838429,-0.010867966549637906,-0.011382231387411746,-0.01003291734073515,-0.01012735094221491,-0.010127350893489762,-0.011338874134298517,-0.011382231381086119,-0.006717682489778195,-0.011574880217964774,-0.011338874134584953,-0.01010240445677427,-0.01091525427908257,-0.010977737842237788,-0.00945162322836467,-0.008242129022980585,-0.0051565754856300085,-0.006251263301092295
2022-12-29,0.01407040647592641,0.006693215877611137,-0.0012271807104694942,0.010296219032134233,0.005435133141939988,0.01575773416157968,-0.0012271806845514804,0.010992979856688002,0.01070815101507381,0.010708150998260758,0.014070406475926417,-0.0012271807104694942,0.005665088717655192,0.012016732466517268,0.014070406473257939,0.010310354079090821,0.010455991568885055,0.013206879142527765,0.011536802345901116,0.010546123150321447,0.006451343982145518,0.0066405717161662145
2022-12-30,-0.003729031304556787,-0.002143671393752075,0.008965048320497628,-0.004353738204063458,0.0026080490584884266,-0.005922375773607342,0.008965048304999163,-0.0028014495487947337,-0.0009495037692889791,-0.0009495036143198171,-0.0037290313045567867,0.008965048320497628,0.0005366958043034841,-0.001841752909833972,-0.0037290313021302573,-0.0025220598931949383,-0.0021810642945829157,-0.0030953232682522673,-0.003425082500117772,-0.0035615440421237496,-0.0017453867844770257,-0.0025298028023096803
2023-01-03,0.002224389298744419,0.004017049018004753,-0.02422620188663854,0.002278059900681654,0.000187937397966304,0.0050994374795490915,-0.024226201790486294,0.003446182468702541,0.0005215408444605449,0.0005215419279946186,0.002224389299033785,-0.02422620188663854,0.0015168999939039495,0.00014504146307805577,0.002224389296051829,0.0012631118591186377,0.0004616302638776179,0.0020207441086666084,0.0034566150875100328,0.004465970861472872,0.005778690886819817,0.003083721527112995
2023-01-04,0.007843141705529924,0.007369385744582509,-0.018033556539799118,0.005721378060769191,0.004421865792108874,0.009387155048355198,-0.018033556465703038,0.004062891773806423,0.005715650822623361,0.0057156508222903964,0.007843141705560249,-0.018033556539799118,0.004578034918446102,0.005316778037247764,0.007843141702234819,0.005258916992175263,0.004151136377179262,0.007501014114187819,0.0073864531805010875,0.008087706628527789,0.007880786291889798,0.006463520065979719
2023-01-05,-0.0094134433641269,-0.0023361023219420143,-0.005091331408943472,-0.003076651146227039,-0.006433059846893673,-0.005467559714613994,-0.005091331441568917,-0.007141491791805166,-0.009667278906245105,-0.009667278927016234,-0.00941344336413448,-0.005091331408943472,-0.0041019731455722444,-0.009899616613419886,-0.00941344336470325,-0.007221996735497572,-0.00831726915231719,-0.009115405012403575,-0.007129055980701056,-0.0058075214505998295,-0.0036536123036370544,-0.0019759344243100393
2023-01-06,0.020021797704520564,0.012957014512254138,0.005514287641016398,0.016669008044354307,0.014054582449628174,0.020563203984425106,0.005514287696666864,0.018192823645666267,0.018393279055770678,0.018393279046748784,0.02002179770478605,0.005514287641016398,0.012808076701689534,0.01895836650833971,0.020021797703193376,0.017869897084240274,0.017711220253478606,0.01942507617903132,0.018147400243288852,0.017481441749957298,0.014069652063503212,0.012481925852901598
2023-01-09,0.0032181460589075193,0.003751546991153574,0.011774822080237807,0.0071965423568240644,0.003941250806810334,0.004649963580931385,0.011774822023167606,0.0030659126702543785,0.0033960092141415744,0.003396009242964193,0.0032181460586443934,0.011774822080237807,0.004022351188799686,0.003079834732219164,0.003218146058752041,0.0035533714118534234,0.003758990277286329,0.0032904565336978006,0.003560510537040791,0.0033548475076246235,0.003171670906140875,0.0037407049981951082
2023-01-10,0.001251828789794107,-0.003842227031198598,-4.7756243404365145e-12,-0.004754634334566827,-0.0003882813060884872,-0.002409639167551359,1.4838433409240142e-12,-0.0011913085922152854,0.001225841750915219,0.001225841721988983,0.0012518287900831148,-4.7756243404365145e-12,-0.002743373864882014,0.001301552729007575,0.0012518287898086596,-0.0012048368188872932,-0.0006853345806959889,0.0010878177802058477,-0.0007816743416730256,-0.0011137741325722233,-0.003290471589997088,-0.004190872712139197
2023-01-11,0.010216677951472897,0.007144771508223019,0.017816859428521813,0.014159634040363394,0.005241812793063336,0.010063015047325853,0.017816859339672444,0.007309213852077433,0.008131313158805492,0.008131314724536542,0.010216677951824897,0.017816859428521813,0.0068214957707943774,0.009026474598666137,0.010216677950017232,0.00926340769358575,0.009632134152246567,0.009719191435631942,0.00946175432659895,0.008378326333482337,0.005838078120617585,0.007568183061871797
2023-01-12,0.011381174904537434,0.008053265633293876,0.008180051361052878,0.01250659368512437,0.008795256826112437,0.012542313204562559,0.008180051373668425,0.011798981490173117,0.01109044679697987,0.011090446780247355,0.011381174904537435,0.008180051361052878,0.008408405589562764,0.011023853557633771,0.011381174904123638,0.01115265828493782,0.01125299885041197,0.011122583096694932,0.011253987225465258,0.010478242031421649,0.00883930537122238,0.007863365394831285
2023-01-13,0.0036080683891886265,-0.001833544268774484,0.00972859952822324,0.001344587265882601,0.00475578102550811,-0.0011579509057786713,0.009728599540128453,0.003677106585606111,0.005273732575596282,0.005273732315832396,0.00360806838894489,0.00972859952822324,0.0009830695323840108,0.004857202077497793,0.003608068390727098,0.002982801899854214,0.0038569884217030757,0.003722839652820575,0.002197614148369403,0.0010457031022935764,-0.000851509527405638,-0.002322035072250056
2023-01-17,-0.0016179568635549646,-0.0025502244442826556,0.006834130649926084,-0.001468504933903719,-0.003212926360833997,-0.0025015034893307478,0.0068341305888895065,-0.002069459124852853,-0.0023166808966624784,-0.002316680770845422,-0.0016179568635549626,0.006834130649926084,-0.0024214860879219024,-0.001770612014087846,-0.0016179568637587096,-0.0016940172292891347,-0.0014313329969764875,-0.001777453813282867,-0.0020648678246393912,-0.0024085902185112334,-0.003100644830131976,-0.0022417601440780435
2023-01-18,-0.003921341762000826,0.007323362068624907,-0.010876284166816368,0.0035765970184967162,0.00025798129936637957,0.006321161912271559,-0.010876284162699361,-0.0003979662878246873,-0.0034842305448197974,-0.003484230491402298,-0.003921341762000824,-0.010876284166816368,0.004599451075199694,-0.0052294784555391854,-0.003921341763536909,-0.0011710433030070622,-0.002615464371438182,-0.0035034094558641046,0.00014036309000164298,0.002306533430954386,0.007388226585902053,0.007521433468705069
2023-01-19,-0.00019162401105077297,-0.000711226507176046,0.010074693858829083,0.00024434396581738023,0.0047308203224283325,-0.0024131759068968402,0.010074693858981758,0.0014164253759615013,0.002842678844169544,0.002842677367766751,-0.00019162401105136365,0.010074693858829083,0.00150081294919081,0.0017401228872706632,-0.00019162400865763022,0.0015352000010653225,0.0023409006837233244,0.0003006204222971364,0.0003744983781983752,-0.0003385127545808514,0.0005247848937109993,-0.0018950981871431688
2023-01-20,0.006267574536270391,-0.002701008864849413,0.005996366916687195,0.0005204169828732993,-0.0016483791302657382,0.00390805038791001,0.005996366890671811,0.001737362723902971,0.0036834129882654257,0.0036834129765831647,0.006267574536226926,0.005996366916687195,-0.002525065486361863,0.005138406339728733,0.006267574534807048,0.0018622235921998223,0.0032093855658186883,0.005475979169616781,0.0025438271748186637,0.0011606342858126273,-0.0036703534582672504,-0.002852684055814108
2023-01-23,0.0023488089579929276,-0.0014558534347543716,0.0023885843658998105,0.0017391578614603088,0.0004430930385833678,0.0034806127218890105,0.0023885843282265627,-0.0012975974253298193,0.002167606744148696,0.002167606398329183,0.002348808958063528,0.0023885843658998105,-0.0008001326373254676,0.0011307463695815786,0.0023488089564849763,-0.00035802577915979646,-0.00015083160835382037,0.0021582373660519708,0.0008059581222954273,0.00015166324665594503,-0.001431934140587207,-0.0016923522318240255
2023-01-24,0.002439666656583494,0.003349814932157417,-0.005582148335337755,0.004228537822009226,0.0020578156449705376,0.005048894828662906,-0.0055821483026628925,0.0034288179522143935,0.002371676235066079,0.002371676219788469,0.002439666656583494,-0.005582148335337755,0.0026325003648493177,0.0019262902463436412,0.0024396666559828666,0.002922299176359538,0.002443073577405008,0.0024014815554221974,0.003280998844982963,0.0033212734124196536,0.0038236350021606637,0.003173935749521691
2023-01-25,0.0023937221924123613,0.000635091607015914,-0.002802802965492072,0.0005934197692783915,0.0017021640989703822,0.0005691540469783305,-0.0028028029398756587,0.002976197555581998,0.0026174085614259473,0.002617407980306594,0.0023937221924123617,-0.002802802965492072,0.0009343995121829313,0.002408088984954675,0.002393722192419963,0.0023295092849166064,0.002202663502243579,0.0023245663830681633,0.002116184980725777,0.001849025001495848,0.0013792045819121614,0.0004615735600129523
2023-01-26,0.0032791047893013167,-0.0013084594634944911,0.004400772812219086,0.0027834703812625304,-0.0033046761748193243,0.004022210663673344,0.0044007727828585365,0.00020740080968254535,0.00039634012668322556,0.00039634079594708777,0.0032791047893013137,0.004400772812219086,-0.0022452413079179583,0.0022354615735283075,0.003279104788029144,0.0006318636049230022,0.0015021580665229828,0.002620726692889255,0.0012577534572704666,0.0005576351802250616,-0.002964638827271404,-0.001107453589504245
2023-01-27,-0.0009527021350645224,-0.002811183055301751,-0.011240490592886877,-0.004128868340955204,-0.0032889203787451744,-0.0009533759616508271,-0.011240490571904434,-0.0033522666937396478,-0.0016726701120267484,-0.0016726701068796946,-0.0009527021348586685,-0.011240490592886877,-0.0032896351001949153,-0.002181996509400672,-0.0009527021365822311,-0.0033670108306061144,-0.003393463142086003,-0.0011863239594325872,-0.0017896068892745364,-0.001870440997891676,-0.0022002797875083223,-0.002918990659465441
2023-01-30,-0.008921539022950278,-0.005118007955886414,-0.013002994558280738,-0.01011375716060875,-0.004947189142944225,-0.009674458780813378,-0.013002994527938188,-0.006450879046833469,-0.007602986219973042,-0.007602986203373506,-0.00892153902295028,-0.013002994558280738,-0.0050768360778422755,-0.00836445289249714,-0.008921539022281294,-0.007005228975810306,-0.007920659820972566,-0.008524104034949671,-0.0074479503214836,-0.006312364763117465,-0.00394834436785505,-0.004777647466258141
2023-01-31,0.009926257950393737,0.006399930444986673,0.01703203157009888,0.010149635200684327,0.006686565962882166,0.006573543943351776,0.017032031514953208,0.007956079581122577,0.008592050146592587,0.008592050492828145,0.009926257950113586,0.01703203157009888,0.007058441422806521,0.009754090340514728,0.009926257950188385,0.008338192553336688,0.009075604903431664,0.009602288751642577,0.008734965438058316,0.007783438171941791,0.00583847936841043,0.007040821899769692
2023-02-01,0.008933414522308083,0.006116854076775667,-0.019079126705634605,0.0045650161040947275,0.006219870219540826,0.01249157049733604,-0.019079126607656528,0.007005155773220791,0.007860506587040721,0.007860506504210999,0.008933414522480252,-0.019079126705634605,0.005163692229048483,0.007066534053578113,0.008933414520002158,0.005488429556784644,0.004811826309343796,0.008662060092031357,0.008017682945000592,0.008688308931925206,0.007608530511230345,0.005816456302859059
2023-02-02,0.0029555878592806635,-0.0007127332380745622,-0.007404453980725832,0.0013355856845847962,-0.007823345144891983,0.004387111161450432,-0.00740445400583296,-0.0029607762051969055,-0.0030222084848613817,-0.003022202205619823,0.0029555878592806522,-0.007404453980725832,-0.0036312158735479303,4.677451139923749e-05,0.0029555878557344798,-0.0018537663720082404,-0.0020358588739696403,0.001877694558863401,0.000475779074569829,0.00032232260298956615,-0.0027577427597349534,0.0006785349889785039
2023-02-03,-0.017126276556277076,-0.012891671337542298,-0.025508293985075856,-0.019426066654578907,-0.01781331507826485,-0.014145863169955782,-0.025508293975809213,-0.017223431001384796,-0.018755102963610507,-0.018755102911902428,-0.01712627655607657,-0.025508293985075856,-0.014449184844448612,-0.018263283849187475,-0.01712627655773718,-0.017632047974878207,-0.018297864256792012,-0.01719498040847585,-0.016546937388135178,-0.014841818435001642,-0.013541519075126733,-0.012707821995156172
2023-02-06,-0.007211032344376431,-0.006975736047819307,0.0029603650305947285,-0.005559276133414135,-0.003122393253018956,-0.009486390513930998,0.002960364989792395,-0.006019918995077931,-0.005519993237042903,-0.0055199934592471455,-0.007211032344220644,0.002889470233508185,-0.00517851070969549,-0.0062051449441205865,-0.007211032343160588,-0.006226814023720422,-0.0055806134261730585,-0.006802168435240683,-0.006595272038532781,-0.006707742183450794,-0.006378924684857961,-0.006953262045832376
2023-02-07,0.0049305225199812956,0.0011228249667566512,0.01882508536479227,0.005149814121181342,0.003323000533009944,0.003071388068222709,0.018825085270132047,0.004228952532698941,0.004225504204848448,0.004225504111920849,0.004930522519798319,0.017394165672699725,0.002414408282103746,0.005317649937196813,0.004930522520432296,0.00321328455196642,0.004956787511722195,0.004769770321284159,0.003369709332219491,0.002262731173938573,0.00019696528905016,0.0013560668130440795
2023-02-08,-0.003580373144542128,0.0015346975775935585,0.0020698871611452094,0.00011625572133840199,0.0004936947796542128,-0.0018696260372867567,0.0020698871544151012,-0.0013618758679112004,-0.0017224643956627952,-0.0017224643840918665,-0.0035803731445421217,0.002101746661695691,0.00086508227615165,-0.002770803385816325,-0.003580373143509018,-0.0008251963250033637,-0.0011494836311601849,-0.003172966352122494,-0.0016212514121424955,-0.001284560817443194,0.0017287172088818335,0.0016336848687976732
2023-02-09,-0.006807331131930406,-0.0051118784600679475,-0.00788877754229678,-0.007003306306019515,-0.006740914257446573,-0.004268629671724762,-0.00788877754228682,-0.0058411267001713015,-0.006900216178784701,-0.006900215996249078,-0.006807331131932794,-0.007893181759416678,-0.006038023272336318,-0.00687900157636924,-0.006807331132041538,-0.00637762668436068,-0.00619216535172024,-0.006800689444482023,-0.006599843799396508,-0.0063510373898255775,-0.005419430533559404,-0.005395576797276944
2023-02-10,-0.0016274618115852447,-0.003713212524821975,0.014073214139578195,-0.0028535465958599185,-0.0006812931023617991,-0.00532896797813932,0.014073214095771771,-0.0018840925501475902,-0.0002322700408151847,-0.00023227007518677296,-0.001627461811461869,0.013100797734339937,-0.0022495751451962016,-0.00029602935466005844,-0.0016274618099534057,-0.0014038721500911808,-6.237598553524362e-05,-0.0015328449406629002,-0.0021459795731472832,-0.0031846103663570376,-0.0038516673540188204,-0.0034306973668493767
2023-02-13,0.005567984314575585,0.0018881539059363284,-0.0020572021903729806,0.0062873776321935,-0.0004932433176516656,0.006659216931453439,-0.002057202181567647,0.0038144295361387196,0.003323775510477225,0.003323775558370821,0.005567984314524682,-0.002299502052043793,0.0007618564778498007,0.004223866318854301,0.005567984312909951,0.0035240779527813486,0.0034944580053088326,0.004961861551352861,0.0041960524490879305,0.0036286228910914348,0.0014102699364525522,0.0018892398583571046
2023-02-14,-0.0008940559186066227,-0.0024491010044565267,0.0032894235982883257,0.0008815777711851708,-0.0003185662526630856,-0.0014522853178791531,0.00328942358681259,-0.0008512906690433836,-0.0007514415001721608,-0.0007514414944935468,-0.0008940559185837086,0.0030867567114242355,-0.0013895667005168594,-0.0006881715412554406,-0.0008940559183321642,-0.0014533255595952745,-0.0009493670845549224,-0.0008365069520122685,-0.0012697952473097356,-0.0017416211952563851,-0.002433384063537287,-0.002428520214735768
2023-02-15,-0.003172195576317364,-0.0037977542972935656,-0.01073051906681819,-0.007163346115887703,-0.005561192547339182,-0.004956818432148765,-0.01073051905660601,-0.005566678390565785,-0.004315106558224003,-0.004315106524829062,-0.003172195576317365,-0.010429910846971502,-0.004395167493004585,-0.0038750359556190936,-0.0031721955772360247,-0.005309063401327135,-0.005660161792327944,-0.003411095273419546,-0.004314118102326358,-0.0038984967268957437,-0.0038966233597363367,-0.0037814763275072633
2023-02-16,-0.007209484617328375,-0.004169618678569879,-0.00290887961918952,-0.00931626455383606,-0.004310242223508817,-0.006867715617001304,-0.0029088796251967933,-0.006334019377600654,-0.005944674395018732,-0.005944673880540522,-0.007209484617646744,-0.002924977497146332,-0.00444163357867023,-0.006480919851922967,-0.0072094846164338314,-0.006201881478300328,-0.005953239179179487,-0.006919560377946419,-0.0065214378401669115,-0.006412861809030165,-0.003996069220375452,-0.004516210434052068
2023-02-17,0.0004157638879593484,0.0016903241130509625,-0.007518802308787688,-0.000347534921422392,0.0012235262994785819,0.00027735121236732783,-0.007518802286538951,0.0011729457325378606,3.693512144596102e-05,3.693538207943459e-05,0.00041576388791947046,-0.007117278195317715,0.0014755854399881546,0.00016418344908765306,0.00041576388764898983,0.0010366367078808417,-7.440813005994186e-05,0.0004965401291112714,0.0010976802810862326,0.001712343049104516,0.0026731262862057527,0.001955943902180595
2023-02-21,-0.013637647071178888,-0.0106773709683857,0.0012570053076142683,-0.012458925531306068,-0.008758710394222703,-0.01447526027837957,0.0012570052822673177,-0.011441496951130267,-0.011409501701737799,-0.01140950216786354,-0.013637647071178887,0.000782183062235743,-0.009803087670434339,-0.011942025568719969,-0.013637647069091857,-0.011629775302851985,-0.010670861724462417,-0.013149753403483266,-0.012511165549547478,-0.012812302680520997,-0.01049739015279278,-0.0106303661395218
2023-02-22,-0.0028573976887263227,0.0009569435758950127,-0.013066499036841189,-0.0011949740601928443,-0.0013353379364686594,0.00038769868202762927,-0.013066499015080498,-0.0024720480124822003,-0.0033722069001800425,-0.003372207461384149,-0.0028573976890472865,-0.012473185810054733,-1.2476665648057379e-05,-0.003968278608406832,-0.0028573976900789196,-0.002694557915804223,-0.004079672146265185,-0.0027051917135005555,-0.0018412724302473225,-0.0005515496876000402,-0.0002349950047715873,0.0009397752626778737
2023-02-23,0.00585258970613605,0.005367795841048214,0.007607783012263514,0.00785842509517712,0.005590208050179089,0.006283076732479317,0.007607783003934511,0.005987136564522014,0.005524281412969782,0.005524282827831083,0.005852589706136049,0.0074622477987529015,0.00586008393583766,0.0055806751179603925,0.005852589705809014,0.005939575426642968,0.006102977125963782,0.005826351540540352,0.005824834779780005,0.006093053138196245,0.004052267598083897,0.005508120312682678
2023-02-24,-0.012928003703010196,-0.006423082381284639,-0.0033740525427850402,-0.01246728300223322,-0.005780110130306994,-0.014978073139292291,-0.00337405255710453,-0.01111099592486985,-0.010617612951668999,-0.010617613142120647,-0.012928003703010194,-0.0034787697614353415,-0.005714474319613423,-0.011857996794245134,-0.01292800370170456,-0.011231430894124863,-0.011135765408985452,-0.01221321434573987,-0.011174613116117425,-0.009828667789600417,-0.0068008141477351606,-0.006043223222595883
2023-02-27,0.003864838963648386,0.003731157130896107,0.0008444890278538788,0.003442243164610678,0.004020576866872357,0.0026271297063302883,0.0008444890366942594,0.004502453555122531,0.003396175411786507,0.003396175324838032,0.0038648389635995446,0.0009297815724143149,0.003816091350189065,0.003791888447379691,0.0038648389635322763,0.003564626451651631,0.003814558618689882,0.0038804127539707827,0.0036000411752535304,0.003415189295571391,0.004000836773215633,0.003674171563876571
2023-02-28,1.2454954663137239e-05,0.0008200445765220479,0.002950566589186366,0.0016421541356128572,0.0014413097270802747,0.0006299154578819733,0.002950566580383753,-0.0003761983923065259,0.0009065184986065855,0.0009065185033175502,1.2454954663137672e-05,0.003078038547051152,0.0011508741557029233,0.00014410241278349717,1.2454954874735339e-05,0.00034990039801053685,3.2597588053211906e-05,0.00015534043190485098,0.0005660109040859223,0.0002150169072859746,0.0010412036103171999,0.0010621248499805458
2023-03-01,0.0003167625990646263,-0.0031345694077134357,0.017108651803895474,0.0020590188732876073,0.0015279552233606155,-0.003037307163413644,0.017108651749736418,0.0009946313236857758,0.0013987904388549504,0.0013987902550042304,0.00031676259906461633,0.016201346937807767,-0.0012239036339394235,0.001774869384512329,0.00031676260085263127,0.00029323473168243,0.0025850152645390378,0.0004378818614942253,-0.0003581901634796664,-0.0019301500287775071,-0.0036597668309822067,-0.0034050082872106686
2023-03-02,0.0012466116240987615,-0.002545634416875891,-0.003730468895933686,-0.003375867813438875,-0.001141180228338945,0.001739522451450712,-0.0037304688824034435,-0.0005458431422662764,0.0002569298060768933,0.000256929796569316,0.0012466116245279139,-0.0034791513544442172,-0.002131735280252208,0.0007661892943434,0.0012466116234570446,-0.0005579330286428977,-0.0002663528971967573,0.0010078324388549905,-0.00011734457709558141,0.0003317354408199742,-0.0030539451246773277,-0.002683452333008983
2023-03-03,0.014670220780090908,0.00931650995394203,0.015657347268239346,0.018655637249749436,0.011242349361288696,0.01566806542587425,0.01565734726149124,0.014293848148293976,0.014090008152213045,0.014090007269297801,0.014670220780203372,0.015657347268239346,0.010424788995530895,0.013986679129474763,0.014670220779207776,0.013576887092613303,0.01435620244575022,0.014327433638210683,0.013905195014271596,0.012586602399804218,0.009217714472265541,0.009417239716558716
2023-03-06,-0.00402096820339741,-0.0018967090092907926,-0.004917963653861195,-0.0052185985894266235,-0.0028022690405156868,-0.0030156799361013014,-0.0049179636530661645,-0.003142279773513889,-0.004267859653714256,-0.004267857120169776,-0.00402096820344907,-0.004917963653861195,-0.0023209870816890375,-0.004097782213406322,-0.004020968203526166,-0.0038712921321518755,-0.0038134370453926448,-0.003899098287109237,-0.0037576992853280648,-0.0029261764422234865,-0.002263478030935892,-0.0019466171962412154
2023-03-07,-0.014157832861128667,-0.004629247883016801,-0.02075627300314431,-0.009560370773200743,-0.012958584330509178,-0.005669406540831198,-0.020756273000419906,-0.011839298037796635,-0.015685582751113508,-0.0156855836120127,-0.014157832861198576,-0.02075627300314431,-0.008746522228075279,-0.01605590909000585,-0.014157832863783332,-0.014152570191523418,-0.014100928009845633,-0.014037908008066716,-0.011462712683241078,-0.009500057048793926,-0.005061943742551835,-0.0046652929968437305
2023-03-08,0.001705821714677549,-0.0015528965925654388,-0.0054679917730781685,7.712827595135756e-06,-0.00325965657325522,0.002231189703053211,-0.0054679917650871145,0.0006716955536400033,0.00023969251188956108,0.0002396924874198777,0.0017058217148244554,-0.0054679917730781685,-0.0026832800114767385,0.0009325628192885634,0.0017058217135154001,-0.00012230796731479263,0.0005833128722320432,0.0012092738858842718,0.0008014654251354363,0.00024437049530802695,-0.0006373688065604262,-0.001716198456617196
2023-03-09,-0.008527207195648447,0.0012698660636751712,-0.012306389864498193,-0.007517724041088125,-0.0009328850895996285,-0.008768004119915856,-0.012306389847084804,-0.0042030592171500795,-0.006475842722152227,-0.006475842702021181,-0.008527207196091575,-0.012306389864498193,-0.00037298018425678623,-0.008047701869084404,-0.008527207194885915,-0.005856371873547518,-0.006907292948858384,-0.007767774985043565,-0.005194261626650766,-0.003749107531884375,0.003839524620272241,0.000971096775705432
2023-03-10,0.00028824601952309997,0.01311679203722885,0.01061803245356412,0.014468303092428855,0.011647109813414389,0.002623937918060713,0.010618032443659753,0.0071422800627007135,0.005045687035485731,0.005045687071381585,0.0002882460196261538,0.01061803245356412,0.012198288239914574,0.0010029259777262099,0.0002882460209386534,0.0056310327407782315,0.0045871784181955,0.0014241323989122277,0.005779732996973153,0.0065166821240781,0.015408198020244845,0.012994856770173568
2023-03-13,0.0051526719328017145,0.006500075988353689,-0.006357336428431883,0.0014786741805048425,0.007392730707153442,0.005123237671713315,-0.00635733638479708,0.004610726443313281,0.006780689720333294,0.006780689703411657,0.005152671933086648,-0.006357336428431883,0.00660782945730498,0.0055390338617847725,0.005152671933355748,0.004183803709623858,0.003565792346532939,0.005376677810236888,0.00539379687084947,0.00469179379664284,0.009995296946944518,0.0061245195954808315
2023-03-14,0.002651980653005223,-0.005435840780127907,-0.012837126179261261,-0.00622740489752378,-0.005398276220700247,0.0017416429766833157,-0.012837126144431856,-0.001362644279201684,-0.0005808128238671091,-0.0005808128921707852,0.002651980653232906,-0.012837126179261261,-0.005876608069000568,0.0007100301056298837,0.0026519806504347594,-0.0023498380426351727,-0.0020958042723869144,0.0018469549656346773,-0.0007810887694971115,-0.0006510614161621391,-0.006437717105843006,-0.005474050901792148
2023-03-15,-0.004658404037729313,0.005470468085576557,-0.023530497415113726,-0.00272002430128175,0.0016382543121686742,0.000798904562990743,-0.023530497308408383,-0.0037475043715085197,-0.002994837502672282,-0.002994837666189007,-0.004658404037462541,-0.023530497415113726,0.0027054345189498957,-0.005895943568333627,-0.004658404039132173,-0.003641001323503785,-0.006459732159051971,-0.004028738202739515,-0.001516807605860892,0.0009066771626062876,0.006843921227821134,0.005153819466089499
2023-03-16,0.006738839222204241,-0.0029852698721647072,0.003081760532469139,0.003332151272986795,0.0006980407611976622,0.005831946448572131,0.003081760520601343,0.004176901805003811,0.005196557181572885,0.005196557037177109,0.006738839222485705,0.003081760532469139,-0.0015623872939400142,0.005633488719538911,0.006738839220762378,0.003593571331458654,0.004331084645022308,0.006134759376103585,0.0038401838666382547,0.00273765263068457,-0.004523201135958026,-0.002919382660852639
2023-03-17,-0.0005690498774469062,0.005944713289138278,-0.0030817605425269914,0.003924141348075571,0.012257343480288965,-0.0010800843040358467,-0.0030817604063764475,0.005317974899654592,0.006612418887601426,0.006612323552230554,-0.000569049877050979,-0.0030817605425269914,0.007341223075206399,0.0019176143102110571,-0.0005690498742674625,0.0037816193942416974,0.0023225611576797728,0.0007135894583266801,0.0026985189083527507,0.002802950020367605,0.010144167692458309,0.005080727888971799
2023-03-20,0.004539889418014079,-0.002599156422512037,0.003960385262798816,8.659058545898869e-05,-0.0006951810130089275,0.002812461203577211,0.0039603851675679294,0.0032061653252178383,0.0034112931245863266,0.003444344923199142,0.004539889417971357,0.003960385262798816,-0.0015695119703782192,0.004286520901325321,0.004539889417635527,0.0025098997849098146,0.0035708158770616644,0.0040163823749117785,0.002360903272272518,0.00028013648715707017,-0.0014068871765378014,-0.0026705948756424575
2023-03-21,0.0036201701331315646,-0.0022903410979738963,0.003507276163533941,0.0012723663958241213,-0.007759360466469788,0.00045585243441316546,0.0035072757024892077,0.0013682576210603185,-0.002382037228159448,-0.0020543983433482836,0.0036201701333566246,0.003507276163533941,-0.003989794544364527,0.0023738850092613175,0.0036201701314425984,0.0011658284490670108,0.0016433776104632612,0.0024822170731714282,0.0010717096555609867,0.00017639072722175613,-0.006317621203849847,-0.0017182114389494062
2023-03-22,-0.0016365767919701893,0.00876342538047617,0.0026223367912629626,0.005249603345661787,0.009846620564058843,-0.001758459274896222,0.0026223368670185315,0.005369214867270275,0.003159901486449087,0.0031598955423163674,-0.0016365767920610021,0.0026223367912629626,0.008387824955440777,0.0013411328515486511,-0.0016365767882144566,0.004926694389025098,0.003176019031310025,-0.0004882570563672843,0.002191926165592187,0.005271002040293108,0.010988502114757593,0.008360154318228143
2023-03-23,0.0032181831546804554,0.0027415782661980824,-0.0026223368012482364,0.0023863642013031493,0.004903231694928266,0.0037037375765998264,-0.0026223367333714277,0.003024573015146699,0.005276635157089122,0.005236667612631918,0.003218183154680459,-0.0026223368012482364,0.0027571997820921897,0.0036169500637328925,0.0032181831551633382,0.0033309764820387156,0.002923996626734234,0.0033866880087052354,0.0033117929591765993,0.0032016792134226266,0.005137396365902503,0.0018453029866529554
2023-03-24,0.002381167216732147,-0.00020794030277312265,0.004802329223253435,0.0024322845952477576,-0.004989246671787488,0.005866615735388534,0.004802329121297867,-0.00024335034979774777,-0.0010029502130182019,-0.0009220952056256657,0.0023811672170205612,0.004802329223253435,-0.0018194737804479958,0.0004945074053561276,0.0023811672143551317,-0.00024395211466085056,0.0007057952336879432,0.0016441258278801834,0.0014993178186415487,0.00010913235294445606,-0.0015128827672826587,0.00013621246039201735
2023-03-27,-0.0018549471106783593,-0.006454623238908349,0.01855504033955213,-0.004460152494427228,-0.00402745580267474,-0.0091596929941819,0.018555040206099292,-0.002372658113820609,-0.0024199201631525014,-0.0024199199692563813,-0.0018549471106783563,0.01855504033955213,-0.0038523638528578106,-0.00029934996153473115,-0.001854947108829739,-0.002002356227296225,-0.0005415928344554713,-0.0020721979798779973,-0.0038483647539147587,-0.005352615739739774,-0.008064419583776355,-0.005387768657201412
2023-03-28,0.0018237510472376298,0.000511188117668708,0.004691904408579522,0.0028469697000252114,0.003882740608296052,0.0017084409801015952,0.004691904416916563,0.002051573437839688,0.0034859928808175056,0.003485991453348903,0.001823751046938565,0.004691904408579522,0.0018437094245062203,0.00264775421615456,0.001823751048299533,0.0026556087999782645,0.0030887532579873863,0.002029650003343472,0.001908710231831134,0.0019436977432643527,0.0007415623443848178,0.0002353528002123019
2023-03-29,0.006483914396284995,0.0017086753219761224,-0.006403380059763881,0.0012639959550407344,-0.00036329830718328853,0.007025006171554403,-0.006403380006148442,0.0034943616947991033,0.002954458638545134,0.0029544588017072076,0.006483914396316926,-0.006403380059763881,0.0009218596388325894,0.004569245220445184,0.006483914393842504,0.0027060135565351883,0.00302320893540485,0.0057991931259381655,0.0042555378909165794,0.0034680941139759126,-0.00040705190813632576,0.002590523153232196
2023-03-30,0.007804657545564172,0.0036580280680136006,0.007254068211979793,0.007730845729540185,0.006617505011773295,0.004995874896356876,0.007254068252345086,0.00781745740974024,0.008055949551693852,0.00805595167670439,0.007804657545921696,0.007254068211979793,0.005039768107654406,0.008360844712513579,0.0078046575462739996,0.007169777208453411,0.00804676488205065,0.007685942292185084,0.006715656636616732,0.005916323987997156,0.0039061913019511913,0.003792717600722282
2023-03-31,0.009697303256455314,0.006892046759684361,0.009310300329516012,0.010457586181897481,0.00297633999329252,0.011318969440155912,0.009310300251215532,0.007844046075459927,0.005997755710844259,0.005997760647781678,0.009697303256579796,0.009310300329516012,0.0059271789936128074,0.008110959438534,0.009697303254536872,0.007264052549319909,0.007941447936780763,0.009025206930139033,0.008627432919953538,0.007518854688213161,0.004509367412559333,0.007555520891137592
2023-04-03,0.0030630657722279654,0.004397478844256715,0.01629445511559033,0.006797508775315212,0.005711690764676551,0.0017657381748633686,0.016294455021471463,0.005073402341453077,0.004856312104741246,0.0048563134180375795,0.0030630657723545456,0.01629445511559033,0.0054309381551865595,0.004204953441066413,0.003063065773627262,0.0056325702791127285,0.005407333020685997,0.0033279282714728234,0.004095592646453606,0.0042519814759090745,0.005517314355704742,0.004444195879202951
2023-04-04,0.0028014539651680668,0.0032657153380810985,-0.0012439738769008167,0.0025960829682792476,0.007492669739052493,0.0007661060384385756,-0.001243973716579061,0.006221101095740903,0.006247790972598904,0.006247795063001382,0.002801453965163018,-0.0012439738769008167,0.004185181931234131,0.005030745936424082,0.0028014539680309906,0.005172932162410403,0.004985622784763229,0.003270575542556509,0.003596202907963774,0.004026415624679303,0.006481585794559058,0.002762761318546428
2023-04-05,-0.0030267571382833927,0.0010733176671050735,0.003727468946564161,0.002458758867125495,-0.0005350202662455564,-0.0005707128873198447,0.0037274689053824407,-0.000936303073569624,-0.002090902772411729,-0.0020909028268493958,-0.00302675713828338,0.003727468946564161,0.0002780113515294569,-0.0024976452735747125,-0.0030267571375404557,-0.0006375759444409398,-0.0011186227234163838,-0.0027775834510796087,-0.0012835140383446583,-0.0006659180699001169,0.0023599339741175143,0.000831841608052607
2023-04-06,0.0015229882698034054,0.0010390287004334348,-0.002897951012531192,0.0018087953675115273,-0.002101215050899473,0.00240041581014452,-0.0028979510068754275,0.00022157271098213359,-0.0007169062481214855,-0.0007169078502911025,0.001522988269839007,-0.002897951012531192,-0.0003335596773555026,0.0004515521179536341,0.0015229882684132574,-5.826122040026449e-05,0.0002268662141227423,0.001160567937733117,0.000769250718409955,0.0004007459918358285,-6.59711338015412e-06,0.0012581685580883525
2023-04-10,-0.0017823773475838644,-0.006176024334437281,-4.735989378457207e-12,-0.006171928926425147,-0.005447526440307944,-0.0024502688800693007,-2.365059000495217e-11,-0.004064348256310055,-0.0030686230273011122,-0.003068622882952652,-0.0017823773475012356,-4.735989378457207e-12,-0.005391574280718991,-0.0022122789222293847,-0.0017823773481267862,-0.004096051225080524,-0.0031787762864679105,-0.002148892256856272,-0.003525079819604151,-0.004320186642271825,-0.007864381650830098,-0.005671500224867208
2023-04-11,0.002952861311621602,0.0011937305779139104,0.005375203761339634,0.0027093901260857325,0.003654463389655461,0.00302736367058038,0.005375203763237386,0.0029612446926126756,0.0037706526292095354,0.0037706526243727837,0.0029528613116190944,0.005375203761339634,0.0024212169040821203,0.003375975031102351,0.002952861312169883,0.00311692598180463,0.003586189790482033,0.0030230215194249873,0.0027416529831882476,0.0025362894200743964,0.0011690704896280247,0.0013282743372836944
2023-04-12,0.0005660420218361697,0.002292611678350474,0.007804525260464342,0.00125279823925331,0.0035231165801708573,-0.002289585604372877,0.007804525273268262,0.003605663162266702,0.002019092545524905,0.0020190927125011554,0.0005660420221585211,0.007804525260464342,0.003089832067340527,0.0024134616944825895,0.0005660420241225271,0.0028632060664292355,0.0030647182820069175,0.0008617494776696384,0.0011300494966667454,0.001323703341802302,0.0035846868179998216,0.0024869052565772093
2023-04-13,0.007676382076874523,0.0006117509069119747,-4.674038933682832e-12,0.0020597886085176693,0.006897181075906632,0.0005186212215914473,8.480762996672354e-10,0.00643237258394769,0.0087755492604311,0.0087297497483846,0.00767638207641754,-4.674038933682832e-12,0.0033370515868892826,0.008074299262543808,0.007676382077280318,0.006073729670001491,0.006212548015409574,0.007598461976777731,0.00561203765620239,0.004795719015940388,0.0005765022038146366,0.0008268989195162927
2023-04-14,-0.006991693867612109,-0.0038016981035432886,0.0012267678843766818,-0.005018457284324384,-0.009098902800778453,-0.007666119861577587,0.001226767805228501,-0.006572589934824983,-0.009488296563194271,-0.009300105311625428,-0.0069916938676121134,0.0012267678843766818,-0.005281217029604315,-0.007243547430908887,-0.006991693867983655,-0.0065676299051188715,-0.006671847581536402,-0.007202414760928741,-0.006707022967984163,-0.006199714570685612,-0.005742655286603757,-0.0034091471925428835
2023-04-17,-0.0005862343181320806,-0.004806870647928473,-0.00409503291379573,-0.005441167251515538,-0.00424098101085406,3.775560328033086e-05,-0.004095032930082439,-0.004670529805437204,-0.0017448077117158069,-0.001744807536461653,-0.0005862343180610556,-0.00409503291379573,-0.004557177188591468,-0.0021880256563372624,-0.0005862343201143141,-0.004254745508435008,-0.003323594482856878,-0.0009517089874042781,-0.0022744598506167562,-0.00354100928204318,-0.005706311078706703,-0.004828083309608436
2023-04-18,0.0018856888617565203,0.0013634759712524795,0.0020496126102274846,0.0023894651219653036,0.002257244792110666,0.0009882114199423527,0.0020496126247503497,0.0034146250990108257,0.0023285724022463422,0.0023285713190168028,0.0018856888619558673,0.0020496126102274846,0.00175518839284384,0.0023899489625448787,0.0018856888623871278,0.0029077536452201966,0.002741990323301512,0.001922844454791934,0.0021149979513232,0.002160636762245328,0.0022143621429880867,0.0013548578743228495
2023-04-19,-0.002941082226431783,-0.004142939771121101,-0.014020801189080237,-0.0053032878714383246,-0.005308246841781123,-0.0025474308064183998,-0.014020801110464937,-0.003781268346262182,-0.0039344264434557005,-0.003934426445875883,-0.002941082226425187,-0.014020801189080237,-0.005149011091771885,-0.003553745256482432,-0.0029410822271763643,-0.004491114362775824,-0.004531749235039056,-0.0031777986879667165,-0.0036149464429476655,-0.0041924967122076405,-0.003254554455392235,-0.004395681951438823
2023-04-20,-0.0012997025305387345,0.0022722850663565667,-0.008759174522305914,-0.0005315542299116297,0.0010860419768418937,0.0013551706715258895,-0.008759174459571547,0.0006061303435418348,-0.0003714925060380842,-0.0003714925970028759,-0.0012997025305387373,-0.008759174522305914,0.0009688297617495578,-0.001478158177382157,-0.0012997025307461092,0.000296823048236938,-0.0007744774645988735,-0.0010611280798006714,0.00010947322223153863,0.0011170895093414572,0.003859300031528669,0.0016992954583501475
2023-04-21,-0.001269832439217382,-0.0013228398336601187,-0.0020969796260158257,-0.0033496383068014036,-0.003881791668294909,-0.0033487815658903805,-0.002096980732532035,-0.0010797802010231044,-0.003446606658794746,-0.0034465980695075824,-0.0012698324388528601,-0.0020969796260158257,-0.0019399950481667869,-0.0016239705535743669,-0.00126983243969626,-0.0016596998022453706,-0.0018619584975836394,-0.0015310283621251342,-0.0017569744667879383,-0.0017977329211834744,-0.0023479950963869916,-0.0008002617656495176
2023-04-24,0.0023415061013475863,0.004335513569336947,0.007944855025484223,0.005559792957870742,0.00388294751358083,0.0025598647847043052,0.007944852748874022,0.004162429534073099,0.002782955125499245,0.0027829550970964474,0.0023415061013475915,0.007944855025484223,0.004380089939030463,0.002813360982093642,0.00234150610194004,0.004033656548041203,0.003715623114845041,0.0024956502425709107,0.0032312428007275846,0.003620979787940351,0.004650223135191862,0.004545603192849668
2023-04-25,-0.0070494341891814815,0.003342926110685107,-0.014261939440429562,-0.003697355190764144,0.0018739160784459678,-1.639597851831952e-05,-0.01426193856648249,-0.0025799759210544397,-0.0037631610161138525,-0.0037631607709826317,-0.00704943418918948,-0.014261939440429562,0.001701815241827843,-0.006908915597995108,-0.007049434188963719,-0.00259743171889735,-0.00522593958948863,-0.006157099162418736,-0.0034166066805285606,-0.0007117014104800531,0.005442207880066375,0.002788700215889926
2023-04-26,-0.0046585485944978765,-0.004698286535912689,-0.01532600140371951,-0.007164138674251778,-0.005659195143088731,-0.004598888312637561,-0.015325858259466025,-0.005766683493040768,-0.0049993707770365214,-0.004999369953102189,-0.004658548594518041,-0.01532600140371951,-0.0058507705498782175,-0.005149732129124766,-0.004658548595111035,-0.006105498477693651,-0.006197078595904162,-0.004758613249356962,-0.005211059228070898,-0.005051616504487927,-0.004438711460910159,-0.00505485223139444
2023-04-27,0.007891584437954083,-0.0023174583319350004,5.4098928738299166e-05,0.0022563200306663757,-0.0002451878992650895,0.00312708386452635,5.409924959344505e-05,0.003456912777688426,0.005120216281528001,0.00512021562111194,0.007891584437942861,5.4098928738299166e-05,-0.0011825502403993982,0.007257686070961658,0.007891584437102138,0.0033047760827714604,0.0048084735811437,0.007077907204232163,0.004384778964890317,0.001806955106670977,-0.0035309591410868715,-0.002125332646447277
2023-04-28,0.006056216627946125,0.006593291409669388,0.0002706158925722595,0.010037797093359006,0.0038857157018212535,0.009646933117705314,0.0002706161078771337,0.005187527855672982,0.0049644691020959515,0.004964469631399514,0.006056216627816047,0.0002706158925722595,0.005573941797287059,0.005309681067403217,0.006056216627019498,0.005097131680129764,0.005782228960734255,0.005839166535333637,0.006291659313036029,0.005948057991044142,0.006113944447268555,0.0064404800188602425
2023-05-01,-0.006657236021409085,-0.00913877618772188,-0.004501468248935862,-0.013618019568976333,-0.006514707147089792,-0.013812293663048935,-0.00450146934917902,-0.008182570834472252,-0.006735146548158409,-0.006735146634473883,-0.006657236021434213,-0.004501468248935862,-0.007857665003869144,-0.005746254515142621,-0.006657236020303743,-0.00763072902045068,-0.007660597539040698,-0.006642983133977156,-0.008428840222658508,-0.009007867892662289,-0.009555747080024607,-0.008724066160873494
2023-05-02,-0.0016514812690771354,0.005126709374378641,0.01911282169910203,0.0006968799834917543,0.007873412775870498,0.007018707658202509,0.019112820842805345,0.003325800462536049,0.004261119593743633,0.004260897558189658,-0.001651481269077118,0.01911282169910203,0.004592165597775744,-0.0017617805590824341,-0.0016514812691439743,0.0026279957675338058,-0.0006644430244491075,-0.0006989918645823661,0.0016285377051908695,0.0042032903593365945,0.009750495834810169,0.004109601477840909
2023-05-03,0.00043879061316615467,0.002450960013046191,0.00844333039346806,-0.0015544379541995706,0.004325553812561766,0.002670226987169364,0.008443330375173816,0.0014545890635847094,0.0028391494443536155,0.002743233348278526,0.00043879061316615185,0.00844333039346806,0.0025878523881052657,0.0004889063989245437,0.00043879061324322366,0.0018679201359320208,0.0004173818783526279,0.0008274669331057167,0.0012030670887001448,0.0017397524011865634,0.004901336221649944,0.0016474963463755544
2023-05-04,0.000558265001832604,-5.05965733302648e-05,0.007008337578931146,-0.001680367681388574,0.0027576384359449292,0.001368828460024763,0.007008397259818365,0.0006365360202367014,0.0024932851671375465,0.002132909981549387,0.0005582650018872129,0.007008337578931146,0.0008772005884608786,0.0017031737875144793,0.0005582650033523243,0.0008511016993001355,0.0017077693436662637,0.0007782023452438354,0.00035979194632343036,0.00047474636800598003,0.0005829315377811788,-0.0003002927059117334
2023-05-05,0.007468007118435567,0.0007775188652523065,-0.015576018441771417,0.008697098627688275,-0.006801071640608825,0.004148340110483948,-0.015576018148542651,0.0030218639504533467,0.0004961042300030451,0.0010145624978884016,0.007468007118435569,-0.01569775135543591,-0.0016851321634190944,0.0054378154729262254,0.007468007115818895,0.0020925320277698223,0.004847560013433267,0.006041099242531132,0.004640399645789176,0.0019228179622678573,-0.003854415560361676,0.00196948089734347
2023-05-08,-0.0024702955155207706,-0.003758817524503625,-0.0033999150776237437,-0.003437275790640403,-0.0010111394984192246,-0.006556303470075673,-0.0033999141567253757,-0.002947031987242042,-0.0014184440736805754,-0.0017295451620391992,-0.0024702955154259627,-0.000521639934369297,-0.0022482204761407137,-0.0017691613159152154,-0.002470295514649156,-0.002717238774298428,-0.0023436775676893454,-0.0023243799138106154,-0.0030774087555381384,-0.003379511637434831,-0.0037772885869026963,-0.0034397250750114825
2023-05-09,-0.0013826488862673358,-0.0011765831865727643,-0.0004258134672814282,-0.00198657122966872,0.002529870599269739,-0.003105353392112144,-0.0004258121656424786,3.476989769838125e-05,0.001150494789132986,0.0007368335988541414,-0.0013826488862673323,0.004232485023249927,0.0005206738950826706,-0.0006421401946334496,-0.0013826488852937133,3.382982832226346e-05,-0.00025954630841451163,-0.0009913969377136277,-0.0007310238689773694,-0.000305890541257053,-6.189191037535649e-05,-0.0012214101896014403
2023-05-10,0.0030443795906173543,0.005523756101002544,-0.007266545331686114,0.003886203285642766,0.002092189670298843,0.006805157578460991,-0.007266544171592541,0.0017681096583234386,0.0017022279053123916,0.002146201791215505,0.003044379590740214,-0.003634795055580662,0.0038167580214933912,0.001810971113670182,0.0030443795889798023,0.002333603088274787,0.0013699335764553676,0.0029491605985855034,0.003431678509240951,0.0038159940342958163,0.005095658650399164,0.0052310641945362306
2023-05-11,-0.005754163474180656,-0.00035385937529048075,-0.04879010689598548,-0.0021070479824500383,-0.004698081509708756,0.0011650203674765096,-0.04879010672587172,-0.0061486877436485905,-0.0063531607125375715,-0.0059976528303484645,-0.005754163474477309,-0.023796703934038703,-0.0028791043611289067,-0.008094949804598909,-0.005754163477214608,-0.005492105935614585,-0.0077606945353849875,-0.005648555277733466,-0.00405980184459239,-0.0030364677826417172,-0.0002333599453245164,-0.001085171459087093
2023-05-12,-0.0041975141339740596,-0.0057120563328855265,-0.0017115440998452442,-0.007044320675053712,-0.003383441831774834,-0.007622470738025639,-0.001711544131069051,-0.004116365593705064,-0.0037150477621764465,-0.0037150477734214137,-0.004197514133974059,-0.0017115440998452442,-0.004435293003121208,-0.004018835085725586,-0.004197514133777711,-0.003934544417845869,-0.0045888531735225144,-0.004116106903754136,-0.004595421087190842,-0.004871957501554376,-0.004859368448896847,-0.005228622087020409
2023-05-15,0.0035629936199275,0.0005505847766549387,0.0021389727988575576,0.0023894283095767456,0.0008196686188506727,0.0015083899844968033,0.0021389728279455826,0.0015797393040181446,0.002857203111350682,0.0028572009472943192,0.0035629936199274995,0.0021389727988575576,0.000666439343527651,0.003695418184912062,0.0035629936200812402,0.001209536915450554,0.003273641426709596,0.0032886611198198173,0.0022285506449744312,0.001226439395341713,-0.00040560728385243385,0.000583840357006667
2023-05-16,-0.00859386758620808,-0.005378047247280285,-0.012578168331257002,-0.006601269860242282,-0.008833614313391826,-0.009359121540224157,-0.01257816829148956,-0.007424274290160968,-0.009233406542648322,-0.00923340634393197,-0.008593867586208078,-0.012578168331257002,-0.007168658240980598,-0.008589188778177293,-0.00859386758622228,-0.007101349050751675,-0.008535506748788554,-0.008617842258926454,-0.007861915777911265,-0.007113355219552324,-0.005921695957983083,-0.0056259767109946845
2023-05-17,0.005752960525310063,0.00015975762896466264,-0.003467895134244323,0.00406526749313124,-0.0006237583101336643,0.00303740560415707,-0.0034678950250146006,0.0028422128468230056,0.0030080040397273884,0.00300800390097802,0.0057529605254492714,-0.003467895134244323,0.0006401745422649119,0.005194435231727516,0.005752960524626399,0.002316178660641181,0.004324811936000934,0.00511528864176569,0.0038381688219711403,0.0021665341937295805,-0.0009254590792532047,0.0006961013943121454
2023-05-18,-0.0021043263907021066,-0.004814818911653555,-0.013057794413949221,-0.004752576902142731,-0.006158564118255486,-0.006035965478977333,-0.013057793909644021,-0.004263851444157727,-0.004641036689721374,-0.004641036885337296,-0.002104326390483179,-0.013057794413949221,-0.004593726985639044,-0.0022173748208266907,-0.0021043263908874198,-0.0036438661978977233,-0.004082891331465906,-0.0025097501634574436,-0.0036738721037372405,-0.004525408341583054,-0.006031421366843126,-0.004330546567722922
2023-05-19,0.0006879630355355984,-0.0017990685129153825,0.009850156651737794,-0.0019398730337479887,0.0026958154736625947,-0.003050983110834298,0.009850156645821288,0.0014994527359776075,0.0014101705166559909,0.0014101711576393165,0.0006879630355355946,0.009850156651737794,0.0002879742264828412,0.00146504544013059,0.0006879630365022238,0.0012260886542880935,0.001042647404658521,0.0008887482793482974,0.0002706448046162349,0.00017862574572426773,-0.00012169135230336958,-0.0014098072703022783
2023-05-22,0.0015534771504519494,0.00047098901367962796,-0.002344243509036245,-0.00012593948105509023,0.0006246731105310393,0.002120355093122514,-0.002344243445845247,-0.0007593326326472028,0.0004393421286631806,0.0004393419571797414,0.001553477150943392,-0.002344243509036245,0.0010060624875683473,0.000981412793681113,0.0015534771497404927,-0.0004529651241134743,0.00043213041496453373,0.0014605967464598588,0.0008718892386031343,0.0006744304653084753,-0.0006626688893890301,0.0008464822028334399
2023-05-23,-0.005999393862542338,-0.0006221661320238699,0.0012000108475836177,-0.0020292918336979526,-0.0011989495659507365,-0.005069758152056706,0.0012000108432358807,-0.004238440021526467,-0.0037840507575311205,-0.0037840510181606983,-0.0059993938626687,0.0012000108475836177,-0.0011276674217875057,-0.005843763436783731,-0.005999393862330658,-0.0032572303755729138,-0.0046178192403514015,-0.005519349432883176,-0.003942988562909729,-0.0026011973801577442,-0.00039196144496613894,-0.0009956790327791435
2023-05-24,-0.008664303537214065,-0.0037831580571702,-0.008101176111912432,-0.005134822303028226,-0.0059969430848005895,-0.009050525506921548,-0.008101176112783262,-0.007406564374525597,-0.007701383352654594,-0.007701383185038573,-0.00866430353730531,-0.008101176111912432,-0.004807774097626718,-0.008449192654225784,-0.0086643035369465,-0.006360683703110489,-0.0075055582346537746,-0.008397567491972716,-0.007301481707182958,-0.006211072945122055,-0.004732593574441337,-0.0038971739330584043
2023-05-25,-0.0019229604371268521,-0.005660681037474197,-0.009664579047365857,-0.003826787911657481,-0.005679308407634102,-0.002817265211076437,-0.009664579033281825,-0.0030385706494366112,-0.0037451299336566696,-0.003745130474921811,-0.0019229604369286012,-0.009664579047365857,-0.0055758359871639525,-0.0020153730832506264,-0.0019229604372709376,-0.0024588633761062984,-0.0036524913176974724,-0.002298595234177577,-0.0033169284533191607,-0.004246073481685713,-0.0062170305419219285,-0.005822290949415309
2023-05-26,0.011244567552711603,0.004979719176257677,0.003987606249445464,0.012717707944880627,0.005029724148561578,0.008944437080615777,0.00398761204965716,0.00921744544717703,0.008727940325431682,0.008727939388280027,0.011244567552711634,0.003987606249445464,0.005182595545339244,0.01128701592005788,0.011244567552780528,0.008333380062024628,0.01037375709660452,0.0106230832122966,0.009338646398450726,0.007837953870641044,0.004265961955080557,0.005237275666618609
2023-05-30,-0.0010777921692033318,0.0031128063451183216,0.004524833097537638,-0.0031857168255019176,0.004161587876522498,0.0023180886363935596,0.004524833093846929,-0.0002831285950231823,0.0013867432036256816,0.001386743134526898,-0.0010777921691869348,0.005694190797043523,0.002894555952367493,-0.0014745841983846413,-0.0010777921697120115,0.0006573054818215783,-0.0022360120716470176,-0.0005538541646307501,0.00016996331055397183,0.0016191451801594306,0.004030996787738653,0.002169829458023992
2023-05-31,-0.0019763661555936337,-7.341275681355228e-05,-0.005702390479080632,-0.0017943742385115773,-0.00038394848710571455,0.0015122041489827327,-0.005702390464416884,-0.002003655749518835,-0.000556037214008093,-0.0005560373143787211,-0.001976366155658019,-0.0005613360807109743,-0.0007177894195006188,-0.002561189798725918,-0.0019763661563209256,-0.001295376137025326,-0.0025101460413273673,-0.0018171243887448417,-0.0010848912412329027,-0.00029280398007039063,0.0005366629370559405,-0.0005268679771336321
2023-06-01,0.010100924473865243,0.005592689488560319,0.007867103377394916,0.009710640564348403,0.006136844036074945,0.006403922120281948,0.007867103714878788,0.009976927720603658,0.008603089953703236,0.008603090044523915,0.010100924473835302,0.007867103377394916,0.00617021104514075,0.010494371896266338,0.010100924474341922,0.00908129368279122,0.010571845634986901,0.00970451643008621,0.008999908492036527,0.007965699488295869,0.005410069252749694,0.006063424482583011
2023-06-02,0.007065267892532518,-0.0017381764321071956,-0.014857275420708966,0.0017948009676640058,-0.0039052870728741086,0.00432974230459127,-0.014857275217727492,0.002705856482300635,0.0015372705780681345,0.0015372706897700057,0.007065267892467601,-0.014857275420708966,-0.0012196458617244285,0.006407995961765034,0.00706526789171036,0.0011686431505930532,0.0048128274760202185,0.005968212395991852,0.003692257607881085,0.0008678226115592796,-0.004412972258111728,-0.0011232139395123222
2023-06-05,-0.002623883446052104,-0.0005617699135368672,-0.007162788542142625,-0.0013825650740124174,0.001034645939223406,-0.0020450290736704676,-0.007162788450833021,-0.0014746359332372444,-0.001174682211974101,-0.0011746821533022088,-0.002623883445893284,-0.0005342327927734002,-5.553047870488165e-05,-0.002458431374095633,-0.0026238834458437734,-0.001828323157478005,-0.001988153417388823,-0.002258030507524554,-0.0018420668652954586,-0.001025633250103426,2.1421748872852277e-05,-0.0008363024859445087
2023-06-06,0.005945907004979929,0.001179851317738826,0.0037505872517190893,0.0034998275091298564,0.002629292493367345,0.004868748263089586,0.003750575615632124,0.004550888484247468,0.004406132004483846,0.0044061320256776944,0.005945907004946178,0.00241474627907979,0.002162226205904637,0.0055752349119687515,0.005945907004536391,0.003783212859632586,0.004853136681535962,0.005614245553818671,0.004833924438010532,0.0037114197425963886,0.0010796462177981008,0.001327271575025573
2023-06-07,-0.00499655018043248,-0.005706157974784089,-0.004404245061705195,-0.007150494841113126,-0.010312346321749894,-0.00040674060987747594,-0.004404245273987907,-0.008327685121835356,-0.006267269743431875,-0.0062672698526312805,-0.0049965501805851725,-0.008270567446419694,-0.008048578479255556,-0.0061538806429883505,-0.0049965501818837205,-0.007309567451057134,-0.006927575276718006,-0.005528129794564221,-0.006109967976539158,-0.007065477627231597,-0.00688184097452222,-0.005576242184875653
2023-06-08,0.008410468355243627,0.006197115524552557,0.011540179233680952,0.0077216610931484944,0.008662384972166592,0.004102022883947041,0.011540179179894179,0.007932013436293458,0.008533274130417124,0.008533274199838296,0.00841046835558601,0.01233799012515499,0.007244230931371166,0.008756301082720122,0.008410468355689319,0.008312309064431207,0.00836967718506355,0.008435660016935924,0.008140041061626597,0.00813961068235565,0.007583563117121526,0.005883343901775839
2023-06-09,-0.0011419496122760946,-0.0026754604998752984,-0.005997353144763587,-0.001972084280434656,-0.0009269937227806754,-0.00418817356554749,-0.005997353035468435,-0.0004540059760882264,-0.001821348353366191,-0.0018213482094531432,-0.0011419496122846327,-0.0043311843429088845,-0.0011570889028683553,-0.0006313056135252664,-0.0011419496115848715,-0.0013174565435880349,-0.00081615361113563,-0.0011204540233265522,-0.001462078182120426,-0.001096813717074302,-0.0031048811063720664,-0.0026221845705137123
2023-06-12,0.0018778581004445215,-0.0007520644286004342,0.004380021702191907,-0.0005364463051574255,0.001309064319761731,-0.002276684867031224,0.004380022123325157,0.0013707939401133963,0.0018071276533931382,0.0016801899302035831,0.0018778581003122807,0.005560764348084123,0.0007022615783216953,0.0031195052287056315,0.0018778581021164206,0.002012705250947686,0.0017800812658173744,0.0018209787223762413,0.0011370488278011695,0.0004858274031857719,3.570723826151051e-05,-0.0009567987389389563
2023-06-13,0.0024329771871798404,-0.002310245867793,0.0076544563348321945,0.0011795278048676622,-0.0005749190733258611,0.00032167558643995996,0.0076544562421697075,0.0024138294369010493,-0.0004480876968127748,-0.0004496185629762153,0.0024329771871847866,0.00821492719826682,-0.0013770251907297888,0.0032266902684627823,0.002432977188225928,0.0017656412743809707,0.002612985186689511,0.002132187561129271,0.0007415293444710141,-0.0006993146426227336,-0.0030827002499796852,-0.001611395133577219
2023-06-14,0.0030663368650701533,0.0013219448814835075,0.0072412439381951505,0.0051010368308359345,0.0015345036027183507,0.0039674961621903515,0.007240697700561184,0.0032252685680824473,0.0025307544019539663,0.0025110889660901357,0.003066336865270163,0.004295231069659357,0.0013132322124668173,0.0029217507098237712,0.0030663368648920324,0.0026200376472258853,0.0033177127047200753,0.00291315353883498,0.002921726428635727,0.0028534735012746607,0.0012095856780515123,0.0013155416881691566
2023-06-15,0.008310660339954506,0.008656642746639154,0.011845520444192301,0.01221405926652112,0.004497512017656857,0.010950000289496404,0.011845520415157925,0.00924856146392386,0.00810989161677299,0.008102413766988047,0.008310660340009119,0.00037896886785081783,0.006110004449216819,0.00826144749749172,0.008310660339902957,0.008507953451909463,0.009128273147265277,0.007929345507724742,0.008482309956602797,0.008290591199299426,0.008862969825684297,0.008711800340187998
2023-06-16,-0.001646015925690322,-0.0017556831315284948,-0.006312729250998329,0.000902771459852807,-0.0039813820712033005,-0.0006384527252115875,-0.006312729234307324,-0.0018904119170845232,-0.0023237582725904767,-0.00231074899490846,-0.0016460159255602827,-0.008223331404669167,-0.0028329491520028135,-0.0021724941282868573,-0.0016460159263802338,-0.0019648881016315098,-0.001550536781658138,-0.0018795525402416178,-0.0015969543229541832,-0.0015391434595119595,-0.0015616178135953941,-0.0011415842341743207
2023-06-20,-0.008693745089232135,-0.0005401368484530362,-0.0014326756990339796,-0.0038945054251985087,-0.004943464843856113,0.001058147304509525,-0.001432675973077425,-0.006168373588895817,-0.006394936173764795,-0.006394936219855105,-0.008693745089232131,-0.012910946278156383,-0.0027340843944548086,-0.009256567155652581,-0.00869374508993635,-0.00743557706024441,-0.007735197299450042,-0.00831871706469453,-0.006339451535854743,-0.004970805912028269,-0.0006917071973041411,-0.0006407879585075323
2023-06-21,-0.002094617121373842,0.0015815827288910948,-0.0137212685830136,0.001997107407584574,0.0009619044778022202,0.002309406827616713,-0.013721268258757604,0.0012723078077808874,-0.0012953519512175094,-0.0013071968414231816,-0.0020946171213411845,0.008111785393483666,0.001389760461794517,-0.001976518690758797,-0.0020946171212413863,-0.0001523474772944758,0.00031575952360206913,-0.0017889649614562352,-0.0007053980268340219,-0.000190845949060506,0.001966089774327259,0.0021405373099871324
2023-06-22,-0.006572401569672371,-0.006684315787602353,0.011729698436854726,-0.010201313432632505,-0.00654486481427864,-0.013812513146724005,0.011729697894934936,-0.0066893042605278025,-0.006417118555880352,-0.006516840955847354,-0.006572401569686445,-0.008760267462037893,-0.006486410634111832,-0.005584121917615321,-0.006572401568468341,-0.006130903644008477,-0.006709564997606093,-0.006569647894132999,-0.0071919231202130065,-0.007280807746215921,-0.007359189659829063,-0.0070693206143885925
2023-06-23,-0.006361915965162569,0.0002935923924602922,-0.009962926746486283,-0.0021402169490606854,-0.001255045215898213,-0.0017096552372219882,-0.00996292662075545,-0.005248628111639811,-0.003269196387813762,-0.003283640382037766,-0.006361915965162568,-0.017218719168487377,-0.0010821291917335702,-0.006902297421203405,-0.006361915965845298,-0.004403837597431375,-0.005870596323982966,-0.005851228890236135,-0.004094793819473457,-0.0024967889198934524,0.0010641822163302784,-4.262220539134843e-05
2023-06-26,0.002466668726023144,0.0018880286014846823,-0.01349633151570346,0.0009133105844861844,0.0014197222570085032,0.007895523381004398,-0.013496330985667887,0.0008778628650335922,0.0024671735676947215,0.0024306608086361128,0.00246666872596387,-0.0006708013179156504,0.001439543438388926,0.0012169424986628525,0.0024666687244975327,0.00014847875303702711,0.0008500839900602234,0.0023619740791216842,0.0022488841608864483,0.0021209076892350657,0.0019385353022407822,0.0018408843113635128
2023-06-27,0.004113569961097188,-0.0029928711105018683,0.01704837982485673,-0.0022575490912758265,-0.000854574066891531,-0.0022040377666233896,0.015680120350517475,0.0010139925302654342,0.0018298632575483188,0.0017745970457363853,0.004113569961029214,0.002680995133399422,-0.0010912362995441722,0.0042037420884422725,0.0041135699612089936,0.0007729963506606314,0.001812421553728405,0.0036167555582983673,0.0016356641509395124,-2.8291461750756233e-05,-0.004186594674790072,-0.003306912194589407
2023-06-28,0.0013741183039877917,0.0032132431161797973,0.0019495577819314623,0.0004259672375312993,0.0038913733263684935,0.0013605983301993429,0.001949557656028206,0.0017642040535344825,0.0021654796504768916,0.001849376592564117,0.001374118303987792,-0.0015710022713913462,0.00408118726045425,0.0015926591894745942,0.001374118304237794,0.001896658298005465,0.001524093217281907,0.0016258438062258618,0.0017686782899107184,0.0020284240320141396,0.002792783295804976,0.0032254196706745257
2023-06-29,-0.00232757805897144,-0.007004589644726222,-0.0014802692405535968,-0.00694661033148863,-0.005523784076896064,-0.003929411916408379,-0.0014802692929412925,-0.004735465797082939,-0.00472549973886822,-0.004263085125557306,-0.002327578058978026,-0.001274879662797374,-0.005622645585702065,-0.0024001294676604065,-0.0023275780590453856,-0.005212288857860248,-0.003836486617110617,-0.0026471986607639014,-0.003988942018205638,-0.004706604503610719,-0.006843370617781715,-0.0067930397429624145
2023-06-30,0.008305797227012208,0.003763480077959124,0.015516880608095529,0.009925076994068638,0.0041659979063152774,0.008615928512863925,0.015516880406747587,0.008252361746118361,0.0064669698729519325,0.006690208902207925,0.008305797227012204,0.01104805336995766,0.004071458983241877,0.00847450029161756,0.00830579722721155,0.00841364698243489,0.008519817070894112,0.007891817294942512,0.0075434436717321226,0.006875863592314728,0.003821051327129044,0.003845637117971838
2023-07-03,0.0013529979763668074,-0.0026666623256221132,-0.0029217110489431616,-0.0004499149002437288,-0.0016658617170367922,-0.00028094561003606344,-0.0029217109631123265,-9.308936224740505e-05,-0.00035709592153908894,-8.366801699449678e-05,0.0013529979763668124,-0.0008861118120066215,-0.0022418217472831084,0.001077970960645005,0.0013529979760485028,-0.0005050049115603709,0.0004156926917146937,0.001051112007026472,0.0002452346839132365,-0.000244886445449137,-0.0028412343201201637,-0.002785686013231644
2023-07-05,-0.0035130868615657917,-0.0030722669661545792,-0.01308917041404467,-0.002007035545017556,-0.004014173936173842,-0.001402429278753185,-0.013089170388689337,-0.005086427345833738,-0.0038839760145659595,-0.0038373688478643905,-0.0035130868615657904,-0.008279361047070985,-0.003391797420861561,-0.003792653025749628,-0.0035130868618988374,-0.003996009195810349,-0.004081656185038059,-0.0035631955690265966,-0.00382791064458859,-0.00414716926535404,-0.0029592642316635717,-0.0025589809581354154
2023-07-06,-0.01103115317083194,-0.007593841936537925,-0.007645140389638918,-0.009238612718751026,-0.006950831921385438,-0.008088219511936978,-0.007645140394526247,-0.010471686290248073,-0.01014537949912312,-0.0099214641165478,-0.011031153170831932,-0.010373668308471869,-0.007024185975113418,-0.010921241911997951,-0.011031153170707662,-0.010258942245388536,-0.010593531732566025,-0.0106231210458873,-0.010138684100866751,-0.00963251198719923,-0.006798148726973935,-0.007074705860944996
2023-07-07,0.004248895028873649,0.0008792080159660991,-0.0033253018072321116,0.0012832674825824493,0.002601164864670673,-0.00027211801906493736,-0.0033253017874958638,0.003790923327118497,0.0028119033178555103,0.0030309338620996616,0.004248895028984493,0.012330003836538544,0.0014152735946150747,0.004544533387790279,0.004248895029229656,0.0034609487452956188,0.00410395008638831,0.004084122012453356,0.003389686593976684,0.003067887515077853,0.0011289709368010408,0.001029488302155416
2023-07-10,0.0037032767433500726,0.0046007843032732434,0.00032719398778633746,0.0017043252710282368,0.0035293689762289178,0.0031229765334914545,0.00032719399618653575,0.00274366323172012,0.0039523780127958845,0.003923089625443965,0.003703276743350071,-0.0008336951343176073,0.004246449329023112,0.003551784201810027,0.0037032767431640543,0.0032151151035909663,0.002926581882082286,0.0036858859666379566,0.003558552682654515,0.0034291659846046787,0.004357223381450408,0.004599540527841041
2023-07-11,0.00654741127716138,0.004336265102381408,0.010705917802811604,0.007379564518969307,0.0038959443617646635,0.00846003638405797,0.010705917778307887,0.006422975679434293,0.005250761386204713,0.005295588332235284,0.006547411277161381,0.004199198582603772,0.004325515910916925,0.006185753219079642,0.006547411276734795,0.005629094530488419,0.006359984851886389,0.006282264585621717,0.0060278091139760424,0.0056428483344351365,0.004045386311643643,0.004624622906523876
2023-07-12,0.013654706528794636,0.00932063419947267,0.0069315643077112275,0.011571463973471452,0.00953049798526968,0.008782192097212229,0.00693157121489658,0.011855255512527814,0.012508719665171196,0.012659116450567017,0.013654706529716641,0.008754043481217947,0.009077173184616922,0.013835402098804316,0.013654706529010836,0.012073941756091885,0.012926141467727515,0.013242285674442151,0.012379661529593855,0.011832499864015614,0.009435347230078842,0.008844742793838468
2023-07-13,0.011212712775718565,0.00856184867883257,0.015560760893491978,0.01199034368547021,0.006693066882380853,0.010129106250187364,0.015560760936043267,0.009765675719419817,0.010322462218737439,0.00995494099470046,0.011212712775967233,0.01088319709313236,0.007506742442701712,0.011432555765585887,0.011212712775996014,0.011102282098683604,0.010936428359756237,0.010760748186384807,0.010096704182569837,0.008923245553664815,0.007742948659717827,0.00863399511138915
2023-07-14,-0.004817242317550135,-0.005772028593404169,-0.0002108949691045467,-0.0048124222358476845,-0.006478494921410937,-0.0055821505192538475,-0.00021092226144030771,-0.0058944612001449025,-0.004860224439802104,-0.004771785584317296,-0.004817242317547713,-0.011033895538255277,-0.0063601154071060255,-0.00485231406450702,-0.004817242317590137,-0.005668950243057816,-0.005372886383098567,-0.0049833675779362135,-0.005256045380150764,-0.005846396079803985,-0.005434243234289714,-0.005870896261322015
2023-07-17,0.0008874084630976675,0.0004661255034605849,0.009295206644824028,-0.0010758799133067116,0.001436395988338284,-0.00047277194003284104,0.009295206466440128,0.0002072123485038443,0.0011179978118209452,0.0010710108504452857,0.0008874084630976678,0.0006563042881562191,0.0010318377374491346,0.0014284111025293503,0.0008874084637648035,0.0008450817993644832,0.0006710858767166509,0.0009423072156217289,0.0006141974721248813,0.000398651368854568,0.00040553574213668603,0.0001392966371000199
2023-07-18,0.0056232891309976815,0.0028561841791965893,0.00814747399856842,0.006646111112694209,0.004764323420756703,0.0025793437574820753,0.008147474004036863,0.0056684013900712635,0.004277405703859089,0.00466717190943526,0.005623289131532117,0.011801656567171494,0.003945218044997748,0.006253319122652062,0.005623289131774919,0.006661639838968981,0.006308450285012088,0.0055373925599735835,0.0053149500035668705,0.004879166277926111,0.0039967143162024975,0.0034313045363559124
2023-07-19,0.003352145581062851,0.002900703524365462,-0.0002336378522961597,0.006029873272429641,0.0016562459328528765,0.004251692136696227,-0.0002336378386427613,0.0027371239578607414,0.003367540235032588,0.0032061265400499936,0.003352145581148911,0.000643218465091498,0.002169456342497498,0.002573060949483589,0.003352145580083194,0.003183281381171776,0.002822937883817676,0.003182555616241853,0.003553461183549625,0.003298591861886805,0.002821059854222676,0.0029977142040797456
2023-07-20,-0.008454789503535825,-0.005624577337702416,-0.023321485165802937,-0.008042057982228089,-0.007863068162922746,-0.0048701776828579575,-0.023321484921511718,-0.006792930870622087,-0.00830610830682628,-0.008164568657663025,-0.008454789504031304,-0.012547677227652376,-0.006452953281573335,-0.009125556961691452,-0.008454789504372739,-0.008401456470629622,-0.008046212500650327,-0.008395617369474515,-0.007655831157435377,-0.006816365807292667,-0.005647178955078127,-0.0052275573530035785
2023-07-21,0.00015877949558240078,0.0017919952066196264,-0.0030038181895677423,0.0011100832818273436,0.0006121049456069237,0.0016343084437415805,-0.0030038181502472405,0.0008400149554028307,0.0003601834049058427,0.000250121332939932,0.00015877949566165872,-0.0008292259493957579,0.001297604426007406,-0.00013356167901280345,0.0001587794952245145,0.00010689360750221178,0.0003370230592650718,0.00020411204058485297,0.00047012618180511834,0.0007671261321764658,0.0013003410577826923,0.0020048090044177615
2023-07-24,0.0014572998841835057,0.0007845490929772687,0.0015960398467134327,0.00474304624936695,-0.0015533310460134565,-0.0025120886758227177,0.0015960398421925898,0.0017760012876985873,0.00030364625711162114,0.00036279632389502807,0.0014572998841733936,0.0009705577229096011,-0.0008784356178922694,0.0007859360359014213,0.0014572998833826038,0.0010159695186252719,0.001673607295530504,0.0011562367911638093,0.0011737818215540226,0.0008919021508675991,-5.463402419321646e-06,0.0012063682643253595
2023-07-25,0.0021293263488270406,-0.0005897843603274982,0.0012792290112901815,0.002090440647646806,-0.0002596685336350218,0.0003835850453762057,0.0012792308094753055,0.0017415763305219747,0.0009287953333945898,0.0010084213695519617,0.0021293263488034314,0.000771166732559391,-0.0005413789070477924,0.0024726335936192233,0.002129326349248232,0.0016402254758438022,0.0021994987318031123,0.0018904268605808346,0.0014897138448613063,0.0013662802940839084,-0.00025292506209017033,-0.0005360240112675045
2023-07-26,0.0033316236457012855,0.0025160551774802164,-0.003332182055502494,-0.00013543522140442598,0.003855689585215114,0.0027018222750886684,-0.003332181841478216,0.002485590900119099,0.0033612959104177107,0.003429238642152229,0.0033316236453208,0.004101808911919226,0.003104124672451638,0.00324869940354684,0.003331623645584886,0.003397713910784551,0.0024840683207139865,0.0033840302396526667,0.003116416568674414,0.0032943206139845523,0.0026215707618030743,0.002241651922863651
2023-07-27,-0.01134510026684242,-0.009148245123811575,-0.00238661744951402,-0.011715672209042453,-0.006977024617910845,-0.009624486303293867,-0.002386617483724953,-0.00859552820407023,-0.01122852938041809,-0.011353098961759216,-0.011345100266907852,0.0044633118388365395,-0.008062248920589644,-0.010149682364492721,-0.011345100265266864,-0.010106566455594077,-0.00938056790182741,-0.010908292701949263,-0.011156095986036351,-0.010801683883697675,-0.00992096130526388,-0.008857143826630887
2023-07-28,0.008719878464273599,0.0047225306156116875,0.018050784010064644,0.008396230710305819,0.004958527221147697,0.005008671113945381,0.01805078387073723,0.008424108950738078,0.0070781008744566585,0.007274095772293343,0.008719878464273596,0.005820849376457368,0.004666319800061993,0.009475389110679801,0.008719878465270746,0.008342825176724668,0.009077548190398698,0.008343743339961008,0.0077580305139597905,0.007264456673052518,0.004461524723331249,0.004594580757961962
2023-07-31,0.0034437278513491758,0.0019033489689987996,0.0005212952448548649,0.0028874090144328317,0.00041345117847059,-0.0033536462577840203,0.0005212952560424177,0.0013260718229872932,0.002801093244585419,0.002858744471079311,0.003443727850952211,-0.003126582711705468,0.0012232594929488052,0.0030170858450029618,0.0034437278507698475,0.0026959944195692684,0.0022122400409237547,0.003140700184061318,0.0029010768901109006,0.0023607893177870886,0.0019527216024832084,0.001968933005118121
2023-08-01,-0.008426119705111403,-0.00566296318533554,-0.0023222775765448156,-0.00976380663257099,-0.007978645434245916,-0.012480037311858806,-0.002322277633457462,-0.008965268958604822,-0.007781404378462902,-0.007892938583640057,-0.008426119705111399,-0.011561732416521888,-0.00674365123508773,-0.008399043254742155,-0.008426119705039696,-0.009415171291943249,-0.00888945036982092,-0.008381372278024853,-0.008528386991913831,-0.008943248080848159,-0.006007348386197067,-0.005563212830605525
2023-08-02,-0.013203507476144728,-0.004653667566991649,-0.02218847055724707,-0.013657108787271246,-0.0069718152913157486,-0.003954348168572165,-0.022188470520407476,-0.012057460596694894,-0.009897757716416926,-0.009982082228893848,-0.01320350747619194,-0.016717616477148974,-0.005662817946922795,-0.014216903572991834,-0.013203507477486599,-0.013452833522214592,-0.013391184486806925,-0.012580338257661819,-0.011155942791265396,-0.010125025675780174,-0.004425699137402809,-0.004832157812171622
2023-08-03,-0.0043813356958759524,-0.003924801350046806,-0.0016038902221423659,-0.006210611899724081,-0.004324333285402979,-0.010616026477434932,-0.0016038902447914692,-0.004076813920036229,-0.005291557503866122,-0.004937528734470357,-0.004381335695875952,-0.0056256603920712125,-0.004232044642259972,-0.0036643620666461253,-0.004381335694956849,-0.004590907831908805,-0.003894957703513809,-0.004375635454828654,-0.004870995797484637,-0.00474690608784732,-0.003799472461854673,-0.0034650324009314797
2023-08-04,0.002985123072057185,0.008040307774348405,-0.004692767398813487,0.00618097585062404,0.007326889063827885,0.008334435547214138,-0.004692767362601829,0.005170625836311923,0.005257181831111203,0.004926271662724557,0.00298512307205719,0.008874647269721501,0.007695389197251545,0.0024679473114943835,0.002985123071366997,0.004646724067830696,0.004167316000171092,0.0034192996712342546,0.004822507629621737,0.006136215034762553,0.007968724761832904,0.007795457336876336
2023-08-07,0.000779399408141834,-0.0008913173662253856,0.008430991483107586,-0.0022606849360879214,0.0008207686083648053,-0.0002693691462225178,0.008430991454376483,0.0014283914422037654,-0.00017911470511073973,-0.0001740298213539148,0.0007793994081418312,0.005401664082060576,0.00025925933635007016,0.001303024985252255,0.0007793994088179219,-0.00026287719939804615,0.0008086272706521709,0.00078353632816413,-4.421518326227147e-05,-0.0004950756067171379,-0.001280461461693447,-0.0007693124836042063
2023-08-08,-0.0036869984812069457,0.0032822508967779683,-0.008538490229012463,0.0011012681342187068,-0.00045836563887210525,-0.0021555998771749484,-0.008538490213833858,-0.0013583069291559307,-0.0012023892032785267,-0.0016365637256080508,-0.0036869984812776813,-0.008166862537453178,0.0016390368210803764,-0.004485078431812976,-0.0036869984822013417,-0.002886854005450676,-0.0027476662498867746,-0.0033641351969734595,-0.0017452383672691915,-0.0010635010065692875,0.00273570026896642,0.003197308532117409
2023-08-09,-0.0018233321267800363,0.0014015549467012646,-0.01105549409219638,0.00202665026008915,-0.0017575771285937452,0.0030087881454016942,-0.011055494030501165,-0.0007554434869439272,-0.0010874900356011596,-0.0013574416956067456,-0.0018233321268800583,-0.007661230470575489,-0.0003765451457814116,-0.0027040555653711725,-0.0018233321278553418,-0.0014725039706495263,-0.001395846537325747,-0.0018167566269614072,-0.0008795105889038864,-0.00048520962434638526,0.0009499722794033608,0.0015403211389926814
2023-08-10,-0.002360695600463376,-0.005257461501914629,0.0018466927662864837,-0.0075590538085933585,-0.002184033010742743,-0.0070898188006485955,0.0018466927644323612,-0.0027306965285643775,-0.0039579014068805785,-0.0035988826469063565,-0.002360695600419762,0.001453361686170263,-0.0032331705029691655,-0.0014395555551186033,-0.00236069559934069,-0.002697575901317013,-0.002534902878072561,-0.0023430293414913117,-0.0035587578925651755,-0.0036610700406060903,-0.0049086608229907255,-0.005203089722440539
2023-08-11,-0.0031827399723916984,-0.003968137248636822,-0.006396140646877806,-0.003324001216611005,-0.002565090208006742,-0.002100215403027053,-0.006396140620391799,-0.003933264093575632,-0.0038172743571964363,-0.0036258324494015085,-0.0031827399723916936,-0.005234694474148991,-0.0029236627830285635,-0.003489727469992763,-0.003182739972763467,-0.003470604244145113,-0.0037303534865035207,-0.0031209749959532013,-0.0032019147613346565,-0.003488085121956845,-0.004061838019969084,-0.0036300866447140107
2023-08-14,-0.0016848001629048265,-0.0017210369074625673,0.011159493910699184,-0.0014901102156100222,-0.002466100080943473,-0.004617672305398992,0.011159493813374034,-0.0010760274579868457,-0.0016140623393198796,-0.0016140612411591293,-0.0016848001628336328,-0.00449774500458991,-0.001768823993832157,-0.0010407535740000451,-0.0016848001620917861,-0.0019504188458746075,-0.0013265431619166193,-0.0017629301547086925,-0.0019183662261968934,-0.0024617284151579877,-0.0021308063312471125,-0.001812937411168412
2023-08-15,-0.00826505832151621,-0.0038228165799466824,-0.010668362634454885,-0.008800397061510676,-0.004270712985229116,-0.004283856016037296,-0.010668362634284155,-0.007818712026736525,-0.006430196578552491,-0.006430196650459488,-0.0082650583214809,-0.009306763652068556,-0.003683199720622747,-0.008589814592168817,-0.008265058321954788,-0.007996898967747206,-0.008285732697094055,-0.0078656237878875,-0.0072719226163299195,-0.006521895616644649,-0.004026188063815664,-0.004005378087490265
2023-08-16,-0.007500622282739483,-0.003771642787968066,-0.010645316075936268,-0.007271016193659496,-0.005245557155400052,-0.003528903195050782,-0.010645316065095308,-0.006653767098967931,-0.006399418556784937,-0.0063994186027301735,-0.0075006222827394865,-0.010239786364397782,-0.004339921447247603,-0.007768714588259604,-0.007500622283113122,-0.007302312158433898,-0.007272946532902247,-0.007275115770005539,-0.006744820987195806,-0.006253105261660323,-0.004287348427364345,-0.0037310152644132824
2023-08-17,-0.003496271807694932,-0.0014672751640873636,-0.010983149400847554,-0.002453668183742364,-0.0033421086069966737,-0.0014739926810765735,-0.010983149369059286,-0.004109789875567899,-0.0030428527812536572,-0.0030428528752301735,-0.003496271807901637,-0.0054086755954657565,-0.002890905047006408,-0.004049070604454093,-0.0034962718084546197,-0.0033186541840258105,-0.0036255719457615105,-0.003480855487625106,-0.002978948164480972,-0.002203872873911283,-0.001284338915976634,-0.0014339395634497118
2023-08-18,0.0016732967721268452,0.0028166201831650397,-0.0012555853039995428,0.0031309191116407004,0.000900923062553345,0.0021242629614767476,-0.0012555852900240942,0.0015064590391961415,0.0017600332613126113,0.0017600331834082155,0.001673296772126841,-5.437109065162122e-05,0.0014717337677315626,0.0012791659171316671,0.0016732967716364404,0.0016126796330153117,0.00143582800669216,0.0015960594011694943,0.001985415691895579,0.0018985106740962328,0.0024497319479358415,0.0030149500462372763
2023-08-21,0.0012993442800602179,-0.004000115537071279,0.015983100767167312,-0.0030401325747143135,-0.0002781221252899213,-0.005494473008023709,0.015983100720269733,0.00044571268031545676,-0.0001422097955290514,-0.00014220997704251386,0.0012993442800602166,0.005182651416515081,-0.0016287089069571908,0.003091927465306207,0.001299344282271772,0.0013279500961835505,0.0012820098455135365,0.0011415976395252013,-0.0006103414379663313,-0.0016435382934750211,-0.0034997864711238894,-0.003920866834152891
2023-08-22,0.0009511078322077618,0.0004350413820382854,-0.00143011464721059,0.002961558474184175,0.0009900300304950985,0.0014080937807125732,-0.0014301146401191588,0.0011477900497019237,0.0008921343511300227,0.000892134322375508,0.0009511078323235398,0.0006967115991817334,0.0006780512819415728,0.0005856244628751014,0.0009511078317570313,0.0009559934538826766,0.0009532309450198289,0.0009550000520364955,0.001269731902028221,0.0015723316520394933,0.0005299297838368145,0.0004525682620546138
2023-08-23,0.01411594216612553,0.008850793436388093,0.015645652237184483,0.01506776587262213,0.009290628412861598,0.01715205209431617,0.015645652233253777,0.011641958201086138,0.012790397284267323,0.012790397220576778,0.014115942166125526,0.01096730304291087,0.008841473494684093,0.014105860974032759,0.014115942166125186,0.013434495600751006,0.013319603782560401,0.01363341079079915,0.013224243464950186,0.012688092573126912,0.00942426643622497,0.00856394206576901
2023-08-24,-0.00793585858361405,-0.003539926463437015,-0.02160753798416351,-0.005794973016702528,-0.005110143423408055,-0.0043896995236677935,-0.021607537948214156,-0.00810173640099733,-0.006621282260794099,-0.006621282486258295,-0.007935858583614048,-0.0080946344860274,-0.004346300766904544,-0.009359174878937053,-0.007935858585429499,-0.008237395915953795,-0.008351892487932947,-0.00765328706759345,-0.006514610779045248,-0.005226847557019672,-0.003437958215297166,-0.00343700212438941
2023-08-25,0.003883120800339604,0.002387975493355823,0.007721553318197609,0.005325230155744065,0.0023931606494374145,0.0016839223748476384,0.007721553309675875,0.004186396683155507,0.0029731515518367476,0.00297315152065415,0.003883120800339604,0.0021616538185387497,0.0024705988802878652,0.004188700950222067,0.0038831208007470506,0.004034436203804928,0.004157474487107094,0.0037341247852493843,0.003339156982448229,0.0027637320592621244,0.0018547425557480623,0.0026578846914863848
2023-08-28,0.005421747449924193,0.0024451324379948344,0.007498882361432392,0.002199418063432529,0.0035538502255561804,0.0023843933157525637,0.007498882356903164,0.004645291615310396,0.00471826213116628,0.004718262110682027,0.005421747449924192,0.004459542921640502,0.003105236679431597,0.0057857260482557255,0.005421747450374927,0.005025294462133807,0.005100750912496818,0.005234957727487392,0.004627508188103067,0.004287769720240323,0.0028901747712133823,0.0023048897316591916
2023-08-29,0.011595933669006398,0.0063867599203311955,0.021604864589667448,0.010207188732643866,0.008455280727162501,0.0072188616697078725,0.02160486456602017,0.010225609656494966,0.010309683049545148,0.010309683536571069,0.011595933669535537,0.013147086592590855,0.006807177551840194,0.012536299603276783,0.011595933670231266,0.011420248882210715,0.011367756914803136,0.011281868374822004,0.010245153287878384,0.009135048564815373,0.006947254690329591,0.006286250853666658
2023-08-30,0.0004342895457386851,8.842805610023903e-06,0.005561197818824328,0.0007323547291558735,0.0011196170166828823,0.00034099845262599063,0.005561197801748123,0.0005459157510864924,0.0004940430712208749,0.0004940433582328765,0.00043428954573869726,0.0024601325338656404,0.00033605599740897093,0.0006176126489735696,0.00043428954598766657,0.0005020930684555048,0.00048466926875144576,0.0005028222928331048,0.00028133892996823204,-0.0001383833782778577,3.244828555961942e-05,3.826603381932584e-05
2023-08-31,-0.0011795884491124218,0.001553124335011039,0.0029941115234643372,0.0017934260298131809,-8.358939675520339e-05,0.00279205600489846,0.0029941115067230782,0.0007980632494058834,-0.0006511334192031606,-0.0006511303472995538,-0.0011795884490083044,0.0007602229422593384,0.0001226486353085531,-0.0012939401090620993,-0.001179588449252669,-0.00016202452516870993,-0.0002341213910415428,-0.0010699885438767002,-0.000314817066247916,0.00010764411433578525,0.0010864119468718056,0.001604797874484749
2023-09-01,0.00030378511166847914,-0.0012028382610444464,-0.0010588972996761457,-0.0015661031866409524,-0.0001769659986997743,-0.003748133578441797,-0.0010588972975009926,-0.0004502983076646954,-0.000922878299226532,-0.000922877756564438,0.00030378511166848066,-0.0020500619178312573,-0.00037128428189850404,0.0003286798421734112,0.0003037851117055246,9.95133765570649e-05,-1.8163393735536656e-05,0.0002557100006316533,-0.0003955353763866981,-0.00040395752453143384,-0.000978911539755763,-0.0008391127663084459
2023-09-05,-0.008541795454583065,-0.004610555867313191,0.001270476725590969,-0.0056266096433663934,-0.005914656850119492,-0.004439650440190707,0.001270476677285747,-0.005569319469075974,-0.00806114171817478,-0.008061141691927575,-0.00854179545408906,-0.003559221610662888,-0.0059966328907253355,-0.008512183380529621,-0.008541795454542672,-0.007404993022179623,-0.0071144709459002985,-0.008279081594136706,-0.0076097714787472705,-0.00687115625678632,-0.00472837997880402,-0.0043652512438309594
2023-09-06,-0.0035806482546903336,-0.0017940608762187097,-0.008846821104019,-0.0007543075113722823,-0.002908494463855801,-0.002123442713594081,-0.008846821092963223,-0.0024013095602603987,-0.0034430939649707907,-0.0034430936160206333,-0.0035806482547518425,-0.002450705190812718,-0.0026013759578416727,-0.004317332449037212,-0.0035806482555993864,-0.003325611570725437,-0.0032098815920301115,-0.0035134328756068795,-0.002755639208718706,-0.00221573933288499,-0.0018668207429500512,-0.0016866908467559135
2023-09-07,-0.0018483824991175559,0.0025946401818911684,-0.007177487938357751,-0.0008865597519237091,0.0021903838942039303,0.0013647959656675405,-0.007177487926077339,-0.00042615802553382857,-0.0003989627154267455,-0.00039896144446788446,-0.0018483824991175478,-0.0003054009534876757,0.002733415898930164,-0.0023823831954112454,-0.0018483824997573217,-0.0018774005333466405,-0.0016969558252322983,-0.0014445058597854093,-0.0006199884966959819,0.00011099534737381511,0.0024644615785831556,0.002440354334973026
2023-09-08,-0.0003459112910963011,0.00030499498523534307,0.0013966908595513389,0.0018989563975323571,-0.0015790931790644039,0.0022617365234963065,0.0013966908482446628,0.0001282945220780306,-0.00017903714476069928,-0.00017903778919577682,-0.00034591129110574836,-0.005929012000335508,-0.0007854988989834187,-0.000586733914129608,-0.0003459112913802732,-0.000663183275519939,-5.478747768020316e-05,-0.00046922947989311135,-6.481343760413554e-05,-0.00011803106406935908,-3.022688135715393e-05,0.0003578206040383187
2023-09-11,0.0043379264579654405,0.0004156013695241082,0.011713853403921637,0.0017719773526823355,0.0023379027419833495,0.0006405562844966012,0.011713853392451502,0.003931319125268753,0.002805499237834073,0.0028055000915491834,0.0043379264579813835,0.006656804324435273,0.0011586372518163773,0.005154045188631458,0.00433792645895812,0.004305951021824663,0.004617459872503303,0.0041379240863672305,0.0031146566681596066,0.0026735070456265,0.0006749685861016455,0.0005610349879839483
2023-09-12,-0.001830265794991081,0.0008583276570878278,-0.01115038804527131,0.0011209342330205745,-0.0018983927673090414,0.00394995346617069,-0.011150388024980916,-0.001865347360372626,-0.0013665024469696292,-0.0013665025076741977,-0.001830265794971349,-0.0035886153556958234,-0.001195560318439125,-0.002771334591202098,-0.001830265796109395,-0.0018700800150743028,-0.002163732542751142,-0.0018370784922228768,-0.0010780494156123585,-0.000663913898658053,0.0005409735378741568,0.0009169127366937075
2023-09-13,-0.00152671313448747,0.0019001432460015637,0.0038021249611344026,0.00030829417215274277,0.0009367671590862477,0.0021444061820157616,0.0038021249426427716,0.0006981552506500279,-0.0007588396222961317,-0.0007588396750935033,-0.0015267131345086896,0.0006962857744231248,0.001422412667107248,-0.0012811332127397445,-0.0015267131341825252,-0.0006252724136432933,-0.00019837928871158344,-0.001280365105130096,-0.0007002029056746439,-0.00010410232348838789,0.0014747967745586048,0.0019336835442975756
2023-09-14,0.005219859602595462,0.0002938269886016676,0.008143887993508698,0.002346455886226977,0.0027772964639910446,8.085658564620983e-05,0.008143887994987307,0.004386485832106724,0.0033240163581157033,0.0033240164824874497,0.005219859602593772,0.011033353395084135,0.00119412913426711,0.005645264478160595,0.005219859603168167,0.0046536117789763454,0.0048902573596931054,0.004975603288735019,0.0038375648795573604,0.002913244097784726,0.0006409801611783059,0.0005324645949746848
2023-09-15,-0.003331883418880457,-0.003186945497693815,-0.017271487520295798,-0.004938185800218018,-0.003677851411571901,-0.003744202678120909,-0.01727148748233644,-0.004659014645454727,-0.0033460509252624194,-0.003346050951793543,-0.003331883418790903,-0.005813470057312326,-0.002582333911091442,-0.004246283534839231,-0.0033318834200747973,-0.003990563605880919,-0.0050349846009843675,-0.0033664802181496015,-0.0030695688232828594,-0.002323531979794438,-0.003202459547831236,-0.00317991253347598
2023-09-18,0.00026831247909667893,0.0006844238374217437,0.0010418634111548507,0.0017306079015640891,0.0017152640899973921,0.001595688638675365,0.001041863404393323,0.0010586460762155967,0.0004168467805856593,0.0004168473011860513,0.00026831247899087804,0.0022303134858173475,0.0015691620291099833,0.00019998620738977363,0.00026831247898933056,0.0006803885459129193,0.0006227419356283294,0.00041300764018675025,0.0007601679729602366,0.0013170475541697322,0.0006965421755874745,0.0006509103922147236
2023-09-19,-0.0022922151005368334,-0.002860778225531868,-0.0021335689950258965,-0.0033212008488999506,-0.0013899325657888712,0.0012975644320779,-0.0021335689838787694,-0.0017815576533479192,-0.0025654655468079325,-0.0025654548478870687,-0.002292215100536832,0.0023825248732566714,-0.0023835858488772425,-0.0018847821716833104,-0.00229221510000193,-0.0019788190618828688,-0.002019219021773887,-0.0022019868470620372,-0.0024676704546936134,-0.002308725266793946,-0.0028222340250301965,-0.0027737735717469837
2023-09-20,-0.0036444960320417895,-0.0017734263087871693,-0.014515174590673826,-0.0033986287145581565,-0.003832866715021342,0.00012434731425144758,-0.014515174551031327,-0.004062115333514522,-0.0031982092429891995,-0.0031982079897803677,-0.0036444960320234257,-0.008347047308006637,-0.0018509117797005288,-0.004630622280758158,-0.0036444960332962266,-0.00495476397122273,-0.004544189239762632,-0.003663333100339744,-0.0029676947469905214,-0.0024655593107846107,-0.0018849706070473932,-0.0019920816436266395
2023-09-21,-0.013538922586684614,-0.006788839316183506,-0.01849469667962749,-0.015933774480492484,-0.009370800308668442,-0.017032291805825883,-0.018494696656089223,-0.013187400410637859,-0.01166641308236016,-0.0116664313567712,-0.013538922587253213,-0.01386320840729915,-0.007784392741023832,-0.01364813335013795,-0.013538922586879318,-0.01393369003699042,-0.014089413967703374,-0.013122110358882999,-0.012660322035871991,-0.011588169538584346,-0.006812917769838599,-0.006707734744657599
2023-09-22,0.002185963255153686,0.002776619969919978,0.00013984609318256868,0.0032648670854026596,0.0022015841157561546,0.0032163926824977196,0.00013984609327155395,0.0023357681350485494,0.002225669436411489,0.0022256691557227914,0.0021859632551555984,0.003371230845466584,0.002474986030014904,0.0017245641937868473,0.0021859632545292,0.0023293679225321255,0.002372449049850894,0.002187525341213933,0.002748521233550836,0.003601634773822047,0.002830366078938566,0.0026796480180000816
2023-09-25,-0.0050849088231501565,-0.0050539613781885005,0.004738609214980865,-0.010293288639795083,-0.0023967748732844595,-0.006095120694631419,0.004738609172261524,-0.004959905754790873,-0.00452626640833512,-0.004526266231572318,-0.005084908823150151,-0.0034355270445072562,-0.0032785636564804164,-0.003803346691951011,-0.0050849088215263495,-0.004262993597797625,-0.004629638696733988,-0.004816095428163583,-0.005890935866042818,-0.00633604547952835,-0.005210840373393004,-0.004889266926527007
2023-09-26,-0.009654093563848856,-0.0017549330746666836,-0.015130103403655464,-0.0060952751177690105,-0.007120303667198949,-0.014356423945344438,-0.015130103389297348,-0.008446506316065628,-0.008095271577514135,-0.008080803925424256,-0.00965409356344743,-0.011955797361181122,-0.004643938811750276,-0.010621603601581568,-0.009654093565204375,-0.009709446364223998,-0.0092599289396363,-0.00940071457418392,-0.007840246830012195,-0.0067521243737611834,-0.001707391795102642,-0.0018457555533498758
2023-09-27,-0.0020198907749732426,-0.0021202329030092218,0.002340448814773935,-0.001469916564768596,-0.0026558966072095977,0.0017809511101942025,0.0023404487880396003,-0.001773442217247739,-0.0023140911404323826,-0.0023140934261215054,-0.0020198907751335857,-0.0006168041019164899,-0.0031403617084243586,-0.00161863314553459,-0.0020198907744114446,-0.001004416082971229,-0.0013865049914200923,-0.002083491358196873,-0.002409399537264682,-0.002744339483159208,-0.0021123935645603093,-0.0018730729790882622
2023-09-28,0.003929768417934983,0.002872905770806831,0.008330592501326213,0.002541800836332781,0.0025486176758376224,0.0027553723745613206,0.008330592480591521,0.0031696619870443684,0.003939644575324447,0.0039396391580885076,0.003929768417934981,0.0004829393260916548,0.0029083226260816866,0.004087604095947078,0.00392976841816566,0.003372853276639745,0.0034178430676920835,0.003791653343725245,0.0031765891915982447,0.0023158349108632677,0.0027745163993142994,0.002824782114006573
2023-09-29,-0.004242914850156669,-0.0018098897187157155,0.0007257663107351122,-0.0040033926190977615,-0.0046429656288179645,-0.0013934848087237858,0.0007257662711703549,-0.003953400959505562,-0.003315771832919442,-0.0033157716238854914,-0.004242914850156671,-0.011059448444169452,-0.0025535355554114235,-0.004718777633817631,-0.0042429148507445525,-0.005307962135178132,-0.004261471379851045,-0.004282919928022797,-0.003919056691410634,-0.004121223172513634,-0.001894683389719784,-0.002070829575433517
2023-10-02,-0.01154061980570822,-0.00739724083805254,0.008311026426051095,-0.010614833615610114,-0.006928591780334338,-0.014093157135668853,0.008311026340803928,-0.00716833988967361,-0.009940980133828315,-0.010007309578121244,-0.011540619805708224,-0.011099991962408538,-0.0068932162564051686,-0.010434529046860642,-0.011540619804220952,-0.00934635213804873,-0.008327821181462754,-0.011079417003170826,-0.010564476567529367,-0.00990977737493959,-0.007471502197688027,-0.007353902362669333
2023-10-03,-0.011977947401414432,-0.008428331913693615,-0.017705309335890256,-0.012953410297691915,-0.010203497892749018,-0.01688265556046783,-0.017705309319742846,-0.01134098005652899,-0.011445797511939464,-0.011351181769403746,-0.01197794740141446,-0.011686322555556157,-0.009173869358713225,-0.011891675586774016,-0.011977947401395746,-0.011201639301237857,-0.012278092087712553,-0.011800502450547892,-0.011455045414517244,-0.010824880202590566,-0.008376198680507594,-0.008373620277255049
2023-10-04,0.0016696667432744279,0.001307210844138013,0.013516901140816252,-0.0012969090464856805,0.003327066729041711,0.005288133324518275,0.013516901089316812,0.0006295140546995158,0.0027032158402326934,0.0025944171248618204,0.001669666743419767,0.004109040391489726,0.003459251103889196,0.0014453783194762911,0.001669666743111467,0.0005634381072794973,0.0010739397087296371,0.0018354067418511568,0.0016240232894185358,0.0009297046586402673,0.0010370430776400798,0.0005544584190725864
2023-10-05,0.001273752776966516,0.0005482335953010479,-0.002950999737450363,-0.0033701871015314293,0.0008650583814996757,-0.0007642988464026495,-0.002950999712434044,0.0017282366796677637,0.00118119923865887,0.0010903339074863634,0.0012737527767407578,-0.0015115978179926519,0.0005720744069257703,0.0017046476405902324,0.0012737527775584284,0.0013528695961711984,0.0011490932427751597,0.0012328833374198318,0.0008969144236286546,0.001132848502989516,0.0005985178782670458,0.0003612966911885005
2023-10-06,0.00602693778862359,-0.002162467894638651,0.016616684968344005,0.0009715460480783614,0.002235581836084319,-0.005108607308937491,0.01661668491855313,0.006282397038217904,0.004760648532834486,0.004819966808597004,0.006026937788623584,0.005744144930599458,0.001220583464260884,0.008221799287511442,0.006026937791831636,0.006973723887077166,0.006120879918690106,0.005647802193369661,0.0035920179501282537,0.002192372639509891,-0.0023482369880495862,-0.0018530520240760237
2023-10-09,0.009581660464149813,0.01218568367432818,0.005087129493151613,0.017532603271229835,0.009636847827007987,0.016272649370447364,0.005087129502605538,0.008500133647946204,0.009690288578627443,0.009690288689213802,0.00958166046415428,0.011555786966189308,0.01064677815302266,0.008158256808803447,0.009581660462061447,0.008142361917208468,0.00918043908273119,0.00958717920043563,0.010845040054726163,0.011253681113716333,0.012252890916382878,0.012323507622460213
2023-10-10,0.0041545922006140535,-0.0014823838463650328,0.005522802778133619,9.385556901002371e-05,0.00033593458248023936,4.240134356802458e-05,0.005522802782197462,0.003690398449665454,0.002663184795838526,0.0026631846237439244,0.004154592200614054,0.00027192450376879436,-0.000862519846368738,0.0047069389513707365,0.004154592201397004,0.004469140161939385,0.004093084837686925,0.003772726438800681,0.0028835255372909943,0.002175844088178991,-0.0015403990053247509,-0.0014937628274578154
2023-10-11,0.005765446023259577,0.0019593416188155586,0.007109979708315523,0.008208152530385256,0.0018699346183067278,0.0023271822554255224,0.00710997968834477,0.003754881832404077,0.004838458208924803,0.004838458091247913,0.005765446023254164,0.0041477011699635035,0.0015247039672174486,0.004779313717634978,0.005765446021980132,0.003902449961968658,0.004644577972624995,0.005375894882764291,0.00543809994846359,0.004634469773382787,0.0022302316020952353,0.001662463723771234
2023-10-12,-0.00962588821078103,-0.006868054406981464,-0.0034811059059036984,-0.011476904675279093,-0.003899704279222733,-0.014889253715531472,-0.003481105930294887,-0.005865583649438636,-0.008048379253845828,-0.008048379253568284,-0.009625888210781027,-0.004408967162402161,-0.0051072539091585045,-0.008146981434341368,-0.009625888208766174,-0.007488451774149264,-0.007779907875987582,-0.009053269817625201,-0.009237224787213437,-0.00813251665248994,-0.007077582074855671,-0.006584815635236409
2023-10-13,0.005209927504702999,0.007051243622030336,-0.012649847715090165,0.01575159894305363,0.008038106044671514,0.013409263872689203,-0.012649847603717063,0.004128169619288451,0.008319904067203674,0.008319904075188005,0.005209927504703009,0.011396450790386384,0.008404268259231523,0.0038382850357409114,0.005209927502596212,0.003345252275147551,0.0045869293225116944,0.00549274535869985,0.006789575547868954,0.007923555002462532,0.007029750696150799,0.007787311842571816
2023-10-16,0.0019290622011772893,-0.003647250487244554,0.011243086208977118,-0.0038928000837159197,-0.0008690471902671098,-0.009840419299371782,0.011243086143724787,0.0014071693618621013,0.00036295442694789606,0.00036295440621385007,0.0019290622011772867,-0.0020399307309735375,-0.002173358599325359,0.0032636646403083115,0.001929062203105834,0.002654440179305455,0.0013338847559730034,0.0016492512620328488,-7.676677517202794e-05,-0.001598486074988403,-0.0038790293602139966,-0.003593463415686996
2023-10-17,-0.0009086487470236366,-0.006236504124155995,-0.0032808348857027996,-0.0029720097464500193,-0.0012616860466471468,-0.009439370547151216,-0.0032808348156857076,-0.0013604692580817595,-0.0006172987108450231,-0.0006172987333736904,-0.0009086487470236307,0.0009491531442425105,-0.0030837762550967045,0.00033603938280747994,-0.0009086487451500739,-0.0004614150088922121,-0.0011490536491849095,-0.0009439524769859875,-0.0022464624799476414,-0.0030054025946644677,-0.0065402024394528345,-0.005816333189056507
2023-10-18,-0.008604148324031002,-0.0026942869717477185,-0.013204808632319978,-0.0030261508771589466,0.0017628897910317003,-0.010292479761407014,-0.013204808537550012,-0.00588372325002871,-0.002527910927854928,-0.002673481785334839,-0.008604148324031006,0.009514849370914381,0.0012265606743848251,-0.008247958997707226,-0.00860414832352175,-0.007321733649505457,-0.006767523600984665,-0.007567444512524732,-0.006754314555852795,-0.005130026283023707,-0.0028284843501083247,-0.0021939068489703725
2023-10-19,-0.00621328101328503,-0.0021804554730972606,-0.009400759510914819,-0.005260958028436602,0.0029373097833221297,-0.015927921340922212,-0.009400759352433728,-0.0022250907857841733,-0.0010542942362308414,-0.001480246424347106,-0.006213281013285025,0.0083979990007955,0.0013620825959061614,-0.004231815319767551,-0.006213281010374995,-0.0032489593426035497,-0.0034960580881549033,-0.005298221933624317,-0.005204180321245245,-0.0038097384677927126,-0.0023910455866256236,-0.0016338163136407169
2023-10-20,-0.0035155428761756455,0.0025237513747154786,0.013644013424240436,-0.0028505601826928936,0.0005989054921631247,0.001582227485740848,0.013644012816149255,-0.002296544560966439,-0.0016427274546626008,-0.001674700433895792,-0.003515542876200065,-0.00039789097058101543,0.0016967673969962523,-0.00392297456947689,-0.003515542876693067,-0.003467507854011546,-0.0032848138339388075,-0.003104098039341769,-0.0021415184662403873,-0.000919541878164794,0.0028368055600459592,0.002096350452119924
2023-10-23,-0.001143456021407128,0.002774841699770665,-0.016490380322555256,0.0005245987948347618,-0.00023420203983173685,0.002256709807588445,-0.016490380114687016,-0.0008771983814137718,-0.0018152524338265375,-0.0014449460507888728,-0.0011434560214071284,-0.005065187378203679,0.0010580790125927057,-0.0021200932261972697,-0.001143456022864049,-0.0010732163964203845,-0.0008127790378651688,-0.001052530623249589,9.336254808371561e-05,0.0008618210068754217,0.0029254559754395477,0.0023786783904608077
2023-10-24,0.005329975763557451,0.0010683378084409658,-0.0014261366626512684,0.0032361684619352893,0.002175557784529347,0.009206660524477798,-0.001426136521962226,0.00273859595918213,0.003698181982638705,0.003959163667555433,0.005329975763557449,-0.000278352925949488,0.0019167319838073289,0.00423268510152013,0.005329975761989456,0.0034872375728762788,0.003759461429081676,0.005014533965654641,0.004507967899461783,0.003852911044680846,0.0009784531030454435,0.00046399828775517404
2023-10-25,-0.01013821020961919,-0.0052681482436659315,-0.0038131562845169845,-0.010009710177610057,-0.0016119778197512583,-0.01768104123228538,-0.0038131571840033106,-0.006779747830316675,-0.005836749909930214,-0.006316120882926827,-0.010138210209630072,0.0005401316478913058,-0.0017441827664866404,-0.008686030746981675,-0.010138210207568919,-0.007186648433328309,-0.008042089932724374,-0.009285586970632401,-0.008813882092622604,-0.007043473032293068,-0.005530379102837598,-0.004644851659200213
2023-10-26,-0.0007413084727033851,0.003773811077221286,-0.0043072644106297376,0.00087037160175037,0.0009744442216748838,0.013923998227520473,-0.004307264501098675,-0.004221211503061461,-4.575392656490764e-05,4.822604680183081e-05,-0.0007413084727160286,0.0008219144849452388,0.0020652161016304735,-0.0038995508120132118,-0.0007413084773963074,-0.002802337520400447,-0.0039019986007998997,-0.0005697332032655587,0.0004915856528956344,0.0010921834752925493,0.004099406662208212,0.003146709182564911
2023-10-27,0.0005246107921485096,0.002346903709753323,0.01570338803642079,0.003771816207337357,0.005453729759597869,-0.0062840155869607894,0.015703387766761053,0.004040121232876333,0.0038360355277686237,0.0031957589763537413,0.0005246107921476784,0.012094166695257383,0.00363377029234945,0.0025961386625413508,0.0005246107952695054,0.003538919543190752,0.0035406971990376147,0.0010175226888934454,0.0011960952122778363,0.0021642463961774132,0.0023837459836698973,0.002953341992443619
2023-10-30,0.0030920310881635666,-0.004011709282941846,0.007525898437271448,-0.004451435735931532,-0.002611865017177076,-0.0011661613063263592,0.007525898398968108,0.0025625535855389597,0.00046746769772140436,0.000764100642532221,0.0030920310881056407,-0.00396450408723139,-0.0030765736501211496,0.0038318434674864286,0.003092031089225593,0.0018631669587940666,0.0025403638406945686,0.002521641477629507,0.0009296101926207732,-0.0006023464694432144,-0.0040733009094060905,-0.0044687536842362525
2023-10-31,0.0009108990849047954,-0.0006714060504530049,-0.017013671879515337,-0.0015989926246727897,-0.001176687204285737,0.0021094918977246535,-0.01701367071472226,-0.00010130690929872595,-0.001003820256668247,-0.0005991663754464863,0.0009108990849047917,-0.0069529833775061525,-9.065235859195418e-05,6.863089623906395e-05,0.0009108990836630719,-0.0006164771788311155,-0.0006590224192206421,0.0007021404559857433,0.0002510684410543438,-0.00022937006575420005,-0.0009346941187105523,-0.0005320916081105415
2023-11-01,0.009086750162427312,0.009299049115847892,-0.00047676898422174086,0.009848829784790042,0.0037634721289432375,0.011690479808792169,-0.0023687008500854994,0.008731634597903935,0.005414040266960052,0.006046132161161252,0.009086750162427309,-0.0028117767083247064,0.005731803865952702,0.008277498124236107,0.009086750161299954,0.008028155523074754,0.009092474328934638,0.008554422359078905,0.009203273968142679,0.009248951903607168,0.00948420868804756,0.008654796766428522
2023-11-02,0.015120726330672244,0.00860595615321552,0.0179905510038825,0.015597643244459142,0.007891806332109431,0.019795801317783412,0.017990550999876915,0.012207360419972725,0.011649586669985931,0.011973657522373324,0.015120726330672242,0.005900621153633493,0.008917720534606337,0.013379971244664834,0.015120726328164602,0.011802903964687727,0.012848293551481899,0.014397834330815961,0.01379714649713585,0.01240899984679491,0.008275171940143922,0.00894334852198105
2023-11-03,0.011489829695950877,0.006442672204779162,0.011680240777500654,0.005616393948102216,0.007759916584641663,0.012676280922883898,0.011680240702242883,0.008484504393092531,0.009240984526104227,0.009437130987785132,0.011489829695950887,0.005048636128247476,0.00728492070136011,0.011072198624493561,0.011489829695361702,0.009879665149999436,0.009105774897084867,0.011116838384819947,0.009718469895952032,0.008664800683895406,0.006283147948031544,0.005969279442605391
2023-11-06,-0.004590772195226563,-0.0037116929773915457,0.004070864985419935,-0.003318607736778445,-0.006791042129167947,-0.009834419377352133,0.004070845865610333,-0.0029707559067212704,-0.005497245664952687,-0.005371315223836091,-0.004590772195226564,-0.005729916483212669,-0.004562437378360481,-0.003867993675982082,-0.004590772194220818,-0.003890808540266892,-0.003045830181395659,-0.004810799188620692,-0.004507789468780604,-0.0044632174121596434,-0.0038891137838602805,-0.0034476844666397537
2023-11-07,-0.002081842669509818,-0.0003375013949923132,0.009408365240219636,-0.0028719030117806744,-0.0031432683898246026,0.0040489281156885085,0.009408365213326615,-0.002278390367691784,-0.002488433447115189,-0.0024881187515304673,-0.002081842669595383,-0.0017670079548112853,-0.0023932921713212558,-0.003204959572264127,-0.0020818426710769358,-0.0022946509527856144,-0.0023601603670031037,-0.0021879852415412964,-0.0014000466291725449,-0.0013988566192445263,0.0002147489698320934,-0.0015819168436213807
2023-11-08,-0.0016520790951720394,0.0005629090499892891,0.0006436738646663885,0.0005988129593745622,-0.005349416299085702,0.010632036952749705,0.0006436737444530057,-0.0027183228004942005,-0.00369181765474456,-0.003633904629166682,-0.0016520790950987933,-0.008141412183481045,-0.0023263402699259168,-0.0029457432560354062,-0.001652079096876828,-0.0035722202280740094,-0.002245346505073323,-0.002021812815563406,-0.00122407087432283,-0.0016399764833274987,0.001239346284648091,-0.000398023247459285
2023-11-09,-0.007047070288846836,-0.007563770525127678,-0.007725237129374684,-0.009794465474070462,-0.0018468822057514896,-0.016873282917107456,-0.007725236994681567,-0.0041852643599943826,-0.004567578932705981,-0.00456757895910903,-0.0070470702887319315,0.001915972741366877,-0.0042400852778989966,-0.005100357814690216,-0.007047070286279043,-0.004338149506314549,-0.005162211091277341,-0.006527051480537261,-0.00710215722224365,-0.006528057164792444,-0.008083964086775834,-0.007163487145911885
2023-11-10,0.005215281296251896,0.002921764584439552,0.022233181700033956,0.005436396255976499,-0.0004720077896691638,0.005294113538180462,0.02223318124483924,0.00535075773296532,0.001643595894705942,0.001643595409252799,0.005215281296285478,-0.005126467167958964,0.0009661086963701237,0.00503552539198156,0.0052152812960302095,0.004689883361497922,0.005291100615657018,0.004646552387659778,0.004400000272696838,0.003533508606663794,0.0028328770306624415,0.0028492436463887576
2023-11-13,0.0007480601406762712,0.001590124417460381,-0.003123466480733838,0.0033898810245307264,0.00144329991138138,-0.0013110144523833611,-0.0031234664007921426,0.0018000998647999407,0.0016451714066960457,0.0016451713946135558,0.0007480601406729518,0.004027929278830645,0.001240446876537339,0.0011940080042000993,0.000748060141231205,0.0017226643157903293,0.001688461706298259,0.0008175841177467822,0.0012196322270743294,0.0015537227593712159,0.0012756049387415776,0.0019975368673519926
2023-11-14,0.023487983087458548,0.010763245858189413,0.021298057060471866,0.016532853126658083,0.010379214282649762,0.025986987384051693,0.021298057066960314,0.01680679773923478,0.019199092787991295,0.019199092280093193,0.02348798308745853,0.011065100832110335,0.009796494339640905,0.02152567960313615,0.023487983084958593,0.017295001772881284,0.01779149572744431,0.022177106206977666,0.019944434020986022,0.016783300193620634,0.011743301679421385,0.009994508347981386
2023-11-15,-0.0013054020766614769,-0.005985822277650824,0.000752459279806343,-0.0056808630656784796,-0.0032099337950614645,-0.008577522982373154,0.0007524592827912383,-0.001969853894247245,-0.0017514582570214894,-0.0017514582593959446,-0.0013054020766614834,-0.002042218191481721,-0.0037290371181392143,-0.000634048421951768,-0.0013054020757908833,-0.0017491228773451313,-0.0020748652175478204,-0.001495855248501476,-0.0027821747302084246,-0.0036897020342457863,-0.006491575291154619,-0.005590147892835951
2023-11-16,0.00042595392397223484,0.0006170765064971643,0.0008554480606267998,-0.002197480645744674,0.005408278444101071,0.0027232865484548715,0.0008554482346009417,0.0013018707865517427,0.0031415482059123103,0.003141538654440288,0.0004259539239965834,0.00939834739577548,0.003558632742864023,0.0010353975508056133,0.0004259539248287849,0.0012914208115605117,0.0014434056183861698,0.0009241863759851194,0.0009554552137898851,0.0013511988358632203,0.0017398701759700338,-0.00020406959754651864
2023-11-17,0.004931860628845406,0.003269173645773749,-0.00045967497611111596,0.005820459921174156,0.0017600369845534262,0.004829947870499244,-0.0004596660307312328,0.005055245956892625,0.0035155088885567938,0.003538875280762115,0.004931860628851818,-4.870229916417205e-05,0.0018226161463647246,0.004813123831030087,0.004931860628671123,0.0046772259769184265,0.004873272996088818,0.0046146782644162065,0.004692274279290291,0.004599681844687392,0.003305173585054335,0.0035199201394698937
2023-11-20,0.004350691674920049,0.0028763319380957267,-0.012491509209784908,0.0072621519311375365,6.01536828072056e-05,0.002515204538921831,-0.01249150134299863,0.0031537479079812407,0.002700863638672734,0.00270086436893998,0.004350691674942018,0.0007826320430821378,0.00037750606688624676,0.003568376213526436,0.004350691673879793,0.003731438340176145,0.003979484283836876,0.003921637875708734,0.0042233858573305205,0.003846751597193667,0.002693061730621243,0.0029604851701876623
2023-11-21,-0.0007409620986574275,0.0020421384338952376,-0.005826545008700636,0.0019525759876601826,0.004643473401468218,0.0013230724443182855,-0.005826532722850604,0.001246449688445186,0.0022285652291527125,0.0022284061332727744,-0.0007409620985587658,0.007824540917423161,0.003741349329989211,-1.4458168114969173e-05,-0.0007409620977062965,0.0005771940909599601,0.0008106265620840912,-0.00020251854864486202,0.00020557498180219448,0.0009833706270959575,0.001692664996925577,0.0023809119867623956
2023-11-22,0.001171100477166459,-0.000820693501242666,-0.004604077209334343,-0.0012926560885522238,-0.0004192355483786565,0.002620540953054357,-0.004604077081443768,0.0003723488718128463,-0.00022664738926119897,-0.00016140835049062365,0.0011711004771664533,-0.0033741694348873165,0.00019691413138002325,0.0008824330675615392,0.00117110047679155,0.00045669761157956937,0.0003533654721782936,0.0010120668746119474,0.000670858930743418,0.0003044626203001432,-0.0005297802923041304,-0.0009823661467067246
2023-11-24,0.001746054445233003,-0.0037885745705442957,-0.0014108249691767646,-0.00362104368687214,0.0015689104735621645,-0.00492674506320474,-0.001410823301833005,0.002542072369193851,0.0023845083116087453,0.0023845074439382695,0.0017460544452329932,0.004026796127049872,0.000534003200785683,0.0035134663286310653,0.0017460544475820686,0.002097151349117505,0.001909276738013339,0.0017283400480659185,2.9554901229954917e-05,-0.0009710894474654994,-0.004036192198586342,-0.003525032248659902
2023-11-27,0.0025932490588942655,0.0032879649802513744,0.012937901128153117,0.004271382338746986,0.0032907311885089037,0.003613410405874003,0.012937900090254643,0.002351667099088262,0.003517642053984656,0.0035176392699047343,0.0025932490588828796,0.00406513673908339,0.002808697663847932,0.0022531277536922767,0.002593249058487055,0.00212064286499497,0.0027204757963394154,0.0026629972718557327,0.0031458499725626225,0.0032452307179249547,0.003967762751100891,0.0026601268092814566
2023-11-28,0.005028852557708371,0.005594432020532334,0.015831492213721335,0.007384648523580015,0.007614353587058357,0.011188299494525765,0.015831491975070482,0.005727584855582576,0.007024537098468834,0.0070245290505860335,0.005028852557702868,0.012232242745635256,0.006650905859497125,0.005271632883676965,0.005028852558035795,0.005305468859011198,0.0057274953365305005,0.005287402660643378,0.0053646832364717765,0.00569425716913265,0.005116820713184982,0.005933332790922232
2023-11-29,0.0033044995294369455,0.0055155439314891405,-0.0017467653477927952,0.0061595195198469255,0.003062250857641705,0.003659477351553156,-0.0017467653214960721,0.0027387588662213386,0.002860556301275495,0.0029537422364663106,0.0033044995294369515,0.0010643916753309923,0.004373750855706225,0.0022184463153247635,0.0033044995280402407,0.0024351820513785725,0.002456496736574213,0.0032802746622574196,0.00394335980328432,0.004126830852175897,0.0052086282756159015,0.005463879031317395
2023-11-30,-0.001415861570781645,-0.005357143770897016,0.010867310123832505,-0.00792582657143449,-0.002763405757161815,0.0006735227296697948,0.01086730988197016,-0.002126477396162137,-0.0021379310670265163,-0.002127647633870215,-0.001415861570781647,-0.0036444380596193913,-0.0024434979911616105,-0.000379289694654062,-0.0014158615693937227,-0.0015095034064685877,-0.0018649725636458736,-0.001550615989419662,-0.002847613491767067,-0.0037763518662172614,-0.005319171190885121,-0.005397213039680873
2023-12-01,0.011042079281858769,0.007232009849211556,0.008609642798789136,0.008801475793285314,0.011447361475590173,0.0095302160058404,0.008609642766241949,0.00808035541909357,0.012331746067878001,0.012331743293552007,0.011042079281858769,0.014516550359129163,0.010499306228925444,0.010133699444255344,0.01104207928063341,0.01071277402610351,0.008409134690344077,0.011082607501231908,0.01047240886676193,0.009606173008513717,0.007422703343973266,0.00696516159178639
2023-12-04,-0.007906104813839621,-0.0041015668676728225,-0.03800417421969169,-0.008496817639559767,-0.012020304648098137,-0.013961802294886805,-0.03800417386849695,-0.011383421096663307,-0.011226689076631106,-0.011122051711403,-0.007906104813678608,-0.021545908573920934,-0.007453509056675867,-0.010581682619332204,-0.007906104817572222,-0.009263552099546267,-0.011911978853140558,-0.008317524797265483,-0.0076625117902878095,-0.007986574069897237,-0.004584086979452419,-0.004350552641820181
2023-12-05,-0.0013886805130647038,0.002316056230256586,-0.015253693958017183,0.0017252697222623682,-0.0008490337624853061,-0.0029351899778496263,-0.015253693700480584,-0.0014442656446547089,-0.0016991025522428709,-0.0016991025453423636,-0.001388680513064701,-0.0027558863062439685,-0.0002653661201881001,-0.0025787141608200966,-0.0013886805146446817,-0.0022357381792831306,-0.0011114646438204756,-0.0013347158380067625,-3.105396767469457e-05,0.0008751099293542858,0.0031147966235348856,0.0015799451386151382
2023-12-06,-0.0009775214285394503,-0.0015748981448575222,-0.008626638252980023,-0.0047470340779200626,0.001292671442011277,-0.0005412670706972938,-0.00862663812843514,-0.002085428103234521,0.00017099331051689164,0.0001709932522892905,-0.000977521428638785,0.0022944851720367336,0.0010326234581628459,-0.001095812337829177,-0.0009775214287113046,-0.00046036339524851543,-0.0011129115251242811,-0.0007505021414843786,-0.0006200956969796992,-0.00013963775849689525,-3.702490736540035e-05,-0.0020125436108270733
2023-12-07,0.002796719809943627,0.00022336469055164536,-0.006404385377792739,0.000951507788363886,0.0030993730696239827,0.004230796514496598,-0.006404370933365702,0.0028596349463812,0.0024575509101092637,0.002457550906627893,0.002796719810114146,0.002841931740647086,0.001695871011221186,0.003396366454962444,0.0027967198106860786,0.003115293941652235,0.0029248901915579105,0.0028269851359116627,0.0021370261787506772,0.0015834213542574999,0.0001067779914467814,0.0005357514573714917
2023-12-08,-0.003815818488297145,-0.0032870512702747262,0.004446843493288444,-0.003742749994770794,-0.006213198171964844,-0.005608276533245567,0.004446841676307084,-0.005011312781406187,-0.005843039661230986,-0.00584303950718717,-0.0038158184882480994,-0.009053689012957118,-0.004937486176795499,-0.004512504792104379,-0.0038158184891795635,-0.004045813262128741,-0.004702134755963599,-0.004055556456663915,-0.003999918271942023,-0.004373280143840888,-0.004246649778916079,-0.0030798889572902664
2023-12-11,0.00026240214382585694,-0.0008062064773661667,0.008505914359852505,-0.0017938565135186956,-0.002573529261957151,0.00031343444614960947,0.008505914210228678,-0.00037710731750401506,-0.002096313746728719,-0.0020963114159965,0.0002624021442048769,-0.0030178373237057664,-0.0032914911120941184,0.0004417560123698254,0.0002624021440574653,0.00010989366425946819,0.0002734975331098121,-2.1190996752443745e-05,-0.0002971985501868593,-0.0008857360049061326,-0.00011525392483057448,-0.001092490936183219
2023-12-12,0.0003697362811698742,-0.0003314546713844746,0.007932762257073756,-0.002909114497192602,0.00129863629700877,0.0017312009503841395,0.007932762140654834,0.0005163420024569207,0.0003390660363788866,0.00033906600596523813,0.0003697362803224039,-7.084739928104296e-05,0.0015104532371532026,0.0009711379137138103,0.00036973628190440874,0.0006265529886088148,0.0008720678225668896,0.0004626262827537627,0.00024503293735229394,7.87724055699927e-05,-0.00015667691577771962,-0.0005050060825359675
2023-12-13,0.020237306828280056,0.014497558990859812,0.012636930764464156,0.020110985069528825,0.01743084964225764,0.016580612752841065,0.01263693087426905,0.01735852522539507,0.020123674058353854,0.02012367407384853,0.02023730682869246,0.018745196885137462,0.016827313387343324,0.01978168664649932,0.020237306827725857,0.018705360656035556,0.017482974487417015,0.01995666110967781,0.01877763772529177,0.01738055167322051,0.01446794040796362,0.014603396426068475
2023-12-14,0.012017280519735421,0.008027566447360548,-0.0008671207619935033,0.01604840355068614,0.003564791399240181,0.0033385222587575024,-0.0008671206490424369,0.007698260029567457,0.010025683698377745,0.01002568376259852,0.012017280519421608,0.0012959975828336352,0.004776663492546364,0.009895416152394115,0.012017280517047518,0.010136327602410776,0.008643688830873063,0.011172031607685897,0.01123053801727159,0.009554834522115002,0.007660564684676985,0.007716963252477476
2023-12-15,-0.00504517743892285,-0.0011168630174625612,0.004822350000898613,-0.001389177588379992,-0.004290465707715151,-0.005504305003129255,0.004822349786532944,-0.004241443483696298,-0.005342748041304885,-0.005342747969148696,-0.005045177439027897,-0.003932140724382038,-0.003956598386744238,-0.005398719194471871,-0.005045177439365319,-0.004525900377677163,-0.003902724001104066,-0.004969706265802079,-0.004140652355528288,-0.003451381883933692,-0.0014990393681500065,-0.0012536459853809256
2023-12-18,0.000509184876985968,0.0003071199612681942,0.006278852985735796,0.0010529256694468815,0.0027945143572165113,0.0017066378052712486,0.0062788529270878385,0.001066678014138314,0.0013217866991682163,0.0013217866440547754,0.0005091848769314801,0.003796441065168824,0.001580392118148784,0.0010019751372408797,0.0005091848776503137,0.0009034705909077253,0.0011952872375313294,0.000737717825009023,0.00038539292074177343,0.00020151818421201113,-0.0005801201065304578,0.0005445104443293771
2023-12-19,0.006860942623388059,0.0031459281742873277,0.005096667207868969,0.006404721176430842,0.0049104483554788456,0.005746049599523651,0.005096667237143991,0.0054042289857314735,0.0066378982419430434,0.006637898187250729,0.006860942623518037,0.004598549029925548,0.003870286714563061,0.006917326398306079,0.006860942623462952,0.005912234277877635,0.005987793925764071,0.0066658931965971335,0.0059499721538778996,0.004829534721405402,0.0027662596407182763,0.0032450671961185523
2023-12-20,-0.007014341152045178,0.0005009452005054688,-0.014971260100832738,-0.005450585214685795,-0.005896156401796053,-0.006005837734885974,-0.014971260020656749,-0.006110800158748869,-0.0071585371971465365,-0.007158535489454094,-0.007014341152642316,-0.007318599777029895,-0.0014011173132928128,-0.007893995057926068,-0.007014341153136942,-0.006859897305924675,-0.006872098180010375,-0.006902522677020264,-0.005370242827953613,-0.003263627009970974,0.0013561903677660693,0.00012704707711222864
2023-12-21,0.008188656063861481,0.001477846213697339,0.011568218780774834,0.003130544112322946,0.0073902492670496365,0.009553148732912038,0.011568218785882246,0.007225755243835147,0.00787556003423491,0.00787556003167793,0.008188656063861478,0.00871716767692747,0.005166205017583217,0.009424268259594035,0.008188656065406193,0.007592056888783257,0.00806920482776411,0.008108815384180295,0.006486658988996041,0.0050913245748505104,0.001630833830738807,0.001912970011408523
2023-12-22,9.499436813362053e-05,-0.001079456205940007,0.0014948433343420634,-0.0011568351312117467,0.0017091660918745577,3.457585578601845e-05,0.0014948433163598383,-0.00020081420476331406,0.0009819108231343067,0.0009819108214548513,9.499436792296341e-05,0.0009720154314845969,0.00020285777657862484,0.00040077176397415766,9.499436852374032e-05,0.0004945670231588809,-7.562068706236911e-05,0.0002564115405077141,-0.00010087792550075229,-0.0003261760140853366,-0.0007511163867487836,-0.0010828222438935087
2023-12-26,0.005207151196683011,0.002537514631265934,0.0061031225298482416,0.006075149374071219,0.0050547620407791925,0.0046191778587510585,0.006103122511597222,0.004333916902024966,0.005675334059075473,0.005675333951405403,0.0052071511966830155,0.0026150813456372007,0.0033485722355346384,0.005174627663510225,0.005207151196652845,0.004892934114137845,0.004786094563280149,0.00519191228109263,0.004721782784549023,0.003936361590634502,0.0017812446711422854,0.002670271045699968
2023-12-27,0.004944276120665032,0.004573158674047155,0.0020335229313162883,0.004867652151072501,0.003976885516570794,0.004191652684834114,0.002033522965826567,0.004850147256438795,0.004607500934026256,0.004607500532238451,0.004944276120579693,0.0036838819891850563,0.004273393873119338,0.00457283786113908,0.004944276120160118,0.005022887709587421,0.004895391440007695,0.0048475370602556085,0.005199833672786963,0.005234929288899572,0.005541311007125295,0.004253877551500739
2023-12-28,-0.0022949668672074463,-0.004276406655385696,-0.0004860691344551344,-0.0052267364338461995,-0.004514278224141299,-0.002036076673897612,-0.00048606931006850115,-0.002090800467223705,-0.0030500873890329325,-0.003050087361161106,-0.002294966867320191,-0.006371712079729885,-0.0037918989429120255,-0.002089561768085258,-0.0022949668669525044,-0.002385524326362242,-0.0025441523983806254,-0.0025168980029008307,-0.002719770685152602,-0.003111741192054859,-0.003501642116679778,-0.004237086840691454
2023-12-29,-0.004952196779901948,-0.003470534033949095,-0.004337141308573878,-0.005939300960601796,-0.0018996620283702297,-0.004570021605490849,-0.004337141061422778,-0.002451339441808432,-0.00393253623244548,-0.003932536313583869,-0.004952196779964797,-7.948102507208423e-05,-0.0032362976779853007,-0.00453226336478444,-0.004952196779366305,-0.0037991800748262963,-0.0035891545999553525,-0.004646943304748777,-0.004372551174554212,-0.003751887006826422,-0.0028921588369889115,-0.0035768081811572306
