Date,EW,GMV,GMR,MD,MV,MSV,SemiV,WUBC,WLBC,WUBC_Alt,FSD,SSD,SRF_LP,DMV,DMV_Yager,DMV_Return,DMV_Vars,EWMV,RP,HRP,CVaR,MAD
2021-04-21,0.0,0.0,0.0,0.0,0.0,0.0,0.0,0.0,0.0,0.0,0.0,0.0,0.0,0.0,0.0,0.0,0.0,0.0,0.0,0.0,0.0,0.0
2021-04-22,0.0,0.0009557778504435918,0.0,0.0017825907233233963,0.06470065990827086,0.28523262473210165,2.4115703429047546e-08,0.0005137125094408474,0.025222403644117597,0.025222360587759403,2.073427124438254e-10,0.045446409263045634,0.007781068257354015,0.017055908706001786,2.0531840116966293e-11,0.030741936062376997,0.013447421856988143,0.0064700659908271535,0.0005788775874145669,0.0006048682163741241,0.0,0.012786128547505948
2021-04-23,0.0,0.0005648199790283434,0.0,0.0038330216603465694,0.05942122797705945,0.257544384729975,6.94980732379254e-09,0.004208733015689819,0.007858351936786571,0.007858353114860939,2.1902651914373905e-10,0.04544640926304569,0.005086635699957286,0.022350250480661325,2.6449731294064804e-11,0.04401223442503136,0.019025523448412653,0.005942122797705965,0.0003033998532250594,0.0007887630819213313,0.0,0.0026053895126230756
2021-04-26,0.0,0.0005940273803113213,0.0,0.0014460340029808184,0.040876671168717425,0.09784348198222612,2.032226281355356e-08,0.003843635985345825,0.011905388637932758,0.011905379810951022,2.7442062511262577e-11,0.00029340511576519956,0.01962944691051857,0.0186288857520343,2.338546023494814e-11,0.03576218274590038,0.009865568240621271,0.004087667116871738,0.00028910103345188704,0.00041410897068714855,0.0,0.00038248268829655166
2021-04-27,0.0,0.00023961826887310684,0.0,0.0023179514691867706,0.03546355555747572,0.13017828326836642,9.419320744172263e-09,0.0009065261502776176,0.013247625639846036,0.013247395544028658,3.2256447513034914e-11,0.004485614550978068,0.03089287731338301,0.01623452036187393,1.992374321080348e-11,0.03013366288800604,0.009737065506050654,0.0035463555557474075,0.00017543852206002714,0.00020169566509602253,0.0,0.016151672857019697
2021-04-28,0.0,0.0025133611235335436,0.0,0.0031908950252602115,0.07655203278377412,0.16522126707045962,1.3511836758526916e-08,0.00908628575314874,0.026552639488146512,0.0265526963343033,1.2614909117303341e-14,0.003071348357145287,0.027383170076023016,0.024474598235763,3.0543956253126225e-11,0.048575847874222707,0.013336071581726255,0.00765520327837757,0.0007796932938989587,0.0007579324440735785,0.09258855169084321,0.027119431248766614
2021-04-29,0.0,0.002562209622334711,0.0,0.0032509291575083714,0.048465335688725866,0.12422969469629554,3.5623408588616213e-09,0.01859736293099004,0.027421534957006256,0.016032491536755587,5.162537064506978e-15,0.7138027809474683,0.006694083389038258,0.03160399005083689,3.998502917657021e-11,0.03568446224214249,0.020062572323046497,0.00484653356887263,0.0009293211930002238,0.0016020071006967035,4.428402089473593e-14,0.009045748160579997
2021-04-30,0.0,0.0005043341768278973,0.0,0.004292708001050475,0.04020581970813146,0.10131540000803395,3.4280357166562396e-08,0.016435529479800343,0.009118537856994673,6.502032928824841e-06,4.9682480351975755e-15,0.036259115329935726,0.013476120095619624,0.02081974367095899,2.6826138532776156e-11,0.027016500206861447,0.015274339272317057,0.00402058197081305,0.00022892066189061575,0.0008849605875696116,0.0,0.01062070485113429
2021-05-03,0.0,0.0014083221297166927,0.0,0.0020318262446533406,0.018219816407220483,0.22455845551188994,1.9492556927903496e-08,0.0032744520952268327,0.008956604663819555,6.442493717458142e-06,4.5102810375396984e-15,0.03434043349043445,0.01983161463211133,0.014642716345519342,1.7528228868357587e-11,0.02882988929514758,0.011779751608119303,0.0018219816407255424,0.0009759162099592759,0.001440570618549293,0.0,0.0016416798310843334
2021-05-04,0.0,0.0026089949851518896,0.0,0.005653434966227007,0.0752943918169366,0.12834096187908278,3.21082717399574e-07,0.0012726448841051188,0.00046435422817581173,9.37611667056748e-08,2.552566075175733e-10,0.002813436351886023,0.015661873006235838,0.022471635339013418,2.654265696122593e-11,0.03446563747131852,0.015297573857292447,0.0075294391816937145,0.000930408963934419,0.0006171635088318495,1.5841494782620202e-14,0.003130419197914392
2021-05-05,0.0,0.0013622337644577163,0.0,0.00440073097850412,0.07696341930473767,0.09479116424387643,2.95492652902911e-07,0.014960579128478662,0.004234725690461114,2.1794107314884736e-06,2.505010504583183e-10,0.4325903648500692,0.017082112307459325,0.022462992621867836,2.7444213568372788e-11,0.046620837691495005,0.018721829866496977,0.007696341930473971,0.0007237519747656171,0.0008478784595685948,0.0,0.0009905793507686937
2021-05-06,0.0,0.0021172539092517667,0.0,0.0031216971064296837,0.07610487576432982,0.07528040136163783,8.650957324730025e-07,0.011292741686384796,0.0010095799966172436,2.3640490527526703e-06,3.593121633560514e-11,1.300809970233603,0.06895115618441527,0.027345094769506112,3.47450124227322e-11,0.04441155863459906,0.021926125404724276,0.007610487576432998,0.00022340260723324387,0.0006670277284804241,4.488076577047195e-14,0.019488844593086852
2021-05-07,0.0,0.0019039568090897683,2.0,0.004846306753455929,0.07010185365166179,0.3811389561383062,1.9999990692350689,0.01932132805351017,0.023732316088231245,0.017280620044055006,1.1171619185290638e-14,0.334215326241055,0.0879858845597698,0.03265328643563782,4.1496556191233935e-11,0.0553160396788844,0.016973999124836187,0.0070101853651661356,0.0006445441688273934,0.001722652394070161,0.0,0.001946290768710928
2021-05-10,0.0,0.0012667464267377966,0.0,0.004091262593877152,0.03589511916574212,0.027622826166449038,2.887987163270397e-09,1.9085919716952788e-05,0.004475016442939295,0.004474963681143598,9.256484467812243e-15,0.7138479406161884,0.007383277924174331,0.012539322441792143,1.4383966240316681e-11,0.024994027956195184,0.00795807965576145,0.0035895119165741673,0.0004711353942679457,0.0009660974009354974,0.0,0.004385654697834501
2021-05-11,0.0,0.002942078081466151,0.0,0.006486953686753912,0.0634229373974416,0.36589092083060426,1.8393528418490174e-08,2.5418070560428166e-05,0.03580106666341776,0.021760273421988767,1.0158540675320182e-14,0.7004620584768004,0.04420483060610653,0.019156966435719312,2.3523863412755475e-11,0.026560629769060443,0.015135075739817209,0.006342293739744251,0.0015272463249452056,0.0008794720777474743,0.0,0.0023810211460449857
2021-05-12,0.0,0.002366879173154062,0.0,0.004887499765595003,0.05143166767132956,0.18530296884197647,4.2177383619672564e-09,9.445577843660942e-05,0.03314817135250723,1.131318416794369e-07,1.8318679906315083e-14,0.1364044261862636,0.0812984585226037,0.023074406720466907,3.0652230753602794e-11,0.04580477335804909,0.014709199622090663,0.0051431667671330145,0.000459514898288646,0.0007920290504691251,2.6596780333676406e-14,0.003493710026462933
2021-05-13,0.0,0.015405494899264495,0.0,0.012150801182056645,0.07525419505165988,0.4701133756649639,4.619855110383745e-09,9.448930086431646e-05,0.02272421614623546,1.308732756194475e-08,3.207506482638678e-11,0.7480041476260203,0.08894321226786686,0.035736620488717535,4.416428334153011e-11,0.08349507222514888,0.01741754448473503,0.007525419505166109,0.002593641255698439,0.002247357627370024,0.24018809170743927,0.005565779326549763
2021-05-14,0.0,0.0021689379918434387,0.0,0.0037364663564476634,0.07975519020605394,0.07706423694755075,3.096298608434054e-09,2.6098237868207874e-08,0.0027681118180576947,1.1027412941122527e-09,3.207170640173729e-11,0.68988450474096,0.010263960696021378,0.020425689193524894,2.4616461646864707e-11,0.07570311218307677,0.012632489520330834,0.00797551902060517,0.0006480529796295022,0.0013174784495969295,0.0,0.004147882604660348
2021-05-17,0.0,0.005190276420215159,0.0,0.0068749001308759106,0.039433078935874305,0.29504035823622965,1.434224271326683e-09,6.1327521978488215e-09,0.022930213550503266,2.774743920741507e-08,2.1473170463970348e-11,0.5450105867775347,0.05339889353755709,0.0161374160854756,1.9742471546457807e-11,0.044248665365850995,0.008395466773737852,0.00394330789358735,0.00160717564406836,0.001336088346022125,0.0,0.002906537686735683
2021-05-18,0.0,0.0005736970804710536,0.0,0.0007481888598649145,0.030786756444187182,0.05517287686962165,2.7305138257701923e-09,1.3805493950632622e-08,0.01129642882449796,2.4023836926734266e-08,2.147321209733377e-11,2.4980018054066022e-15,0.031011287886235427,0.017281956377579684,2.216808681065885e-11,0.016320425891575265,0.012156087543246102,0.0030786756444187158,0.00013747341508536792,0.00044246331150965285,0.0,0.0008159803075180432
2021-05-19,0.0,0.0003325000659077246,0.0,0.0013298440504764697,0.06465339630600753,0.030906379822893904,9.410826824073803e-10,0.0037120941063725006,0.012274650172841697,4.272616913048033e-09,1.8047480176974773e-11,4.163336342344337e-15,0.025538507376752558,0.015997410237249564,1.885050449068615e-11,0.020137919564617142,0.01347452988226281,0.006465339630600961,0.00024268009102732316,0.0005149158412260475,0.0,0.0014924760218701268
2021-05-20,0.0,0.004009118270831003,0.0,0.007907403633721687,0.0747791942486133,0.29864733667672694,8.147501968995422e-09,0.007354989521622233,0.012493785385863272,1.0250164328429179e-09,7.178302396937397e-11,0.0063051376650585245,0.023143940583267252,0.024363474118978656,3.301102446950921e-11,0.05019836228734848,0.017438371451748497,0.007477919424861271,0.0010906279392384546,0.001176268251000226,1.3912482277333993e-14,0.004014164314094185
2021-05-21,0.0,0.0027491218952374772,0.0,0.004887988561840736,0.05365787625829382,0.11503394125230917,5.799192488683069e-09,0.01106585490182943,0.009696216661273536,1.4448714655279637e-09,4.710301593213728e-11,1.609823385706477e-15,0.04665257763986851,0.019730981289451985,2.493108497425567e-11,0.059889204744200904,0.010228088069256578,0.0053657876258292325,0.0011326013966609857,0.0006874662648066274,1.1879386363489175e-14,0.0023405605769425616
2021-05-24,0.0,0.0012792869277353906,0.0,0.0026120017962741253,0.0405958314534071,0.15017532367747452,6.752362673559221e-09,0.003923494464889061,0.0056769556574733995,9.354245850135001e-10,4.406894293929042e-11,0.0704695239261349,0.013685909048008076,0.014951048497495754,1.7613771552404955e-11,0.02144707577709975,0.005546202377057314,0.004059583145339912,0.00016088930593710984,0.0004411041477929067,0.0,0.0004192353518169302
2021-05-25,0.0,0.0024449562603404743,0.0,0.006417954230445674,0.06385344614031578,0.2929906274119211,1.6343980473083712e-07,0.005835666626113042,0.007776769822177801,6.053067769240528e-10,4.882384774251847e-11,0.6323039722935495,0.014303812781666873,0.026075603375489115,3.5866434822118265e-11,0.03469071794234653,0.014429234164291165,0.006385344614030883,0.0006375675485135943,0.0015998900426755702,0.0,0.00037362484456894204
2021-05-26,0.0,0.005074840715549247,2.0,0.005272137078544337,0.05019093366940456,0.3847169138563304,1.9999998203573444,0.02860426716739592,0.007323752683720673,7.864708467808512e-10,3.676146886899545e-11,1.042711540701739,0.035643442316812414,0.04220479153428395,6.963959964245703e-11,0.041670320415233116,0.02288848709372928,0.00501909336693987,0.003737371395860032,0.0034304100539067706,6.938893903907228e-16,0.0001323360819098507
2021-05-27,0.0,0.006766929930471805,0.0,0.006390651504739521,0.09218830857998302,0.36304913763451596,2.5755938471717204e-09,0.014252948079556599,0.008614297603984092,4.084229447698373e-09,9.917078269694457e-11,0.030220144650230846,0.07555303112093381,0.036593783182748876,6.132548635573443e-11,0.031129222140643762,0.01878064309348911,0.0092188308579981,0.0033116276982529044,0.0034583754268077633,0.0,0.0018092825249571842
2021-05-28,0.0,0.0007603431256918926,2.0,0.004891729888786115,0.06359795954072776,0.018806782289356856,1.9999986005280774,0.007182207154840424,0.006713768914202764,5.0503823414982385e-09,1.117583109389031e-10,1.1223094475316069,0.04999330412412871,0.020713846039176944,2.8520324990566337e-11,0.030815755566615064,0.020478076794041115,0.006359795954072239,0.00042670303384244324,0.00040520570816436705,9.575673587391975e-16,0.0015445904951475325
2021-06-01,0.0,0.011475601449744207,2.0,0.006610511066650621,0.06640429094477374,0.37495070677562314,1.9999986080777268,0.008383488888944962,0.006738441640050392,1.9388675090437069e-07,6.755233872279831e-11,1.2809524638291965,0.04643697968963782,0.05137331942195827,9.369627296251792e-11,0.05742889265566671,0.025079731127340306,0.006640429094477374,0.00496500222791452,0.00576035501507205,3.422956362797436e-14,0.00025513436222833474
2021-06-02,0.0,0.011969159611032329,2.0,0.018268468788395848,0.17031915031827916,0.0,1.9999999935862263,0.01713814509393386,6.288082646938031e-08,0.023347002702459714,5.782761769435041e-11,1.5108224579879022,0.059566679108008475,0.05675157251809906,9.860366689817823e-11,0.056894164342118386,0.0385032487137026,0.017031915031827785,0.0004962199079944565,0.003850751284392818,0.0,0.0014076026008724464
2021-06-03,0.0,0.0040672567487446,0.0,0.010257199859398965,0.07367054260714541,0.0,5.820051609363253e-09,0.009977574673708812,1.441989699729751e-07,0.014628049126329472,3.3584246494910985e-15,0.15706679785880873,0.07483055324754898,0.03990732077580503,7.744938024245585e-11,0.03423551100308119,0.02159019838492822,0.007367054260714559,0.0022423965446094173,0.0025869230561134625,0.0,0.0021722274152801667
2021-06-04,0.0,0.009403856756470872,0.0,0.019397264555937425,0.11716889279100814,0.19999999999999965,2.06591476770002e-06,0.022681015375985016,1.5296126010255762e-07,0.005142390229795221,4.239522621851677e-11,0.2176959696191064,0.07659750396176591,0.04740517891133152,8.090578207387011e-11,0.05523933884590379,0.031909013878042645,0.011716889279100778,0.002336133081015674,0.008013137615393868,3.3910374508394625e-14,0.0028597247999996543
2021-06-07,0.0,0.004186005237264374,0.0,0.008421109696409319,0.038826703962512345,0.2222222222222223,2.065431787811166e-06,0.005899117763909833,2.3755015385318323e-08,0.007962115066440643,1.1810714906079767e-10,0.03238881137716109,0.06530113205314335,0.040918876151147775,7.895092912768575e-11,0.04886453833586208,0.018550851112710327,0.0038826703962512032,0.003742380088892435,0.0038516256577889804,0.0,0.0009939470120039588
2021-06-08,0.0,0.007193203689037206,2.0,0.011632864595518315,0.05657372766223325,0.2222222222222223,1.999999986697353,0.017152216173429092,2.415714060594043e-07,0.031429969182154016,1.1993432635915013e-10,1.0658815139222266,0.07471201948062495,0.04936864487606942,1.031833229969692e-10,0.050597297951411865,0.029333332385287226,0.005657372766223301,0.0009928932803945079,0.005500564349177166,0.0,0.0010580454748008138
2021-06-09,0.0,0.008060773498367412,2.0,0.018778871061675632,0.1026832887766408,0.0,1.9999998682624536,0.02235381519853651,0.04529375601659882,0.06267048632975761,9.627811048407153e-11,0.011273677435045048,0.0833633688468428,0.04116375298171971,1.6752299547562188e-10,0.05130887273702994,0.019547511397995286,0.01026832887766388,0.003237197319056577,0.0073525903112649825,0.0,0.00425459253779592
2021-06-10,0.0,0.038437799992573754,0.0,0.03445220626614837,0.2332440008314449,0.2947368105102085,1.1885100748271295e-07,0.05026133345729203,0.19727281150067483,0.14256692868857945,1.580810343737582e-10,0.23261352866029117,0.06302227116475098,0.0822275117808432,6.141942926474186e-10,0.08124172457237536,0.06264800413478135,0.023324400083144223,0.0260261732598683,0.0368523229410227,0.0,0.00505479962570559
2021-06-11,0.0,0.017819609917283655,0.0,0.027389351828011804,0.08223840986377293,0.18181818181818182,1.053477922720033e-09,0.01911085349701479,0.0565466930700282,0.056546670283430904,1.6750424658429353e-10,2.7755575615628914e-17,0.026657284353575554,0.06555928590189414,5.921843154732542e-10,0.036682232198592915,0.024547773825288364,0.008223840986377143,0.0030967015446073387,0.016300684473690784,0.2811197764075903,0.005505797150037201
2021-06-14,0.0,0.057437863224540454,0.0,0.0445885082231328,0.13161706136488238,0.3076923076923075,5.315309139761478e-10,0.046044450796802604,0.03693998601257287,0.03693997226631342,1.411203792711646e-10,0.10987541595629183,0.05275713338348233,0.052881718851373744,9.827566538334054e-11,0.06951024534173698,0.044435876389911345,0.013161706136488274,0.017678883318531215,0.013976595923140576,0.1941644260193265,0.003964192103501803
2021-06-15,0.0,0.0706153498221576,0.0,0.06866793193848851,0.38581067749839504,0.15384615384615358,1.8074803328403176e-10,0.17675006794230597,0.11998955322503489,0.1199895519248384,3.765190936810825e-11,0.8987566459854345,0.1569746898477487,0.10395110226833634,8.735874107435038e-10,0.10273793165270309,0.06514366674505814,0.03858106774984177,0.030278102444316987,0.0456729948019997,0.13045500333289595,0.007782400230864201
2021-06-16,0.0,0.011943773294406981,0.0,0.03368231363299863,0.1798177959519698,0.15384615384615358,1.6154729886708433e-10,0.09193564634946172,0.021651589994612815,0.021651595117681104,6.073699876374405e-11,0.2764676772939135,0.07811821860478556,0.09155427366645683,6.40961131392892e-10,0.05143365723072983,0.04460175679644542,0.01798177959519627,0.015026091885345462,0.07365291646716926,2.27977359212872e-14,0.008247323783599762
2021-06-17,0.0,0.24309434451432355,0.0,0.0925932326573141,0.43730592463777856,0.15384615384615358,4.978449484611239e-10,0.35266731061426915,0.2950232262277869,0.29502324825392956,4.931142993935822e-11,0.25333904950633657,0.40225979306481147,0.12777356064482148,2.2921688852539646e-09,0.0970801307634041,0.12203945196558226,0.04373059246377939,0.05376331366008465,0.1415111922501426,0.004177159583575122,0.0209167609754285
2021-06-18,0.0,0.06396029982899389,0.0,0.1125599615502943,0.19278071782699577,0.0,4.972531531582946e-10,0.10419822130241405,0.06078772783083799,0.05085979053042131,7.555665815228707e-11,0.055673308554182205,0.2363136102633443,0.053337149000567206,1.856772208208568e-09,0.0253251238131744,0.028618414391903154,0.01927807178269965,0.014374279308804305,0.11458978427355954,0.14643710840166846,0.025558785681525826
2021-06-21,0.0,0.04611238052578922,0.0,0.21697426952239057,0.692173020415769,0.2857142857142855,2.2895740993370728e-10,0.12434749066529993,0.08619197122192312,0.09999922253061305,6.847737654691599e-11,1.1758218482227627,0.3062397432847421,0.0475166011735346,1.7317614009471072e-10,0.08100431127304958,0.09735994867316414,0.06921730204157718,0.050814002522549834,0.1616403285656003,0.13898458513858752,0.04578421427387202
2021-06-22,0.0,0.0021553204964771568,0.0,0.10095144271713756,0.44321724880684255,0.13973768606904016,2.929493232193584e-10,0.09626014779357815,0.17085878176345018,0.16220616121115658,1.5688111920653114e-10,0.455412645616345,0.8033972796575507,0.03672431545233268,2.1296141239357524e-10,0.019286514671853418,0.03102547532317862,0.04432172488068081,0.004306588736673628,0.2482264342656718,5.318488704997293e-14,0.06491594910723325
2021-06-23,0.0,0.06858317820624758,0.0,0.12304071451114977,0.16489907056646097,0.15672565241978692,5.374744777693495e-10,0.20309309915101034,0.07608625843454636,0.07608621451030775,2.431407852832024e-10,0.650002798413249,0.442514578270676,0.05591099349853109,1.1726432463943226e-09,0.04181841732148366,0.06663413095427762,0.016489907056644937,0.034311778535437765,0.2876898081826414,9.35015953551499e-16,0.04669810083277955
2021-06-24,0.0,0.049713553647123335,0.0,0.07533236314032166,0.18891385124388904,0.0,2.441555702514187e-10,0.07191595386952573,0.09596487164499258,0.0959649139687978,3.178626806210616e-10,1.1820670082892384,0.7339442114649555,0.06357796617437633,9.511567644615582e-10,0.0327713125090538,0.04645900263388938,0.01889138512438991,0.025875986739652614,0.08782537733360134,0.0,0.041617688984304416
2021-06-25,0.0,0.05374000576586501,0.0,0.03953931885899255,0.10736946434361241,0.0,1.6565826063823212e-10,0.006560785618437763,0.011264464263259742,0.0015595002896318377,3.68799407679532e-10,0.5793657264102567,0.25300432719765525,0.04145685620771972,1.443551875257576e-09,0.008529003503083207,0.02216755963401254,0.01073694643434693,0.03147347671253974,0.11902859736338682,0.0,0.006316455692350401
2021-06-28,0.0,0.04273017346736615,0.0,0.037807027905258216,0.2321349569060468,0.0,1.5875407302935787e-10,0.02013125535959588,0.023542863248101058,0.0015588644126908607,4.4920925312830207e-10,0.44642220424045626,0.18267873103414736,0.035054386934648525,1.67252559024611e-10,0.014733472025014537,0.02811780816386376,0.023213495690599717,0.016320770391373775,0.04574173341622508,0.0,0.01258884086264013
2021-06-29,0.0,0.06743354497417185,0.0,0.04690233043000012,0.17411342294190998,0.0,1.1755714493592334e-10,0.054830609260945136,0.0251150316529863,6.2122159039113e-07,2.0746918072411802e-11,0.44642220424045637,0.11405459436641084,0.050601268652262985,5.189131624394605e-10,0.027222914748574994,0.028640815627344707,0.01741134229420005,0.015308806616774796,0.017753113454665306,5.618769338688878e-15,0.08029793666422484
2021-06-30,0.0,0.0035416086401464583,0.0,0.06477747060642572,0.12775787588657345,0.0,6.584668912151885e-11,0.18646576016834676,0.04752599249085879,0.008367316669593658,3.563888212321231e-10,1.0824674490095276e-15,0.024673638737626357,0.046629784285448804,5.815574272149959e-10,0.03880964606897635,0.07276540832192543,0.012775787588657023,0.0022803931072903315,0.008544096104428285,0.0,0.008011921967068472
2021-07-01,0.0,0.0041361230010396035,0.0,0.00634058771433515,0.0882954847718383,0.0,1.5509049940326731e-10,0.0448686134911171,0.05543519620597242,0.008367015784730925,3.497031692001329e-10,6.38378239159465e-16,0.005899927459790967,0.03621823354379465,3.836611306429205e-10,0.030902913565780288,0.03517016826241224,0.00882954847718366,0.004546174249792364,0.0035782294345813107,5.251007961781795e-15,0.005115692938525143
2021-07-02,0.0,0.003070631891001181,0.0,0.06631705427199584,0.11407068418315093,0.0,3.122260197050212e-11,0.05342219413910107,0.009915607090868674,1.0233429779960002e-07,1.872537541691699e-10,1.1102230246251565e-16,0.028491730005871817,0.024618697060715317,1.0379209991473459e-10,0.01589132812396317,0.034878572681144734,0.01140706841831482,0.008569364809025148,0.007149029737447842,0.0,0.008108497280298808
2021-07-06,0.0,0.016155683508455875,0.0,0.03812264131301365,0.1944322061406082,0.0,1.015079075351079e-10,0.15789131104821388,0.032096135241990606,0.00038199220263337996,4.9405576851846433e-11,0.6778939933921138,0.28283642931939373,0.04119681113803576,7.772729820887392e-10,0.03240840999198349,0.05770491509999653,0.019443220614064283,0.021338036817936838,0.2042950646596101,0.0,0.03512455045055505
2021-07-07,0.0,0.005412075357491301,0.0,0.01910667287328687,0.17049121932218425,0.0,1.3676933435742146e-10,0.11138505745809446,0.047690232943598705,0.02318446540174037,3.586577285163983e-10,8.333611578592581e-15,0.08553496698482607,0.034731697189319274,4.84120799004728e-10,0.023747490318501804,0.042457258184546515,0.017049121932218234,0.005433732125937955,0.006007770220163365,0.0,0.014882263879797554
2021-07-08,0.0,0.013129039754967308,0.0,0.012893823710232497,0.16971573162993886,0.0,3.8650476941577785e-11,0.02346997636412405,0.08528770193497333,0.08528769155351924,4.660788560650886e-10,2.751271432899216e-15,0.23513169150576818,0.027880414136758746,1.590829967756946e-10,0.029135750607067953,0.025935610101319943,0.016971573162993914,0.004866775511560933,0.18548613909370262,9.749145934989656e-16,0.05566190638211051
2021-07-09,0.0,0.009594161704393906,0.0,0.09614638663494725,0.14589634646578672,0.0,5.4542085220233214e-11,0.05122161591299025,0.0646745594025252,0.06467477514206567,3.330635628406853e-10,1.3600232051658168e-14,0.26874052672483156,0.05659436985646461,7.824904335596017e-10,0.02897032821970042,0.026115308395342502,0.01458963464657774,0.026610375834260222,0.20806387036844412,2.3505503099485736e-15,0.018241389597786987
2021-07-12,0.0,0.0009325107112032071,0.0,0.00402352042092031,0.04876121981176084,0.0,2.053053251862272e-11,0.013785948478690068,0.010973582701533861,0.010974083941889055,2.929702314080629e-11,1.2670420268534599e-14,0.019520333646866058,0.012319447627709377,1.3958778577460862e-10,0.00786045996908584,0.011072692327998013,0.00487612198117586,0.0020979458136039797,0.0015634542728378987,0.0,0.0005978706058914866
2021-07-13,0.0,0.014070804376840117,0.0,0.016589461112384456,0.167978562056,0.0,2.4712724322937253e-10,0.01568140408953286,0.027739887180248148,0.02773981415832922,1.4918968838095736e-11,0.06081823095188852,0.10491941451511594,0.040933822091286216,2.469899007540022e-10,0.026103597691590347,0.033719951660349176,0.01679785620560008,0.009466341920273059,0.02098714236351059,0.0,0.004866696304990082
2021-07-14,0.0,0.23906495061071623,0.0,0.05010032185718123,0.42217306770606455,0.0,3.0451212957423467e-07,0.09140466247499991,0.011315669884722719,0.011314938325907145,3.693767375301249e-10,3.263014858312374e-15,0.23776675797880722,0.05684841488173593,2.0429144487188466e-10,0.0405433304092616,0.05062561521925274,0.04221730677060666,0.04972388006032982,0.17118360118607648,9.556001823174398e-13,0.06499307540299652
2021-07-15,0.0,0.028770970133571203,0.0,0.036354797257538596,0.32024210750634474,0.0,3.0405579183892167e-07,0.0515400524124025,0.025209260603893585,0.025208491644432625,3.8455770512424436e-10,1.7642137750684128e-15,0.1290376345220293,0.02906976958500862,1.493382362216522e-10,0.04723549281798896,0.040067789877052395,0.03202421075063437,0.005783527667013913,0.007623831998966353,0.15236729386775105,0.04503124857022767
2021-07-16,0.0,0.006763868077167583,0.0,0.009457023407634857,0.2035743361152298,0.0,1.1942147751004963e-09,0.03481976544328238,0.06167260110921235,0.037906635101359894,1.8547435809423973e-10,2.9455604622086184e-15,0.006458571512487053,0.035822930503016874,2.3940809057432233e-10,0.02359502197886374,0.02352174022038145,0.020357433611523174,0.00405509542114035,0.0033187056792028102,0.0,0.005316069332807611
2021-07-19,0.0,0.00842066783176605,0.0,0.027301988235476398,0.2929869773318254,0.0,8.391107923224051e-10,0.12525309073820504,0.030128436470132504,3.8415265745522786e-07,2.549584293687346e-10,0.08087162946241512,0.046998646129957064,0.03920395386176233,3.2184115095201804e-10,0.028582651103307696,0.04824019700746365,0.029298697733182402,0.004746318124617208,0.00379202430457246,0.0,0.028920630673022713
2021-07-20,0.0,0.006887303497313206,0.0,0.01336127941647757,0.3761670667924443,0.0,4.355556256193194e-10,0.0700758006088897,0.03591128356218972,0.014423750306700907,3.0661910510598744e-10,0.06735287965503506,0.0485522270452023,0.03185697502388439,2.1592376497903132e-10,0.02075966673688784,0.031180712304040833,0.03761670667924473,0.0029797740028747882,0.004719619233707406,0.0,0.019627224776199756
2021-07-21,0.0,0.0010575413203539402,0.0,0.011323755119643921,0.2385938677480428,0.0,1.2648497594482112e-10,0.03549499933179734,0.012812737699225751,0.014421871598695957,4.277016379949927e-10,7.979727989493313e-16,0.02529564716939362,0.02614555930616958,8.154743547095222e-11,0.019922438235423244,0.021997700624646652,0.02385938677480405,0.0017729601783880687,0.0028816397002445907,0.0,0.02869048537300801
2021-07-22,0.0,0.016103940003586944,0.0,0.00831344207879839,0.17293115545705173,0.0,1.1076107112341288e-10,0.07072049810637901,0.022598728760076965,0.007505632782932883,2.3315463448803087e-10,0.06735287965502545,0.14574172663673052,0.032766132412138424,3.3263231058455744e-10,0.014127623278810779,0.02743832616910728,0.01729311554570523,0.005820312998143111,0.013129248660987023,0.1385685163219371,0.014572409292748917
2021-07-23,0.0,0.0233778685979257,0.0,0.0181755316910272,0.4416547012797148,0.0,1.5532987216358015e-09,0.0824986269971661,0.024739700985217952,0.007507771120374325,1.855481879253773e-10,0.6578405948815709,0.1310347483141593,0.03588822580897261,2.880087418555277e-10,0.040703098662701415,0.04935065730826838,0.04416547012797151,0.011288468846520384,0.022272958269556897,7.473188734508085e-15,0.0660904084006017
2021-07-26,0.0,0.004402534270080508,0.0,0.004396925234304298,0.04503104756036971,0.0,8.407873902718282e-10,0.07528341983123134,0.0076749974046222275,8.66170147481582e-08,1.969184398875612e-10,2.3592239273284576e-16,0.021864628932026925,0.021463576037918413,1.730212501049877e-10,0.014779760218748543,0.02080980238272141,0.004503104756036921,0.004843638705974367,0.00465200280222814,0.0,0.014099535279107692
2021-07-27,0.0,0.0010304036492606826,0.0,0.002297560794890175,0.15476258792260475,0.16666666666666669,9.248099495630336e-10,0.0236420813025819,0.009998413700789327,9.507142641890232e-08,1.9626460179278382e-10,1.7277845820728999e-15,0.00048486526783916677,0.017414663420243504,9.131211065049882e-11,0.017350800865583417,0.02515966086760926,0.015476258792260389,0.00040980606797667504,0.00129665033473226,1.1961785728598073e-14,0.018178246974666856
2021-07-28,0.0,0.012255871308492596,0.0,0.013347295198974676,0.17621412326595118,0.03284299330598685,1.5309417745900545e-07,0.0835268875190924,0.004192453602001538,8.125709007045234e-08,1.6645307354679062e-10,5.9674487573602164e-15,0.0362738206229767,0.03214219477631314,1.967040974548695e-10,0.027320674949074926,0.031779135589718024,0.01762141232659506,0.0004340987630248559,0.006915953811585911,7.033436333347964e-15,0.00871919442261123
2021-07-29,0.0,0.009462664031169517,2.0,0.017424282141979865,0.2035105915545439,0.1338236733606799,1.999999846842824,0.08247920697819022,2.430282822901697e-08,7.821010110375948e-09,4.213793203255989e-11,3.7816971776294395e-15,0.028701359540630668,0.03195232136780643,1.907063118533614e-10,0.04172949538533265,0.03217911307634753,0.020351059155454307,0.0011059551929152173,0.004695340462828937,0.0,0.01824045130177827
2021-07-30,0.0,0.0068281952667586,0.0,0.01064400388322168,0.13786046269673602,0.0,5.592768450240192e-10,0.032917343178093944,3.126493577920719e-10,3.7913306674686176e-08,4.2139805533913943e-11,1.2490009027033011e-15,0.012243258203397637,0.027424106731222565,2.0836246616973142e-10,0.027124431971322582,0.029472559566194045,0.013786046269673516,0.00288752440328861,0.0029258053993196833,4.718447854656915e-15,0.022990172675136422
2021-08-02,0.0,0.022066793856316148,0.0,0.015444504973590522,0.10715721296801153,0.0,4.5405676417584314e-10,0.09460028967078082,1.1290688329418375e-07,1.505337999391232e-07,4.806943176838274e-10,2.033095913844818e-15,0.043328737952534176,0.03138176298474035,2.977953994509619e-10,0.018862802537188555,0.025994567538123167,0.010715721296801123,0.006782736341293397,0.015372993041248702,0.0,0.003605992402661823
2021-08-03,0.0,0.008039947600071358,0.0,0.04553846910197837,0.1943009152355544,0.0,3.1544307368312702e-09,0.09850174503071148,9.48204286338461e-08,1.8879474436572785e-07,4.872242748144018e-10,0.09842905634945978,0.10730308952478873,0.03405717445928174,1.037567670669759e-10,0.06569904936095697,0.04905317054178057,0.01943009152355543,0.008176892111814625,0.006190973360288312,4.398391373339194e-15,0.004949798905638916
2021-08-04,0.0,0.022525992850786703,2.0,0.0152247366660433,0.16097595707079415,0.0,1.9999997305614552,0.0809577436204393,2.8356498659384832e-06,5.3296713334316514e-08,1.794834281199087e-10,0.14960671900706024,0.14648286174312425,0.03750977209399463,2.4968338507846966e-10,0.03691400719547092,0.03989188792560096,0.016097595707079596,0.008513647679141294,0.018623632639876472,1.5482407023093003e-15,0.012219253456306724
2021-08-05,0.0,0.002959970157966859,0.0,0.00826134842708217,0.18068192351313184,0.0,2.6823354425227675e-07,0.057859117468203096,0.02602045357182209,2.3106616733187257e-07,0.0,6.591949208711867e-15,0.018876448797981175,0.016048025616908095,1.1107875730331784e-10,0.024134859106865338,0.023564097786348017,0.0180681923513131,0.0008043531558267203,0.0009496651196320002,2.5205532105943007e-15,0.009394907946583406
2021-08-06,0.0,0.008237977858477942,0.0,0.008071483244033856,0.10522649928434052,0.0,1.6911514298984107e-09,0.0559597485811891,0.00535055307050316,2.8000915382186964e-07,5.287437154777308e-15,0.0,0.013916736428699006,0.0148682153217297,5.233836974927186e-11,0.013617136697256137,0.019873564285365942,0.010522649928434158,0.0016134478079527434,0.0061432051324840035,3.286433625238061e-15,0.009308194518932864
2021-08-09,0.0,0.009149723137592944,0.0,0.029487784419932016,0.22460805429575675,0.12596951651546676,1.3844943060806712e-09,0.11348406521908037,0.031373637724500386,0.01810898789458744,5.287437154777308e-15,7.164407955784213e-15,0.020968985916239274,0.025138605334563417,5.778651168686366e-11,0.021054071612124012,0.03584338149056531,0.022460805429573336,0.00622282317780708,0.005775871953377056,0.2708900822279723,0.002825863505217272
2021-08-10,0.0,0.014695489630860117,0.0,0.018598251314086645,0.08152501267983531,0.040697150151199984,9.056504842887121e-10,0.10193497217955268,0.011329312720025443,0.012131880281129416,1.6805910829642556e-10,7.16093850883226e-15,0.027960414058160837,0.024137997965190935,5.280463566403881e-11,0.011592143545607891,0.024590362018692663,0.00815250126798367,0.007600983646504522,0.006236859314871399,4.3298697960381105e-15,0.004519520203254034
2021-08-11,0.0,0.004840040556595723,0.0,0.011887142659446483,0.11437338894038981,0.0,1.1466207478722084e-07,0.048203346836873766,0.01132945493032983,0.019928200562682685,3.7752133363877505e-10,7.407269242420966e-15,0.03635476879407444,0.025488871524477923,1.6958107140752077e-10,0.023667995292156265,0.021618317258767793,0.01143733889403896,0.003835820566865225,0.0061245476533424515,8.326672684688674e-16,0.001939140111267227
2021-08-12,0.0,0.01197215945483598,2.0,0.014098884769109976,0.12400907452319258,0.0,1.999999805254823,0.06697641419239705,2.729162128928264e-08,0.06922030257384246,4.4678578892121124e-10,7.549516567451064e-15,0.014984418481292776,0.016848832683933723,3.7697983623630194e-11,0.01730789708483946,0.020175324154203964,0.012400907452319365,0.003143529066500887,0.0035926696924658084,5.218048215738236e-15,0.003808710780282807
2021-08-13,0.0,0.0049047079561628714,2.0,0.005191261926084071,0.25059832322918774,0.0,1.9999999185208635,0.08604024896843741,3.2025139179436835e-08,0.08586584014523455,1.3413314903232276e-10,0.13433156679957287,0.07018444783411523,0.038294157865790344,1.969570062598791e-10,0.03042145160847524,0.044953269392772374,0.025059832322918807,0.0029184833488847366,0.005991207045529158,8.382183835919932e-15,0.0033028252214587737
2021-08-16,0.0,0.006516728440447839,0.0,0.01220368639116212,0.09037010168580209,0.0,6.077915527731523e-10,0.016802047429033726,0.01781435462513295,0.030211662965539177,2.1351602430552674e-10,4.163336342344337e-16,0.021856546038964163,0.022475121465077172,6.26687313154406e-11,0.021683619552492366,0.02727755065186947,0.009037010168580273,0.005021637233374579,0.006866632947182064,2.6645352591003757e-15,0.03740502611852693
2021-08-17,0.0,0.0012577771210016578,0.0,0.018723000767195377,0.08329779984940908,0.0,1.6840431683769128e-10,0.024358120604191222,0.020736050418567596,0.008348210463171662,2.2046220404803307e-10,1.647293412787576e-14,0.03507681260138566,0.01716655844267684,3.5462133229913206e-11,0.012945591142204557,0.014770581144541774,0.00832977998494143,0.002804540087700348,0.004371447040272435,0.0,0.0006601646922781285
2021-08-18,0.0,0.003471444890289049,0.0,0.003360934546917509,0.08856393547606112,0.0,1.1580289734286836e-09,0.029486522133752746,0.03757754681948566,0.00602733852958303,3.058338721162457e-10,3.1502578323738817e-14,0.0015109208354486085,0.026519742080727174,1.38490954815218e-10,0.02284468031377628,0.023315059372724947,0.008856393547606534,0.0010941921906461455,0.0015349954060552328,3.1086244689504383e-15,0.0018667616588153406
2021-08-19,0.0,0.012871484913806791,0.0,0.018702006145721616,0.14677159665782902,0.0,3.4342468465362726e-09,0.05050570512103259,0.020371411762369084,0.00902251760308484,3.3493144369067807e-10,0.1938584618411533,0.0652510439424518,0.0540502077080399,2.860343906174734e-10,0.019549723105332453,0.028484463646527056,0.014677159665782938,0.01451950038345514,0.01640579231021702,3.9968028886505635e-15,0.006805043385902904
2021-08-20,0.0,0.0027915448094125977,0.0,0.005725070100085378,0.20512038188626316,0.0,1.947748379884619e-09,0.015524497243425521,0.05259999780165051,0.01737895566000896,2.6949331655146125e-10,7.299716386910404e-15,0.008776513359648942,0.02544357633123527,4.2084738471892535e-11,0.024505309409016456,0.019355937297813854,0.020512038188626236,0.0008658794163339742,0.0014728419504330525,1.0269562977782698e-14,0.002008220796181112
2021-08-23,0.0,0.02051045498274897,0.0,0.021607104525165427,0.14649960362623557,0.0,1.1987423936468855e-09,0.024421321054309057,0.067291040337712,0.06729194146949892,2.549288280473405e-10,1.6653345369377348e-16,0.026349085207912695,0.01879488199207994,3.607383836090605e-11,0.0255349139123581,0.013563817647447346,0.01464996036262664,0.005749713155001765,0.010353298380156344,9.159339953157541e-15,0.0028803979914395067
2021-08-24,0.0,0.005671474969468973,0.0,0.012873796664269084,0.12302173869347958,0.0,1.0248031108721733e-09,0.06190683843120809,0.06466664018176363,0.06467047510676684,6.34233221497027e-11,7.28583859910259e-15,0.008004230937272212,0.034956292180004685,7.428199721992712e-11,0.025271858216664157,0.021711922175084518,0.012302173869351188,0.002354340267121526,0.0021895658376171684,0.0,0.015327566860188397
2021-08-25,0.0,0.0028081502147972687,0.0,0.003359530063313248,0.1717934802671907,0.0,1.4341727036149386e-09,0.06348844737044532,0.07186452997647214,0.07624345430594831,7.356629055932373e-10,7.93809462606987e-15,0.026531453731104212,0.028695131179717642,6.65382748898935e-11,0.03183337670444507,0.031432668145850204,0.017179348026719304,0.0008620600061557508,0.0013207713478114481,0.0,0.010985190920443717
2021-08-26,0.0,0.006179452231277332,2.0,0.02174737160532011,0.14401890491869107,0.0,1.9999999955533894,0.07684549011192252,0.03035286505306839,0.050018825464025106,7.207679175724735e-10,1.554312234475219e-14,0.01411014566879387,0.035777987779135614,7.576379801310651e-11,0.02459153056032804,0.02694199288084003,0.01440189049186874,0.004398063615003948,0.006102765963802054,1.4988010832439613e-15,0.0258662422202831
2021-08-27,0.0,0.0018870226460682015,2.0,0.004481025898817563,0.15847725534668308,0.0,1.999999921293948,0.05045571538037843,0.02343994367132858,0.016640859460855785,3.9968028886505635e-15,8.090750291955828e-15,0.03152026675308147,0.027674021310260408,6.192013568551147e-11,0.027685139405500273,0.02301739829346884,0.015847725534665888,0.001806255148369431,0.0014461647255857336,3.164135620181696e-15,0.008910829761527891
2021-08-30,0.0,0.008629731774129052,0.0,0.017356324081717535,0.16804694255464278,0.14165409504853907,8.768200507512632e-09,0.09397549363721171,0.005792978572419068,3.669006344575454e-08,2.332395804272025e-10,1.942890293094024e-16,0.0039963895144434596,0.022914088535792902,3.9102485138720056e-11,0.02783363253218907,0.03583763743904596,0.016804694255463687,0.0021101821234284397,0.001398182351969617,3.552713678800501e-15,0.003706396179133077
2021-08-31,0.0,0.007175910499669997,2.0,0.010088678255106481,0.10409119645844991,0.14165409504853907,1.9999999666878037,0.02741840148015258,0.013522940132339886,2.245500528033628e-06,2.332385534709047e-10,3.3029134982598407e-15,0.034822485143078244,0.021563853980422674,3.647857016453315e-11,0.014325769826631342,0.015661307434029114,0.010409119645844844,0.0020880158674501277,0.0018699632254872943,0.0,0.008593083599882787
2021-09-01,0.0,0.006802064171031074,0.0,0.012119080302089918,0.1459330773454594,0.0,3.611323136513548e-05,0.012616066137028406,0.009381587364286556,2.2323680016270164e-06,1.1823875212257917e-14,4.1772141301521515e-15,0.0387824353917979,0.01832440216609338,3.622148414539339e-11,0.016451149986854346,0.010629881737816725,0.014593307734546923,0.003110754926455156,0.1696833780677891,1.8318679906315083e-15,0.016576240491479634
2021-09-02,0.0,0.008845437997063594,0.0,0.007302562872661555,0.14235371014224107,0.0,3.599948981463939e-05,0.06526357539410678,0.014235629170716253,0.000753606238467916,2.308392366145995e-11,4.163336342344337e-16,0.02009351918452874,0.02256005293148744,4.1227063429793986e-11,0.02134150459879414,0.013096846993880654,0.014235371014224271,0.0023188499772125136,0.005230742593117064,1.4432899320127035e-15,0.016649303863457754
2021-09-03,0.0,0.005085682696130299,2.0,0.011457922241297686,0.1459704580406781,0.16666666666666669,1.99999980328187,0.027010293652026056,0.021979332710529757,0.0007536783607320421,2.3083562838976945e-11,8.049116928532385e-15,0.12880410988280253,0.034026679947254605,7.573988658471364e-11,0.03092159968655555,0.027358932707816953,0.014597045804067496,0.0008202265023307467,0.0031960349773253937,0.0,0.011986278564141358
2021-09-07,0.0,0.005408036031850753,0.0,0.022605381269193158,0.21505304019378152,0.0,1.7097315646237844e-07,0.19974658290275993,0.025335374490947027,7.167852573986e-08,3.116094882127385e-11,1.3877787807814457e-15,0.040375588787814214,0.02773499330300877,4.2457926063832474e-11,0.03045617407012315,0.024795468362477934,0.021505304019374505,0.003239989208289041,0.0024745419068718626,0.03121561845676322,0.01862488513591015
2021-09-08,0.0,0.005767479319340377,0.0,0.02148240614833029,0.17479683989825487,0.022916195417369667,1.3212997020845858e-09,0.12713766010286498,0.020995169432999873,0.004313727240691817,3.11667219810019e-11,1.9984014443252818e-15,0.05396870227653851,0.03710016933744158,7.101995380676129e-11,0.021844729429025298,0.026658601292916653,0.017479683989830283,0.008688613917974028,0.010171173334283492,0.0,0.033535345611841086
2021-09-09,0.0,0.0034624688955443733,0.0,0.015172111299699332,0.08738492363036127,0.14375047124929707,5.221429979642601e-08,0.030358898514543913,0.03432471702318034,0.004313688862463874,1.7010633179825874e-10,5.134781488891349e-16,0.01433818468112541,0.031298545342498596,5.461732455191992e-11,0.03861479258145941,0.020543669682951328,0.008738492363041639,0.0024832076222738517,0.00217097855968861,0.0,0.013631479699361092
2021-09-10,0.0,0.005804769478813523,0.0,0.017322235141157615,0.28728391641879814,0.0,7.461941176256172e-10,0.056207163761881326,8.908383146809251e-05,3.6157409902259907e-07,2.593332076861188e-10,1.4432899320127035e-15,0.06440931708134333,0.02216925588422602,3.079829447028004e-11,0.026307761006139137,0.024947415541314674,0.028728391641877835,0.001992315174768295,0.005342611937434635,0.0,0.03602810934101567
2021-09-13,0.0,0.011618100003360282,2.0,0.026211061136339302,0.14640368195839415,0.0,1.9999999465985394,0.047604429389357314,0.03724324641389138,5.69034008628122e-07,4.1700061459426507e-10,9.200973316580985e-15,0.024769722003668435,0.03325073653931704,5.964762017640624e-11,0.02896427227634365,0.027874235048914498,0.01464036819583929,0.0034909620997632534,0.007312936128632804,0.0,0.020451089971663717
2021-09-14,0.0,0.06777883484625997,2.0,0.030218531369777892,0.37886474217364796,0.0,1.9999999979560206,0.1546298935003123,0.07875756574415198,0.09294637275358403,2.733865633874899e-10,0.6981284538401477,0.2078282337881427,0.06951920621289673,1.729134335715088e-10,0.06358638523424823,0.059999480333033095,0.03788647421737215,0.03794941229231156,0.06537359349011242,0.2651749909176862,0.03782157188201153
2021-09-15,0.0,0.012793603714576683,2.0,0.008514275633114205,0.09984899857405172,0.0,1.999999945419934,0.06884352210925254,0.07630413578521562,0.03371833900662237,2.470903065487917e-10,2.84147705365001e-15,0.05259788256853587,0.04014062469005289,1.0547325512977324e-10,0.02999784377506326,0.026692735951080085,0.00998489985741878,0.006097988401330932,0.010567933985529767,8.472389456670726e-15,0.01130466687384999
2021-09-16,0.0,0.023092015446245256,0.0,0.008531446276651136,0.11293060564403266,0.0,5.2457087051383417e-08,0.02179469685949378,0.015595615665931116,0.01849808396627598,2.4709283230617274e-10,0.0,0.026634265792671655,0.02019312284469347,3.2109440106786735e-11,0.01678257430282757,0.01843661167622184,0.011293060564403004,0.005075327719896251,0.16111681069526343,0.0,0.0027126010277436947
2021-09-17,0.0,0.004718411590187337,0.0,0.010050308486662076,0.06705018915507434,0.0,3.8372258850657886e-10,0.07713931730313178,0.0024860253974012675,0.023787406716274696,4.791007868210073e-11,0.06641023955765966,0.01991326983058952,0.026084096987362162,6.330357071870907e-11,0.013905300701113146,0.009045794847245017,0.006705018915506927,0.003835237606130748,0.15451237840308024,0.0,0.033500015405164285
2021-09-20,0.0,0.006530111826661823,0.0,0.0076488637111007205,0.10070732199873232,0.0,1.9469709474871692e-08,0.04255598943681799,0.03319008962119064,0.04606025634789345,2.1992641041634897e-10,0.002781138827432212,0.05478036844313923,0.02401632663903205,3.580187535323631e-11,0.030516028762593028,0.028867381077610454,0.010070732199873075,0.0025547547302066133,0.0029453280730488487,1.0547118733938987e-14,0.015189045207662535
2021-09-21,0.0,0.0019963413160652187,0.0,0.008530221147364101,0.2238023834347998,0.0,1.4367410619323519e-08,0.002888150625151792,0.01793368289763366,0.02727702053728754,2.742393812038557e-10,0.01981450075804699,0.0338736404702567,0.030184075541399485,5.287023596700635e-11,0.02342805191670301,0.02590139538339118,0.022380238343479783,0.0037708647679912076,0.15618707682631672,6.522560269672795e-15,0.00014705416337365898
2021-09-22,0.0,0.0023750485481412705,0.0,0.001983348591379826,0.11343422642993144,0.0,1.35805696406439e-07,0.006054798033927248,0.046347725690137204,0.04494384905219003,2.286310724075591e-10,3.7816971776294395e-16,0.08218821492700036,0.017169682852340176,2.7197535890088886e-11,0.027900638972179103,0.013375819247425879,0.0113434226429929,0.0004946878345489791,0.0008673902375523901,0.0,0.0006908967397403244
2021-09-23,0.0,0.0016332020353016837,0.0,0.007125275837936796,0.1257317930596848,0.0,0.00029823131754673477,0.030409267614308316,0.015269980019817872,0.02775722465871347,2.366047913149316e-10,3.0878077872387166e-16,0.03959815271858184,0.013696013868328326,2.1243062864328977e-11,0.020057404062316757,0.011023032524591251,0.012573179305968366,0.0015153763863642554,0.0006806776904755172,0.0,0.026480295587760765
2021-09-24,0.0,0.0097717502334064,0.0,0.015772976501362848,0.0990653120252969,0.0,0.00029829297276410426,0.053188723904607604,0.028516855150660173,0.01707169758212096,8.143679758321198e-10,0.07231620076450931,0.012748967927242037,0.024730044508899086,5.252645540743117e-11,0.025340183441545306,0.017369984224002134,0.0099065312025296,0.0037997131666492635,0.009862281411283955,0.07757932535360132,0.0026049875395031848
2021-09-27,0.0,0.0186607155565939,0.0,0.0246581125056126,0.21081801463885014,0.0,2.3001871178266066e-08,0.055686300561344125,0.01959950157347659,0.03955496690152472,8.143654917081022e-10,0.08838118439602945,0.1542721302464164,0.03371060675034134,9.411441070916737e-11,0.02884308776418531,0.028292574109734788,0.021081801463879668,0.011216561145588121,0.013707472294860983,0.07138241531906352,0.010213481972976978
2021-09-28,0.0,0.0058582822143712476,0.0,0.012642859911767806,0.09707527312314716,0.0,3.4528973155956863e-08,8.185079718529434e-09,0.03143540563912607,0.043348962552042646,2.77724232500276e-11,2.0105445086571194e-15,0.031069205412756554,0.020753545615832997,3.323827324486217e-11,0.02931363517747693,0.022883564568376858,0.009707527312311878,0.0020979732822982294,0.01693741411850823,6.994405055138486e-15,0.002988829968167255
2021-09-29,0.0,0.025725582141517624,0.0,0.03437681604513919,0.11908445734907319,0.0,8.209068213472459e-10,6.2411552279504735e-09,0.0003062076943713826,0.04143267649255717,5.420064397299029e-11,0.04116479131761082,0.12234547974775828,0.02260237536798272,6.455022627527285e-11,0.0322668630834736,0.018571608403338057,0.011908445734918713,0.01001516689360531,0.010633165183963664,0.17416618364750086,0.006128711310561245
2021-09-30,0.0,0.005333089882725702,0.0,0.028819612751915073,0.12120194394344011,0.0,2.016403900434693e-08,9.102678577559413e-08,0.008131780939980161,0.010576763462361756,7.254526146471818e-11,0.026514060577028466,0.20809167849207014,0.026722368851563528,6.524404627672453e-11,0.02881777119750619,0.015748984788526623,0.012120194394340186,0.003765680035134937,0.15884457897162904,2.651351360682952e-14,0.014802934459326487
2021-10-01,0.0,0.011421672221943848,0.0,0.015991180844811215,0.15721830863220165,0.0,1.2690750308202438e-09,7.271370424084936e-08,0.008438004454503524,0.015126429419730338,9.66332291962857e-11,0.0,0.10876338852244657,0.03249018296803909,6.067130131626186e-11,0.03181534655082327,0.032956489409393205,0.015721830863220418,0.0021543721983851363,0.16611623304905457,7.077671781985373e-16,0.0017800760346060231
2021-10-04,0.0,0.004338741287213314,0.0,0.014569082596964914,0.07128992946600632,0.0,9.116760108390864e-10,1.673996038962442e-07,1.8285549865937334e-08,0.03688500511894637,7.77956032926852e-11,0.004580511143158696,0.09770269354494408,0.02200690638681313,4.045891399684365e-11,0.0398238486814643,0.024112741886704814,0.00712899294660127,0.0033667624222936086,0.0032470235873128346,8.257283745649602e-16,0.0030558067438641034
2021-10-05,0.0,0.010701902663056881,0.0,0.010162939115029305,0.17599539921594048,0.0,4.898081297939878e-08,4.422579552817025e-08,2.7619591912164676e-08,0.0739971549022209,2.6451008050543123e-11,0.7532910228614511,0.041715399645473106,0.03515054079654716,5.976215355918413e-11,0.06904114279272858,0.030491751524901523,0.01759953992159166,0.002402488929966525,0.0051403283364675765,2.373101715136272e-15,0.03062389048903707
2021-10-06,0.0,0.006039708792010834,0.0,0.0035587564856305776,0.035791241225917016,0.08013966134448194,1.202123562094375e-08,4.188332334495488e-08,2.1753727569295833e-09,0.01351996535687816,4.2049697057677804e-15,1.7486012637846216e-15,0.020582305163990525,0.017573712576789385,2.7722546480646315e-11,0.039648853990335055,0.012145673907115684,0.0035791241225917314,0.004459529039218632,0.006365921273522779,0.0,0.006677561317526299
2021-10-07,0.0,0.005770171509871418,0.0,0.008498588453149818,0.10975538050776489,0.0583745903795755,7.24626128576794e-08,8.581949556937113e-08,7.055970441260939e-08,0.03952304414719239,5.017333770673815e-11,6.38378239159465e-16,0.12865011712275481,0.024896182983252715,4.922862117950899e-11,0.05176781123318026,0.020447499407161156,0.01097553805077707,0.002334441795894565,0.004085668394217551,0.0,0.06141962365555023
2021-10-08,0.0,0.0017861572158220263,0.0,0.002791871814160908,0.026301749631093888,0.043303930094124546,6.188224575212508e-08,1.8845726374126781e-07,7.279483408173526e-06,9.715649736119492e-09,5.0176682253599836e-11,6.661338147750939e-16,0.0359577391330248,0.016137391238439797,2.83806728118563e-11,0.03309404524133123,0.011402556282737415,0.002630174963109952,0.001577317705390529,0.003001663069678984,4.253541963095131e-15,0.0303459526765701
2021-10-11,0.0,0.0020793628554693186,0.0,0.00948282552351791,0.07229522295700214,0.0,1.5523317018907368e-08,1.410487951470703e-07,7.2947744026719e-06,0.01873305065194958,7.743805596760467e-15,9.159339953157541e-16,0.0442275327779585,0.023381421108326788,6.53198189981552e-11,0.03629341217109557,0.02209146718210873,0.0072295222957010075,0.0012741900238074713,0.003148773756811667,2.7547408798511697e-15,0.0051636561327130254
2021-10-12,0.0,0.0031315226255971,0.0,0.002443589470513512,0.10504707770113149,0.0,1.0266108920667391e-07,1.5602899386127663e-07,3.287307796806527e-08,0.018732666471221737,1.1879386363489175e-14,0.0,0.05860017821371799,0.01917712138771942,3.974434670261928e-11,0.03626871903648315,0.020669368536799806,0.010504707770088745,0.0009563049316296014,0.001349631068740892,1.8041124150158794e-14,0.03470465028254885
2021-10-13,0.0,0.006104699515716481,0.0,0.009693470633111202,0.09534743185678629,0.0,2.018195233874874e-08,1.237623261995391e-07,1.039228200959419e-06,5.008174832968337e-07,1.2087553180606392e-14,1.8318679906315083e-15,0.08524939159870522,0.01927482382405847,2.91496410342873e-11,0.037701948846418615,0.018212335334172956,0.009534743185675182,0.0040878341759764195,0.006816653072155223,0.0,0.03777991455727002
2021-10-14,0.0,0.010093984336200455,0.0,0.004956581355777857,0.05211177761619991,0.0,2.661946514054918e-08,1.0354466155440403e-07,6.22935523025836e-07,7.405881968791661e-08,1.5654144647214707e-14,7.216449660063518e-16,0.11161136638475809,0.01604373336073426,3.3963831747030326e-11,0.021688631038943737,0.01320286209839998,0.0052111777616203475,0.003973194215769853,0.0065677779379591785,2.0115853427427055e-14,0.0007886078070604534
2021-10-15,0.0,0.0011428674941806507,0.0,0.005405242706168381,0.031203283002842832,0.0,1.4961026583449614e-08,2.0276828379825865e-07,4.174027230519073e-07,1.2503727969681577e-08,1.3808398868775384e-14,8.604228440844963e-16,0.01606329537889579,0.014838411092400871,3.095061706925861e-11,0.03179050510479148,0.017908673391931522,0.003120328300288147,0.0019624872884961495,0.001336494237363768,2.5604518505417673e-15,0.0005043215051053779
2021-10-18,0.0,0.003666070469211567,0.0,0.011325890625170778,0.0475112185992941,0.0,2.2709115778678613e-09,1.427596103625802e-07,3.0604069336387374e-07,1.6891051127232437e-09,2.0377854959008346e-10,2.498001805406602e-16,0.01368761746154962,0.027076719608055015,5.943294467680715e-11,0.03656042509931518,0.01793345254262873,0.004751121859930096,0.0024574456592702486,0.0028371301482392622,2.901151541223612e-14,0.009620377318215677
2021-10-19,0.0,0.0023585448132072725,0.0,0.002946408047154624,0.04351424312020743,0.0,8.167607274856593e-10,1.0155395622151008e-07,1.4941578296845393e-07,3.885693149185965e-09,2.4916538277075517e-10,4.440892098500626e-16,0.000999795316221186,0.014791327553565745,3.2905969615804054e-11,0.016604592900148693,0.012817973029916167,0.004351424312022803,0.0008518446351945819,0.0008232532319057554,2.7595981055839047e-14,0.0019512196220831963
2021-10-20,0.0,0.007831906700327193,0.0,0.004792179891835342,0.0563605899262843,0.0,1.581328869856615e-09,1.044640113757992e-07,3.052331546751774e-07,2.5624796590184573e-09,1.9382336013951118e-10,9.159339953157541e-16,0.015396534797746726,0.018741536448966877,4.94159990704901e-11,0.027756731238270046,0.018299247624640205,0.005636058992628118,0.0018700976559042938,0.004457369396393458,1.339206523454095e-15,0.002598231327463573
2021-10-21,0.0,0.0035071977453708623,0.0,0.009268361633882496,0.04223542229534234,0.05460512671640104,1.8443614377576418e-09,6.209589195134301e-08,0.01764839976684863,2.261747768239619e-09,2.1532929606049578e-10,3.3306690738754696e-15,0.01716556526472377,0.016915422468730075,3.3476291183553997e-11,0.03481506918260861,0.014612365557691302,0.004223542229535138,0.0016421460483989174,0.002948619727198349,1.2788381464901022e-14,0.0021982989256838573
2021-10-22,0.0,0.007895446784422614,0.0,0.023451083540698397,0.08052954990187815,0.14539487328359846,8.3503526245142e-09,1.4690243413912436e-08,0.01928021588646451,1.4067353878988165e-09,1.8113013866560834e-10,2.858824288409778e-15,0.001715264610072438,0.036608006085919687,6.408991393147545e-11,0.07695163882048597,0.015274997592938822,0.00805295499018746,0.0036568456379833247,0.00267846963004282,2.0539125955565396e-14,0.0017169383122509606
2021-10-25,0.0,0.0014148526810965126,0.0,0.022445625114944533,0.05191761179965675,0.0,5.212433822765006e-09,9.456173803090296e-08,0.0033399579379791364,4.180975982093216e-10,1.3976057811060372e-10,4.163336342344337e-16,0.001715264610072438,0.019216042531964416,3.7954958620467494e-11,0.03154840676409841,0.01772878338636619,0.005191761179970292,0.002059322551408855,0.0019390468611736522,0.0,0.05103911753756871
2021-10-26,0.0,0.0002023318192320689,0.0,0.00243223490528266,0.05283107481764858,0.0,4.083672266816114e-08,1.6255539174265213e-07,0.012546998135057268,8.543079993428293e-10,7.47218828478502e-10,7.771561172376096e-16,0.024999730061883295,0.016824077068726594,3.829507544406141e-11,0.024198649500711746,0.019635648936889398,0.0052831074817648455,0.0009584170183825,0.0005482348962292868,8.798517470154366e-15,0.0021638995993571043
2021-10-27,0.0,0.0017470007507085891,0.0,0.007761793713502849,0.06161903516292794,0.0,4.2311086296692866e-08,5.106255024642562e-08,0.002206194870315349,1.3073454263601292e-09,6.873608904278683e-10,5.828670879282072e-16,0.008020326099251067,0.040546021969210616,7.6514461433419e-11,0.06327263578101207,0.014424845754807507,0.006161903516292616,0.003943729232308922,0.003198051923254084,8.305856002976952e-15,0.04650617781235083
2021-10-28,0.0,0.003113669027099112,0.0,0.010198153268742696,0.15726504547740433,0.0,1.113446711207402e-09,7.155460260280474e-08,0.025041088621310915,7.614710060832586e-07,2.5569768524746905e-11,2.220446049250313e-16,0.01824181010477475,0.020444318486913027,4.725961288976066e-11,0.05355849645140118,0.021529590690044828,0.015726504547740355,0.0004902621426156016,0.005052677345620579,6.536438057480609e-15,0.005319529394676061
2021-10-29,0.0,0.005301254982144256,0.0,0.007847812288014549,0.01655913154744242,0.0,1.6955253987437476e-09,2.5530911943734325e-08,0.006924391426367367,7.446668162588987e-07,0.0,4.163336342344337e-16,0.0,0.010498127423972839,1.3915410490561442e-11,0.016256745469075885,0.008145043748270502,0.0016559131547442402,0.0027939306969456644,0.019808854359484516,0.0,0.04706383625099532
2021-11-01,0.0,0.001264364814993515,0.0,0.012634291485793134,0.12884263551719694,0.0,5.775525883531177e-10,4.717865394215562e-08,0.021661544709915048,0.01707913621649826,1.9850052157543985e-11,6.661338147750939e-16,0.020636451167344368,0.017465812165103418,3.195249620446816e-11,0.018404724955991485,0.010354511026314711,0.012884263551719705,0.002092693086367378,0.0021456323587831184,6.7307270867900115e-15,0.005252723777452633
2021-11-02,0.0,0.0010717397529097356,0.0,0.011362623243836118,0.0806388245154511,0.0,1.3059175803140277e-07,3.655675859850002e-08,0.007931664844244353,0.01707913155081492,2.2157553569712718e-11,0.7593981069268019,0.0474366298757226,0.04203433789364647,7.529454837396088e-11,0.08911667766378878,0.038691749000540884,0.008063882451545434,0.0010437420633647304,0.0015175567474313648,5.336009412104659e-15,0.0022768756212608885
2021-11-03,0.0,0.0019426619590751394,0.0,0.008956735763205353,0.0937784208436263,0.0,7.048389069650042e-08,3.137902557222482e-08,0.03860030900930391,2.230189335289401e-08,5.262362767766149e-11,0.0,0.03559922621890545,0.027876851009093553,5.907306588337491e-11,0.05595065762953849,0.016720182814445497,0.009377842084363028,0.0017535288818965739,0.0016039105742738698,0.0,0.052380018494154024
2021-11-04,0.0,0.0035797303068300433,2.0,0.02461693874393868,0.1371656185836157,0.0,1.9999996890106198,2.741768495763355e-08,0.043202641922752805,3.516579880763482e-08,7.535028156979706e-11,0.0,0.06336881489684157,0.03934135870285266,5.3102230945789586e-11,0.11274266593395948,0.026272866922697254,0.01371656185836198,0.004085046816985478,0.0026062098438475144,1.4849232954361469e-15,0.03646986505094162
2021-11-05,0.0,0.0035239468436672233,2.0,0.01129943769552864,0.06992166399706919,0.0,1.9999995557520462,1.6265392161596727e-08,0.014778341285786194,0.005908262311243473,4.8045054046319535e-11,1.3877787807814457e-15,0.01953287286063923,0.02828128699683448,3.188362074357798e-11,0.05863817832921544,0.02393724646814765,0.00699216639971853,0.002866378760675383,0.0033385401035936667,0.0,0.007635634820763822
2021-11-08,0.0,0.005324568720540917,2.0,0.011444793742790383,0.03790474280104712,0.0,1.999999705910142,2.242710500073182e-08,0.003971244628048626,0.003971107036984278,3.637058709760055e-11,4.440892098500626e-16,0.0,0.025735356363091336,2.2804828858635773e-10,0.05938680371485721,0.015566357664318662,0.0037904742801073144,0.003809656965735122,0.1142069131725819,0.0,0.004989474161322251
2021-11-09,0.0,0.0034622009673089824,2.0,0.013010494143533356,0.1275993024762971,0.0,1.999999737801325,2.856344227627356e-08,0.06567765518354539,0.0020964604849795718,1.0996833998966338e-10,2.220446049250313e-16,0.0339121109501866,0.032792766703261575,1.918844388937302e-10,0.0722626626018408,0.03221233083313258,0.012759930247633763,0.0024437031934252673,0.003182838048243158,7.424616477180734e-16,0.013804633968882969
2021-11-10,0.0,0.003932897365950878,0.0,0.005937667468494112,0.09590104528978231,0.0,1.4591374388853188e-07,7.345030197235004e-08,0.0042831622146354,0.00015925944789926122,1.2202697186047828e-10,0.0,0.04323978250524595,0.023891479997745435,1.621341810809085e-10,0.04139832105628109,0.014961735328402753,0.009590104528987134,0.0013420652170200338,0.0022729464694338916,2.060851489460447e-15,0.011052660259886028
2021-11-11,0.0,0.05286751922657755,0.0,0.10768552033227093,0.14024696415540067,0.0,1.6585645172494683e-08,1.7451750529255102e-09,0.011653261078844457,2.188573874906119e-08,8.606823587165024e-11,0.7593981069268008,0.07329384877063079,0.07922027268423894,3.299694684155696e-10,0.17224704141051925,0.05112958380691871,0.01402469641553998,0.01696423996046941,0.21803072692883754,0.10128240801001474,0.011355182567291887
2021-11-12,0.0,0.0006057565302943203,0.0,0.012124766216610187,0.031164469774417888,0.0,1.168956813289186e-08,4.274122017587476e-08,0.00749129437971921,3.3805180404966606e-08,3.0412326823547886e-10,1.0269562977782698e-15,0.015917555055750664,0.02473652589678172,4.5801529235944827e-11,0.03130074278438137,0.02307281142951505,0.0031164469774418724,0.0017750665243477723,0.002137311749253282,1.1102230246251565e-15,0.006858539894389408
2021-11-15,0.0,0.006625640422580657,0.0,0.011626009205596907,0.05928395716767806,0.0,1.7103841632888252e-08,2.3378518462923774e-08,0.029312547584930466,1.5708720838003565e-08,3.2033693753152903e-10,1.3322676295501878e-15,0.026445093786052386,0.04009533733579415,4.598722791460119e-11,0.07237025885643812,0.013769461547164113,0.005928395716767745,0.0009442622389335097,0.043309146006107455,3.774758283725532e-15,0.004362253329866308
2021-11-16,0.0,0.002477937338639034,0.0,0.009363371798564429,0.05148064822621933,0.0,1.233664265858618e-08,1.8356200198500973e-08,0.01150195131565225,2.9481509296325203e-08,2.4703017409422046e-11,4.440892098500626e-16,0.11638619803647651,0.014466147768766556,1.841979346828282e-11,0.032403696573293325,0.008891006898197926,0.005148064822622048,0.002244959013294877,0.003667044440725563,2.942091015256665e-15,0.031451541496009545
2021-11-17,0.0,0.005510341683318765,0.0,0.013067389501484455,0.187759607580169,0.0,5.409703672707672e-08,8.037610990035772e-10,0.002046795671825294,2.276679268026216e-08,4.110169149473819e-11,2.220446049250313e-16,0.0022344206935220115,0.026207867787021364,4.8942738750668013e-11,0.07943507999868152,0.014235378778024495,0.018775960758016894,0.0033461301537147485,0.004962738022386446,0.0,0.015221320611526703
2021-11-18,0.0,0.0009201641012184112,0.0,0.007040554646554597,0.06200044327565576,0.0,9.570493021214117e-08,9.660854188959645e-09,0.03364481660015871,0.012643744046546945,1.1328907256746845e-10,0.0,0.10425190026180113,0.011105357363129249,1.7669199436909366e-11,0.021587633264912236,0.010734738820576026,0.006200044327565976,0.0007453114342241517,0.001027517053484573,4.773959005888173e-15,0.0008999533888981912
2021-11-19,0.0,0.0009708969653690813,0.0,0.024780029673865875,0.18053487911654223,0.0,1.6277285139417487e-07,1.4158134206088931e-08,0.02457844826399469,0.02457839153877587,8.321333899719008e-11,0.0,0.016882290514506907,0.022064288480341507,4.311177803639765e-11,0.07217667419858868,0.02376421637738321,0.018053487911654315,0.004289150470640286,0.004426046251237574,4.385380947269368e-15,0.0028204001805278104
2021-11-22,0.0,0.00369421598160694,0.0,0.013759233397525581,0.130165942680049,0.0,4.504723744058212e-08,1.0662476505643279e-08,0.0023379533153620458,0.002337911195578128,2.5090485245016225e-11,0.5769926395937557,0.02535958990332874,0.022154071651540482,5.517668266730169e-11,0.06849717331180369,0.014414926414113353,0.013016594268005749,0.00203842941800814,0.0015316605403836569,5.551115123125783e-17,0.0036044014279354303
2021-11-23,0.0,0.006122985752387555,0.0,0.017326325533836097,0.09893800697319845,0.0,1.6329866534600485e-08,3.243510318337227e-08,0.044309040715719054,0.039558992857093495,3.813920013140404e-11,0.5769926395937557,0.025448431455728525,0.021573925660480574,2.8996333112374373e-11,0.05707744061856728,0.025780094574559497,0.009893800697319613,0.005384242210133998,0.007300110662291097,0.0044505623004354455,0.013562466420565723
2021-11-24,0.0,0.003492616119440332,0.0,0.011841000962155401,0.10304107417815282,0.0,3.42322775500878e-08,1.899199980000682e-09,0.018108063425182223,1.005091690910176e-06,4.8916509731711244e-11,0.0,0.012595328939644136,0.014898321030267055,2.2188931247946186e-11,0.07495261807129858,0.01941159552907972,0.010304107417815261,0.003152474048503006,0.005737368419233181,2.220446049250313e-15,0.005118993531304497
2021-11-26,0.0,0.0012829965883632418,0.0,0.011064621254116641,0.04831131053236591,0.0,5.754149673793362e-09,6.433911993121186e-07,0.03662840234781393,0.013771344924319653,4.285746757481945e-11,0.0,0.010054263267292512,0.021049690745551526,2.8538421625867727e-11,0.05034986147344618,0.01637450771168893,0.004831131053237972,0.001088957955934517,0.0016296167245784185,6.217248937900877e-15,0.003006767757440923
2021-11-29,0.0,0.00515921424746036,0.0,0.07797321269515887,0.24270710736465398,0.22222222222222246,8.678019841021596e-08,0.11466357185750924,0.10649624960933365,0.10649624206269404,2.1443208320093277e-11,0.12595636284335707,0.11615900661623274,0.05728586795579093,6.237831084998646e-11,0.12549616660430996,0.03264938700339247,0.024270710736466652,0.01491548020048197,0.052627289008385474,8.881784197001252e-16,0.016681195772110254
2021-11-30,0.0,0.0107716858798351,0.0,0.041800482329532436,0.09312269825110382,0.30168474152740565,8.808319917998065e-08,0.03714587783374076,0.021206957851390623,0.021206956208897468,2.14430695422152e-11,3.885780586188048e-16,0.011861028199765578,0.016038369539488576,2.7406937830321e-11,0.0348675804558828,0.0226753399920841,0.009312269825109465,0.004114804677142862,0.008352719871536001,4.274358644806853e-15,0.007049840370037991
2021-12-01,0.0,0.0013934156948823822,0.0,0.0165100566333105,0.12024694688776552,0.08939533421833104,4.957467057341028e-08,0.06570408822867055,0.01905659563452551,0.019056534069946,2.99502228573445e-11,0.5015070035674856,0.03547880834236077,0.030567539874045327,4.1202236067405806e-11,0.06077100327344114,0.021996983956855374,0.012024694688778953,0.004629845554608006,0.013909689774521452,0.0,0.018080864346007627
2021-12-02,0.0,0.0006703133222445671,0.0,0.012318387745896674,0.17623683030310572,0.11755256832630351,8.915504973101765e-09,0.06483222931309912,0.001297582246248527,0.001297409960720336,5.961489635275541e-11,2.498001805406602e-16,0.02382262846308251,0.026699064518021235,1.7069579083539566e-10,0.03254344838422674,0.03267493465959543,0.01762368303031181,0.0019742373104436953,0.01223554166556331,1.6653345369377348e-16,0.02044411491923099
2021-12-03,0.0,0.0037090334036354714,0.0,0.027032245618171878,0.10557153136327876,0.11232122999243335,5.6659083036785914e-08,0.05140194797963612,0.028549292292177536,0.028549332462263807,1.9235515957838345e-11,6.661338147750939e-16,0.03370133928693273,0.024392362185525773,4.426091437803592e-11,0.026048694106616983,0.022423540928097795,0.01055715313633189,0.00506779514566056,0.007479812353076116,2.220446049250313e-15,0.001740849054039091
2021-12-06,0.0,0.007790013280674016,0.0,0.0237441839238962,0.2198760093040374,0.17171550049073103,1.1334359535684284e-07,0.06584572755757205,0.060668137831566715,0.0606681939070869,4.627025151915376e-11,0.0,0.021664762126442003,0.04214477172283474,1.902299984202216e-10,0.059813542913198944,0.034716533244020714,0.02198760093040439,0.002399701304939727,0.007573661520039084,2.3869795029440866e-15,0.017095744870124788
2021-12-07,0.0,0.0053800748189536405,0.0,0.014133560980468304,0.31164420364830736,0.21580773250243113,4.510184230610867e-09,0.16765756251713226,0.00676381510249488,0.006763774983881067,4.642875250926437e-10,0.6303847733163968,0.032374390046417206,0.04939184117041524,7.586195560627118e-11,0.04345410680133449,0.046691900783020455,0.031164420364830622,0.006586072947925008,0.01836688151826183,2.609024107869118e-15,0.008127371189075536
2021-12-08,0.0,0.00680678594654176,0.0,0.01782079190568361,0.08762226241609859,0.14226959252188137,1.9039934499522354e-08,0.010319991931862046,0.008382063759866915,0.008381965130580982,5.490025795085174e-10,0.7236509288818025,0.010688277530920626,0.026795021393571143,1.1521222864629976e-10,0.026630809007652495,0.021262476861476545,0.008762226241614574,0.008621941765750273,0.011338645109485688,0.004450562300439498,0.024584962761169817
2021-12-09,0.0,0.005286885347091223,0.0,0.012239239357518925,0.31969037270485623,0.0,5.6296075130447426e-08,0.056479640413793136,0.037990029638734386,0.037990095204802884,2.33730285126299e-10,0.7236509288818024,0.04270113899391724,0.04359809634625017,9.543299483993906e-11,0.08335208542664216,0.040147205799103886,0.03196903727048296,0.006824977294807643,0.007992144288130276,0.0,0.021518486303600884
2021-12-10,0.0,0.009575265052603196,0.0,0.01022000604279427,0.27208759890434886,0.0,3.388093796531859e-08,0.034550014548365385,0.0010356419094578254,0.0010358466443509406,1.3787535002585116e-10,4.440892098500626e-16,0.05747855855913596,0.03322706924233135,8.481747248989535e-11,0.06525930818039757,0.027145150289609617,0.027208759890434628,0.00370562271481481,0.004945309187190074,0.0,0.014296525767135831
2021-12-13,0.0,0.0036010768757487543,0.0,0.0035448283267977424,0.10596584560476432,0.0,2.2764979047021006e-09,0.014920597616322584,0.02959935277224867,0.029599363730936662,8.471245926955362e-11,5.551115123125783e-16,0.04399681673058714,0.024102761937359368,4.9846946015286164e-11,0.068228035565011,0.022862426983174703,0.010596584560476338,0.0028349783854227685,0.0037049824255658784,0.0,0.004792297853259115
2021-12-14,0.0,0.003317026945132777,0.0,0.01023441515989866,0.19940611057955757,0.0,6.789287928131749e-09,0.059168016196612626,0.067776258370356,0.06777656719982336,8.109028726277501e-11,0.0,0.007571955376723152,0.028332279937147563,9.3154761682257e-11,0.04496590137361406,0.0224116572695105,0.019940611057955526,0.0008389045264149374,0.0025203828385779482,3.497202527569243e-15,0.015549358837331943
2021-12-15,0.0,0.0016884270660156829,0.0,0.016009677767376256,0.20849440152889726,0.16166807275345635,5.7271832857855376e-09,0.007799337945888092,0.04160971075002371,0.04160915226444456,5.5437696100391065e-11,2.220446049250313e-16,0.03473395703800734,0.0275071648458952,7.197251128410187e-11,0.06449493053826394,0.025529894458170787,0.02084944015288935,0.0029911422168490756,0.0017752360143042292,2.7200464103316335e-15,0.011740141209495552
2021-12-16,0.0,0.0014573292984284532,0.0,0.008507476731429273,0.10463164748261938,0.019118631586214793,3.553684517035238e-09,0.025251302768351,0.030381378533952952,0.030382499096762813,2.858824288409778e-15,5.551115123125783e-17,0.0,0.015652429880414966,3.252426106215012e-11,0.02007277239579173,0.017494634513494117,0.010463164748261936,0.0019668389982409606,0.0023184677296270717,8.881784197001252e-16,0.00016616032029836796
2021-12-17,0.0,0.0017934858492260294,0.0,0.010676225287167475,0.04998900272605772,0.05745055883275811,3.632791489029149e-09,0.037667335584581206,0.012772334099270671,0.012772234778939927,3.524958103184872e-15,1.6653345369377348e-16,0.012989896145201126,0.02071316639249319,1.5458238855625694e-10,0.027833606678985556,0.027924643547383658,0.004998900272603968,0.0002173934510284782,0.00156737431296081,1.6653345369377348e-16,0.01162587022126415
2021-12-20,0.0,0.0002338686318031383,0.0,0.012038664039998809,0.2310374563631787,0.14288150288430473,3.105816456881483e-08,0.07375347695173322,0.10596972324931131,0.10597046576085582,2.2620794126737565e-15,0.5471394170908901,0.01305900192422828,0.024467750058357173,5.628426891224336e-11,0.05494272446603718,0.035590965584200246,0.023103745636317508,0.0009526660838474928,0.0010655968372432802,1.7208456881689926e-15,0.0005792168877996207
2021-12-21,0.0,0.002684886078161535,0.0,0.019834998788210323,0.14841124987869345,0.2179314975077429,1.9859431203859668e-07,0.00045833013698669365,0.05320177020126566,0.05320085808219914,2.752154060203793e-11,0.7409576706810295,0.05595407395876443,0.01648285551013164,4.938413566968336e-11,0.041721620722182134,0.021300209561217916,0.014841124987869353,0.0030650533493939737,0.0023806824954611585,0.0,0.006369451126912486
2021-12-22,0.0,0.008017194031139235,0.0,0.021648972579726443,0.17889172511747709,0.2808007066964853,1.1486697307993161e-07,0.05259352294952087,0.0007862409476646556,0.0007862908244574487,2.7521457335311084e-11,1.0531093584219864,0.02987324903264,0.05616377256509446,8.749152791143189e-11,0.1799689040730761,0.050689678273007174,0.017889172511747695,0.008931200155065377,0.01127914051607316,4.385380947269368e-15,0.015036830575255638
2021-12-23,0.0,0.0030777842240716016,0.0,0.008862201967589885,0.062112366136284604,0.0,9.601354028280419e-08,0.009680273083537534,0.03091814483648011,0.030918144696025718,1.6653345369377348e-15,0.0,0.026870530221421135,0.021248246893007146,4.6250600571617895e-11,0.06932669575109983,0.018423357011600895,0.006211236613628379,0.0017401078696080395,0.0014436283139303702,1.5543122344752192e-15,0.015844690073660985
2021-12-27,0.0,0.029240965549609293,0.0,0.03638841826685933,0.16489511573123522,0.0,5.156604104771027e-08,0.01011462358409239,0.03611486948668924,0.03611491226841952,5.7741922354637154e-11,0.05781991476337553,0.1238830391842897,0.04320955881949365,5.634091804207486e-11,0.10872992485491229,0.03487527836713973,0.01648951157312302,0.013031542369051786,0.01479498967678114,0.12369565029382051,0.015602627100039606
2021-12-28,0.0,0.0007173020692218052,0.0,0.005698368777035211,0.01356221663516273,0.0,4.488624806730063e-10,0.007641123518597153,0.0052362934288699425,0.005236286407036994,5.774265787739097e-11,0.0,0.044115611446972666,0.01502187265971125,2.8251539996304587e-11,0.011204532431294375,0.006121372345066942,0.0013562216635163299,0.0018549628536882468,0.0012527424954382627,3.4416913763379853e-15,0.004965330091230867
2021-12-29,0.0,0.0009404062978769316,0.0,0.007462401648520223,0.07330821789684422,0.0,1.7105586326217885e-09,0.006139715879252137,0.02253810042243904,0.022538153760046017,2.761679773755077e-15,0.0,0.11680601401604115,0.022812308756190395,3.4669309090240574e-11,0.04205243913417357,0.024200627029767413,0.0073308217896846245,0.0016018840094608432,0.04405667763060708,0.0,0.000326235919340466
2021-12-30,0.0,0.007618832935231151,0.0,0.015710708540090712,0.021365884736562393,0.0,3.401593324744151e-10,0.010288914980095876,0.012593035573134431,0.012593036820688394,3.164135620181696e-15,0.0,0.010222046243121015,0.01780311549578932,2.719763303460354e-11,0.08020124580577385,0.011503064547997023,0.002136588473656331,0.005915585073616919,0.009109029799887114,4.551914400963142e-15,0.012103075573817634
2021-12-31,0.0,0.001192254062962293,0.0,0.005829108206501941,0.06870178602456434,0.0,4.115028454010067e-08,0.014404937835150587,0.00784173312123937,0.007841744734564046,6.522560269672795e-16,0.0,0.13826417708765304,0.012714915391308649,1.5908108164097712e-11,0.02796677908784217,0.00982576313510063,0.006870178602456756,0.0012879175209384412,0.0021213296304149736,4.996003610813204e-16,0.022238912309948376
2022-01-03,0.0,0.003498780091826786,0.0,0.02428386972132323,0.04873437108390884,0.0,1.4609108377343237e-08,0.004921283100048463,0.02926890440267184,0.029268909219892343,6.38378239159465e-16,1.5543122344752192e-15,0.019066426010492778,0.031091180361149454,4.943069564777858e-11,0.07053347534651921,0.02280833751583138,0.004873437108411191,0.0011692026805528132,0.001802715665267931,1.6653345369377348e-16,0.017535989217827043
2022-01-04,0.0,0.014871289959349757,0.0,0.018026881705496194,0.22436276760586196,0.19999999999999965,1.8482541579380254e-08,0.045688154737501985,0.07582518674216124,0.07582520136611547,1.0408340855860843e-15,4.468647674116255e-15,0.1457772583003994,0.03186224718474695,5.95875293551984e-11,0.11272467070400066,0.02284041825146505,0.022436276760609178,0.007118041292769321,0.014135320359399992,0.16895899861302338,0.01602928821031673
2022-01-05,0.0,0.005692179660648342,0.0,0.013538873093732834,0.15860170051650474,0.0,2.656917611406569e-09,0.02900856062031757,0.08270874010979107,0.08270864462410266,7.216449660063518e-16,3.6914915568786455e-15,0.049285340184590326,0.022387638187654338,3.6270972336716056e-11,0.0768818066428326,0.030356030435428023,0.01586017005165055,0.00149340394142701,0.044880489913804084,3.7192471324942744e-15,0.017841168587477953
2022-01-06,0.0,0.005946717140249946,0.0,0.03099643696825176,0.06710413090189471,0.0,8.155648289061472e-09,0.03337905534959523,0.029584170850173466,0.029582781874884348,4.3298697960381105e-15,9.71445146547012e-16,0.11312838859779074,0.04713072836234195,1.238670416237042e-10,0.09683458777052521,0.0445854671540079,0.006710413090189743,0.006863842227165708,0.004043106016238201,0.2425433025604567,0.009217712049959591
2022-01-07,0.0,0.001293906815409329,0.0,0.007103788152230966,0.07092163055243292,0.0,2.691489019758572e-09,0.002376001451671451,0.006934921027999287,0.006933731587621686,3.198463716103106e-11,5.273559366969494e-16,0.08283906769242491,0.01739183968173133,3.023931105516908e-11,0.042061982016935395,0.013850404647677313,0.007092163055242642,0.00262896173797135,0.00198860577721513,0.0,0.0006584937289719726
2022-01-10,0.0,0.0020516668102842374,0.0,0.014442282673834487,0.10130552651700628,0.0,6.106634787866715e-09,0.01633570690036506,0.012515546411285355,0.012515640095443502,3.198398490500409e-11,2.609024107869118e-15,0.005922016871044138,0.023615784837895913,4.153648258675702e-11,0.06188117856382004,0.03300236807538809,0.010130552651699334,0.0025149013457423687,0.0015450249023631173,4.757305660518796e-14,0.0038222077219552675
2022-01-11,0.0,0.0011496464231799896,0.0,0.01030283681879511,0.07361138788967937,0.003982232475928799,1.6103698898331997e-09,0.02702323043216212,0.013702185119214297,0.007926300514634492,1.753686501571039e-10,0.0,0.013052587685646504,0.018254394387086665,2.795873255134751e-11,0.035174677714764124,0.015741945176520465,0.007361138788968269,0.0010950798950592408,0.0005329296097487547,2.220446049250313e-15,0.0021099915118251017
2022-01-12,0.0,0.0037957102528478645,0.0,0.01189110012942413,0.06109784805291912,0.003982232475928799,2.02301092424558e-09,0.007794393274384177,0.014244081040793562,2.700596455906812e-07,1.753663464443278e-10,1.059926388395751,0.0,0.020677910439890812,7.237431487450152e-11,0.07679545635034206,0.011958706396959671,0.006109784805291979,0.0035813665373471866,0.0021945095758396007,2.220446049250313e-16,0.00309803136996023
2022-01-13,0.0,0.009226208343767622,0.0,0.008536431239414687,0.11182620848551372,0.0,5.900851280367627e-09,0.04539893314345499,0.03944061282261473,1.500971507223392e-07,5.065392549852277e-15,0.0,0.021923384763955125,0.027890517364581983,6.781898653773766e-11,0.07067522340935772,0.029828462590281307,0.01118262084855133,0.002905870954307669,0.0038022135802253405,0.0,0.009783465833273115
2022-01-14,0.0,0.0031476212883569865,0.0,0.005352407500193908,0.15197428653505396,0.0,1.519811028071336e-09,0.0054601865072307475,0.05917457477799404,2.0786933510999472e-05,7.077671781985373e-15,1.0599263883957484,0.06794782902161528,0.02758970114625787,3.9107814209238256e-11,0.08611733037435144,0.026991239389084477,0.015197428653506206,0.0031524119748120062,0.003601274168477945,4.274358644806853e-15,0.021130987094652633
2022-01-18,0.0,0.007208975698691963,0.0,0.011148201104669596,0.04628573642889937,0.0,1.1451424363925313e-09,0.03051452735049075,0.004426023877034453,1.8563739971735882e-05,8.146261443187086e-15,0.0,0.11062505442646371,0.02002989322181178,5.418693271863617e-11,0.037338402158449475,0.015632128009645467,0.0046285736428876845,0.0035577938129738793,0.007279601724015783,0.0,0.005462065695645092
2022-01-19,0.0,0.010289162343234994,0.0,0.03333973020272816,0.07619996564185398,0.0,4.674348996774276e-09,0.033612749563394446,0.042003577149891044,2.145750123729029e-06,4.719591384372279e-11,1.0599263883957484,0.014252244204106439,0.025235420110076644,3.4070316012879687e-11,0.06413981630082559,0.03612244809737264,0.0076199965641954165,0.006175619574884078,0.003962387765100696,7.771561172376096e-16,0.009174782694513113
2022-01-20,0.0,0.0008702166358992794,0.0,0.006138093168674853,0.09676481617997426,0.0,3.0045452442952526e-09,0.03213699290912742,0.03385012327728757,2.6157392044035e-08,4.7164203098581936e-11,0.0,0.0,0.02763890241215034,4.371414341619584e-11,0.07442603581866417,0.02058442691475901,0.009676481617991062,0.0008578665440247754,0.0019978462982715786,0.0,0.00869418906979794
2022-01-21,0.0,0.003824023480478868,0.0,0.0037067925653253017,0.039749373675876505,0.0,4.1691208708217686e-10,0.03306894839552012,0.014233656495748225,2.190091269449468e-08,3.406440407527356e-11,1.6653345369377348e-16,0.0,0.011321113142863097,2.421184086554007e-11,0.02627807980615716,0.014980165778244717,0.003974937367611939,0.0017403009478895448,0.0014586379798593955,0.0,0.0011970346119923037
2022-01-24,0.0,0.0070957384789342,0.0,0.007945259818529038,0.14841823949323746,0.22222222222222246,2.8926256751431867e-09,0.04426289392262759,0.00014670511598908337,1.4555410585148643e-08,3.404020121333673e-11,2.7755575615628914e-16,0.04842195576720491,0.03508582459437869,6.979722355637819e-11,0.0922930017211185,0.024013810682629637,0.014841823949342747,0.0014807185728127614,0.28811846058601037,1.582067810090848e-14,0.0005406753004048893
2022-01-25,0.0,0.0008913401520021324,0.0,0.017344823180822692,0.021305202591859335,0.0,5.665074462891614e-10,0.07701237811656438,0.0022566619380422273,2.263597663476613e-09,9.575673587391975e-15,2.220446049250313e-16,0.033184937711894305,0.023563449408556276,3.12324333062719e-11,0.09011440463457981,0.032189263897032735,0.002130520259182353,0.0013157422008851782,0.001262960421024444,0.0,0.00012538032349481906
2022-01-26,0.0,0.0037098362337114285,0.0,0.009025796083432893,0.12995901788053837,0.0,2.3092279219532705e-09,0.08891754509483671,0.01890203638813593,2.530197578537452e-08,8.31279489688086e-15,4.440892098500626e-16,0.08223498317358233,0.02609261139879283,3.4225525191722284e-11,0.05894368903700249,0.03598682815311864,0.012995901788053627,0.002183889806117126,0.0017051985889738426,2.0650148258027912e-14,0.020113638962427228
2022-01-27,0.0,0.010789514290504476,0.0,0.022739940048219432,0.11473335990677368,0.06401385215480158,1.4109945782813677e-09,0.0215955621329661,0.012655919505026321,1.5725352027484707e-08,9.85043435708377e-11,3.3306690738754696e-16,0.08775021193813015,0.018467069048332715,2.4122440156482128e-11,0.10713671198299406,0.026312134850949413,0.011473335990677833,0.004620225337286135,0.003095197718669761,0.035324474013986196,0.0043423468218522915
2022-01-28,0.0,0.011955237440411597,0.0,0.01426755881165915,0.10505878001402764,0.023728210361513027,3.3453850650210465e-10,0.017530475878582096,2.419995698416111e-07,4.784296704640756e-08,9.850141535761026e-11,0.0,0.010547078990698408,0.023013751192811835,2.888897454589312e-11,0.11248942047956435,0.023738824785905353,0.010505878001402777,0.0043068804693593005,0.010281040432804256,0.26952567075798733,0.00624468810219812
2022-01-31,0.0,0.002276084015044398,0.0,0.012094824662672947,0.13516316800177694,0.08774206251631461,2.9838200023038433e-09,0.06118225158287264,1.2927866554428291e-05,5.5451342691192895e-08,5.467848396278896e-15,0.0,0.044521988339900245,0.041241234503441054,5.841176153875693e-11,0.10155694679240748,0.03568620329780224,0.013516316800177952,0.00376416201889012,0.0023690483029377802,3.219646771412954e-15,0.003913009027015114
2022-02-01,0.0,0.011611565650837926,0.0,0.02624337551791425,0.1817887962683273,0.22222222222222246,5.9997050500832055e-09,0.08122325561043689,0.004420828443387127,5.574900852067799e-08,3.9777278693087226e-11,1.0611211659868685,0.06957585065810357,0.056811038438943987,1.0657201510166914e-10,0.23217040879367834,0.042033699004323154,0.018178879626832053,0.011886455259853289,0.019086010505896076,0.05236111714357703,0.017271463539898616
2022-02-02,0.0,0.005230528170388156,0.0,0.010906998216084863,0.12024355841241649,0.0,2.653352231402023e-09,0.03236676341388096,0.004433596154172333,1.3829708835760846e-07,6.032171984138301e-11,0.16088529085696296,0.09723352889937452,0.018951664351282673,3.3155825307495945e-11,0.06900433322195798,0.01856910731578515,0.012024355841243395,0.0009358639108043507,0.0037048080929750716,1.734723475976807e-17,0.030727772404294564
2022-02-03,0.0,0.00025833737364172924,0.0,0.011267200315360711,0.09504145677370146,0.0,2.4017153022433486e-09,0.04405925724640615,2.098946545806002e-07,4.29363370482716e-08,4.0708408866052537e-11,0.1608852908569628,0.013597970514485025,0.024494359885379874,2.9475089036168356e-11,0.06820768942150715,0.02454996105947251,0.009504145677368223,0.0031340010620949724,0.0020286511039579198,0.0,0.0021506409004803453
2022-02-04,0.0,0.018906851143319723,0.0,0.029252334475616214,0.10582216330871537,0.028152810207052112,4.122153380739627e-09,0.03021012322014554,1.1898666207876829e-07,6.892180819118021e-08,3.6939423742055055e-11,0.1608852908569628,0.04450373115159797,0.02857795727247372,4.364994476979689e-11,0.15923356045601353,0.026076634210403148,0.010582216330870545,0.00920013877974881,0.010350228108441661,1.1275702593849246e-15,0.000825571863083057
2022-02-07,0.0,0.015340314509114971,0.0,0.02013437731721459,0.13017923076033433,0.08371590875813767,2.3917781207644564e-09,0.025936314064423475,1.2265812844580726e-07,1.1750265639653978e-07,3.329982123378983e-11,4.440892098500626e-16,0.03319136482765275,0.022038214901473323,3.039014873085222e-11,0.0914410081877076,0.0270843749194889,0.01301792307603393,0.007625169573683789,0.033366867067155435,0.013821646847893772,0.006392636018633154
2022-02-08,0.0,0.002901174511762788,0.0,0.03729948609277954,0.11805245883278237,0.11035350325703266,9.98514130663677e-10,0.03997796326495588,1.7983885977623792e-09,8.806203651012812e-08,5.3128015875536505e-11,8.604228440844963e-15,0.0,0.037835498301488094,5.4263496473971884e-11,0.14838645772976977,0.03606838381508999,0.011805245883283522,0.012149750515114584,0.02765302123266856,0.0,0.01260691442652661
2022-02-09,0.0,0.005671870364851024,0.0,0.04029134905255731,0.01856374344795712,0.22579925731504413,4.5928313919499105e-10,0.04143915490938848,4.4125795448102245e-09,6.99392675718169e-09,3.34079292008127e-11,9.769962616701378e-15,0.02616631528022971,0.020571815039276856,2.6044430501137583e-11,0.10257942886510182,0.010011846645946256,0.0018563743447956443,0.007713425115468707,0.00605599010354708,1.8145207558717402e-15,0.00997788676088373
2022-02-10,0.0,0.002881204591967524,0.0,0.017236844792092247,0.07153023518503464,0.22579925731504413,1.015234471864309e-09,0.04198287653288559,3.787016779333019e-08,6.185763205129868e-08,4.726558033851802e-11,2.220446049250313e-15,0.03284757012250045,0.017802738667164017,1.8658047329367378e-11,0.09221356527537687,0.016978272507321458,0.007153023518532628,0.0027653329891867903,0.003419729684469263,1.5837678390973053e-13,0.012181499004546282
2022-02-11,0.0,0.009316708375836808,0.0,0.05980864373440845,0.147343670225086,0.5000000000000001,2.4383468657330065e-09,0.17303525298681258,5.7594796480653354e-08,2.8836938774368104e-08,6.050715484207103e-15,1.473975684398296,0.05025850195528318,0.06633618535049897,9.782065435448573e-11,0.17275200194358153,0.05977665602945248,0.014734367022534375,0.010247785389717809,0.024903383919176257,0.12392825487458942,0.009908660704206717
2022-02-14,0.0,0.020217384840078016,0.0,0.04414622367892463,0.09801392396163225,0.0,1.3245040158137025e-09,0.058071465120031106,2.825026233777006e-09,4.3694142054517826e-10,5.842548667089886e-15,1.1102230246251565e-16,0.1588656472321386,0.03986960277525524,5.064382246899868e-11,0.08104404668689233,0.02922622332464542,0.009801392396163497,0.0023785406786216087,0.009399788110301349,1.8943180357666733e-15,0.005004357514595752
2022-02-15,0.0,0.0047920629445766865,0.0,0.016925873684191427,0.041866961715638924,0.0,5.313013156917015e-10,0.013251369418960079,1.8670469337234152e-09,4.683877730116137e-10,1.1532441668293814e-14,3.885780586188048e-16,0.12962314956342424,0.021501338299630086,2.746973482015136e-11,0.05077920856864483,0.0224440688919782,0.004186696171564086,0.00291525512755398,0.005463843413965896,0.0,0.009391074181437583
2022-02-16,0.0,0.008189980122341727,0.0,0.03256634988035718,0.16932323671973934,0.0,2.019178395041581e-09,0.08621361699967353,4.458366877069242e-09,8.059538793292464e-09,9.936496070395151e-15,2.220446049250313e-16,0.09374980299607069,0.0575483570580944,9.781887799764633e-11,0.14702373038682154,0.040164958053283795,0.01693232367197342,0.0014020635119975228,0.006381244378975539,8.507083926190262e-15,0.04205830941436133
2022-02-17,0.0,0.003939501543176658,0.0,0.0076542352926752405,0.0663041230344141,0.0,1.0832707004776492e-09,0.029842474821265584,3.4242227248126866e-09,3.696462033686565e-08,6.938893903907228e-15,0.0,0.0,0.022120065634411944,4.078205828594861e-11,0.05576599681019398,0.019850087413386765,0.006630412303440747,0.0039045506259051954,0.02360519602435084,1.2212453270876722e-15,0.010915657621930055
2022-02-18,0.0,0.006373229649793734,0.0,0.01369871278877474,0.14493121407960752,0.22662000428008894,1.4908985111120619e-09,0.06454254909485242,1.6270915170757405e-09,4.557153954198867e-08,1.8208823338028424e-10,0.0,0.04584569904456895,0.04786330022110262,6.969995414163321e-11,0.07034910100609534,0.039304490219460156,0.014493121407960413,0.0018191942430023506,0.006691782840791928,6.654399253847032e-15,0.0486603658607859
2022-02-22,0.0,0.0005928061223277105,0.0,0.007341958998703671,0.04090348085542167,0.10671332905324438,2.7934360958088453e-10,0.03899967905046313,2.6042885209465183e-10,3.682778054736602e-09,1.8208380636597354e-10,0.0,0.0,0.014612876238551058,1.782195224730998e-11,0.028536342980721274,0.010946967023187825,0.00409034808554061,0.00017483733376870425,0.000565298018965218,2.5396351688300456e-15,0.0034074874771792205
2022-02-23,0.0,0.001121841167348478,0.0,0.011029611819967915,0.1041017239489446,0.0,1.0802596066574717e-10,0.004945181931866225,2.3878817673184116e-10,5.8149668968887624e-09,6.494804694057166e-15,1.1102230246251565e-16,0.0201287065416965,0.018254402542977943,2.3695809203694296e-11,0.025689241111616756,0.015408063952536768,0.01041017239489446,0.0015902023598377973,0.11999551127413785,8.187894806610529e-16,0.0028329105101318197
2022-02-24,0.0,0.0038658846156090954,0.0,0.009778366725646458,0.1720314377387365,0.045826174291156735,6.16623360896788e-10,0.021389750678120704,8.742629606373065e-10,1.0333107147708631e-09,1.7109742789234161e-10,2.7755575615628914e-16,0.015724757172075166,0.0328714664075071,4.4683465261208255e-11,0.10112760132976038,0.023933028401599367,0.017203143773879853,0.0047944105770557285,0.003973168906206107,0.0,0.0060049229768010665
2022-02-25,0.0,0.010295561828744658,0.0,0.01630021761879788,0.09297747869848944,0.045826174291156735,6.314944307129356e-10,0.06432921731040037,4.568492736889418e-10,1.1920088763966996e-07,1.7299182919483513e-10,0.0,0.013265769904323894,0.0450158088459115,6.286544895761637e-11,0.09510259641266053,0.04470287900476622,0.00929774786984748,0.0034007997539155163,0.008676099122947922,0.0,0.0034608641244258283
2022-02-28,0.0,0.008616702429029784,0.0,0.016293468237766756,0.10982382387868976,0.06760410497585623,9.035796317114771e-10,0.03343195604098664,2.026113603281754e-09,5.293500336678303e-08,6.289813114790377e-11,0.0,0.033582708047178444,0.028361017471305976,4.147260312947765e-11,0.08290774360544893,0.027255500398157603,0.010982382387869014,0.006704829318707611,0.004407403450584618,1.1379786002407855e-15,0.0055134578205117205
2022-03-01,0.0,0.025383227247027417,0.0,0.07021684967512987,0.09310965224473021,0.27721969612338737,9.082742260116937e-10,0.057501648993047244,8.323338129834212e-10,6.746668862467331e-08,4.782813034509559e-11,0.0,0.0377834775946315,0.04987409833619179,7.483419439680006e-11,0.11884784419552612,0.02392986315525538,0.009310965224464562,0.007279344822787255,0.1405981245092216,0.0,0.004292444226611344
2022-03-02,0.0,0.020370845857468355,0.0,0.05724314485325966,0.07358851448532348,0.20141082038844962,8.373844786470536e-10,0.023919464754518095,1.025230240980779e-09,8.480857752179993e-10,6.425414367239313e-11,0.0,0.03460792900090486,0.041775533736651604,5.64496782651247e-11,0.15171195377476282,0.031572040171767735,0.00735885144853278,0.00501371396916718,0.2656375818632037,9.874046025259986e-15,0.1188261622980451
2022-03-03,0.0,0.014905130188710423,0.0,0.02664564295532584,0.140727864864121,0.2626584791017113,5.524349028785264e-10,0.06202169343456512,5.658443991141127e-10,5.308904833800643e-08,4.818914711712807e-11,0.0,0.09393700911761119,0.04575625424572848,7.978495641935979e-11,0.0759606069268429,0.03427984114943383,0.014072786486419922,0.004249820944128478,0.22820434123529365,7.320533068622126e-15,0.012281159147909795
2022-03-04,0.0,0.004103071024895049,0.0,0.026374428660214236,0.1156513206631064,0.19880780322732514,1.4907473689058853e-10,0.014583669584404456,1.423359693997206e-10,3.323717040482066e-08,1.0103552716689279e-10,1.6653345369377348e-16,0.15210390219731562,0.02612966336541076,3.242436874550947e-11,0.08141718282445516,0.0314967000677247,0.011565132066308256,0.0036945174561449842,0.21691017148273598,0.0,0.01604688066230378
2022-03-07,0.0,0.005785556715291046,0.0,0.0741424604870159,0.084627002032751,0.2613577602052354,8.515071826996102e-10,0.07989247202623805,6.416324832558828e-10,2.408260232206194e-08,2.00436542363569e-10,2.220446049250313e-16,0.2119074796051044,0.0642973928944422,8.249334548793286e-11,0.24062797835065258,0.0502463509571919,0.008462700203275053,0.008741251802548838,0.26766897968674885,6.591949208711867e-16,0.010226337749285663
2022-03-08,0.0,0.011563797838959874,0.0,0.025033040768608798,0.041455265451273926,0.3319109688774804,1.795710023278794e-11,0.07660483422736511,2.407525845349312e-10,6.24604226465153e-08,1.1926373777448873e-10,0.419217164333146,0.14694440876061335,0.044489588655802215,5.997444207928027e-11,0.14418022589323434,0.02341739112991871,0.004145526545128647,0.011809325440315328,0.2900583652158556,0.2424450834088413,0.00829843904894144
2022-03-09,0.0,0.01462203684710204,0.0,0.016497566375058934,0.045331878494544196,0.061146107341152695,2.018439319246705e-11,0.07031231473095505,3.267730803308e-08,1.0310612925251705e-07,6.7307270867900115e-15,5.551115123125783e-16,0.02048361100178616,0.033582520053721525,5.381108059143713e-11,0.08180071454100736,0.02012951813698018,0.00453318784945464,0.0014192924581032315,0.023579016665382493,8.496675585334401e-15,0.02744780297140293
2022-03-10,0.0,0.027881413767692757,0.0,0.08122377271866778,0.31596391522187395,0.2469165790555624,2.863806616206026e-11,0.07021102159570461,2.9470891296790036e-08,3.889842740273375e-08,6.296116406012686e-11,5.551115123125783e-16,0.3906372067152295,0.05864111411858352,1.1139417166461385e-10,0.2653281173032731,0.03866375132551926,0.03159639152218695,0.003688319425724472,0.027324682284616996,0.06827336034473824,0.037189784610217186
2022-03-11,0.0,0.009047591378507807,0.0,0.029666862216834136,0.1467272454037438,0.15083907542173858,1.996538113597277e-10,0.03063016379975156,1.847256465847824e-09,2.8056100977169596e-08,6.296117793791467e-11,0.0,0.07597865670567223,0.02126359588765364,2.280065025672684e-11,0.10144357681433924,0.01887980741311316,0.014672724540374563,0.006857064736032058,0.01178481197476778,0.034472472293904134,0.0028866167420973365
2022-03-14,0.0,0.011990098541434662,0.0,0.009209063272833539,0.059514710767072765,0.11020557659662036,1.810610117955064e-10,0.027329817506125294,2.2715055947308826e-09,3.1706676867360173e-09,8.56259507742152e-15,1.6653345369377348e-16,0.16785797951365944,0.0248602622927205,3.948254223562486e-11,0.11395194416627002,0.019831821805349103,0.005951471076709028,0.003473856941046065,0.005061882702590196,9.853229343548264e-16,0.007340919106422445
2022-03-15,0.0,0.046262023241760444,0.0,0.0459602774018992,0.06346019750363717,0.0,3.265039355858197e-10,0.024876723911250294,5.634423171085867e-09,7.491651354829543e-09,3.751678134822356e-11,0.23038685805229042,0.14679103915283134,0.025364786268860826,3.754574429137847e-11,0.09488755628044125,0.0207745937552746,0.006346019750365445,0.0157871411376148,0.29642036060341687,0.10660857059923401,0.013212684257918089
2022-03-16,0.0,0.012584799154585198,0.0,0.016105166450535065,0.14123905289894584,0.1869580981680505,8.139859087425137e-10,0.04571783272931099,1.454457960181621e-07,5.815971468314807e-09,1.7424367504403904e-11,6.800116025829084e-16,0.08681938456050106,0.037034931855188954,5.703808259038823e-11,0.12406566483897698,0.032481545206763704,0.01412390528989442,0.003399289601557616,0.007896346897765461,5.2072929301871795e-14,0.007715325265129282
2022-03-17,0.0,0.028618894609196446,0.0,0.05951148750646943,0.09522375674900593,0.4252668036609669,5.920372135495949e-10,0.0026624133510053556,1.4421916294526937e-07,1.8948537738872062e-09,4.13363093754171e-11,1.734723475976807e-15,0.051147523631699464,0.04767962292881276,6.172704014595354e-11,0.12436203072527564,0.024372940043434623,0.00952237567490044,0.01554969131799544,0.04104950332842624,7.41073868937292e-15,0.030546779047700565
2022-03-18,0.0,0.012071694305572252,0.0,0.012706184857937146,0.014119405908109119,0.11259220045294091,9.230086443361923e-11,0.014397745290424722,2.0581544822595443e-07,1.4924017438522341e-09,3.70536934468646e-15,1.3877787807814457e-16,0.07870102688346259,0.022141163316095953,5.731531915742494e-11,0.07191249184748769,0.025426527848034387,0.0014119405908016303,0.007678432650741661,0.019831932571933216,0.0,0.006887193111714537
2022-03-21,0.0,0.004439896109078307,0.0,0.021446133133296897,0.08470875478209769,0.20176673527922295,5.038642950622201e-10,0.04528899258781182,1.472753522399617e-07,7.422050925243173e-09,1.8419904490585282e-10,0.0,0.04520406843813738,0.030869532088698585,6.156262999379436e-11,0.08062390305088277,0.014718444774688607,0.00847087547819994,0.005498754865879779,0.017291950347612214,0.0,0.002628365264659451
2022-03-22,0.0,0.022959235254668715,0.0,0.018293295408567903,0.033850549975573394,0.16948399399188874,3.6511790743505703e-10,0.02750177043821652,5.2818035022050847e-08,9.81128635280104e-09,1.8419962777294074e-10,2.0816681711721685e-16,0.11403787998109811,0.02515785764695003,5.963984861523386e-11,0.07939788291725594,0.027775900527312252,0.003385054997555023,0.009008072503776027,0.016407641270465685,0.16327398729325335,0.01669010199833378
2022-03-23,0.0,0.001684159783981495,0.0,0.007151414573348807,0.0741699880547678,0.26179723286362383,2.3174287042247659e-10,0.022687012053085494,6.595912739604248e-09,2.6872562702839886e-08,4.128582198337227e-11,0.0,0.11659653030511155,0.02581408636486633,3.3761729523185124e-11,0.06219807369001679,0.016025602950919787,0.007416998805477346,0.0014483255022210775,0.0033144845079408417,0.0,0.00010311380499646028
2022-03-24,0.0,0.0054448750446235055,0.0,0.018933412231563237,0.11401396617208763,0.24378355385594436,4.440158221103751e-10,0.041498566953949156,7.248314531915767e-09,3.293648693364348e-08,2.28424917869674e-11,1.429412144204889e-15,0.15227725351741167,0.033204304853395365,5.125823376861405e-11,0.06179893517542818,0.02404094258557199,0.0114013966172095,0.0024791657746371654,0.0034733670898870646,0.0,0.00246477904602126
2022-03-25,0.0,0.0062231656057954,0.0,0.012284850772631068,0.04484937091729363,0.27093603910732034,4.79472157449774e-10,0.04970988753064651,9.820266384796827e-09,7.229306306366645e-09,1.951050848658653e-10,1.4155343563970746e-15,0.17181240237791048,0.02569010452961077,4.902042660681616e-11,0.10513895823990718,0.015768007888026188,0.004484937091730784,0.0019301274972318427,0.0031729634511572426,2.6492696925117798e-14,0.032219975464878176
2022-03-28,0.0,0.006938784197777558,0.0,0.013019977646322114,0.024935139015758723,0.05029034300778325,5.805376107810618e-11,0.045425339608776115,1.1518102832619448e-08,7.526824906400886e-09,2.2291915535710416e-10,1.609823385706477e-15,0.10391506852036403,0.026745859733553513,6.948809583295912e-11,0.05989856205965157,0.013297481202573824,0.002493513901576705,0.004235762501783695,0.00578041107310359,0.05801259266959155,0.004283302494348884
2022-03-29,0.0,0.009647610603585946,0.0,0.015582484295404755,0.11782553329654452,0.4282308275931039,9.674784829840198e-10,0.06623515831032283,0.004458172727653718,2.1815665052216104e-08,5.027503413579382e-11,1.249000902703301e-16,0.06453985570257527,0.046686215814333826,9.807821221841095e-11,0.15643004936483162,0.04393279844598668,0.011782553329654305,0.0019175058293289318,0.016681475708932813,1.1150802503578916e-14,0.003472441770832474
2022-03-30,0.0,0.011434421820336152,0.0,0.021559334229334988,0.046851145332155175,0.32420121872739427,5.600535545491579e-10,0.023366105227373854,0.017904323004468932,1.8772704862835e-08,2.3217539002473586e-14,1.8041124150158794e-16,0.023469781830272873,0.02459260875892844,3.374218959795172e-11,0.10564185275193277,0.014451082680353968,0.004685114533223386,0.006319176481929763,0.027056878125507833,0.0,0.012348080599731973
2022-03-31,0.0,0.0031734244992532895,0.0,0.00963664046346433,0.04824065215640315,0.19193398195283679,9.621118145931502e-10,0.03932047469521013,0.022362471400053312,2.2847740401010785e-08,1.8360313269738526e-14,8.326672684688674e-16,0.023469781830272873,0.030245897331416294,5.027471494667424e-11,0.11285889372290839,0.024671110473964024,0.004824065215646739,0.0008317014799525471,0.001053645362778877,0.0,0.01651340733379581
2022-04-01,0.0,0.004776801603151026,0.0,0.012372967879411566,0.06730418196524218,0.24393100748281038,1.0002705804236816e-10,0.021633900345733884,0.00237638897471594,5.215883058795612e-09,1.8540724511240114e-14,1.4988010832439613e-15,0.03220875871385187,0.02979489819811534,5.05119140958854e-11,0.12525207638015343,0.015372378726780028,0.006730418196527019,0.0030558637825540136,0.01578562804339862,1.6604773112049998e-14,0.006941708376291919
2022-04-04,0.0,0.0032960128262353814,0.0,0.03112564251485426,0.05217692245907208,0.15491708337970855,2.6724999782736544e-10,0.000621357765876905,0.015064972583009421,1.4527729123858801e-08,8.479328350574633e-15,2.123301534595612e-15,0.02001424987960307,0.01749816175853701,2.259752107658386e-11,0.07136369485408947,0.011371550564564462,0.005217692245908512,0.0021548357569759896,0.013765127309457316,1.3163081735712012e-14,0.013356740860495552
2022-04-05,0.0,0.01418661685078301,0.0,0.00592271519222695,0.08967940784695774,0.14999608461919778,2.9958544653663013e-10,0.00988158009371895,0.01744115389758638,1.6731402770198134e-08,7.809390634161417e-11,7.771561172376096e-16,0.03067212737146456,0.018538401014958922,3.110893487257016e-11,0.09275361604217196,0.01678622464907694,0.008967940784695677,0.0026400311256242204,0.004949874694142653,0.0,0.013295269410906991
2022-04-06,0.0,0.006811467828918565,0.0,0.03323338788384858,0.19525925595356736,0.14999608461919778,6.700654871220012e-10,0.010163590822454365,0.028099183117690087,1.5384318666211705e-08,7.808842461543009e-11,0.2303868580522905,0.10706853550036088,0.030496642465995663,5.435665806352574e-11,0.09514512470302575,0.025655000501743793,0.01952592559535936,0.011730802061845562,0.017957667267445104,0.11636988298746032,0.005299745539673741
2022-04-07,0.0,0.006473937198721481,0.0,0.01777682901496834,0.12799561834102763,0.0,6.952747452915186e-10,0.025264903969871553,0.05241193951548572,3.654174385026021e-07,6.952771691715043e-15,0.0,0.13421141706140377,0.036790242235478186,4.996096591991517e-11,0.10180565182833129,0.0265751306898361,0.012799561834106715,0.004089804662241521,0.005301611993814707,0.03900302320045098,0.0030012452983389053
2022-04-08,0.0,0.007711914041254805,0.0,0.02790506840127937,0.04888713655136977,0.0,4.690103009722959e-10,0.0005996760037937452,0.017153060603950727,3.4973053680831256e-07,4.3298697960381105e-15,4.440892098500626e-16,0.06119207900303608,0.030652874525866857,4.062253311509778e-11,0.06181703647384655,0.02084441513715142,0.004888713655135921,0.002239177565608187,0.0036649882248477664,4.633446404334052e-15,0.00069902004256929
2022-04-11,0.0,0.0074254188686059775,0.0,0.009911256994334743,0.03526765116688473,0.1216952100008542,3.312779026342022e-10,4.6132576186459934e-09,0.005317532969470892,6.404263043491287e-09,7.129032086883313e-11,4.440892098500626e-16,0.20291053585416272,0.027251523012953853,3.967197403920153e-11,0.04608317548095134,0.02673797584967862,0.003526765116690228,0.0019907036485920376,0.003672670648355563,1.9068080447937064e-14,0.011420346205162246
2022-04-12,0.0,0.01080509772159359,0.0,0.029861048372008352,0.004940841421782494,0.5,3.1596125602645806e-10,0.06382944411944788,0.005629371231979985,5.112130059548026e-09,4.9356671527611695e-11,0.0,0.027578449711686437,0.05757916085787085,7.044419214619069e-11,0.17402817853619257,0.02130464715617331,0.0004940841421783859,0.006015074550124566,0.008994675925566069,0.0,0.00900166854887011
2022-04-13,0.0,0.021107945005388595,0.0,0.021082930032017746,0.020370838547307007,0.12090188504761999,3.1844623000688946e-10,0.029842305785465036,0.022568944086145327,4.059729323546701e-09,3.646412338742522e-11,2.7755575615628914e-16,0.02683118471347315,0.01892856629669722,4.523047214544107e-11,0.05117652248661093,0.019456437344873533,0.0020370838547309894,0.003193124930820232,0.0029237224418483844,1.982441988346295e-14,0.0027261813410879195
2022-04-14,0.0,0.0036126608154881928,0.0,0.015488488938756153,0.003321425320713416,0.17050781511929536,1.370149413360524e-10,0.013541393093321513,0.003304523182815003,2.0657056620798642e-10,8.301105636210337e-11,0.0,0.019007682324651692,0.01236808126399749,1.6094015009571194e-11,0.02534985408338727,0.00968540215519695,0.0003321425320713389,0.002036111564518203,0.00302115418290109,0.0,0.0017791824479324904
2022-04-18,0.0,0.004393239493314034,0.0,0.011813343481559452,0.03075513796413576,0.24947219994335287,3.566470481334363e-10,0.038183330046062613,0.03311054049395709,1.5088388427564325e-08,9.195087746771691e-11,0.0,0.036582137743796345,0.027478914937891702,4.8110460060257765e-11,0.06812468647567016,0.027039384585949743,0.003075513796413701,0.003965284129289773,0.0042816092529569215,0.18118721882841346,0.0050032276673919185
2022-04-19,0.0,0.0014864532690949338,0.0,0.005596056313050565,0.014360294090778963,0.04863961791693193,1.9210565840735624e-10,0.005626030390001858,3.624518438862662e-05,4.3538063779213765e-09,8.371470183732299e-11,2.7755575615628914e-16,0.016715760909103566,0.022685102860188343,2.9854049787836345e-11,0.03224733818584522,0.015332662078007986,0.0014360294090785403,0.0009532502617255953,0.0015432903683794425,5.68295410730002e-15,0.005430883755347896
2022-04-20,0.0,0.007643797516214435,0.0,0.02549303860145851,0.02827175896179205,0.24290643951817792,6.44001634014302e-10,0.02073612659699444,0.015087445935370772,2.0602533151725666e-08,1.482861611279418e-10,3.885780586188048e-16,0.15644372902998002,0.03612982223106785,5.202419051109075e-11,0.055537056289133316,0.025317631514366338,0.002827175896198547,0.0041590703524356995,0.005166935223829687,5.641320743876577e-15,0.006069543274381493
2022-04-21,0.0,0.013207797106794216,0.0,0.03596750011825554,0.022684132122329934,0.2164872365926492,2.947829052288882e-10,0.02934290080046044,0.0236221686972903,2.720929706545583e-08,1.0927016236284004e-10,0.0,0.16435688045761565,0.028947551893723503,3.7723699164438074e-11,0.04115734246842908,0.021761469654260672,0.0022684132122540585,0.005388994468033613,0.007688704666239655,0.0,0.0013109318483710414
2022-04-22,0.0,0.0035799173631051897,0.0,0.02100062113865633,0.024893738375419944,0.24234499397506776,5.179611250620048e-10,0.04606778042748926,0.02621448246029117,3.062756528948718e-08,3.275113791278983e-10,1.1102230246251565e-16,0.04834386125736631,0.0331381295375963,5.94477661541859e-11,0.0791778825542025,0.024136276158535367,0.0024893738375420527,0.0049538462862428745,0.00616691953724593,1.0567935415650709e-14,0.0035232854190974
2022-04-25,0.0,0.006266409683136856,0.0,0.034860581728852896,0.008548961621630408,2.0000000000000004,1.2612733153314414e-10,0.052226419140315485,0.008023400571614596,3.1933532068650905e-08,2.76749248517838e-10,7.216449660063518e-16,0.0630904168785108,0.025776803282484467,4.031247557989559e-11,0.08377283608120839,0.01987983339721062,0.0008548961621631657,0.0060414734085047425,0.006984391049159334,0.05464228426454574,0.0014744778489681858
2022-04-26,0.0,0.021050278905591253,0.0,0.014455333726097518,0.02052113875162701,0.0030629484676750404,1.9839644271903237e-10,0.01174805160845149,0.020511222557508466,1.7921039728585608e-08,6.748600289707696e-11,3.3306690738754696e-16,0.07582054678015646,0.01742005653088414,2.7757657283800086e-11,0.03244777602852596,0.01223643808800727,0.0020521138751628115,0.00277099749324463,0.005919059277915846,0.0,0.003921800581862374
2022-04-27,0.0,0.0030411974334721287,0.0,0.01652317501096104,0.034215676291201536,0.14774374265240142,3.8213812115886043e-10,0.036780049197053924,7.496251415259336e-06,5.46113198413023e-09,5.08361963635906e-11,1.1102230246251565e-16,0.11013797290148522,0.04073687480686187,8.110381810588763e-11,0.07199755481378356,0.025974980110149273,0.003421567629152897,0.0074254091389363425,0.007017187747460379,0.0,0.01691932865393049
2022-04-28,0.0,0.009029544239731695,0.0,0.00627098635967855,0.02179791249190105,0.041584419376153585,3.064017343994529e-10,0.007298423371196712,5.3596172576442225e-08,5.078863281327006e-09,1.1934897514720433e-15,5.551115123125783e-17,0.014958968149360818,0.0185076942249884,4.3426137685820265e-11,0.036326061281193284,0.009907361916994765,0.002179791249222157,0.0018545409380716499,0.0028973675362293973,4.3021142204224816e-15,0.003304151928147314
2022-04-29,0.0,0.006731210888176609,0.0,0.01378853532947738,0.030339294647736326,2.0,3.711417256812927e-10,0.05059693731132122,4.5264192977123585e-08,2.9718867158856632e-09,2.9137164903048074e-11,1.6653345369377348e-16,0.05173794796393863,0.052030209609600225,8.369367698879415e-11,0.11175044224674371,0.028137365544890245,0.003033929464772614,0.0029028431881794603,0.004336912901557485,1.615721445524798e-14,0.0030237045748232466
2022-05-02,0.0,0.018790178025634065,0.0,0.05250953619031391,0.11909203519867625,2.0,7.641809242506936e-10,0.035810337981741075,4.5603974763164246e-09,7.070503731110289e-09,2.9137414703228615e-11,0.512614059513229,0.07163509551733264,0.05220740494932295,6.955248876838738e-11,0.14441141003748936,0.036884539253846826,0.011909203519868364,0.00959833897667147,0.027867101712035502,0.08889892590096359,0.008049865806273725
2022-05-03,0.0,0.005485911957462551,0.0,0.022039635572939285,0.13658644327251745,0.0619389037893545,1.1927341548917045e-10,0.034406593841811973,4.767000162664292e-09,5.69909545250491e-09,2.192690473634684e-15,3.885780586188048e-16,0.07086092399655529,0.04582735097596366,5.4631840717966895e-11,0.06568749300064328,0.026504773782099002,0.013658644327251848,0.005072981570468628,0.00631877420970561,6.986945744191786e-14,0.006416566262540668
2022-05-04,0.0,0.008536824433693734,0.0,0.03520875149328326,0.13044373430017608,0.06237781920819284,1.492623848371756e-10,0.032378021177631534,6.464733741384787e-09,2.0297796152202174e-09,2.8180253963672186e-10,2.498001805406602e-16,0.05317623497583898,0.037157846011228415,4.8719348000325624e-11,0.04950762539822997,0.01788004577176626,0.013044373430016062,0.007376599018986706,0.007580017653797913,2.6655760931859618e-14,3.846246532693276e-05
2022-05-05,0.0,0.011800577950175185,0.0,0.09471712021985895,0.039649978741830766,0.06237781920819284,1.5511855055069304e-10,0.013979417160285529,3.3150216113830844e-09,3.2631910854008517e-09,2.817995975457066e-10,7.494005416219807e-16,0.03327810668542372,0.03808781876175145,4.9076132047076726e-11,0.025706512546728358,0.009576848783460597,0.0039649978741760905,0.006253416153275862,0.009110480797074372,0.0,0.0056072094763808256
2022-05-06,0.0,0.019703297293759206,0.0,0.05751558003026576,0.12693661754500513,0.17551655179752806,3.3462202739326003e-11,0.06505722729543943,4.362314447170501e-09,2.6836013945763515e-08,2.733924198139448e-15,0.30536307098781124,0.03024788963155292,0.036207171330857595,6.999892332437696e-11,0.08232391787503533,0.023035840713172707,0.01269366175450165,0.010800831389189892,0.02295964692880656,0.16165774552497286,0.004073130468067121
2022-05-09,0.0,0.009881145730011932,0.0,0.02015733716908865,0.05882146277087377,0.07448344820247207,6.682541249399437e-11,0.07085296795088081,1.2755380987550247e-09,2.814355744285013e-08,1.9845236565174673e-15,0.0,0.050965311724261386,0.030008539814834166,4.945500953201787e-11,0.061905843337272254,0.015940769256695998,0.005882146277087594,0.0028031082461156057,0.0035508479539286333,1.0555792351318871e-14,0.005761292893709781
2022-05-10,0.0,0.016420336137329686,0.0,0.09102503543425772,0.3553317018156354,0.0,2.6828678439942386e-08,0.0409543694421606,2.140456263621804e-09,0.042987227149493795,4.5473499965531516e-11,0.26566289097453843,0.23179388478835522,0.05592733810349937,7.24082044323282e-11,0.10013944723932774,0.031128598449809256,0.03553317018156295,0.017435783005951347,0.016827999243311714,0.05699054903289258,0.03428152904760352
2022-05-11,0.0,0.00721305937325917,0.0,0.02735092565605215,0.173530873053381,0.0,5.253026802367896e-09,0.0491375948586623,9.975104978132698e-10,0.05700869329061469,6.000892838198268e-11,8.604228440844963e-16,0.06989342739663944,0.03657521179305068,6.572375976787725e-11,0.02856119265006179,0.02151870421752029,0.01735308730533784,0.002799974379762857,0.0034274813251431308,6.7914424084492e-15,0.002549224581053812
2022-05-12,0.0,0.006352658253221862,0.0,0.03756842818405204,0.09183669160051178,0.07800054287145897,6.8569101734511636e-09,0.03233004217704965,2.155890341248856e-09,4.1741175336035274e-06,3.0434738063078726e-11,7.494005416219807e-16,0.0935989859858609,0.03848402752059315,7.897824061409153e-11,0.04178060792029602,0.021098258314175385,0.009183669160050908,0.001512032293963926,0.0026043734295630033,0.0,0.00025410484409283535
2022-05-13,0.0,0.0030272560529562226,0.0,0.008627943005100707,0.023376618857744294,0.008409990671025096,6.086900939926359e-10,0.040674054060795946,8.239346704908002e-10,7.882091641042699e-07,1.9290125052862095e-15,1.4432899320127035e-15,0.014577329886089244,0.0233314821960082,4.47849535234468e-11,0.009387499928219932,0.007615847518305876,0.002337661885774431,0.0008703775429552349,0.014914554234489178,0.0,0.0002917704960314696
2022-05-16,0.0,0.0020083155835828406,0.0,0.02522146701719943,0.08956994870056559,0.08641053354248406,2.773073105957706e-09,0.031561853807718324,1.9654204652663765e-10,0.022556938936788375,2.4841240175987878e-15,3.3306690738754696e-15,0.060165794929769825,0.030133410619745234,4.1632447489448055e-11,0.03382394299838477,0.010971205938486123,0.008956994870043908,0.00624131619356455,0.0070718910967865894,0.0,0.023085816677662123
2022-05-17,0.0,0.006671745061783439,0.0,0.013547991414590949,0.04356465938853293,0.0,4.096697137593396e-09,0.013279850725314197,2.1005318318056965e-10,0.022554411718703343,2.6645352591003757e-15,5.023759186428833e-15,0.01953567771896779,0.022991555972096935,4.0077371976643406e-11,0.02311848228714609,0.009205902734354406,0.0043564659388523885,0.0013651639215140829,0.014506313362676364,0.0,0.015260884370953513
2022-05-18,0.0,0.007131447025053135,0.0,0.013125306767272173,0.0803402846285925,0.0,1.727613032171045e-08,0.059242657483410725,4.100695172315483e-09,0.04067274029899807,6.217099057792552e-11,3.0531133177191805e-16,0.033887266837295864,0.03286727943212449,8.223528802364655e-11,0.043381896775461205,0.024018608603575502,0.008034028462859014,0.0033978993639035143,0.016668032104299922,8.31279489688086e-15,0.0004996902795505881
2022-05-19,0.0,0.004440823002365332,0.0,0.014785861819390525,0.13714343752801095,0.04257096380526684,3.6096786474736654e-09,0.07973004822837088,7.501194242143239e-09,0.04067597721404591,6.216993586605213e-11,0.03207155014462995,0.11243411710884474,0.04238136068585066,5.6323931629798096e-11,0.06534707656639352,0.031148546013746305,0.013714343752800978,0.008463817719816379,0.029210008009638674,0.0,0.04089606510852743
2022-05-20,0.0,0.00856267373015404,0.0,0.020753792679813123,0.018474637194771985,0.04257096380526684,1.780009881637971e-08,0.004045545532802099,4.513537675554513e-09,2.9061755910803067e-07,7.824831060876392e-11,1.7486012637846216e-15,0.02904343576611157,0.026025971604298738,4.8683071462996e-11,0.01804319203034306,0.008864275857240967,0.0018474637194782345,0.003413830379641665,0.0038663267277281484,4.8665932395053346e-14,0.004646827751391143
2022-05-23,0.0,0.003355884072655376,0.0,0.018822860688383986,0.02146043864330048,0.0,2.615954759056516e-10,0.0040456084458672,2.0257542379664706e-09,3.330127091999424e-07,7.824954573187881e-11,8.326672684688674e-17,0.0384956040851053,0.02069885338256111,2.9046945404509472e-11,0.013762724583519,0.005397806033617764,0.0021460438643305657,0.0014066792649895035,0.00149488196908968,1.644899494390728e-13,0.0020981545882843497
2022-05-24,0.0,0.002241050902084785,0.0,0.02404182401538159,0.0246361673420294,0.0,1.76303026749873e-09,8.754473375940133e-07,5.811056240367929e-09,1.5303512027053934e-08,3.3306690738754696e-15,1.915134717478395e-15,0.050284666185043875,0.04603582462596907,9.862149985551127e-11,0.04181791967667576,0.019589664283407953,0.0024636167342023674,0.0019357501449967854,0.004562049692218399,0.0,0.022179216819564383
2022-05-25,0.0,0.004733024435332618,0.0,0.02019561453644262,0.022464333285804987,0.0,7.637059475562522e-09,8.75202002601377e-07,1.659159176714553e-08,5.024707448730847e-09,2.3175905639050143e-15,1.1102230246251565e-16,0.012841309734055478,0.030590694892516132,5.2541485051627035e-11,0.030539327663371876,0.009917849266428346,0.002246433328580155,0.0032403897932138243,0.007852714936469132,1.6629059240713673e-13,0.0052886806485865495
2022-05-26,0.0,0.04658271975003508,0.0,0.011116817767038302,0.07525451514600685,0.0,2.7146095890995693e-09,1.8932297027692996e-07,2.629043401036757e-08,1.0583318089951721e-08,1.8735013540549517e-15,1.8041124150158794e-15,0.00017061807011653496,0.02058230158551702,4.0036793325093356e-11,0.008089023664359464,0.00798849191635798,0.007525451514599796,0.003345432517892967,0.014324651670260619,0.0,0.009596772831502249
2022-05-27,0.0,0.049334981113665174,0.0,0.054695648888062234,0.08668731371395977,0.24999999999999994,4.57005301463833e-09,0.03161780296407362,3.829297254287489e-09,1.601127355005394e-08,2.0261570199409107e-15,0.250691133769649,0.02827756211747101,0.03596338343563404,5.44572720251324e-11,0.06853273986350815,0.02534745935924789,0.008668731371395635,0.01120533455460973,0.02311205925082614,0.0707693174535993,0.014411952033973836
2022-05-31,0.0,0.011116310993669705,0.0,0.025960233143040565,0.2661789564261001,0.15788976790016074,1.097938291649689e-08,0.0022313640693068016,3.520371954363055e-08,0.07382395053954971,9.349973573158366e-11,0.3313112706229011,0.15913504567045886,0.04147950223470552,4.7874426645222457e-11,0.057912102060710804,0.015169591610601217,0.026617895642609968,0.0038759830413613375,0.032659769041988855,0.0,0.010073989644366288
2022-06-01,0.0,0.013898311038615547,0.0,0.04305677716954,0.1684093847019135,0.16434952927434587,1.06785920777068e-08,0.00018648849666415542,1.0051584918568945e-08,0.01720840390802153,9.349913898670792e-11,0.3313112706229011,0.03833760799235362,0.027316969320099305,3.532921177828996e-11,0.03678901551943401,0.01630133944377723,0.016840938470191094,0.007970142952654469,0.01170467706447332,0.022246002980598478,0.006537370162179482
2022-06-02,0.0,0.01324519543101477,0.0,0.013494962240637431,0.08415921479431514,0.02875669114202039,3.0428338851460284e-10,0.00466301434530207,1.0059554994557018e-09,0.034039760276930606,1.3461454173580023e-15,0.331311270622901,0.029464601845052032,0.01581185082873781,1.9047638466496153e-11,0.02492304323251905,0.011620681875642296,0.008415921479431543,0.0018439885094265057,0.002174095111629023,6.123573870198129e-15,0.0017288497004004748
2022-06-03,0.0,0.010204709717512195,0.0,0.01674673937462769,0.11470375227042498,0.2067911515735007,2.534041428422345e-09,0.09184071292396834,4.867578021205965e-09,0.008579436205142392,2.6506574712925612e-15,0.0,0.10460549042324456,0.03216813943815937,3.744128618254905e-11,0.022767578042678628,0.023462231641196027,0.01147037522704314,0.0044188104695959685,0.005698964158880979,4.4825254619240695e-15,0.002912805498601019
2022-06-06,0.0,0.010363846713188584,0.0,0.009817270091872457,0.061461294961803026,2.0,1.6230261346417228e-09,0.013502269090566638,2.5102592920989153e-09,0.003346050074261628,1.4432899320127035e-15,0.0,0.14943615291718712,0.018454508000708695,3.067143761192881e-11,0.02952955277717151,0.0085724076360741,0.006146129496179736,0.004324215869625704,0.005681612640626377,0.0,0.0005297157310202166
2022-06-07,0.0,0.013638066548245176,0.0,0.016301454598011935,0.019814837308820783,2.0,6.30628293800016e-10,0.02013118885185275,7.781249256044731e-10,0.012367120553257345,2.0261570199409107e-15,0.0,0.007078815449672576,0.018239007508132937,2.5300456174548458e-11,0.02701243875734062,0.0073422300852145385,0.001981483730881528,0.003305402450869646,0.005022024024135933,0.0,0.004711413398725033
2022-06-08,0.0,0.014258416744913857,0.0,0.02980407625589336,0.10241728372486149,0.3837863339443642,1.145973067004424e-08,0.05793478552168078,5.238582720390461e-09,0.0022583562390309855,2.067790383364354e-15,1.942890293094024e-16,0.039200197785767325,0.018949769470065943,3.354429234381229e-11,0.031083554572250868,0.028118861805514414,0.010241728372487935,0.004629260503191457,0.00395575967649409,0.04257591283092223,0.004475255221171353
2022-06-09,0.0,0.01609045922868795,0.0,0.036495682673635024,0.14909931746275273,0.4944667199590441,1.4834902431609923e-11,0.04608744246712041,8.773823514940382e-09,1.3076768427822127e-07,2.067790383364354e-15,1.942890293094024e-16,0.0783660415944688,0.028894714426246845,4.1057032773572644e-11,0.0360101642156643,0.024700365200566055,0.01490993174627539,0.007054006417948358,0.008741288799235195,5.200700980978468e-15,0.004251070448653169
2022-06-10,0.0,0.007144423603068485,0.0,0.020985470641008516,0.11534314034217048,0.06514272845755864,1.4229358819024478e-11,0.05158793954669274,1.7068132115993784e-09,1.8642824103909383e-07,2.581268532253489e-15,0.0,0.007513353330579622,0.03166952489483741,3.862375697050169e-11,0.031093105534837177,0.016565584423994837,0.011534314034217383,0.004507688720617395,0.0059198893970400755,0.0,0.0018844141275658859
2022-06-13,0.0,0.0321813513866259,0.0,0.055362175618105885,0.18050740720278546,0.0,9.750318781212035e-09,0.08538935081964133,3.37061004107575e-09,2.8256310048713207e-08,2.1094237467877974e-15,3.3306690738754696e-16,0.15426441775635955,0.05081821675757243,6.625915094371493e-11,0.06738348867995465,0.027069286844130923,0.01805074072027414,0.009471349430082508,0.016462383871169547,0.11848089556040017,0.00856449114950076
2022-06-14,0.0,0.16349967363605775,0.0,0.0847484405813555,0.3061053552058761,0.22222222222222227,1.5911369892520562e-09,0.016059169898343405,4.76539376015328e-09,2.1123374421144758e-07,3.094746681142624e-15,0.3513317380457743,0.33101635180160316,0.03981334529113256,7.272904500865707e-11,0.05405433824792317,0.023154491824518952,0.030610535520587456,0.02122244879742643,0.05369580051921834,0.5332348880010721,0.012149819410440785
2022-06-15,0.0,0.02129345087628885,0.0,0.03174367059285316,0.1589098458588166,0.0,4.3063900621717237e-10,0.007952663178466182,3.637998166605705e-10,4.7224935684903047e-07,5.412337245047638e-15,0.0,0.2991841003738189,0.01599982511005667,1.8864243500615885e-11,0.018854236638849522,0.012024643608307019,0.015890984585881535,0.0031248648102200002,0.002729873845371319,0.17742336689578508,0.06154714647948986
2022-06-16,0.0,0.04124711133944199,0.0,0.049219212297115976,0.1843221681775653,0.11848835631999224,6.301955902494187e-10,0.032411514527246,9.305743536858202e-10,6.726688007163695e-07,4.9682480351975755e-15,0.0,0.07904276603091226,0.020734064735837488,4.1016190444054246e-11,0.01663231376241744,0.011193817950162725,0.01843221681775649,0.010049748444433342,0.015125053098356048,1.5577816814271728e-14,0.0063461523801695485
2022-06-17,0.0,0.009525897474592962,0.0,0.02274844228047382,0.257672264750365,0.18011750364407828,1.6989010463654738e-09,0.03402576443552869,4.328653893659329e-10,2.0028204440053488e-07,5.398459457239824e-15,0.0,0.2905248816605335,0.05237921969056733,1.232347973667558e-10,0.0433729521054857,0.022302734316598804,0.0257672264750365,0.006409534143307971,0.013084473366251324,2.530094189712173e-14,0.00209379593385124
2022-06-21,0.0,0.030194094798115287,0.0,0.06402861758161159,0.09434458432153689,0.06933279073959679,9.881811014397037e-10,0.09666725036208322,1.7699136739546262e-09,0.030493984614970528,5.731526364627371e-15,0.10682691235500928,0.0,0.028692058032876312,6.725742185409445e-11,0.05865649995381112,0.030866330031850592,0.009434458432153583,0.006514548813599114,0.0035777087250502444,0.14615847883227573,0.005744654277498727
2022-06-22,0.0,0.0033174063611513278,0.0,0.024622576497209323,0.10594063843419993,0.07068400299001885,1.524603402461868e-09,0.023204176271455934,8.561457237599157e-10,0.01205308565688979,3.8441472227646045e-15,6.245004513516506e-16,0.07492954273929449,0.03724681024860893,6.642915384436066e-11,0.04584614293525945,0.026209887891897782,0.010594063843421,0.001972140028782453,0.0047147164968292035,0.0,0.006037337256857052
2022-06-23,0.0,0.017046130601840265,0.0,0.019879912820930025,0.08512824084680366,0.07068400299001885,6.929766254319186e-10,0.030226552307656626,5.1811806511814495e-09,0.020472294939580672,3.530268161133776e-10,6.245004513516506e-16,0.05774398528639841,0.025650416578711827,4.145647714004497e-11,0.035497182924978866,0.01631489672095921,0.008512824084685788,0.002272210580656006,0.007451168177613845,1.1560197243909442e-14,0.0005155584374024738
2022-06-24,0.0,0.011270012547884302,0.0,0.014080268362002785,0.05299056160923558,0.13323581719351543,6.884374261843611e-10,0.017906985743405688,3.0514185345165146e-09,0.0141099171937841,3.530281900143706e-10,2.0816681711721685e-16,0.05774398528639841,0.027181353955735604,4.6001050191257775e-11,0.023514118099054248,0.01606215414207562,0.005299056160932375,0.005991603474399053,0.007343493143164771,0.0,0.0015512847623717334
2022-06-27,0.0,0.0061296084772753424,0.0,0.03481265541073646,0.0904515162810517,0.08898640502870683,2.1659584313290316e-09,0.03997956482086887,3.2478111033906742e-09,5.1817510161096536e-05,2.373101715136272e-15,2.688821387764051e-15,0.029531113145756727,0.06019496137540845,8.012603081031244e-11,0.06062401343538971,0.036702770912470734,0.009045151628104597,0.004626232949221223,0.007617756833135193,0.0,0.017500563204410964
2022-06-28,0.0,0.0062491032377080145,0.0,0.02726117032961001,0.04993531366254723,0.0,5.345643614546525e-10,0.022317416669581584,5.087477362997195e-09,0.03253852230146288,4.496403249731884e-15,2.366162821232365e-15,0.10446065588505121,0.017829354880618035,2.7551530501490618e-11,0.0221591979024028,0.012748330493330028,0.004993531366254703,0.0014443479370242693,0.0031568992244766884,0.0,0.027265267167238837
2022-06-29,0.0,0.012665305152368979,0.0,0.019434619757699154,0.09966108586470311,0.0730751943962113,1.5497316597747615e-09,0.05749947897278262,4.62185748006938e-10,0.0346859066219428,6.591949208711867e-15,2.7755575615628914e-16,0.0,0.038579907117110984,4.382136320479901e-11,0.046374296647606714,0.021543385103652425,0.009966108586464573,0.003751512303430307,0.005198590315532159,1.292022044907526e-14,0.0036156085506788005
2022-06-30,0.0,0.0051756725769909005,0.0,0.00918179873508401,0.07591693960705635,0.030499613683004894,7.246733867964927e-10,0.012761921057088812,1.1058840940214587e-08,0.001731610906581818,2.8033131371785203e-15,4.475586568020162e-16,0.06843968041108194,0.022178829737536015,2.790385977835541e-11,0.02633943311223012,0.014257920777600635,0.007591693960705678,0.001616417378414517,0.0035951057739523513,0.0,0.0030733674296320596
2022-07-01,0.0,0.0097756764901988,0.0,0.03755053200255842,0.0740928320478969,0.058702129756739344,6.87833254662436e-10,0.038846774660356576,8.461655348623864e-08,0.00669591440226866,1.4155343563970746e-15,0.0,0.1138739491217237,0.020418690939724857,2.432441748023706e-11,0.026948436563471977,0.010409219912021692,0.00740928320478644,0.0022599079727627994,0.004385804151510891,5.689893001203927e-16,0.0065102228858936045
2022-07-05,0.0,0.01629095815979246,0.0,0.011027062228947511,0.1322497233333001,0.022941143725151027,1.1913848944590976e-09,0.07570815990986068,5.9000828250832527e-08,0.053855325387303005,3.039235529911366e-15,0.0,0.03523892331295937,0.031829043131336436,3.4592842479419517e-11,0.022142861711045583,0.025045874667151857,0.013224972333330018,0.00496655824446552,0.010058727943190241,4.676814491233472e-15,0.013465309394587788
2022-07-06,0.0,0.013360849137881223,0.0,0.05320148389061913,0.17743912311300442,0.14388565547742754,6.848317503397552e-09,0.04804077337058618,0.1108770085963855,0.010877272760688804,1.262954046898912e-10,1.3287981825982342e-15,0.12438789708519032,0.05189381465015137,7.605524543485842e-11,0.12862196009990862,0.034182148026686086,0.017743912311294255,0.007656532965653662,0.007285142724480456,0.1186183328551836,0.012355020155840744
2022-07-07,0.0,0.007955079577042517,0.0,0.012165177848927776,0.012651845648429217,0.0,1.4790594187359511e-09,0.014194210710826997,0.00612687606362864,0.006124984894668908,2.3458526787756284e-11,1.3287981825982342e-15,0.009073168948557198,0.013831773735229078,1.642791458422721e-11,0.009327192070613126,0.006803571312917821,0.001265184564837138,0.004016175340387354,0.0037295514061048314,0.05483200714789973,0.0059380519511947685
2022-07-08,0.0,0.031183452851955014,0.0,0.029127976316863362,0.0737906509854208,0.0,4.826592363880899e-09,0.033503679058672194,0.03921229251370133,0.0047521651255042555,1.119691284134916e-10,0.0,0.042826457250747796,0.041096198388790445,5.1891782537616393e-11,0.036706460654377715,0.02130698210208644,0.007379065098541915,0.007127285312379793,0.013405784103022875,0.0,0.00671456001709414
2022-07-11,0.0,0.003833189690207182,0.0,0.0034414417943960498,0.03385072958639757,0.0,4.41222406995255e-10,5.589741016603654e-06,0.021633392788082406,1.0588943617773072e-08,1.9582031829390445e-10,0.0,0.011613903470417686,0.015365627447809789,1.9593188183009147e-11,0.015134603094540702,0.012995115406840752,0.0033850729586398093,0.00047975139083195756,0.0015663795989276433,2.223221606811876e-14,0.0012719956815482394
2022-07-12,0.0,0.006693751411474287,0.0,0.00851449757669868,0.053577100480273664,0.0,8.182733164803222e-10,1.2722075579033903e-07,0.015772267746761694,5.967389776762033e-09,1.958253836864543e-10,4.614364446098307e-16,0.007325410367641144,0.03226989479280453,4.004260811818483e-11,0.026256705295332423,0.02201035096094529,0.005357710048028222,0.0028642763117931527,0.003127902963589297,4.975186929101483e-15,0.0006524350960568914
2022-07-13,0.0,0.002977156533504122,0.0,0.013353480064033694,0.078445788590518,0.022543467128485883,6.896803402215504e-10,3.1970037283452714e-09,0.07436788696198884,0.03404470029727173,9.159339953157541e-15,0.0,0.0523886299835746,0.02581507911553959,4.2742129280348706e-11,0.06807767105968306,0.023616449240610467,0.00784457885905307,0.0017271695063609468,0.0025381388567217306,1.350655698395542e-14,0.009040767184744357
2022-07-14,0.0,0.005599677542315627,0.0,0.005244403643058187,0.0325467336227292,0.022543467128485883,5.333013008825981e-10,0.00554295154563208,0.00017610628395769296,0.00017610688732510454,7.188694084447889e-15,4.614364446098307e-16,0.0035438721086980263,0.016521353374031815,1.8149051705940167e-11,0.0177197566848521,0.00792750678384079,0.003254673362272753,0.0012919977426812945,0.00196653868633187,0.0,0.0016847224283242992
2022-07-15,0.0,0.008742515324994394,0.0,0.02181357982726765,0.017244718531377046,0.11803034577706564,5.237944853086431e-09,0.005542954904042696,0.012292266920721044,0.01229225380445615,9.409786838610046e-11,0.0,0.06629801569642077,0.02322899125586764,2.7649132983142977e-11,0.04125951229376704,0.010192845638803,0.001724471853141396,0.0021137764336819354,0.0016509022129479398,0.022278770688883766,0.011573098274853665
2022-07-18,0.0,0.021528945227721807,0.0,0.01441624116901721,0.0374516924459107,0.11803034577706564,7.0006246925207334e-09,1.8287517429227584e-06,0.01638356580679194,0.016383561980048707,9.410285051192346e-11,0.0,0.13501964597126945,0.020677465816986044,2.8279600883251987e-11,0.028046399300712264,0.01981122933157024,0.0037451692445818197,0.00263360728802782,0.005865597510892544,0.0,0.011261654875499849
2022-07-19,0.0,0.019865428641963247,0.0,0.02059314697644067,0.03705890435817648,0.11510061720857234,8.560542639114773e-09,1.620540583796232e-06,0.023641916638791748,0.02364190434058682,1.1208908801130235e-10,0.0,0.17519299990722756,0.023142210446285474,3.410313698104517e-11,0.04878853954497898,0.022177311629932552,0.003705890435815762,0.003521238374984477,0.004215138672427843,0.0,0.01253101275109027
2022-07-20,0.0,0.017591959031755366,0.0,0.016674825179540238,0.11529005294871038,0.09706374768312782,2.928952042613153e-09,1.8476248279306797e-07,0.006855132157884906,0.006855117852980416,1.447483938266103e-10,0.0,0.08864663476600057,0.025043206699684403,3.5578595625196385e-11,0.036393780134791255,0.013300680854005414,0.011529005294869582,0.005154643170340291,0.010428564347912242,0.0,0.009039119721264064
2022-07-21,0.0,0.001495658144821748,0.0,0.006202985188489397,0.10656851797441011,0.07528728800667008,1.47699171407412e-09,0.004867669525647454,0.0023453340688893848,0.0023453246941716674,6.920597428461406e-11,0.0,0.05394779194564353,0.024633497771406672,2.926775488631961e-11,0.0343746184763591,0.020530099444624278,0.010656851797440692,0.0003580278773166329,0.000998301891460246,0.0,0.01018594931336464
2022-07-22,0.0,0.02048398203966418,0.0,0.022371880301770744,0.13262300894045495,0.17538204203425414,1.0599052757443538e-09,0.004867214398485201,0.024292186628631668,0.0242921700207415,5.356090571062566e-11,0.0,0.07335127570443203,0.024247041920863507,3.556642480528893e-11,0.028435195320946495,0.01943929822168268,0.013262300894045453,0.006457608280144918,0.009349008383274505,0.0,0.005561628747834056
2022-07-25,0.0,0.019035809859531273,0.0,0.011671628765894627,0.15293732803173346,0.10988692259625993,1.3582156739097453e-08,4.968715404791701e-07,0.02432368922806371,0.024323744915096625,1.1633126406618288e-10,0.0,0.040752702508848576,0.03641899698412226,8.584817579038173e-11,0.03504692559092243,0.014627235966241369,0.015293732803173005,0.002400964863792654,0.007387637692517705,0.0,0.0032946086341163723
2022-07-26,0.0,0.0009041517943906915,0.0,0.004599206766271692,0.03339627798598197,0.01964214816437112,2.291381401105247e-09,4.08573729632209e-09,0.014685017006672574,0.014685073314877443,1.163309309992755e-10,0.0,0.004543422976104633,0.018011591418355767,2.6941726627427443e-11,0.023682427538697814,0.0071238847608613275,0.003339627798597894,0.0006880427799639405,0.002165353265633,0.0,0.013215163870190977
2022-07-27,0.0,0.005531317672833533,0.0,0.00499341653558178,0.1224994232940613,0.0,3.913577231292435e-09,1.1865211725534614e-07,0.007773669818114476,0.007773753307794978,5.6744178800194334e-11,2.2898349882893854e-16,0.1473335924891866,0.03271091908431165,4.89553259042097e-11,0.021786643645529326,0.016693481924033724,0.012249942329406183,0.0010307313143430447,0.0016436792505815818,0.0,0.014388403740492247
2022-07-28,0.0,0.012416822687281188,0.0,0.04193513472078097,0.08983256180846459,0.0,8.32531826423333e-09,1.175046913086913e-07,0.007758983264148402,0.00775906690616588,1.4662367153750466e-10,2.2898349882893854e-16,0.012776226567805277,0.022140371807032978,3.2125066495858334e-11,0.025339783032988415,0.010456005300376506,0.00898325618084668,0.004517376851689937,0.007591941037691997,0.0,0.00980118884711459
2022-07-29,0.0,0.014988327668500733,0.0,0.016891262218917902,0.09871874708175343,0.22222222222222235,2.7339343670969746e-09,2.9604677379099868e-08,0.02210064288692838,0.022100666931596943,2.4129520603821675e-10,0.0,0.011639073515903459,0.020726300591574154,4.979242018698926e-11,0.019360865407014406,0.01555074944395366,0.009871874708175368,0.006463414435087848,0.0054336527622172864,6.869504964868156e-16,0.016038418537051305
2022-08-01,0.0,0.005128092298843087,0.0,0.007693207084520989,0.07724739362668911,0.12264906356860733,9.212661808841802e-09,1.4309671015067361e-06,0.003984842317557483,0.0039848389123795375,1.9055350353180955e-10,2.2898349882893854e-16,0.005669087407502993,0.018906685275630362,3.385422497892421e-11,0.015672148245315428,0.014018391381826558,0.007724739362668959,0.001183720810320442,0.016004874737233537,0.0,0.0059987074764066735
2022-08-02,0.0,0.006374687673424075,0.0,0.014184295754281567,0.10538746860002597,0.03341725447568855,4.21039350575511e-09,1.147292728758417e-06,0.04098157515409121,0.040981557016860425,1.4218407007327016e-10,2.2898349882893854e-16,0.006879780676058073,0.027539884001496602,3.444124152540695e-11,0.029096354734489002,0.017522366666787366,0.010538746860000309,0.001623111451099113,0.015493887901967433,3.0531133177191805e-16,0.005849920563911284
2022-08-03,0.0,0.04323705547755253,0.0,0.039634574515728,0.17456020419248702,0.0701381592190447,1.3226967475715318e-08,2.307043917146036e-06,0.02334571728267789,0.023345714315025086,8.049116928532385e-15,0.0,0.14446758717602046,0.024548471839054096,3.799779935143022e-11,0.036814497429615754,0.015115131355658293,0.01745602041924657,0.0069584701046345385,0.009901538680084232,0.1477685106089513,0.030398321319363493
2022-08-04,0.0,0.011481223550311673,0.0,0.02033786815629881,0.08836897021713347,0.09895361696744177,2.148839636691943e-08,0.070373461538445,0.02252322483094841,0.022523219598309475,3.967891293310544e-11,0.0,0.0638290274137416,0.03462422026550718,4.403537257058332e-11,0.033515782187690565,0.023450616135644926,0.008836897021713211,0.00456714258127601,0.005716017946502746,0.0,0.00998121270990089
2022-08-05,0.0,0.0103378665841477,0.0,0.005411842451841553,0.03650267109510738,0.23832824253414087,1.7371043579726767e-08,0.014133108155032015,0.033759608010300486,0.03375961272293736,1.2600834264908656e-10,2.2898349882893854e-16,0.024624121155533654,0.029691546271047645,5.220864018884441e-11,0.041092187544741,0.02504183814918281,0.0036502671095107048,0.0014202775222258296,0.0022341506746181416,6.749635572678159e-14,0.025047651834770986
2022-08-08,0.0,0.027819773194991012,0.0,0.03132673211837172,0.19823814982337087,0.2966504818227772,2.767855344532688e-08,0.05110709120625053,0.011128619301993659,0.011128618512398512,1.39438210977616e-10,6.938893903907228e-16,0.004829388939463594,0.027066060835421905,3.915147372968164e-11,0.05137968807240549,0.014942080818612015,0.019823814982338456,0.005576774716975208,0.009890875397473783,0.4192050069635888,0.02235679275644482
2022-08-09,0.0,0.010204393669319084,0.0,0.020579460049091673,0.06878106168278635,0.04165099527300094,1.5552299631047088e-08,0.022305040932840546,0.001487194188067642,0.0014871956729686567,8.201772594418344e-15,2.2898349882893854e-16,0.0035228798117375587,0.019018049823951208,2.17717927020189e-11,0.033539240967822216,0.01089449065048849,0.006878106168278095,0.003735258398735175,0.003325685085201393,0.0,0.007886746149019255
2022-08-10,0.0,0.010500171768468142,0.0,0.009320399177642342,0.05254997975355509,0.31492704367191005,5.2693742416873685e-09,0.016808006684057016,0.003729321765538557,0.0037293232341344823,3.760880495917718e-15,2.3592239273284576e-16,0.025359375217324828,0.016834805778492182,2.0441343062671535e-11,0.02208330579748636,0.010622481464634338,0.005254997975355669,0.0020643560565812014,0.0033235527110004465,5.179884299266746e-15,0.048747800075826894
2022-08-11,0.0,0.023817829028450616,0.0,0.03792173847772455,0.11308475948614487,0.33787193738412863,6.391172674879013e-08,0.06614370729348351,0.018157124587222406,0.01815712632929372,6.821317122263082e-11,6.904199434387692e-16,0.013174623731579405,0.038109245944512156,5.285626103468388e-11,0.08479364320181255,0.02130447594840962,0.01130847594861438,0.0052585347884372,0.01710743787016361,0.0,0.005675892138325667
2022-08-12,0.0,0.0060801718788188255,0.0,0.010306864035708277,0.11631810238801557,0.04634956430025866,1.9024099677871632e-10,0.04741305159529475,0.014768503357328648,0.01476850110446598,6.821447573468475e-11,6.904199434387692e-16,0.0030104949827171323,0.026780905216019234,5.322201013235883e-11,0.024874751999414024,0.014097199397279502,0.011631810238801388,0.002175591338802657,0.0031484240995492737,0.0,0.010554187591761204
2022-08-15,0.0,0.02229800199252802,0.0,0.01709514442274532,0.17539291030345594,0.21747185509324807,7.319194277820584e-10,0.0714068156879199,0.013403585471146132,0.01340358197931893,9.951195423241188e-11,0.2161425302373882,0.005242323596647169,0.04408952770331478,7.142300639806365e-11,0.11150493183279814,0.032680895746818414,0.017539291030345752,0.004578637405450614,0.020848869430592318,4.00755817420162e-14,0.03925157213283781
2022-08-16,0.0,0.0029059164310238036,0.0,0.01506923732847474,0.05112025684709276,0.1659758883564997,2.4132136740976213e-10,0.013697431803972992,0.017937393925965488,0.017937391567528153,1.490297607542601e-10,0.0,0.04479121857566931,0.02095474896482447,4.685983545638095e-11,0.05283328405480461,0.01887150147394199,0.005112025684709365,0.0020139768153926776,0.0023646018048501874,0.0,0.007615875856196912
2022-08-17,0.0,0.012038859847891981,0.0,0.020333800448415772,0.03558255904203409,0.14624093341608366,6.103548430675965e-11,1.0445411030428612e-06,0.01797582158745971,0.01797582393533074,9.483490381878568e-11,0.0,0.002951161229497179,0.014951436832529752,2.3003821070233244e-11,0.05830262828177791,0.008621008785652797,0.0035582559041969636,0.003043227587048898,0.0029175179550364125,4.572037193284473e-14,0.030321106773126025
2022-08-18,0.0,0.015724777794787297,0.0,0.008898866108078909,0.011700867724548633,0.14332304382348177,5.357464322755771e-10,9.987515610417645e-07,0.0008949019931225044,0.0008949030247942524,4.3590672738069713e-11,0.0,0.03761417064202138,0.020004040138541557,5.987563223008863e-11,0.04639210255759765,0.007842076129714024,0.0011700867724612901,0.002452241813610992,0.003880161668960746,0.3113140545365376,0.03164229524233324
2022-08-19,0.0,0.002704366785154687,0.0,0.007247381083779027,0.08881379232410458,0.08190015399792419,2.2087393886448438e-10,1.295156178008978e-07,0.019691031055036126,0.019691033892242644,6.155408127650475e-11,1.1102230246251565e-16,0.006128147271106943,0.026136169517845982,4.927688812550457e-11,0.06223230801441101,0.022655399171306233,0.008881379232410308,0.00019837688838812706,0.014354955945297225,0.0,0.0067103822131874685
2022-08-22,0.0,0.016056840646700786,0.0,0.01730277885223892,0.04900206278993296,0.28501847330958124,4.902373596539002e-10,1.8135375156441672e-07,0.03430595026433467,0.034305923405289776,6.155245757533123e-11,3.3306690738754696e-16,0.11331389576442202,0.015240402996452657,3.490410738216099e-11,0.027959160119504743,0.018891129353370045,0.004900206278993402,0.0032052646899262682,0.0037391455601357634,7.340829333291055e-14,0.01311652781619076
2022-08-23,0.0,0.01619497834522571,0.0,0.009634620128313617,0.0740988305137742,0.05578801529063939,6.6520913558876e-10,0.006554253795133724,0.03203153645882817,0.032031581966015875,4.163336342344337e-15,0.0,0.13866928023682415,0.033561449671707884,6.25623719496815e-11,0.02776683668631056,0.029316736831171458,0.007409883051377478,0.0021489603765283416,0.0042912448039520885,0.0,0.061974155286383156
2022-08-24,0.0,0.0030554696462091677,0.0,0.0071652708177923925,0.04822486778964237,0.0055128512597988726,4.038962608384216e-08,0.006547650165011935,0.00951726105946691,0.009517237513107443,1.0963452368173421e-14,4.440892098500626e-16,0.007325410367641144,0.017019725995603453,3.196858056053742e-11,0.01116161150118178,0.011379249455104923,0.004822486778964213,0.0005634795781246787,0.0008623582574419347,7.146583672068552e-14,2.7650132125639146e-05
2022-08-25,0.0,0.0027486329839713384,0.0,0.008065624950529891,0.008453572251757127,0.012097045433524564,1.95123741542259e-09,0.01545319332821849,0.0023710609401862565,0.0023710436618409533,1.469657728847551e-14,7.771561172376096e-16,0.0,0.00915475146100729,1.6320708673411843e-11,0.01045255963190487,0.006274740656375403,0.0008453572251728991,0.0010135155274232643,0.0008974180271763658,6.800636442871877e-14,0.038813421590079236
2022-08-26,0.0,0.01189847669159206,0.0,0.013276773633543716,0.060154942599753625,0.062372209464365086,3.9185781743548454e-08,0.013660956856061373,0.013706278472347386,0.013706234215465726,5.7870375158586285e-15,6.661338147750939e-16,0.06287042785961994,0.020634038480504983,3.439724893805618e-11,0.02072809121396673,0.014666005439126512,0.006015494259974455,0.002894531313962029,0.00493106378886982,0.0,0.04329179427511863
2022-08-29,0.0,0.03470518901394636,0.0,0.02770844572065815,0.10819666579937147,0.19695442796333856,3.1932566243591945e-08,0.05074542755959156,0.0035925607055598274,0.0035925512981512253,2.5951463200613034e-15,0.27340894273480215,0.0770815369490345,0.04103230079296124,6.69151123400269e-11,0.05556132064935021,0.028356574018459715,0.010819666579944612,0.007180493445213869,0.012052352608196617,0.05689389107816919,0.013893576915575004
2022-08-30,0.0,0.004772966665774872,0.0,0.004042746254962015,0.017015030814696745,0.0030455720366612815,5.820098482409e-10,0.012415663433563009,0.004861489265386897,0.0048614748156876955,2.3314683517128287e-15,0.0,0.0025824024843284776,0.009703012824712502,1.9482859769937022e-11,0.027168642297990896,0.004258818465016367,0.0017015030814687276,0.0013266370430027458,0.001932828682694416,1.9485281443909486e-14,0.019075276220090594
2022-08-31,0.0,0.012299199611566627,0.0,0.014328618342096599,0.07186027051210535,0.0,3.21190596942062e-08,0.013342735818657296,0.035879508233517786,0.03587948194384581,1.887379141862766e-15,0.0,0.025447252238789325,0.019211016891248177,2.7555041581805995e-11,0.045578118677036844,0.010777287722080392,0.00718602705120891,0.00254985802541996,0.0033838717865430513,2.465042059363043e-15,0.028117519384347
2022-09-01,0.0,0.014430762092112278,0.0,0.030243770411944648,0.043140084607411616,0.0,4.448465114818735e-10,0.03207587096288612,0.040335459112639166,0.04033547569933636,3.58046925441613e-15,0.0,0.024745697108376236,0.022165584410992586,4.1781231252535633e-11,0.069338846746746,0.01703770512108692,0.004314008460742938,0.0024017753632491062,0.003001184671766202,0.0,0.017120514822767406
2022-09-02,0.0,0.03064533941852593,0.0,0.035240983040078,0.12552468687904875,0.0,8.336333499660608e-10,0.042703550777184726,0.022830761988669415,0.02283076478639453,2.3037127760972e-15,0.0,0.02659789801255963,0.02018846878613901,3.7038233591246694e-11,0.05993174021588533,0.015459490586745938,0.012552468687904217,0.004145483835614146,0.002640385326489603,0.0860310125591724,0.012458836910955567
2022-09-06,0.0,0.0073365804296295556,0.0,0.01426892206413382,0.046160895166298316,0.0,9.309285036757175e-10,0.009328047288856382,0.008930209842196668,0.008930210206370463,5.828670879282072e-16,0.0,0.0033118159942494563,0.028219033869425827,6.186191836565769e-11,0.04195588420845352,0.011443537206745562,0.004616089516629909,0.002099785506952022,0.003720433168069354,6.483702463810914e-14,0.023440805597413506
2022-09-07,0.0,0.0191463569399707,0.0,0.043489774962305265,0.2210283471963498,0.024978512342787036,2.6588114269264187e-10,0.05048404344236192,0.0011552054507730156,0.001155204862015216,1.3322676295501878e-15,0.0,0.0634551290303238,0.021542276586703827,3.431462058944845e-11,0.0644009606605226,0.017668427648222105,0.022102834719634618,0.0034905658056077205,0.00659835750458747,0.006223217795595433,0.012868058662572592
2022-09-08,0.0,0.028050141895942425,0.0,0.017685048636030418,0.08275778171729693,0.024978512342787036,5.069623738368106e-10,0.015621906923840941,0.033022694184300996,0.03302268938759465,1.4016565685892601e-15,0.0,0.06078638404644604,0.02210739472661425,5.220306131814567e-11,0.027980108142924332,0.017843963885737252,0.008275778171729697,0.004926455791139012,0.007125515007061519,0.0,0.011459299065223319
2022-09-09,0.0,0.0036643099395957278,0.0,0.014413867560950127,0.10420937872335859,0.0,1.0272921728290324e-10,0.019753283737671806,0.0010603121903705603,0.0010603124978029246,1.6930901125533637e-15,0.0,0.12007085583700111,0.018521499323095852,3.755683264383691e-11,0.022699259676332056,0.009801713044753833,0.010420937872335861,0.0007447942080740164,0.0012354046247268543,6.8209327075408055e-15,0.020544971833094755
2022-09-12,0.0,0.012513208776252675,0.0,0.029014604443975203,0.06783907697235618,0.0,5.168628832856673e-10,0.017894799345326437,0.030498165738287265,0.030498164691191293,1.2836953722228372e-14,0.0,0.016237985221278867,0.029443750094871105,4.6048553858923924e-11,0.0569922922755389,0.012241325796517738,0.006783907697235636,0.0036547287173691392,0.004806927337450223,7.750744490664374e-15,0.0206406344747202
2022-09-13,0.0,0.004595043554531362,0.0,0.01711726948962295,0.047894398261593245,0.0,4.9198450824740475e-08,0.032259791961656334,0.014327157205930613,0.014327155773227705,1.3447576385772209e-14,0.0,0.002194287559129343,0.0263653379177435,6.705182242772167e-11,0.034139863412983466,0.008980989367910473,0.004789439826159356,0.0029851230708719326,0.004127642731318789,0.0,0.001446897311527355
2022-09-14,0.0,0.03964435801885518,0.0,0.05599165171838095,0.13712942518928495,0.030886656198514433,2.9481434369950577e-08,0.06376190812791543,0.0019693640163083795,0.0019693618903715293,2.192690473634684e-15,0.0,0.2296010204658171,0.04778595737381253,6.364822557891614e-11,0.053486301021986,0.027411672791142642,0.013712942518928878,0.008849135404760664,0.020298716435165787,0.04436385305381024,0.03429849414822411
2022-09-15,0.0,0.0018017199424606822,0.0,0.007719250027343462,0.015758444401699663,0.02238472109607164,6.710656820875589e-09,0.0016288156156413869,0.006918304862701327,0.00691830386729967,2.0539125955565396e-15,0.0,0.02985767111880741,0.015019119708892414,2.0734913785958042e-11,0.02705284066550566,0.00915377291444577,0.0015758444401700045,0.0008306775614932149,0.000863319654348554,0.0,0.003053341559516958
2022-09-16,0.0,0.009277971039478427,0.0,0.03224711409897748,0.0397747956321726,0.10025148037995506,1.4883927567206598e-09,0.004078152395647881,0.03153225326555492,0.0315322481990605,1.8318679906315083e-15,0.0,0.021978912569261017,0.013028746102312277,1.7613341340982913e-11,0.04625075852491055,0.010097517609518892,0.0039774795632172705,0.0034646724657427727,0.004634936493236284,0.13149635547830985,0.00481290044787
2022-09-19,0.0,0.015557467771713284,0.0,0.03556889296216956,0.02310569293280472,0.07557754308109443,2.089576685945528e-09,0.011124584680060518,0.006100796021855225,0.006100797728659492,1.3877787807814457e-15,0.0,0.00323480364885792,0.021712297945465066,2.967966150624335e-11,0.02943926715557516,0.007645074869575056,0.002310569293280454,0.0028197790724592,0.003141804419032685,1.8283985436795547e-14,0.05912472703527584
2022-09-20,0.0,0.0015384145386868227,0.0,0.03128917484349003,0.09189637350136998,0.012418839798144878,3.963636499925189e-09,0.04303635546246294,0.044399879374088215,0.04439987835026598,3.3584246494910985e-15,0.0,0.030611501666247348,0.03775342620455442,4.678203657793034e-11,0.07218504067644907,0.026805564442623664,0.009189637350136962,0.00362278484648422,0.009766521052872418,9.901801600875615e-15,0.0339027196648963
2022-09-21,0.0,0.01935684047705087,0.0,0.041324433805983954,0.07340376103242,0.02822709463124655,1.520560252086292e-09,0.00997150324177043,0.0009753768698076079,0.0009753868153212705,3.2335245592207684e-15,0.0,0.02634109629369421,0.0223635539731488,2.643185670336834e-11,0.03487326198868741,0.01635033687625816,0.007340376103241605,0.0027433997451093706,0.005302368176260345,4.503342143635791e-15,0.07613614387124067
2022-09-22,0.0,0.0012410490983737676,0.0,0.011967333476194554,0.07082643509011508,0.2332903857953774,6.759568159767847e-09,0.04649048965160924,0.026511782707078838,0.026511776615986575,3.913536161803677e-15,0.0,0.0260231690707566,0.046853840878996335,5.518055457010007e-11,0.06624446249427618,0.026061003513889666,0.007082643509011305,0.0020218917080235474,0.003658160725241208,0.0,0.06681878809790401
2022-09-23,0.0,0.02827174494536975,0.0,0.03011269585648889,0.11167627268843372,0.0,7.187332179799361e-10,0.019878218631492153,0.022080411404764466,0.022080458381298948,5.9396931817445875e-15,0.0,0.04099725968696108,0.028428174903779642,3.2996008703101154e-11,0.059234533904726744,0.020622317471893463,0.011167627268843155,0.005803129420022132,0.020161825556994768,0.05388549694351102,0.0776344076626379
2022-09-26,0.0,0.018670378599842455,0.0,0.028402915222969314,0.16506845494722705,0.0,1.059893739089343e-08,0.03240266726507252,0.06206107180044115,0.06206111000417093,4.7878367936959876e-15,0.0,0.0580951217387783,0.03470624494570973,4.388898966478649e-11,0.09549914601652694,0.032216360747399836,0.016506845494723893,0.008172443535376807,0.011137134532136673,0.02853454036640743,0.04649060902896302
2022-09-27,0.0,0.027042974758804874,0.0,0.06960285515313339,0.07494171690960845,0.15384615384615358,2.2993708839493335e-08,0.046156304557547226,0.014131473277845134,0.014131481557833822,4.413136522884997e-15,0.013106451538812848,0.005286826738042265,0.015061881022953416,1.9186360833423066e-11,0.06270933810401666,0.01688448022614828,0.007494171690961213,0.008302235341382129,0.010685637562450102,0.4246286455122902,0.03147878938075271
2022-09-28,0.0,0.004014932352006158,0.0,0.01741971247105369,0.024364838742125035,0.0,3.287522632524834e-08,0.021081796131357633,0.02153122292479518,0.021531216602421244,5.037636974236648e-15,0.0,0.0188638461462398,0.017569180424168454,2.439140556198538e-11,0.03009793882511491,0.017916413122952876,0.0024364838742131217,0.0026890359092497235,0.005760354757054916,4.840329526079046e-13,0.0031632927872580624
2022-09-29,0.0,0.01640930259789643,0.0,0.09906564543848242,0.010395695332948377,0.15384615384615358,2.7590823550241853e-09,0.060056173592082554,0.0072889656592678015,0.007288971287941155,8.465450562766819e-16,0.0,0.004964530793430518,0.018702714180898205,2.705813351155939e-11,0.07526811962387864,0.01136571257774893,0.001039569533295162,0.0130329086323316,0.014208415749439188,2.9531932455029164e-14,0.018505764453216916
2022-09-30,0.0,0.004449135395028403,0.0,0.01949151310696949,0.1063245872416739,0.15384615384615358,3.008617638423946e-08,0.04580401741539577,0.006839324095419812,0.0068393703200285705,2.6922908347160046e-15,0.0,0.03791268273741175,0.024886017230373994,4.084263482972972e-11,0.04460089259947286,0.023832448218359392,0.010632458724166849,0.0021732588677408973,0.003798351981001752,6.6058269965196814e-15,0.017212735629747778
2022-10-03,0.0,0.0023820981484304906,0.0,0.027782149456848267,0.036652184314743784,0.0,1.434181346899543e-10,0.016446518849418956,0.01977506215202921,0.019775033937365898,5.35682609381638e-15,0.0,0.036249981322289494,0.021537148877437545,3.5476482862506487e-11,0.04459380817325517,0.026806520995018866,0.0036652184314744096,0.0013093099433882996,0.001322472684323634,3.386371044689085e-13,0.005209635439979682
2022-10-04,0.0,0.015015764220688139,0.0,0.034289127710089434,0.024229923098652448,0.12215280863842719,1.3715720208719618e-10,0.04904069942896306,0.0024578387680313507,0.0024577047121917828,4.2049697057677804e-15,0.0,0.036066124291551226,0.026705787322714437,3.203574905352724e-11,0.061128155310182786,0.01624289390711566,0.0024229923098650352,0.009255069426554095,0.008771337853255195,3.1672407752036946e-13,0.02698304139730929
2022-10-05,0.0,0.03256042184872331,0.0,0.037838694937798664,0.11377515330519038,0.19009513278545975,3.2162955618693885e-08,0.035564424864376123,0.010507337743195622,0.010507314407427117,6.744604874597826e-15,0.0,0.031501745587024024,0.03486886341411921,5.477333864245537e-11,0.05884827650746371,0.017620438948903396,0.011377515330518798,0.008647479766753147,0.016071246938701426,1.6269971481186474e-14,0.11791526441389313
2022-10-06,0.0,0.003744035269814371,0.0,0.013258919420606644,0.1116102587286907,0.14292451131609019,1.7911873794784568e-08,0.0029087592590885023,0.06959005069843435,0.0695900862549373,5.190292640122607e-15,0.0,0.0553325819381019,0.03290543190049754,4.5283193861322957e-11,0.07861437940624554,0.03748614352959895,0.011161025872869157,0.002376745320889301,0.002518103934261105,1.1255059384485122e-13,0.024335356821340755
2022-10-07,0.0,0.0027814820692527486,0.0,0.004507179067590499,0.045806367590362926,0.023742155350576513,1.7436001526752104e-09,0.09582717362212562,0.029864867034101947,0.029864862176711027,1.4849232954361469e-15,0.0,0.018934035385374408,0.024035418312537964,3.0785374249830966e-11,0.048527650735079315,0.02686346732642746,0.004580636759036166,0.0013090016504524807,0.013339718047281627,0.0,0.0596501120608059
2022-10-10,0.0,0.015520178970353555,0.0,0.016836114880023925,0.06530919870646436,0.15384615384615358,1.9909127994847473e-09,0.023143153229484553,0.01253518567147928,0.01253517972996971,4.413136522884997e-15,0.013106451538812848,0.022056423063762317,0.022882934835089887,2.62263127881468e-11,0.05046453629701452,0.024329073840450667,0.006530919870646509,0.0032169804093147777,0.015126163241369409,0.0,0.09433417972415811
2022-10-11,0.0,0.01576153448069047,0.0,0.022884800757704438,0.14580251895649146,0.0,4.2531382126301954e-09,0.039815191994412594,0.02218861775644737,0.02218861269752058,6.0645932720149176e-15,0.0,0.11413572693189823,0.02195532783293755,2.3752153022194022e-11,0.05899645395765614,0.012162382560837867,0.014580251895650237,0.0037989716288739164,0.010530326718546016,0.38982272799950324,0.07109000936190499
2022-10-12,0.0,0.001893351349923509,0.0,0.010712975533430065,0.024764698964704956,0.0,1.7060501570662073e-09,0.010772655225968444,0.02282065503793239,0.02282072566840042,5.023759186428833e-15,0.0,0.04888491054757049,0.025599221796014655,2.928254860812274e-11,0.0455204660711098,0.018826073341802273,0.0024764698964704623,0.001112211287143651,0.0010828671104781817,0.0,0.007927138013697509
2022-10-13,0.0,0.00178560416977154,0.0,0.00228710009917248,0.0172373815050394,0.0,2.3823299404849637e-09,0.02498713082482829,0.015847684339553726,0.01584766581139764,9.957976110364086e-11,0.0,0.0025824024843284776,0.011743808968430872,1.5393367136518066e-11,0.02031045291446896,0.012730986423994796,0.0017237381505017385,0.0005802454712533212,0.0008447458205422861,2.393224507457603e-14,0.022059055660877208
2022-10-14,0.0,0.003767738122102769,0.0,0.008632641686631495,0.06385212851167639,0.0,3.034973293290981e-09,0.0863897550361904,0.03083992828729505,0.03083997064020582,9.957809576910392e-11,0.0,0.004285793117875553,0.043845723955877665,5.840412875546264e-11,0.06979140560288513,0.030316629374231383,0.006385212851166611,0.0032859821211984885,0.0037168168110303795,0.0,0.054117809250247825
2022-10-17,0.0,0.007921455678295969,0.0,0.014545401007033651,0.06433445584812299,0.0,7.392414985348761e-10,0.08289506368678096,0.010630125765714454,0.01063019251498968,2.1094237467877974e-15,0.0,0.01223361217245228,0.021291236176874173,2.4909824203334097e-11,0.05494587132878578,0.012491699524062256,0.00643344558481268,0.0029094143568685754,0.004530784079100762,0.0,0.003746717909777361
2022-10-18,0.0,0.008059213694363614,0.0,0.02055493876197061,0.0880818420026367,0.08738352780179845,1.0476533030175063e-09,0.019985711407015702,0.0027000539293318207,0.002700048725671776,2.4928838160409583e-10,0.0,0.0,0.043347908585064696,6.176899269849656e-11,0.039708156016005254,0.024591753952307928,0.008808184200263719,0.004337550435092909,0.015844522604922175,0.0,0.06676849913842367
2022-10-19,0.0,0.005911371490953772,0.0,0.016316415997056938,0.16285439824470754,0.06646262604435513,9.690163581485685e-10,0.02054985540950434,0.05489590182947772,0.05489593691505615,2.532980075686808e-10,0.0,0.0791754536214711,0.03486044140692953,4.27083785004001e-11,0.06397121015450727,0.016836168349322053,0.01628543982447117,0.0035711385048385197,0.0043486073761462695,0.0,0.011388718118781171
2022-10-20,0.0,0.012628707039771784,0.0,0.02109337129047284,0.030539230651193613,0.05449291425614468,1.0323267338344545e-09,0.019129943527935254,0.002033971593432625,0.0020339687988437244,1.253886439123164e-10,0.0,0.0,0.025391316574076513,2.8139712782149218e-11,0.05799879003957034,0.020171039440328317,0.0030539230651195765,0.004571135119351082,0.005307854290630309,0.015446504824077015,0.02299961398709846
2022-10-21,0.0,0.005640676867811019,0.0,0.008733314750870592,0.036584202119784595,0.09935323959000891,7.226749571594157e-10,0.017818576272535136,0.014211483113853146,0.014211467120087258,1.4298620620856184e-10,0.0,0.014124922118263442,0.02006704055724262,2.4748023075282788e-11,0.046968860404503085,0.01885263356279592,0.003658420211978833,0.0021467152214072333,0.0026556169232166867,2.456368441983159e-15,0.0026739109784796114
2022-10-24,0.0,0.0174222108709463,0.0,0.03674267120207277,0.1101709274332194,0.15384615384615358,1.0818787667955026e-08,0.009182146051269404,0.006578968321618271,0.006578965383610545,2.1797290361558197e-10,0.0,0.13244470469532693,0.03180027145038408,4.4452469483147183e-11,0.03686612278592324,0.023652137256360048,0.011017092743321799,0.004831085059208297,0.007296369439241031,0.0,0.02941190281445364
2022-10-25,0.0,0.00619096029746138,0.0,0.008849241458147269,0.010327932123493653,0.0,3.2145506936218564e-09,0.005237893698835339,0.002613530670971198,0.0026135304842857185,1.3176654212188055e-10,0.0,0.01662221758095933,0.01366931845661486,1.4972759143638825e-11,0.027275267400727155,0.015376505768246222,0.001032793212349517,0.0006965950427004416,0.011783442183769232,4.5449755070592346e-15,0.03862130353574551
2022-10-26,0.0,0.014844931310301557,0.0,0.03078965702666379,0.029642611876003932,0.0,7.539482531326862e-09,0.006047568460958376,0.01353048490105297,0.013530484304944669,1.6139921343860664e-10,0.0,0.02064441941117661,0.023617260815734918,4.774200479396029e-11,0.024626873961473898,0.01434054306684459,0.0029642611876006114,0.007291944789795522,0.008777717355689637,0.0,0.0066222390668167
2022-10-27,0.0,0.015396988689592758,0.0,0.034683375565864746,0.03467020420650208,0.037847950474770575,6.7766770948398345e-09,0.011447412534971712,0.024406397462887447,0.024406394550053098,1.305339586421539e-10,0.0,0.045905591817334765,0.029520821435369427,3.874958687255514e-11,0.06405860353813167,0.019359029149916298,0.0034670204206506405,0.002089360319949475,0.012045499169967507,0.0,0.09788621116143964
2022-10-28,0.0,0.014892026785417203,0.0,0.006954759483921541,0.02535838070420797,0.037847950474770575,1.0251018044837535e-09,0.00462537523698165,0.009910680716409076,0.009910678582758618,2.349490324515813e-10,0.0,0.0,0.027688675355680963,3.3001282262468123e-11,0.04025281764078982,0.016743270268514607,0.002535838070422486,0.0011696328390608385,0.0021924668782217875,4.3021142204224816e-15,0.11346533157328348
2022-10-31,0.0,0.007688186021832043,0.0,0.014503754693926126,0.0853547467509193,0.011175839357962111,5.120958788296762e-09,0.03948400005561491,0.026572692742545798,0.026572758161131436,2.666039750076621e-10,0.0,0.1728903436606071,0.03990248294236353,5.216585496903292e-11,0.06705813862921245,0.028900182160717276,0.00853547467509179,0.0019320005915471339,0.0029882118556352633,0.0,0.10314179001135955
2022-11-01,0.0,0.023902010970073342,0.0,0.006352938493878375,0.06448472247355105,0.031662269617920145,2.0603735626227644e-09,0.04729315288230512,0.006515841977845056,0.0065158309953790156,0.0,0.0,0.03280043632278798,0.013743726273803901,1.7053219947271714e-11,0.023828695949124894,0.010126944113796367,0.00644847224735548,0.0012591049828095113,0.0036592901982902236,3.670674875166924e-15,0.12183751597605899
2022-11-02,0.0,0.007250028412119402,0.0,0.02621770522364258,0.08850033262713454,0.06118875958125334,5.3771197259728865e-09,0.029473183595015183,0.03139299939596484,0.0313930858163777,9.883789620079853e-11,0.0,0.06626577767192494,0.022094675310230214,3.516258118008153e-11,0.048297213422174884,0.013346476478254859,0.008850033262713747,0.0025480963704165166,0.0027368289678956943,8.98586760555986e-15,0.004459908818904262
2022-11-03,0.0,0.007767309599071098,0.0,0.006308673258429242,0.07441496995923363,0.13735729593894092,1.8150171623035226e-09,0.04343415201176006,0.018253029982196314,0.018252985003957688,2.3038078389436834e-10,0.0,0.22683685934925496,0.03582380797693898,4.3189979370694687e-11,0.04529379940227279,0.026301385976946486,0.007441496995923558,0.0027586558765850533,0.0033799289757314582,0.0,0.015018511790210999
2022-11-04,0.0,0.0065575182643157785,0.0,0.005277092088174903,0.02791772951362804,0.06429653279310232,3.3514730435588207e-10,0.06656851288130987,0.0239753406647345,0.02397409062563608,2.4464708037186256e-10,0.0,0.0030759688786674557,0.021474053054973984,3.394241832044287e-11,0.04829318689318037,0.015676344080301226,0.002791772951363153,0.0009319900069895137,0.001116797541927575,0.0,0.0037641866775800017
2022-11-07,0.0,0.021402982889079228,0.0,0.05361223410812794,0.020692344326002372,0.10065699902779902,2.266673224722429e-09,0.0803915782046423,0.004313295904410798,0.004313779752656295,1.7696268062028508e-10,0.0,0.04042575419764748,0.0496265740850431,8.152327424237882e-11,0.07810885111578234,0.03050399950354218,0.0020692344326002365,0.011805793211226996,0.0172791784545084,0.0,0.012494357566310073
2022-11-08,0.0,0.012388601633071202,0.0,0.014936596053842,0.1299478322002499,0.05100314588999855,5.6268348660708975e-09,0.02342492353152556,0.002474123067722024,0.002473361270419805,7.416303682283854e-12,0.0,0.07246942308631901,0.017385615076990994,2.398214959953293e-11,0.016842138508738124,0.017915982989736158,0.012994783220024744,0.002987905433981003,0.004552753567601956,2.248201624865942e-15,0.03610250892002512
2022-11-09,0.0,0.013204631719024047,0.0,0.006227475013588559,0.21670760914003112,0.26644058621391226,2.3248703823563716e-08,0.04446841987495646,0.07613111375007868,0.07613140180558242,6.979760935887924e-10,0.0,0.04916837773375496,0.03034870560990046,4.357546268263235e-11,0.03019289593378526,0.031468161743199094,0.021670760914003218,0.003341322010415558,0.002730843199977861,0.0,0.06036492731952375
2022-11-10,0.0,0.00846116322744894,0.0,0.020528684684510135,0.13331458733482385,0.07354522453473128,3.708308977379908e-08,0.019332437160935682,0.058880024249247244,0.058879812852574494,6.979742894763774e-10,0.0,0.04826657354797617,0.02945082392650331,5.943447123346601e-11,0.07153107414715501,0.02355205911605259,0.013331458733482363,0.0032330696734667805,0.004687435008718849,2.8754776337791554e-14,0.030588311963325898
2022-11-11,0.0,0.03704282083342769,0.0,0.0837656246266397,0.04301149696856829,0.39736044777210805,4.9821414112007964e-08,2.1404649405606493e-07,0.0322893664684767,0.032289362767006176,5.4262150328554526e-15,0.0,0.04954409820333103,0.04157510947167959,5.686746906707896e-11,0.06934720547752066,0.01876957768798112,0.004301149696856965,0.015593672995852147,0.02603341956743182,2.9878877150224525e-14,0.01675115297481794
2022-11-14,0.0,0.003768156219257401,0.0,0.017648689358547683,0.02676745349694844,0.046742292213640575,8.512974917040991e-09,0.01846184993145366,0.023559922208853105,0.02355982797686676,1.0283440765590512e-14,0.0,0.010957152562935599,0.02560489689669953,3.760314282175159e-11,0.045966143545586584,0.013524230411319657,0.0026767453496947674,0.0022525273536720403,0.01229096876713392,7.494005416219807e-16,0.0021408046534760056
2022-11-15,0.0,0.009356998137414693,0.0,0.016695411145574025,0.021872080441698125,0.19577627158782201,3.743005202865315e-09,0.03411214380411539,0.011719088098519397,0.011719192989043899,3.1308289294429414e-14,0.0,0.046799426567069924,0.014170120431041388,2.3410398619638784e-11,0.05171731951293268,0.015142633200755571,0.0021872080441698305,0.0028776987217352043,0.00369181845020276,0.0,0.00650253747421654
2022-11-16,0.0,0.01685490767366739,0.0,0.04655013336336329,0.04840712132987297,0.07427858768541572,1.767424310005369e-08,0.056059539741782675,0.044552025793044785,0.04451921560821928,3.046174423815273e-14,0.0,0.01820130018757337,0.021937144180318984,3.0313265786396926e-11,0.050660725568009476,0.019750245939820086,0.004840712132987299,0.0029879297114933645,0.014771821343371126,0.0,0.06114502283925631
2022-11-17,0.0,0.0041727180430342695,0.0,0.016376576429718424,0.07944769776896124,0.06357973097767061,5.192979819278761e-09,0.023714963934749356,0.008678536237171394,0.008702214147474283,1.9567680809018384e-15,0.0,0.023751904389303573,0.015253347983321026,3.7251063345067337e-11,0.030144423886297744,0.009514408493018453,0.007944769776896093,0.0005955893994696801,0.0024422164192288622,0.0,0.05223578239524852
2022-11-18,0.0,0.0026706467422407667,0.0,0.006740375255777642,0.034653663508516244,0.048486375969009794,2.018061553833003e-09,0.024089222779296277,0.0006693134502667522,0.0006690068030660301,2.0565038560960147e-10,0.0,0.0,0.015499102386191583,2.1200319277880908e-11,0.02375982606245524,0.011299796640693792,0.0034653663508515953,0.0015378604278585908,0.001469997530924633,7.355227538141662e-16,0.003690230927883783
2022-11-21,0.0,0.003200081449801435,0.0,0.006751555023261239,0.059816403958634294,0.1909129082712469,1.2889934904790637e-09,0.02945822775970868,0.015570234447001514,0.01557019419875351,2.0565188441068472e-10,0.0,0.01124858514285032,0.02075253321138979,3.437344853196578e-11,0.03945652982558481,0.010799467784344569,0.005981640395863352,0.0006165629363013153,0.0009635279001730442,4.2674197509029455e-15,0.05067270920561169
2022-11-22,0.0,0.0024545144431745445,0.0,0.007359679557992725,0.10746541725886338,0.1620927638639274,7.27360096447848e-09,0.04253580502823702,0.023476360779419135,0.023475974161966652,4.3021142204224816e-15,0.0,0.018733883003124382,0.023047558001108463,3.2337979516405824e-11,0.04176008229812222,0.017240065099535667,0.010746541725886183,0.00040766531679259366,0.0010672108097308265,0.0,0.023034761032825056
2022-11-23,0.0,0.010548089137358992,0.0,0.025744236974480347,0.05637898568053341,0.1181220054763674,2.6323918661498797e-09,0.05272336882070698,0.022512367732793595,0.022512055637392267,1.0519363158323358e-14,0.0,0.07017241569362997,0.02525801714573388,5.1693968550203806e-11,0.04794854408060921,0.015660914699484777,0.005637898568053315,0.0043067441002700504,0.005708582366313143,0.0,0.00211142121712781
2022-11-25,0.0,0.005870714598631392,0.0,0.013372726255997242,0.06084348909642375,0.1482809867477825,5.928170457278806e-09,0.04894473476600039,0.04223020447842801,0.04223019001060373,1.405474764348824e-10,0.0,0.029670769062801784,0.025526626016450005,4.707059741981823e-11,0.06454946271150566,0.022368904107538997,0.006084348909642351,0.0024678703540294764,0.0028669964144387838,5.6066262743570405e-15,0.010164449133716317
2022-11-28,0.0,0.001567412552090858,0.0,0.008290156760934999,0.06770212127706203,0.07566172465496157,8.006961938125302e-09,0.01196234750923258,0.02353226602019947,0.023532213101179728,0.0,0.0,0.04842699715575115,0.016659537822807977,2.1293064533800532e-11,0.02861915218669848,0.010871520311530117,0.006770212127706052,0.00017285974414351507,0.0005157524914394078,0.0,0.0029326574553339
2022-11-29,0.0,0.00975321172234455,0.0,0.005538442757379933,0.12756397695339813,0.2248269221448958,8.427518776131313e-09,0.04755704488426203,0.0008132503761186863,0.0008131984411034604,1.5412923715096838e-10,0.0,0.08238476089823898,0.01623455515284701,1.960116791099864e-11,0.03698222460930173,0.014782674269071466,0.012756397695339844,0.0022666522857752933,0.0030015108018100825,8.68749516769185e-15,0.1909943903282077
2022-11-30,0.0,0.0064991566973720775,0.0,0.009153107099538375,0.06030401079497011,0.13530354525758842,2.0636248513283018e-09,0.08194295606223465,0.008922243553525278,0.008922241002156099,1.820578132694095e-10,0.0,0.01874141215455795,0.0199381641573168,2.354204331478371e-11,0.0459754358305593,0.014143412056513439,0.006030401079497039,0.001607223354845047,0.002352777118915652,0.0,0.009969538858358197
2022-12-01,0.0,0.009257727149706931,0.0,0.05731001130034092,0.06061299514465191,0.3289690350842561,8.616250032553152e-09,0.028434188160253386,0.007184770422872036,0.007184753220604981,2.975947682726243e-10,0.0,0.010218003501892406,0.024559629820242623,2.95858060272991e-11,0.0687968906498055,0.016135016070758703,0.00606129951446506,0.003729812445896763,0.0050199858174643334,0.0,0.02492681484794028
2022-12-02,0.0,0.011430830880856372,0.0,0.02096250899632804,0.06777277668322663,0.1990623514587036,7.057891643064655e-09,0.10216598436341316,0.012208477097069848,0.012208450554056782,1.6318194018261067e-10,0.0,0.002467357788634411,0.03182976815703797,3.862159203560367e-11,0.06263629378901638,0.022898566247101272,0.006777277668322618,0.004602364041998833,0.006005835708227237,0.0,0.16685311239723358
2022-12-05,0.0,0.0006316542293096411,0.0,0.006122581833680582,0.033549368804450495,0.1119432406676297,1.9083566923431303e-09,0.030254143560479237,0.008865420525736058,0.008865375213499595,1.6861279039659394e-10,0.0,0.024334412726502518,0.016878313907728773,1.98594890532533e-11,0.02853284791514691,0.012103976069001909,0.003354936880445039,0.0006781270636979017,0.0014313682005707273,4.100886297209172e-15,0.0002737788756855147
2022-12-06,0.0,0.008907916937487619,0.0,0.027078827654299784,0.04118055110331679,0.25274772907224996,5.58330226259479e-09,0.021030091870842874,0.03475801008512538,0.03475797990901452,1.7500981219775724e-10,0.0,0.035698503340088256,0.021588975096764697,2.729511061616563e-11,0.09503242377479787,0.021665737982063615,0.004118055110331767,0.003924683965717733,0.003863099025246869,0.10027537599524386,0.031318044241140985
2022-12-07,0.0,0.004088269666148261,0.0,0.011355442269703711,0.113156984873036,0.10185150669065532,8.852665507215767e-09,0.021188763774308478,0.03005299855586783,0.030052889048311916,1.5774921646727336e-10,0.0,0.10937165611045455,0.030564211984318905,3.6478306486564804e-11,0.04335538459779333,0.01603318526842356,0.011315698487303572,0.0011807022177235532,0.003215203637073217,1.7708057242771247e-14,0.0397430850337334
2022-12-08,0.0,0.0058234174834924015,0.0,0.00851695208413522,0.1170927617363023,0.07219778680465412,3.37611430379886e-08,0.031073848847594687,0.004376368322826021,0.00437625920145248,2.1974222441656366e-10,0.0,0.051155826383897735,0.031716109309404966,3.7831182631009597e-11,0.04467515668884045,0.022163728719340362,0.011709276173630323,0.0025914710129647037,0.31045407344029147,7.917277944358148e-15,0.005234729811283144
2022-12-09,0.0,0.0022287897830621894,0.0,0.012647441340585638,0.11183205001945071,0.03279398168285814,1.5127460512109868e-08,0.019069841412883086,0.04521739749776863,0.04521729473995819,2.6341635817050957e-10,0.0,0.047002625729788035,0.02949276065939547,3.658071068279867e-11,0.034512251614340635,0.02159314568528003,0.011183205001945001,0.00045550825957144797,0.0007203912362242024,0.0,0.006522667891543071
2022-12-12,0.0,0.012191537224890909,0.0,0.013659196156165537,0.07450617930234382,0.009356309071823284,7.388448224793265e-08,0.023514770782812888,0.0419759184411122,0.04197630300709068,2.8393748463528823e-10,0.0,0.09212467603138577,0.024924151941811287,3.020898808880901e-11,0.03960819282514837,0.020520045704926184,0.00745061793023441,0.0013388820004717472,0.3098874323497398,0.0,0.0035786040222018454
2022-12-13,0.0,0.0021682556498225183,0.0,0.02139666861314681,0.029453338329272875,0.11777259386350693,8.66622196634634e-08,0.05091801496618897,0.018283513575328744,0.01828357311308592,2.405105697933507e-10,0.0,0.006133975532040467,0.02233721606926272,2.683919753110331e-11,0.037011809136160936,0.015715176795228977,0.0029453338329272633,0.0009112241647366362,0.000827882001412289,4.5054238118069634e-14,0.005260409402760676
2022-12-14,0.0,0.011326252825425886,0.0,0.024004235642731388,0.02439531443343489,0.29135766828655196,8.653494586177733e-08,0.03507070910769908,0.02398826844025498,0.02398835460539804,2.293862044755457e-10,0.0,0.022615032544094,0.00949945471834529,1.1518036524549302e-11,0.030774257674580346,0.0060617488626598555,0.002439531443343468,0.002350145530876903,0.0024731557965803376,0.0,0.0025673732894338644
2022-12-15,0.0,0.004631832531181297,0.0,0.008939420277082628,0.08536040741314775,0.13380706554040814,1.497954404987278e-10,0.02625299344511984,0.05860198645172157,0.05860215046518926,2.361780215842657e-10,0.0,0.022615032544094,0.013675827313498944,1.6801629532103846e-11,0.021745724812054442,0.008187350704466584,0.008536040741314907,0.00023530099168794089,0.0007984908182630604,4.522077157176341e-14,0.005218231717161816
2022-12-16,0.0,0.004947178749312369,0.0,0.018786314602460365,0.09133938474842766,0.27890705716509656,8.558484058431441e-08,0.05114895218707681,0.053641968067565785,0.05364079653310927,1.5080695026092883e-10,0.0,0.04390878186587884,0.038824900048749035,4.664711672486277e-11,0.06604529109218207,0.017600134239849477,0.009133938474842826,0.004658716652650351,0.007090537417761519,2.756128658631951e-14,0.0007049250232224394
2022-12-19,0.0,0.014251374094304874,0.0,0.030810029626408986,0.21596899629213168,0.08256259525694772,8.427515164083107e-08,0.12542977086075963,0.17304972518459427,0.1730483134704902,5.717648576819556e-15,0.0,0.0821020609558836,0.03625693531168688,4.511517548433375e-11,0.05969095487644218,0.0355845141675938,0.02159689962921313,0.0029417573868660077,0.004562251576889914,3.479161403419084e-14,0.0035299710609804193
2022-12-20,0.0,0.00345002951525149,0.0,0.00679526715522755,0.01855713274044966,0.11373018068757867,1.900169980551766e-10,0.06618748297871996,0.018642366190664818,0.018642355254136503,3.0531133177191805e-15,0.0,0.050522965320830754,0.017915652254321145,2.2021121037774094e-11,0.02355896376744419,0.018215042739505805,0.0018557132740449483,0.001766153264614309,0.002692429211732369,0.0,0.009261384115809995
2022-12-21,0.0,0.013301473911269802,0.0,0.034159978039151426,0.12514323882104816,0.20581297071085347,1.870015740491266e-09,0.02015793710224481,0.08036044928226596,0.08036044829137023,1.0610415324130429e-11,0.0,0.04758674513718214,0.046549230484243934,5.528577595725892e-11,0.05442979600147746,0.027501052412949725,0.012514323882104966,0.0015633446881594126,0.0047532155742395325,8.18789480661053e-15,0.011872954999378148
2022-12-22,0.0,0.005771473312681277,0.0,0.006565257814528859,0.07073318122304717,0.016409251511368794,1.3415956089286506e-09,0.03710421817245659,0.06541881937918714,0.06541889525164774,1.060850018941295e-11,0.0,0.03508844046119454,0.020652258925448384,2.5913243772990313e-11,0.0412563955037014,0.01636180399563572,0.0070733181223048835,0.0014689782133820578,0.0021029447571186584,5.259681579161679e-15,0.005431225128272585
2022-12-23,0.0,0.010034860581453696,0.0,0.02452832963438855,0.058510725554544285,0.1420577478167412,2.432305927067896e-10,0.07993091522818693,0.040659585391515735,0.04065950104392836,1.1798173549237845e-11,0.0,0.033433738923806425,0.02720082339122043,3.230604672666004e-11,0.058060081126384805,0.013479272737536133,0.005851072555454459,0.0018746484854523654,0.00278435415498887,3.635980405647388e-15,0.025019077148142256
2022-12-27,0.0,0.0056996186828484246,0.0,0.0052060103912573786,0.06402619164111305,0.0801644744054811,3.5670998755384005e-10,0.017247885288557762,0.05730576185135575,0.05730562638606639,1.1802128718763072e-11,0.0,0.0641517630518289,0.02081265772039166,2.5263444114465017e-11,0.0342219924646589,0.013633702206703804,0.00640261916411114,0.0006666092567307741,0.0020468165807407974,5.273559366969494e-16,0.015666474825192546
2022-12-28,0.0,0.015239197334773307,0.0,0.013515713668506962,0.07554526708743176,0.0,8.866990709571e-10,0.08119141513616646,0.07026532559457352,0.07026544700185934,1.4269307957448518e-11,0.0,0.056747404152806574,0.029459200799392057,3.86209397795767e-11,0.03495299199204265,0.016564966989490004,0.007554526708743181,0.001401872681404251,0.002864133783820815,6.314393452555578e-16,0.12982377092800884
2022-12-29,0.0,0.009857483188473914,0.0,0.007254137787517528,0.09295215303544485,0.0,3.7809673492374935e-10,0.049654126342326584,0.028328023210541377,0.02832801876812783,1.426472828747194e-11,0.0,0.046986658350941485,0.024604062264354146,3.308214813202426e-11,0.05789365380130428,0.016014234689651644,0.009295215303544505,0.0014050395293523435,0.0033548931575891113,2.0115853427427055e-14,0.02741457608748249
2022-12-30,0.0,0.00942216397939656,0.0,0.042392373115016584,0.0856639895345993,0.2941028663068049,4.710776817746623e-10,0.06701549256236528,0.04509769571124622,0.045097720593840054,4.954370247389761e-15,0.0,0.06908511117720073,0.030731108628342232,3.993612385233547e-11,0.045006815292417034,0.012575672616061705,0.008566398953460022,0.0031930365912227476,0.004416843223386124,0.0,0.012829703563518077
2023-01-03,0.0,0.004791429405040068,0.0,0.02131489265341603,0.06607933887568847,0.17043924122367002,2.4635871184320624e-09,0.009868920166506059,0.05080868675157387,0.050810939398514436,1.1171545633015256e-10,0.0,0.003701408219652619,0.024542299683310995,3.382855107147975e-11,0.02381207578283154,0.023957976156740914,0.0066079338875688065,0.0009218903734195122,0.0014487800778260826,2.6999236180103026e-14,0.1541370664121715
2023-01-04,0.0,0.005264737930778115,0.0,0.011102260965512256,0.057108390845729474,0.1704392412236698,3.70433704405049e-10,0.021627264397007497,0.04636369010910242,0.04636586501615285,2.844332686047224e-10,0.0,0.016937727762585342,0.03139008871506562,4.393610475439402e-11,0.05047105534584194,0.022765709948327124,0.005710839084572955,0.0013781578912971729,0.004034340686837962,1.6937840019437544e-14,0.0019559915525144203
2023-01-05,0.0,0.014411768640148176,0.0,0.0242914534637542,0.11375180130682142,0.20918486331824138,6.679238605894454e-10,0.08147529246872881,0.06447863874292388,0.06447856143532421,3.070184662057329e-10,0.0,0.017153056176333004,0.02850734227945262,3.598429887397003e-11,0.06342147609905013,0.022384944945937874,0.011375180130682491,0.003454561901759065,0.0036989155265698473,1.0304257447302234e-14,0.0013068568361346792
2023-01-06,0.0,0.002975275009762873,0.0,0.008740254387517452,0.08292520663507418,0.1565063733047849,6.075629982262536e-10,0.021965331235799107,0.07881217228690157,0.07881217971224154,1.36913591575194e-10,0.0,0.07801516745687931,0.03118862100320833,4.129681319131606e-11,0.08619394030258382,0.024859440339772526,0.0082925206635074,0.001969786921479276,0.0035557737972963625,4.274358644806853e-15,0.017421167174192193
2023-01-09,0.0,0.013835257689904169,0.0,0.031212954293045166,0.06510420263422526,0.2247664331414747,1.661103243358514e-09,0.019203420139657777,0.06003508830912237,0.060035045860992675,2.4146927513069016e-10,0.0,0.06401119929481386,0.018018058190590762,2.140787547233458e-11,0.036383640384360524,0.014759199292656146,0.006510420263422495,0.00387192079477143,0.003820266294435253,8.597289546941056e-15,0.029284678554063727
2023-01-10,0.0,0.0011928046398770673,0.0,0.010582087438244505,0.0588581007648363,0.03800232612401286,1.970244749950442e-09,0.005316000548298212,0.05484366141577071,0.054843621241471914,2.2373670971465032e-10,0.0,0.0653614154183895,0.02045046019856886,2.448581615244194e-11,0.054016319021920035,0.019709116048881932,0.0058858100764836024,0.00048305116748505184,0.00057667594216642,1.6535384173010925e-14,0.0034125229956824157
2023-01-11,0.0,0.004547830971292893,0.0,0.0035338371633147087,0.08444988973959613,0.03800232612401286,2.604245035097436e-09,0.010424268126901694,0.07659196473238657,0.07659163730478472,2.0196912198233719e-10,0.0,0.06863697467777138,0.011350396431528846,1.357189360895461e-11,0.028862712391842862,0.008078078053100304,0.008444988973959594,0.0006023354890410462,0.0011496377220402976,2.4015511801422917e-14,0.001905094044598671
2023-01-12,0.0,0.009486539096477993,0.0,0.012968149601987057,0.059002536239867946,0.06226202813432086,2.6407247037735308e-09,0.03482355764420547,0.05419955313061441,0.05419923354408176,1.678711197827809e-10,0.0,0.0366720016950296,0.024685444175509448,3.0613817036950763e-11,0.05194517766735532,0.019029798968997105,0.0059002536239866205,0.002695258440087077,0.0023327975627555272,1.3801459974871477e-14,0.002059018062311705
2023-01-13,0.0,0.004363129106026963,0.0,0.009936007967139256,0.02538072469318807,0.16206632586429245,9.348682505807387e-10,0.019268110435443214,0.023841626148159482,0.023841605070926156,1.466777255210161e-10,0.0,0.026768147887221927,0.012894162663343159,1.5366638517200215e-11,0.039843838397427105,0.01107728665457673,0.0025380724693189194,0.0026758923812552834,0.0034666660889179426,2.0837498393433407e-14,0.0027644201151816594
2023-01-17,0.0,0.00347968406310109,0.0,0.007283754207982429,0.08165316695726528,0.08422355543451236,6.53093182802504e-10,7.598512566785171e-07,0.06244015108502944,0.06244019495172505,1.4667482506336427e-10,0.0,0.02855347862400337,0.027421134792041287,3.245276269936426e-11,0.04030564544345359,0.01670602682051213,0.008165316695726357,0.0014945039570764818,0.0018593679086820608,3.5110803153770576e-14,0.001618659070233508
2023-01-18,0.0,0.0054655787589532,0.0,0.008481273146608414,0.10612640493446492,0.19313241883567492,2.1685670862510563e-09,3.0622849008029336e-06,0.1030381159772788,0.10303811038610335,3.760880495917718e-15,0.0,0.09256467791881723,0.022334799722862855,2.6479957115910224e-11,0.0429698980801655,0.017339559351814977,0.010612640493446526,0.0015971207859920636,0.0023525312340356083,2.2086499296136708e-14,0.0013591100178094312
2023-01-19,0.0,0.01887748660736963,0.0,0.012879068518462265,0.11487399247518336,0.11068544833646843,8.337941079332807e-10,0.011603210539715181,0.06998486250717822,0.06998500385685442,9.501011088985933e-12,0.0,0.0032190381451742967,0.040275631411413215,4.7634993172174234e-11,0.07906802315674197,0.02374784178869528,0.01148739924751871,0.00098852207161286,0.006025176735679476,4.1772141301521515e-15,0.001087147461734772
2023-01-20,0.0,0.0074422817515253465,0.0,0.0012685473666376214,0.174477554973256,0.1630155935350642,4.784842551359253e-09,0.01160318228786445,0.16192209331630666,0.16192213362909072,1.6872878094709165e-11,0.0,0.10730219020280035,0.026810971369951038,4.594420677239697e-11,0.03300030766248769,0.017222229962653875,0.017447755497325343,0.00023156357569344144,0.001004921812256896,0.0,0.037346196789214726
2023-01-23,0.0,0.002216021635123545,0.0,0.00507000682260332,0.05152522217237941,0.20567935876289442,1.641031483055985e-09,0.0100515404471888,0.017880025183995098,0.017880029968794432,9.504259879111743e-11,0.0,0.03899374817548387,0.024355287244663,3.460692843404445e-11,0.035699449780003105,0.009178450362492672,0.0051525222172382895,0.000940640159764812,0.0017069379067746783,4.274358644806853e-15,0.0035200202398446745
2023-01-24,0.0,0.00023690882868705501,0.0,0.004099920869739337,0.013710538016436444,0.0988127442841778,2.2899036682978175e-09,0.022145803416500905,0.008062027207329195,0.008061898328826131,9.210800178127698e-11,0.0,0.00067099238953508,0.02008785786491686,2.4464097414522712e-11,0.01797678645887894,0.021402854864561446,0.001371053801643679,0.0003125966923218926,0.0009888724863119057,7.494005416219807e-15,0.00016506813450612194
2023-01-25,0.0,0.004066752389990811,0.0,0.004796397901378414,0.050948425071433406,0.15380425936804779,7.847242250025844e-10,0.01924546805671969,0.039893212736664824,0.039893378377837324,1.734723475976807e-15,0.0,0.017210190520631913,0.0232773233844452,2.8851671052265715e-11,0.042976246322604494,0.012902313257839332,0.005094842507143885,0.001385040087612338,0.00223475609146288,1.4155343563970746e-14,0.007787557453237112
2023-01-26,0.0,0.00396960802212387,0.0,0.002708366930169251,0.02107158938745788,0.01606033206045135,5.091675340128174e-10,0.017736884747269355,0.012073036146383193,0.012073015825318882,0.0,0.0,0.02346501986337013,0.017719784019098676,2.292903367173693e-11,0.06100835736837186,0.01264838414961263,0.002107158938745843,0.0006401171842349423,0.0005252666318565288,8.319733790784767e-15,0.031642191284498425
2023-01-27,0.0,0.0019583950951942933,0.0,0.005325305073319864,0.09215296118732172,0.09850377182491263,9.725907516964305e-10,0.053695531640818375,0.05838728613989639,0.058387106361132084,1.1667045107799368e-10,0.0,0.07895324331705611,0.026177032714873774,3.195803344180348e-11,0.04582415372682301,0.012852041258773683,0.009215296118732355,0.0008347679593220039,0.0010143026769475379,1.5404344466674047e-15,0.019514997256947872
2023-01-30,0.0,0.0020131848225332077,0.0,0.004461891012023422,0.020262919974389063,0.02562024922242348,8.479532618898655e-10,0.04085785813958351,0.019898001052587898,0.01989799799542273,1.1666939636612028e-10,0.0,0.0,0.015099490354623366,1.9819437757639946e-11,0.040675971575770103,0.013312275042769058,0.002026291997438867,0.00045373038981980085,0.0006390602822750821,0.0,0.028702468248593245
2023-01-31,0.0,0.005878382056900274,0.0,0.009740658241780819,0.07268451335560538,0.093164652477401,3.755092417178873e-09,0.03890194145777315,0.0716203109187257,0.07162013426773528,1.8729434669850775e-10,0.0,0.05134015005682874,0.01849673234175632,2.1778190362198302e-11,0.04857499350380825,0.017069744909777022,0.007268451335560533,0.000938714062170519,0.0015692302125165543,0.0,0.02588112988165194
2023-02-01,0.0,0.010150433966255807,0.0,0.008827076457120374,0.07729517409158228,0.00636000570631487,4.075263638548674e-09,0.010769948388129925,0.04890552894026377,0.04890549459112689,1.8137198687373512e-10,0.0,0.031108773094242287,0.02968394324635102,3.5631803063651546e-11,0.10959527810422195,0.02365484832769108,0.007729517409158379,0.0016202651162841586,0.0015748902694274584,3.3160973966772644e-14,0.04362737394422389
2023-02-02,0.0,0.012665073185767158,0.0,0.005206356511032375,0.06457080960908809,0.10045616905355442,4.4506922402984345e-09,0.0358556528863013,0.05775853995264817,0.057757902500031814,1.0916943737893092e-10,0.0,0.031108773094242287,0.024060410069890556,2.8588909017912556e-11,0.06608466095595433,0.015784267161459156,0.00645708096090869,0.002723666941693119,0.0027148589671297796,2.941397125866274e-14,0.04362737394422379
2023-02-03,0.0,0.0008275024883402386,0.0,0.01933508197657395,0.08982239667231912,0.12857784195103134,1.6833132671109238e-09,0.0269242320182762,0.06390902952966879,0.0639083770176187,2.699508533376971e-10,0.0,0.14862487290544749,0.029726060863685767,3.2869248989264577e-11,0.05385028824215949,0.018011889574980743,0.008982239667231634,0.0007210064558650295,0.043574848180457676,2.105260410445453e-14,0.16103736894613577
2023-02-06,0.0,0.01636981175538149,0.0,0.016804358899216058,0.10751948355021364,0.2924260028196667,1.6596525510405669e-09,0.04207256669134069,0.09722837679295845,0.0972284193186636,2.453441755312369e-10,0.1598339078293025,0.011154731985756575,0.026802218385338465,3.65321106698957e-11,0.1031691383556674,0.02139877192894364,0.010751948355021398,0.004720422692998695,0.005114084236544799,0.09736830132239992,0.03829755867704934
2023-02-07,0.0,0.012895943463464708,0.0,0.012301856489178736,0.0691487291011771,0.12219800865471721,9.004976936467678e-10,0.02291088869456651,0.07081584990741938,0.07081596973908377,1.676816047124774e-10,0.0,0.003126423927403643,0.01627073623583645,2.1263504845769887e-11,0.01956153942531533,0.012934928465854215,0.006914872910117706,0.0011912152279477187,0.04560085110438631,0.0,0.07571696374123336
2023-02-08,0.0,0.0042548678068354984,0.0,0.00777005918393221,0.05701814847734004,0.07781920017520817,5.583993312193837e-09,0.003508649452974404,0.05019107237502764,0.05019107978107289,1.3782347485502555e-10,2.0816681711721685e-16,0.07686409859192277,0.0229527856471919,2.96156432710859e-11,0.06287245974245342,0.020604879070857035,0.005701814847733841,0.0010115575074675018,0.0012097312546445749,1.5456386170953351e-15,0.07097037035452086
2023-02-09,0.0,0.007385162932070135,0.0,0.007100729250790836,0.08166213457598887,0.16956068213244285,1.3363391830199945e-09,0.005725378849682124,0.050091354980141826,0.05009151395738072,1.237272784226917e-10,2.0816681711721685e-16,0.08307174243952892,0.020913316966196353,2.4411070387309053e-11,0.034995239919408415,0.01421099201927187,0.008166213457599047,0.001139555361354433,0.0015522707411681942,4.3576253716537394e-15,0.0938040571090637
2023-02-10,0.0,0.005517189407969204,0.0,0.004726756167215077,0.042654413144987094,0.07407611322545636,1.3585999343277392e-09,0.0379105329506587,0.0404751220690147,0.04047503270257722,1.2808119842500076e-10,0.0,0.08071142229081431,0.023717617994256715,2.8103269711365897e-11,0.05809934462621819,0.019462116035911952,0.004265441314498991,0.0010826134697518447,0.04373667862858046,2.6359123217467584e-14,0.03466171266548482
2023-02-13,0.0,0.00229750584330787,0.0,0.0018185687291426575,0.058234576910399564,0.04146202637487874,6.624916544998835e-10,0.013642648260082891,0.018259992703948437,0.018259981616585354,1.269697402772607e-10,2.0816681711721685e-16,0.08383503420524178,0.016374503773250573,1.9937912432155258e-11,0.0346825651364195,0.013783877401276273,0.005823457691040229,0.0005928132047463702,0.0013585200489907162,2.7016583414862794e-14,0.05507057315615402
2023-02-14,0.0,0.002256821012737886,0.0,0.014024972778906332,0.03879273653574392,0.1155381396003351,9.929265057551043e-10,0.007954111089183431,0.028649846592262544,0.028649832989456864,1.4600264053310497e-10,2.0816681711721685e-16,0.01345107521238767,0.022292336358191348,2.2283785927612598e-11,0.023393329536218397,0.011411528877336295,0.003879273653574697,0.0008138950463689662,0.0010585587932369495,0.0,0.04777882249219253
2023-02-15,0.0,0.016954625717143658,0.0,0.031025987934824435,0.1058205174256541,0.16119311148146642,2.4434952955753623e-09,0.023474065590282846,0.11037661851919522,0.11037663594995253,1.6651527379174524e-11,0.15983390782930257,0.08650697491419673,0.02358072119941137,3.094534350989164e-11,0.050319747954339765,0.023526953728896995,0.01058205174256538,0.0024841154941335625,0.002485527961027391,1.2385925618474403e-15,0.05302073006525062
2023-02-16,0.0,0.003865076703016708,0.0,0.004451738210722654,0.07098452799207272,0.20642098151963525,8.578008592449344e-10,0.05134251108873267,0.06252568562103182,0.06252534098968944,2.1055365784228286e-10,0.0,0.01772288149654601,0.026899550812075353,3.274965021393683e-11,0.053976608366138434,0.019342629225744118,0.007098452799207233,0.0008774953209114839,0.0010568860205269898,2.3245294578089215e-16,0.09773341404368865
2023-02-17,0.0,0.006205067159592715,0.0,0.00645342838163108,0.027147102432487562,0.1385333544801293,1.4979914684458568e-10,0.013384946617640881,0.011485778519158545,0.011485581381831457,2.4323448810648074e-10,0.0,0.003916037019338001,0.015387636450837384,1.810014638170543e-11,0.01575082579862521,0.007703184038651646,0.0027147102432487774,0.0012657226243738273,0.001650695769098872,9.280770596475918e-16,0.03800658412304208
2023-02-21,0.0,0.005326607687343699,0.0,0.004979343095057363,0.017984579247599143,0.07888433276943875,3.038084816082361e-10,0.027680190383639662,0.018295968985401416,0.018295844695953994,4.203278003434008e-11,0.0,0.003916037019338001,0.02153116870793688,2.5656907154392172e-11,0.0402863682607682,0.018776671210283126,0.001798457924759897,0.00037672443203540934,0.0005585037081252894,1.13988679606436e-14,0.04260951280486328
2023-02-22,0.0,0.011362628239725406,0.0,0.012795218400984036,0.07391963092128152,0.27697723304765137,4.671861254427124e-10,0.036249344151007404,0.06173732046243974,0.061737913741191114,8.945462426357409e-11,0.15983390782930257,0.06972503877160693,0.025104838328462796,3.209660315306451e-11,0.03804692277521281,0.021793727461007176,0.00739196309212814,0.0032323923103821234,0.00520577438014861,0.31899777904431964,0.027298807075611553
2023-02-23,0.0,0.003007655143045346,0.0,0.0014691730748319734,0.08059704072733771,0.32574638904890263,7.123767531694753e-10,0.026572510856372487,0.06975860581986575,0.06975945840356876,8.945418017436424e-11,0.15983390782930257,0.06792281731080811,0.019042798372077625,2.3117965874952517e-11,0.03731428420823813,0.019576118349241854,0.008059704072733764,0.0005455399156530649,0.0009222212498955253,0.0,0.00041796691807700036
2023-02-24,0.0,0.00710060144631226,0.0,0.005982906526964047,0.043290665943933535,0.10580772511124288,2.2869603564331267e-10,0.012355462351754127,0.0015801251216237752,0.001579362882124083,9.020562075079397e-16,0.0,0.0,0.009397766665000917,1.089811574317423e-11,0.01930705158096413,0.005988453400542697,0.004329066594393333,0.0010222978811936997,0.0020332159996897907,1.8318679906315083e-14,0.008572883496789727
2023-02-27,0.0,0.007144116778683956,0.0,0.006841883296580745,0.03919407703897585,0.21120168257153327,1.820558052070029e-10,0.0015782206100901414,0.03699337104971905,0.036993143979777286,2.273707333522168e-10,0.0,0.01598087676008203,0.02236581693451957,2.8561528142567738e-11,0.026871866147990364,0.020132666191274295,0.003919407703897607,0.0016985986611130072,0.0015596996308006768,0.0,0.0316752025096085
2023-02-28,0.0,0.012489949264928163,0.0,0.005204119208205453,0.13436845640698672,0.12535680900141488,1.6806178957565848e-09,0.0007301774192431098,0.13393104379736684,0.133931153011349,2.2736829086156263e-10,0.15983390782930257,0.06826169958150523,0.015936068192824233,1.9440185572427993e-11,0.015591577688542533,0.011866788599054712,0.013436845640698677,0.002178569937752499,0.003581262789357123,1.3648804308985518e-14,0.043430800439887014
2023-03-01,0.0,0.0015415475779145646,0.0,0.0034229586622700143,0.08172452268687554,0.16019468690090244,1.8059119825296227e-09,0.039880054627925994,0.07912381873115501,0.07912374130669277,1.0630385460785874e-14,0.0,0.04190564250003746,0.026264667023321198,3.1611491202454545e-11,0.04325874970623324,0.024822856995229133,0.008172452268687569,0.0005965020942853769,0.0010206776336006036,1.1123046927963287e-14,0.006563026313551415
2023-03-02,0.0,0.004503771167522146,0.0,0.008609210433806953,0.0837829052318847,0.02737837978846537,5.997156129434105e-10,0.012176579277088808,0.06781831995733599,0.06781837487689428,8.709071380730293e-10,0.0,0.0356854361995832,0.03546541251711695,4.428639399645107e-11,0.0541620977523347,0.02156043220847354,0.008378290523188614,0.0004511540368417194,0.0019468700642823883,0.0,0.035435254246412515
2023-03-03,0.0,0.000719138599964802,0.0,0.019360339568563804,0.21756643984465737,0.15014490866911903,2.6914723713041905e-09,0.023550676331406634,0.11874963163568347,0.11874967664151395,7.795487727557671e-10,0.1598339078293025,0.1383240079419163,0.055763277616185915,8.561390485439802e-11,0.13191788800182086,0.02975282582051,0.02175664398446575,0.00821455823199,0.008550214894548418,3.8795355816745314e-14,0.011275217040979172
2023-03-06,0.0,0.004498248294189505,0.0,0.009385828556101686,0.045344630825421235,0.28251986963894304,1.2283089868382555e-09,0.01973066752544981,0.004677579051676595,0.004676781839427928,1.4173220930224772e-10,0.0,0.03416346675327345,0.019081528758357405,3.345067278726077e-11,0.04630754736891014,0.0119453203447071,0.004534463082542295,0.002755478029068628,0.002338790096230288,0.0,0.010889797724385288
2023-03-07,0.0,0.0008440482534009313,0.0,0.004896184874154904,0.09384883646912084,0.09268242651726794,2.9815210567231324e-10,0.012915841152058686,0.04084027789798679,0.040840235838952424,8.784323268784533e-11,0.0,0.014234172895554675,0.02703750755348474,5.3679685696472745e-11,0.07705204873060956,0.02004542714195557,0.009384883646911937,0.0021847353797050106,0.0028654830084690816,3.642919299551295e-14,0.03326207956178599
2023-03-08,0.0,0.007603455266041799,0.0,0.005229382920705518,0.1326774483498508,0.06851617119082154,3.601771336811052e-10,0.0070701093441257095,0.10239785441353033,0.10239814418039496,1.0074024947570592e-10,0.0,0.04367688127075786,0.02199095036700223,3.793118596995271e-11,0.05487552947878496,0.021388981694091418,0.013267744834984982,0.0034634197470327158,0.00538774949577555,1.186550857568136e-15,0.01540376958205502
2023-03-09,0.0,0.0013612125789922145,0.0,0.0021006474455309097,0.10628605795220201,0.17062803879480254,5.1678383072561e-10,0.0011559169278869276,0.03993979542494051,0.03993998074888121,2.810728594315748e-10,0.0,0.021052448558104064,0.01792575227404487,2.9452690286646543e-11,0.06004652848524356,0.008753251413869916,0.010628605795220347,0.001731103713472494,0.0024030589555440324,0.0,0.04558338175029882
2023-03-10,0.0,0.0017448480316675217,0.0,0.006839163756065194,0.05708529059548596,0.0738844774137292,9.298290244667776e-10,0.005273790349322052,0.0355610605910271,0.03556105653636264,3.6882166765117574e-10,0.0,0.04961299088902171,0.012005893316527037,1.712296970879379e-11,0.03629740868484183,0.009124964667815337,0.005708529059548592,0.0021537075251553267,0.0027189685968151273,0.0,0.005344901344981719
2023-03-13,0.0,0.032275743437833605,0.0,0.011545876563400921,0.16100676583823967,0.1360725585426273,9.336705581533165e-10,0.036211631270645084,0.04784412764493963,0.04784412209609446,9.462422512207525e-11,0.0,0.11591650971416417,0.06377475868882364,8.82938999691163e-11,0.1227447465766158,0.0358344399866176,0.01610067658382408,0.004833301552469811,0.010432112098715338,8.749945212827015e-15,0.016570427761385557
2023-03-14,0.0,0.02486680856776701,0.0,0.011902847095227634,0.17115131579676848,0.31482162768492306,2.8487915257564717e-09,0.05674256253113839,0.06916346353129994,0.06916349323560855,9.418341107014783e-11,0.0,0.04133415124340187,0.0530918643789532,6.562625443073955e-11,0.09021399980377581,0.038986264481296204,0.01711513157967709,0.0049942052990754465,0.007104517681368713,2.0719537197066984e-14,0.10625602472696738
2023-03-15,0.0,0.016931790976885432,0.0,0.013642000373068761,0.13227136691393018,0.12792831818074388,3.0630306742793132e-09,0.0002962744515086942,0.031890476323645604,0.03189036254073853,4.1660383476305185e-11,0.0,0.020885276447445117,0.022947215439636737,3.0798197325765386e-11,0.04212239656035663,0.015056490719962791,0.013227136691392777,0.00013198081915406085,0.002458624407147232,1.1671219546371958e-14,0.06516723550626949
2023-03-16,0.0,0.014141726392244395,0.0,0.03961307463514094,0.07512621528085975,0.06478156575139837,3.1457723482501593e-09,0.014593110853886664,0.04889563738508737,0.048895686001302924,1.152454937036751e-10,0.0,0.01334143001620583,0.03377586231962966,4.020968280560311e-11,0.03943338243597643,0.03175198907093626,0.007512621528085836,0.001150735192658979,0.005034463227521716,0.0,0.03836271855478346
2023-03-17,0.0,0.0058625487425464674,0.0,0.027848639569021984,0.10978563951211824,0.0567779539601225,1.0651728333036764e-09,1.5559535525353308e-06,0.036023643704526175,0.036014343566636284,1.1524559084818975e-10,0.0,0.14567685230075128,0.026355503917469464,3.2711527930828765e-11,0.03894381690519569,0.016751596780477475,0.010978563951212161,0.001407110523408514,0.0022241525699160138,0.0,0.0030378363367021518
2023-03-20,0.0,0.01846147066365344,0.0,0.019865270318001633,0.09172277327090117,0.10516752461933121,5.155021719654278e-08,1.5147907980226454e-06,0.037027012312519654,0.004116159146368072,1.5883946935524307e-10,0.0,0.0443914193249198,0.028800739909186163,3.4177133345636435e-11,0.05019314303369025,0.02363228849594413,0.009172277327090084,0.00178445713049305,0.3033519485723294,0.0,0.0014042672694436532
2023-03-21,0.0,0.00247700303472081,0.0,0.005435196344807899,0.05417734478945906,0.12572636174685187,1.4927076256718315e-08,7.461278324058184e-08,0.004395829904733896,0.006700214625031196,1.8006832136485684e-10,0.0,0.04206860671880139,0.023049953378632415,2.763761441926249e-11,0.07240472130496542,0.012190471070943471,0.005417734478945793,0.0007589691777405705,0.0015813672831405008,0.0,5.653645466743742e-06
2023-03-22,0.0,0.006660117604786303,0.0,0.03959581235700926,0.13200840552639884,0.06383315068030172,3.672539915089581e-08,5.415404991199305e-07,0.03534999116481233,0.006308410213658466,5.986094953058796e-11,0.0,0.11948135225697107,0.022872812209119624,2.6856794566043618e-11,0.05497858554149231,0.014025068667321592,0.01320084055263987,0.0010813049211986503,0.003232341598134004,3.6061431618605866e-14,0.0023496399318938942
2023-03-23,0.0,0.015741957735698843,0.0,0.02112163420010723,0.042561180024563175,0.06248111902906282,7.479031697506294e-10,9.866384415831695e-06,0.011607448767943278,0.006308490406713024,1.1441336766893073e-10,0.0,0.019591849549159712,0.0252996381636119,3.199106257678608e-11,0.028338598849122033,0.016258870881567133,0.004256118002456302,0.0009562543551571087,0.004127820281771515,4.4526882181372684e-14,0.030846409237482306
2023-03-24,0.0,0.007964717828750929,0.0,0.011503405815161329,0.05049864412563849,0.1512111247735722,4.412145418303013e-09,0.007734452116106232,0.004732215164137452,6.84162050464121e-07,1.464674770357277e-10,0.0,0.044041539583233896,0.026533440256749717,3.891836852787378e-11,0.06982631123947204,0.0211836929469735,0.005049864412563845,0.001076917672766943,0.0017431406688129918,1.499494972634352e-14,0.016455004431885314
2023-03-27,0.0,0.001600970577821028,0.0,0.02512436104161349,0.08022266998194898,0.23019439949979464,5.256942176054339e-09,0.007744284622495489,0.02983108452984619,0.019798425933707967,1.464724314059751e-10,0.0,0.007643965784520257,0.02387541981951751,4.992119218005797e-11,0.04344781002060109,0.017424701015162455,0.008022266998194916,0.0007750285082830585,0.0010878942240454773,1.6361911825413245e-14,0.08686669752072886
2023-03-28,0.0,0.012473245616660715,0.0,0.025065339702304484,0.019596534917268045,0.31366602366611884,7.844783362727389e-10,0.003286546345439466,0.017249017465013575,0.017249475055549968,1.0832607033606223e-10,0.0,0.05462857968564758,0.017738209257322814,2.4781746099655777e-11,0.04799689133483455,0.011765277348895486,0.001959653491726776,0.003404466454637156,0.005536702350503473,1.2198575483068907e-14,0.0666388711363025
2023-03-29,0.0,0.0026391367088260762,0.0,0.01034615310346946,0.012641546858718612,0.16860457159885,6.58748927385674e-10,0.030213140643429823,0.007915484617664129,0.00791534947889036,1.1954577605610694e-10,0.0,0.0,0.015023515571493382,1.7570403465505535e-11,0.02642898817760948,0.008268342650885947,0.0012641546858717795,0.0008772530614805096,0.0006665272603481095,3.9968028886505635e-14,0.004311090355490496
2023-03-30,0.0,0.0048282789597991465,0.0,0.007085795546240278,0.0661396708075278,0.29414934576783014,5.189051963018442e-10,0.025067011970518402,0.006491981541769325,0.006492460378358711,1.2160425444385226e-10,0.0,0.03546912556637405,0.018243658808001613,2.2276611111315958e-11,0.024355636408908657,0.012031799649086197,0.006613967080752806,0.0011422803607256254,0.0026116575531365625,4.4596271120411757e-14,0.051910163590363045
2023-03-31,0.0,0.004424519306444476,0.0,0.005191294192144259,0.05422945867910579,0.08337658215147441,6.045708255468043e-09,0.03061001747527148,0.015679551168184265,0.015678332576364924,8.077902236003354e-11,0.0,0.03568948849919831,0.015658561677830127,1.833368179493533e-11,0.02262600059909643,0.011969801775394381,0.005422945867910575,0.0012405732140104014,0.0013867298487043236,0.0,0.0012794035079775976
2023-04-03,0.0,0.011773982003545484,0.0,0.028890128701853986,0.04179782204957772,0.18377418074923174,6.5707486992926504e-09,0.025506038001586108,0.015593227624398166,0.01559170305087837,1.4081821819722506e-10,0.0,0.0,0.015349866389022276,1.870234522804992e-11,0.03601827017137494,0.009014776941327282,0.00417978220495778,0.0021440602937667433,0.0028625324590627575,1.7812140651329855e-14,0.03975634408830114
2023-04-04,0.0,0.003410025998321935,0.0,0.017013380804459924,0.05904511921297234,0.024694011661731297,5.653411070853137e-10,0.011035510759712135,0.00467237424453678,0.0046723440330500715,1.234768398639119e-10,0.0,0.03568948849919831,0.015017296904019178,1.9701212883305175e-11,0.040199287992242545,0.00943473004826301,0.005904511921297248,0.0008691777468481585,0.0008704180925366099,0.0,0.004967767270450113
2023-04-05,0.0,0.004206791129595137,0.0,0.006023754030132528,0.03534248037143599,0.12730777957083617,1.3642728541004852e-09,0.020917286108449448,0.00910189964992817,0.009101236204259684,1.6072101982622655e-11,0.0,0.02449315499320784,0.019722548500301397,2.964789524995126e-11,0.02314146434237784,0.01839124686418641,0.0035342480371435003,0.0010297638567221962,0.0026725833564799906,1.7832957333041577e-14,0.04612683585936166
2023-04-06,0.0,0.0012185063596144492,0.0,0.0030467199146515175,0.12775953620917144,0.04370853476673542,2.4059144534547287e-09,3.902851455489119e-05,0.040643611696776424,0.04064321130907274,1.7894186132849654e-11,0.0,0.07824023740078542,0.016123976212781443,2.013340882900394e-11,0.029257698730493147,0.011066282558437893,0.012775953620917213,0.00021073461242490654,0.000802354872897492,0.0,0.01581851397861025
2023-04-10,0.0,0.007403122865079173,0.0,0.013509465431110618,0.04487765674206231,0.008737927413079244,2.246413892743281e-09,1.613163072486781e-06,0.025744053055666807,0.0257440375037015,2.4327290182313277e-10,0.0,0.05558923098067972,0.02382653025504227,2.764961870571625e-11,0.03866785779495413,0.018842112479750726,0.004487765674206237,0.0018544411363057775,0.00431841759232315,8.798517470154366e-15,0.040439107428538734
2023-04-11,0.0,0.005737337684255298,0.0,0.010599995512392863,0.06883036667938831,0.08791285153263195,1.8798532212968403e-09,2.5535399903198706e-07,0.023875841926602547,0.02387585801726811,2.3446383723424447e-10,0.0,0.07393294299368422,0.02171627187979038,2.874146753928386e-11,0.042884779446177856,0.011875472745142182,0.006883036667938824,0.0008958741496204459,0.002380919271318482,2.1621593404574924e-14,0.004353884662109763
2023-04-12,0.0,0.0021632690866400526,0.0,0.01677513256941807,0.04614013871880264,0.24243665011231477,2.233411936749794e-09,0.000952876488356573,0.019195552924523816,0.019195694530052404,1.416904094053706e-10,0.0,0.013257253292697724,0.025863604853159444,3.093672540366299e-11,0.054183071013821076,0.02209488212700953,0.004614013871880138,0.0016517131940218463,0.0017337363473188816,1.682681771697503e-14,0.004716098750538163
2023-04-13,0.0,0.0011432810925527622,0.0,0.01052545501760855,0.0804130841290678,0.04727196238440249,1.2033538093459307e-07,0.0009541713086198498,0.049446623026550514,0.04262407832576874,2.3181456754173269e-10,0.0,0.042243671779734565,0.02817519576913262,3.4235794754700066e-11,0.05555508967196958,0.027169327074554904,0.008041308412906761,0.0003515775804992863,0.0008889235409740674,1.206673649889467e-14,0.0020729336753073204
2023-04-14,0.0,0.003214585172671944,0.0,0.005408910490738671,0.08107399634469949,0.04559779525058846,1.2215418413250782e-07,1.915409070737173e-07,0.012888453477366342,1.0251814335573983e-06,3.155543465416244e-10,0.0,0.012971109098559946,0.02052910066729953,2.4232948980795754e-11,0.057905523023612175,0.013064907145880801,0.008107399634469936,0.0018727524956262329,0.0020192933908522743,3.809452753245068e-15,0.022764133853115057
2023-04-17,0.0,0.0058331964038348064,0.0,0.005526287025815782,0.11529065166572235,0.0,8.842365896552156e-09,2.067531726455599e-07,0.06436845406154745,0.04465765681946706,8.131964546187476e-11,0.0,0.05080702025991532,0.01781037375388534,2.0823051616325472e-11,0.0787749122751492,0.018064659094269513,0.011529065166572275,0.0014017829632937753,0.0023251444084823204,1.9567680809018384e-15,0.05044704950278282
2023-04-18,0.0,0.008737456615120308,0.0,0.02701631871036661,0.027707103518527752,0.0,4.3660183476223314e-09,6.950493493926509e-08,0.022299934766681212,0.0223009855193231,2.8634530857551965e-10,0.0,0.0006684319920132464,0.023518293237759176,2.595255954584985e-11,0.07077999989471519,0.018515299737454638,0.0027707103518527926,0.0017368795377890808,0.0025352405236924724,9.18709552877317e-15,0.0517712224169951
2023-04-19,0.0,0.0030556660692007812,0.0,0.0064982146527750384,0.017232624233678193,0.035640723299574004,4.941840012094655e-10,3.4673538112232284e-08,0.009890972165766197,0.009891114219932058,3.191198694185715e-10,0.0,0.0,0.013743636505839096,2.0271104239633075e-11,0.03309089507373703,0.00970127941081169,0.0017232624233678162,0.0007192550875603707,0.0009939291240203575,1.499494972634352e-14,0.003654483740416128
2023-04-20,0.0,0.0018407409222249461,0.0,0.0051364144626640865,0.0435528463499159,0.007274354129898101,2.09308538572566e-09,3.781534324810836e-09,0.019801705162630488,0.019801662018786796,6.700547061644357e-11,0.0,0.04356755445415933,0.019784721340113005,2.6236193773065963e-11,0.04287731417714782,0.009807215713529462,0.004355284634991602,0.0009012983608591776,0.0010632688062195035,2.872008186827202e-14,0.0035337790566550738
2023-04-21,0.0,0.0004935433408099461,0.0,0.006090448188467127,0.0834176985007355,0.0283663691696759,2.9389143952650813e-07,5.940535722814399e-09,0.04469709689170984,0.0446965042660371,2.986247499281447e-10,0.0,0.0475269837646648,0.02250742302385808,3.3713851155248165e-11,0.06716719776631586,0.013853500869345737,0.00834176985007351,0.0006019605416515694,0.0009005700241202386,0.0,0.007412742001757738
2023-04-24,0.0,0.00817942008466335,0.0,0.030925387739394097,0.06188342540958476,0.0,6.634629158597537e-07,6.211699395766378e-08,0.0570218137700397,0.0570202360724713,2.986208780253463e-10,0.0,0.043557933171368135,0.031123148497320542,3.7375033623554543e-11,0.04468424500224705,0.027660552688681877,0.006188342540958611,0.0023298910942824644,0.0027730658593512914,1.1095291352347658e-14,0.0028483761026414436
2023-04-25,0.0,0.005101642425173811,0.0,0.004289863790865052,0.07124388388971419,0.0033330585303679716,8.324440252267556e-07,5.338296370455761e-08,0.07416152270568582,0.07416147137492934,9.331994899053342e-11,0.0,0.008536523242506366,0.020542074866799494,2.52255855093253e-11,0.05124927299474155,0.01899186010109521,0.007124388388971281,0.0006269516440743361,0.002929407837387774,5.8494875609937935e-15,0.011697554937870135
2023-04-26,0.0,0.004818959743413958,0.0,0.017945567849909083,0.04977290981693798,0.14538120907698981,2.8876881091834732e-05,8.047298964524436e-09,0.029647747814810207,0.02964789354571111,8.547883234566456e-11,0.0,0.008196990555793399,0.021088374956164987,2.5575486173323725e-11,0.046611825882551354,0.013448882695510766,0.004977290981693666,0.0010808313362131797,0.0023071856694216707,8.555656183517613e-15,0.08998558799488861
2023-04-27,0.0,0.004886059650016607,2.0,0.008573848768836462,0.08211365037589245,0.1487142676073578,1.9999708147169124,8.943919892394735e-08,0.053845569637921926,0.053844665792005184,2.4335630732785773e-11,2.0,0.02702253528041379,0.03413586494460985,4.2004857925270755e-11,0.0795078679837836,0.020243383251502704,0.008211365037589222,0.0015053756290914974,0.0019684846246865017,8.090750291955828e-15,0.08795200875815815
2023-04-28,0.0,0.0019953131586228617,0.0,0.017069517781165534,0.051468084167470875,0.038536308549610016,2.3670361151763395e-07,5.477181414366969e-07,0.014358901572191198,0.014358279840077967,1.9863248545970436e-10,0.0,0.0453476205378574,0.03184047315142616,3.8758524167903374e-11,0.13286750122179272,0.023857661963843667,0.005146808416747112,0.001435399522134874,0.0021558646624054937,5.30825383648903e-15,0.08812504837533752
2023-05-01,0.0,0.010923279875163944,0.0,0.012890375624303101,0.06613342176650681,0.4995777990559186,5.113927389533894e-07,5.762815494899686e-07,0.04572201445279,0.04572192160641417,1.9440550558247338e-10,0.0,0.053913510546882704,0.020805260015052618,2.8622201830863503e-11,0.043276767003319706,0.012088005931362228,0.006613342176650619,0.0016993715751452906,0.002170541470197752,0.0,0.04731830845844956
2023-05-02,0.0,0.016099567425819996,0.0,0.009590644630836857,0.16709684048359985,0.3201090187932007,5.346692405400336e-07,3.875673450443364e-08,0.11288712634611323,0.11287387613703453,2.223977946247402e-11,0.0,0.1457535744359322,0.022493401667215814,2.8123670059443384e-11,0.09633264101310704,0.019044595150190448,0.016709684048360596,0.0031249822790787515,0.00560158213337723,0.31892608614415974,0.13884501281150174
2023-05-03,0.0,0.011706643455925897,0.0,0.030786749881993637,0.18343760219107882,0.3201090187932009,5.275182639350252e-08,2.1340775365775478e-07,0.10132482802177951,0.0023728461601502174,9.034439862887211e-15,0.0,0.15742941420957524,0.0318178049439362,4.308411960529668e-11,0.20407928233314432,0.03468118702985421,0.018343760219107996,0.0020742550953417108,0.005087700260825655,1.586925035823583e-14,0.12404199567895245
2023-05-04,0.0,0.0033725235361986715,0.0,0.022507452418610175,0.06331837522828415,0.23964294096156818,8.252638266739466e-06,1.9483203150538762e-07,0.00103429520621022,7.21201606074251e-09,1.86261214785155e-10,0.0,0.03406190811020115,0.037940328240663096,4.7165216177091907e-11,0.08099342557616612,0.0246224521746355,0.006331837522828204,0.0012860180143599784,0.016188967628307963,1.408248517797972e-14,0.000689965259037249
2023-05-05,0.0,0.004253247405617634,2.0,0.013138615951189701,0.01688249083305024,0.24314416900092267,1.999991603901399,3.5526232157402694e-08,2.944715519412333e-07,2.333424009570706e-10,1.8625698205987362e-10,0.7556279943444519,0.0,0.036776775362645994,4.4606512927813924e-11,0.10405044331360741,0.02375248631955333,0.0016882490833053238,0.002362065374398835,0.0032687558430177146,0.0,0.015385034633645166
2023-05-08,0.0,0.0022966929024615993,0.0,0.035918492567889565,0.11092856415086177,0.10249586352814584,2.2760578503011112e-07,1.0391467678485744e-08,0.015503842005613735,1.68427812877181e-08,9.880453399890854e-11,0.0,0.0787206085595113,0.02747279009273284,3.179051466517535e-11,0.050245109505136165,0.01938689903107725,0.011092856415085894,0.0019614894530584626,0.002004212983604963,7.008282842946301e-15,0.010770083271587743
2023-05-09,0.0,0.0025914053925063744,0.0,0.006872531466562402,0.034050950414178945,0.1257578748222923,4.542641078101685e-08,1.8510581692198722e-07,0.015503260437209024,1.3479161526525063e-07,9.880360418712542e-11,0.0,0.09530106988965037,0.01586791826428363,2.377610608395031e-11,0.04405319685447697,0.013996913496721382,0.003405095041417963,0.0008646620391055612,0.0014097576947191288,8.81239525796218e-16,0.005330990931871617
2023-05-10,0.0,0.0037883986434619436,0.0,0.006155363679534793,0.05051229473971957,0.0,5.8366578055062866e-08,2.031813115533385e-07,4.144301483030577e-07,8.503144929145057e-08,2.621711736594534e-10,1.6653345369377348e-16,0.01015190021076709,0.02237461433429628,2.8750654634812634e-11,0.07422790681441609,0.013947112153276922,0.0050512294739720465,0.0015234801338486759,0.002219823365107034,0.0,0.11609449342598163
2023-05-11,0.0,0.0019304993603812028,0.0,0.0050977135992437105,0.07412602489742899,0.48359611825128906,3.7533429367055837e-07,1.2027680970228863e-08,0.0423062378087078,6.964932072750507e-08,2.2815828393252247e-10,2.220446049250313e-16,0.07041757315411583,0.027600940578202726,4.099871830920421e-11,0.055597816235947686,0.016138386168014957,0.00741260248974282,0.000533271766642758,0.01630698437326547,7.112366251504909e-16,0.017229040321439498
2023-05-12,0.0,0.0003313792619505944,2.0,0.020144768060281152,0.08113714762190478,0.09969231433853085,1.999999986533139,1.715641909554599e-08,0.08009671332238093,0.022403270712211328,1.9516203930702858e-10,0.7556279943444519,0.04695880000180143,0.03597595773934165,5.1436091497159e-11,0.09634288024059853,0.03943705421529718,0.008113714762190485,0.001093861084093574,0.001978068621661463,1.800989912759121e-14,0.025462038806389913
2023-05-15,0.0,0.008092550761778757,0.0,0.01274573143245271,0.014092209635037023,0.14790649387428612,1.5558397047561605e-09,2.4275815526595396e-07,0.005592585857034149,0.005593583231951985,2.9157232184218174e-14,0.0,0.02951304320906198,0.01828901051812093,2.1596377464128125e-11,0.05728983794903047,0.019011757428089963,0.0014092209635036823,0.000920229078124904,0.0008696444404501704,2.5673907444456745e-14,0.07960110521445991
2023-05-16,0.0,0.0018927806897174053,0.0,0.009769300808495574,0.014275091602386965,0.2531506638300338,1.1625919275418617e-09,8.505292105984277e-07,0.009105997561049246,0.009106969976197768,2.4980018054066022e-15,0.0,0.017560566337889036,0.0147448867305933,1.8827800429832564e-11,0.04989649104532834,0.012254144514682718,0.0014275091602386492,0.0008838866781417792,0.11093625939896916,0.0,0.004772918292587927
2023-05-17,0.0,0.009641901893750788,0.0,0.008470937036225794,0.07185771441607575,0.14063215758863554,3.945109046442394e-09,2.449022285363056e-06,0.06793464783483502,0.06793461138035596,2.0392791622025896e-10,0.0,0.04640840470581052,0.020874556504565933,2.580988200939771e-11,0.053883981074608095,0.025886570028579865,0.007185771441607411,0.00311962685233292,0.11248617865510657,0.11666557238068836,0.07775430965202138
2023-05-18,0.0,0.009918309481450116,0.0,0.01680094783433956,0.10535774905384773,0.10291641064415666,5.774915468133505e-08,0.032495644254703374,0.03187310274037229,0.03187303786401295,1.839583901874775e-10,0.0,0.05124552932960791,0.05089761752966318,5.839734251722462e-11,0.21832983853113017,0.027522683253490672,0.010535774905385056,0.0015513269681872097,0.01935481165751298,0.0,0.019382543352341762
2023-05-19,0.0,0.006902912725851393,0.0,0.007697010058591177,0.0845860036222837,0.038916181912345915,8.081100061846655e-08,0.023413761774298873,0.07859338785085995,0.07859333594110246,9.389269917114973e-11,0.0,0.14693651479720038,0.022565712328392766,3.0511954074441405e-11,0.09140795917585844,0.01913355985775976,0.008458600362228341,0.001006196217952303,0.11289730247808571,0.0,0.011148065219661961
2023-05-22,0.0,0.00690322655311474,0.0,0.008508541040481508,0.08180948756235776,0.10180910451030775,6.275016069130234e-08,0.051183189205463504,0.07589394695805166,0.07589389758816081,5.256989565882719e-10,0.0,0.10090446588016422,0.03987431736852809,5.0149689956313637e-11,0.10202834265114713,0.02909664292625369,0.008180948756235651,0.0006155631753408247,0.0019030940933093179,0.0,0.09593276058124747
2023-05-23,0.0,0.004243505667220044,0.0,0.004898180149168849,0.045475879773145725,0.009464361661664727,6.31067572083682e-08,0.02014406220615367,0.030527590605527344,0.030527348260484283,4.537506897994703e-10,0.0,0.006261864475657186,0.015065442169051028,1.8053197825551592e-11,0.06458530752798552,0.01415772243201277,0.00454758797731418,0.0006082302262314584,0.0009161077115474626,0.0,0.002874688561503646
2023-05-24,0.0,0.0032699508858427466,0.0,0.015733753986243333,0.04209795533706119,0.008848876185870463,7.883557473310693e-10,0.034704696009743394,0.034887135492551846,0.0348871293546554,1.3087966821423436e-10,0.0,0.07362232689097878,0.019570763021152744,2.5009036508372162e-11,0.06898670685506435,0.020673791358816043,0.004209795533706304,0.0005523475418728122,0.0019644433812784686,0.0,0.12129323329897387
2023-05-25,0.0,0.005524725771465913,0.0,0.004644658643782493,0.03445955777980816,0.2557489013919216,7.950543412439842e-10,0.01983601503225393,0.009275301825647606,0.009275431181674232,1.6949361358875592e-10,0.0,0.056460714614002094,0.015147323054891457,1.927390191891476e-11,0.05748555306914411,0.01994832500251304,0.00344595577798075,0.0009890533605522722,0.0013689830709319277,1.4925560787304448e-14,0.09991941706776536
2023-05-26,0.0,0.004695569103257725,0.0,0.018000623113075445,0.06798346519141149,0.062155875820622083,5.502604316585626e-07,0.04200568712075713,0.022902767708691943,0.022902695082990324,1.9363571857056172e-10,0.0,0.046920765444083946,0.0344638966884176,4.603036007910788e-11,0.049405188449816013,0.03203228695091852,0.006798346519141046,0.0010225814504822989,0.0019236024936979557,1.3329615189405786e-14,0.015126269476196271
2023-05-30,0.0,0.004540202436329294,2.0,0.038975545825388015,0.07642315334103703,0.4264430252166498,1.9999994560549608,0.03208298915116691,0.03471090722760838,0.03471086848927524,7.846029381752828e-12,0.5797033513850749,0.01083858474889882,0.030574455862646704,4.113927254412175e-11,0.13002713431172805,0.02452026447140122,0.0076423153341036165,0.002399259672594474,0.001767899175647002,2.733924198139448e-14,0.04266785321683837
2023-05-31,0.0,0.007468674824794319,0.0,0.01909530936732469,0.10078728741237729,0.12955966534494565,4.62386104040946e-09,0.056638832186207334,0.027138097812971024,0.027138117876444434,8.925483963029279e-11,1.1102230246251565e-16,0.12290431316449557,0.03682667388660813,4.7795878366230227e-11,0.1173766777282419,0.03554008011942282,0.010078728741237844,0.0007702855355204014,0.012085010163921238,2.7776392297340635e-14,0.04082259393745643
2023-06-01,0.0,0.0013956873299061407,2.0,0.011913787020393907,0.07039265307142432,0.13538727130932143,1.9999999015106094,0.04302436461555322,0.001375389632816297,0.001375388366981277,6.954700704220329e-11,0.5797033513850747,0.10518386217942743,0.04235619299962668,5.3058418769680316e-11,0.06167290520639074,0.026532431723511787,0.007039265307142217,0.0021531811346439944,0.0031005956498467158,0.0,0.02958784970698591
2023-06-02,0.0,0.010688755556078094,0.0,0.03425167986310192,0.0689699684629101,0.09907661228287565,1.521895585414716e-07,0.054660852250733,0.020066684714913678,0.020066676768279126,1.230552604258861e-10,0.0,0.0991784716260236,0.033687233605199964,4.23425322582105e-11,0.044038978609284886,0.024168340797444725,0.006896996846290637,0.0024800962195755255,0.0051225535638448425,2.6166568911634158e-14,0.07517865157950696
2023-06-05,0.0,0.015516671241749404,2.0,0.03935344680436207,0.14673792604377028,0.24789146598138034,1.9999999835688604,0.08114007910611161,0.0557485719051229,0.05574853300839292,1.3416828759105215e-10,0.9930151037977366,0.05369750785726249,0.07524484441679241,1.0376816073076611e-10,0.20396861352255816,0.04985530353751221,0.014673792604376817,0.003751783323501297,0.005718844670456975,1.4641066137244252e-14,0.05586083319019558
2023-06-06,0.0,0.012975940273295334,0.0,0.020436713845264055,0.12091860672537733,0.22654184576675784,5.918906617263948e-06,0.02606201504221965,0.006373590980625177,0.006373586449703698,1.0766859626087921e-10,1.6653345369377348e-16,0.07675035468724974,0.04644926852597929,6.690112352991662e-11,0.1734431376884632,0.032580844875609874,0.01209186067253755,0.00034944620740563065,0.007470948726685349,0.0,0.04555684747604514
2023-06-07,0.0,0.002472729655959448,0.0,0.01996442726646772,0.0817575314927224,0.16621825554166195,5.919473163949151e-06,0.028620134425169478,0.004632630233792692,0.004632616204519609,2.426442519132266e-10,3.885780586188048e-16,0.07236214586367815,0.03441782124849393,4.6171608203415815e-11,0.12610120829386842,0.028327556822984986,0.008175753149272144,0.0009178040051610881,0.0018570865307542157,0.0,0.004966083089436506
2023-06-08,0.0,0.02448346656032436,0.0,0.06972743719144742,0.2213128846905299,0.40507812977677793,4.134679890496992e-08,0.016153070287721817,0.04312531357525876,0.04312537775444216,2.0647548948371508e-10,1.6653345369377348e-16,0.12590578407231234,0.051547221027175204,7.314468475350111e-11,0.1075976866681993,0.048166832879416324,0.022131288469052934,0.0023844507638869153,0.00540030558570276,4.253541963095131e-14,0.04414547177226182
2023-06-09,0.0,0.014376726933080224,0.0,0.02674770023579955,0.26476890826629795,0.39999999999999986,1.7031542881330826e-08,7.005579425128718e-06,0.06847154967891725,0.06847131781627333,2.3978374841249206e-10,1.1102230246251565e-16,0.21756992302943406,0.04436390215017207,6.180679579248505e-11,0.15358094680410514,0.041444946979282735,0.026476890826629865,0.00618065474959522,0.08458967689720015,4.1466829969749597e-14,0.04293147717152343
2023-06-12,0.0,0.006772265035220104,0.0,0.020563150622676465,0.3255107467274834,0.016849064255955948,7.014998522305771e-08,4.056890092006106e-06,0.12756358431540277,0.05711214978578038,1.2692576156769775e-10,2.0,0.1441418453373821,0.04121970101257827,5.5233040363589225e-11,0.1469880204500758,0.036052731491840365,0.0325510746727483,0.0013901809262438988,0.0826272395402061,0.0,0.043571979071814815
2023-06-13,0.0,0.03648474973735062,2.0,0.06644367771449496,0.129795645961706,0.03159458540183832,1.9999997294539285,3.544877060468842e-06,0.08665363769225133,0.027839138462045263,1.1065610927563085e-10,0.5591292270179358,0.19906110971050572,0.05971246427134585,8.454045796746357e-11,0.11960468902993836,0.0388495130499112,0.012979564596171694,0.0014250107508494078,0.019117964149263502,0.19658879653711672,0.03879635489367712
2023-06-14,0.0,0.012582089861097637,0.0,0.018884923428242755,0.08066718668788325,0.13086459018684687,0.0002938621887537049,3.5757638883743814e-06,0.037895540458722975,2.7704966959127275e-06,9.433388792334796e-11,0.5591292270179358,0.12795257791387088,0.03098174766453623,4.183720037076455e-11,0.11892505947313284,0.033142821033517664,0.008066718668785874,0.0020507243295333974,0.0037864171539997646,1.734723475976807e-15,0.005662359856751204
2023-06-15,0.0,0.0019181868221865054,0.0,0.008477805737150006,0.06546920237835645,0.06818869074372946,0.0002940607673403128,0.005670505366478816,0.029112555654409004,1.300179304081217e-07,1.4231101019834824e-10,1.1102230246251565e-16,0.06681369777664949,0.022785837729143735,3.102328116622033e-11,0.05275276647318865,0.02424331357453528,0.00654692023783246,0.0016731740860346858,0.00223738587268431,8.645861804268407e-15,0.001469753778702532
2023-06-16,0.0,0.01042581115959947,0.0,0.03412832441189566,0.11746682915356947,0.8237015715917605,2.6978729817968814e-08,0.0021222822024770023,0.011080588485479444,2.9802388023178472e-06,2.3925844638839067e-10,1.6930901125533637e-15,0.08138101143188732,0.028947293784958826,3.876768350785653e-11,0.0677493799481827,0.03533745654672154,0.011746682915356715,0.0039928177265920045,0.005422270207720547,0.06419868771378827,0.06541039930565824
2023-06-20,0.0,0.0039032796427605344,0.0,0.024144914993133898,0.16801578467172915,0.6588498225630817,3.114248643282413e-08,0.003548266693795333,0.08942614406229746,0.08008615348598255,2.504337431874504e-10,0.5591292270179342,0.12663981671207625,0.03806730910994015,5.059230812065607e-11,0.14983793140009122,0.03271077234629881,0.01680157846717238,0.0007547028262595984,0.004828280352159608,0.0,0.013715161249790143
2023-06-21,0.0,0.017727185286531895,0.0,0.07616481165888765,0.1985356273344012,1.0864256678223514,1.7228776163188553e-08,1.0903025955836963e-06,0.09007141495115542,0.0800888287828195,1.8641921339934697e-11,1.609823385706477e-15,0.14409882115577272,0.053333811542497764,7.190670281431721e-11,0.19676805927646002,0.05171698167019473,0.019853562733440175,0.0073126077325593175,0.09884968039129384,4.1466829969749597e-14,0.006186254265388851
2023-06-22,0.0,0.01965712256544883,0.0,0.02677750834631712,0.1569661022676102,1.6645122796395544,2.6053360999105514e-08,1.0575875340508352e-06,0.036452490064794826,6.008515071598275e-08,1.934019611127269e-10,3.885780586188048e-16,0.06355711162698907,0.028988806592235336,3.5464742254021075e-11,0.09748898026403724,0.025418776427240577,0.01569661022676075,0.0035953746865327457,0.00468653524061865,1.1976530878143876e-14,0.012644312583952655
2023-06-23,0.0,0.010808001373425502,0.0,0.028311688945110235,0.16378218820470455,0.5988856597058057,2.1324517442661442e-08,5.018347539858066e-07,0.025419987995168127,2.0787438134717284e-07,1.856135245503765e-10,4.440892098500626e-16,0.13255877796809806,0.018001845713971218,2.21362095320643e-11,0.04286417812580471,0.01844907517697042,0.016378218820470455,0.0020760288007047253,0.0024158702343778926,1.3648804308985518e-13,0.0026688808922120484
2023-06-26,0.0,0.01981038886870785,0.0,0.024371697058430997,0.2058843676575701,0.31484090363808453,2.4995930824284668e-08,4.210438138272093e-07,0.07898449207613889,2.1024931796259638e-07,1.2965231666051125e-10,1.4408707729820642,0.13191743484786125,0.03643830763282662,4.466502168121167e-11,0.09913148293453262,0.02421203522851546,0.02058843676575707,0.0030081055577918167,0.005311737147554075,0.0,0.08758057786019544
2023-06-27,0.0,0.0026910491514414332,0.0,0.009995659891838767,0.08110831305663217,0.2825501294202237,0.39206355917723335,1.1632124003552669e-07,6.142723037311226e-07,5.246275372461362e-09,1.408770461397424e-10,0.431764687343384,0.013133002626585292,0.03553773490709883,4.7705339678572045e-11,0.055045990675002314,0.036025993119124446,0.00811083130566602,0.00047549950278841235,0.0015028860155048389,1.398603455271541e-13,0.004020281703419403
2023-06-28,0.0,0.00834525105235233,0.0,0.026002296907198217,0.10329047011549461,0.39435078412310204,0.392063485831806,5.133971524199383e-08,1.0623556530101053e-06,4.3879158494186665e-08,3.308500695631267e-11,1.0547118733938987e-15,0.026922138277967165,0.052826830414045275,6.233265292809875e-11,0.08937929840136273,0.03814927081084915,0.010329047011555292,0.0018988332654554935,0.0036650434215217027,2.0539125955565396e-15,0.010619448082901866
2023-06-29,0.0,0.01159603712299022,2.0,0.00869716594944176,0.09622917200211999,0.3223531625876052,1.9999997184233018,3.730762999149919e-08,1.3001645476212742e-07,3.2879883422876066e-07,4.598474379058359e-12,8.881784197001252e-16,0.06964241126015715,0.0241292724207745,2.847680424800103e-11,0.0832189821250623,0.0217097762648388,0.009622917200212008,0.0011938363444986624,0.001281775461633194,2.6895152771544417e-14,0.016750727560296375
2023-06-30,0.0,0.009712552936834998,0.0,0.013181386645097494,0.09726628455520374,0.06687250274673545,7.788023238071454e-08,9.848965080548763e-09,5.840530740985894e-08,3.1117833844199194e-06,4.600445024927069e-12,5.495603971894525e-15,0.04008783939818114,0.008443726040361664,9.752088026004913e-12,0.02374233391549617,0.010415608068821757,0.009726628455520414,0.0005151410520582503,0.15963152120181406,2.528532938583794e-14,0.008909180041529536
2023-07-03,0.0,0.00544088998776384,0.0,0.025879640887871983,0.17800934530974147,0.2532397919411348,2.6219128047670054e-07,1.1827892443703827e-08,1.1243631770074813e-07,3.4777555402987215e-06,6.7584826624056404e-15,6.661338147750939e-15,0.039048244351698555,0.034836402025875214,4.256804631008748e-11,0.05699314141613786,0.028985909264713387,0.0178009345309839,0.0021166210753176887,0.0820654898736621,5.9674487573602164e-15,0.08759164125745778
2023-07-05,0.0,0.007884933634078432,0.0,0.019712491315151823,0.05538478842657345,0.3195921484576065,4.7333194964836536e-08,6.095632243400156e-09,0.026562244526841583,4.337814392407768e-09,7.521760991835436e-15,1.6653345369377348e-16,0.04765291778795175,0.018547491234349622,2.2321908210720665e-11,0.057968658813332824,0.015126400105381677,0.0055384788426594694,0.0021192819874560134,0.07772704316276899,9.507672427133684e-14,0.0050033158074921456
2023-07-06,0.0,0.0057910073469412855,2.0,0.0044894867464025275,0.05403097889757082,0.30129050512760924,1.9999999950757972,2.5160537739846964e-08,0.01240223068996009,2.2731168475287333e-09,3.941291737419306e-15,1.4408707729820647,0.06652653844317336,0.022943004321266856,2.7154667403550548e-11,0.06095870467975486,0.02098060292584203,0.00540309788975829,0.0007248175303099166,0.07716963871047766,9.979517212599376e-14,0.002333673101426921
2023-07-07,0.0,0.014986382578937394,0.0,0.01863004477590239,0.054641051010819966,0.034772916631194514,4.966992221069965e-10,3.015825982546201e-08,0.03572290581453701,1.442476631752232e-07,1.4136464221436995e-10,6.661338147750939e-16,0.015442412192449302,0.0193281044049639,2.472654025975629e-11,0.01932076489522419,0.024940011222376494,0.005464105101080488,0.002693365124814613,0.0038217086336149817,7.702172233337023e-15,0.011070323685131228
2023-07-10,0.0,0.0038844878387135047,0.0,0.0318133914326731,0.07073327394687151,0.06987111887592688,2.4209191274220862e-09,1.837026229627579e-07,0.03675287353304612,1.4751503712301384e-07,1.4136326831337698e-10,1.2212453270876722e-15,0.08640525371731596,0.020999368136486223,2.6546750908629235e-11,0.06267632254586225,0.020157141516317846,0.007073327394687454,0.0011553017476462896,0.0016399860585744122,2.585015534961599e-13,0.007749081703153908
2023-07-11,0.0,0.0053631436638579486,2.0,0.021148279729834678,0.06055555323911197,0.11056676309764335,1.9999999922178113,1.1613550133478355e-06,0.04133175107420934,8.498309129328918e-08,3.4555691641457997e-15,1.6653345369377348e-15,0.034943115659571186,0.025393084276719144,3.233129042268246e-11,0.05200232831701767,0.029613748403798348,0.006055555323909945,0.001687328752860831,0.002076134041057342,2.641636909217482e-13,0.008365449132627208
2023-07-12,0.0,0.012774662833601555,2.0,0.029998918692323403,0.09649731549664096,0.6234612152421276,1.9999992443085783,1.0461131918477384e-06,0.025786640613406416,1.2460632381472436e-07,2.286318218081007e-10,1.3322676295501878e-15,0.07629708408416672,0.016669975316813836,2.0279306012227494e-11,0.102076468830142,0.0211183662349215,0.009649731549664142,0.00400409323771659,0.005966680007691457,0.0903524823005253,0.0038020744131842064
2023-07-13,0.0,0.01594942326529793,2.0,0.023678478329092742,0.0437403901607383,0.11434417680471654,1.9999991865526434,2.577035971203068e-07,0.01665757635684567,6.392554173506593e-09,2.3367544010888253e-10,1.6653345369377348e-16,0.0475048158095061,0.02483059962506865,3.4418801142521716e-11,0.24046908378198245,0.025144537616953684,0.004374039016073777,0.0033299237894142686,0.10273482285555598,2.874089854998374e-14,0.012385838623554229
2023-07-14,0.0,0.0177194257253258,2.0,0.03395576689930273,0.13128419821095708,1.0956050832510773,1.9999968803873325,4.2060092335451355e-08,0.002859939357235469,4.3116649084407044e-08,2.9521156352796396e-10,0.5591292270179358,0.12652267914787615,0.01437536090341518,1.8059734263609073e-11,0.08766375733852397,0.010887452654446485,0.013128419821097165,0.002066363383779732,0.050450896679438584,6.106226635438361e-15,0.00902561990626771
2023-07-17,0.0,0.0027815378443417256,0.0,0.006395764299011726,0.06392104586948864,0.5873586378077426,6.467492967938236e-06,4.154103002787346e-08,3.4818986652251915e-08,3.086066418384048e-08,2.819004751852816e-10,2.7755575615628914e-17,0.005185694562984594,0.014626713908254992,1.8218968000915936e-11,0.040146353680766474,0.018179685522505606,0.006392104586948846,0.0007296763872440826,0.0011348670315339607,1.4210854715202004e-14,0.01797226492509123
2023-07-18,0.0,0.010010808716713606,0.0,0.016161465571273695,0.09659199910071166,0.9121424821094071,2.213638736314434e-08,0.0207492204054247,2.109752742021631e-07,0.028577643059015077,2.1521297244309068e-10,2.7755575615628914e-17,0.028821596558842234,0.024457539513238133,3.14031023407324e-11,0.08561156965052308,0.030181535259807837,0.009659199910071262,0.0019342526942081745,0.05076890393585344,2.2662427490161008e-14,0.020360674085537163
2023-07-19,0.0,0.011551675747237873,0.0,0.03281553349538812,0.14448113264280923,0.7678603769674636,3.899431796435098e-09,0.028351453437825067,2.1224729898627892e-07,0.026704906356433453,6.426720683405662e-10,5.828670879282072e-16,0.01716288460263711,0.023319142418158113,3.148174776423929e-11,0.05923749471031486,0.020300621946463194,0.01444811326428122,0.0015610825626360542,0.09863973841402304,3.2154834350706096e-14,0.005467363687936159
2023-07-20,0.0,0.004431555641580916,0.0,0.014371098995347187,0.04016676533887699,1.2905387279175533,1.532291403248475e-08,0.008018769956440118,2.106340744462143e-07,0.003116885537222648,3.902886208662082e-10,1.1102230246251565e-16,0.0036799548771670326,0.019286136378876148,2.720899894281814e-11,0.0750741964623329,0.014519158341064601,0.004016676533887736,0.001684837015559118,0.002056455947831555,1.1601830607332886e-14,0.0031678064841932797
2023-07-21,0.0,0.0026843996027299043,0.0,0.007471876078045553,0.07757430895389748,1.5665090697264406,1.585208733660348e-08,0.012165533550303054,5.360666389259139e-08,0.032037367728791045,4.4059515758032575e-10,2.498001805406602e-16,0.015960549617402807,0.01225565878491245,1.5380086093585987e-11,0.05164677513921704,0.013333627509251846,0.007757430895389772,0.0014215887666032753,0.0980263222654078,0.0,0.0004833334108604436
2023-07-24,0.0,0.0015988884907029682,0.0,0.0044598688501741295,0.09545197825122835,1.9157928876969694,7.883105544033068e-09,0.011068679039182655,3.526706508077959e-08,0.06482355511607152,3.564338824091351e-10,0.35566119284124326,0.023924333344075385,0.015585239493703398,1.945861527463677e-11,0.05057957804668835,0.017469262121668275,0.009545197825122836,0.0003286475785501744,0.0010256089592871904,1.2309597785531423e-14,0.013253178230388064
2023-07-25,0.0,0.009731286260828021,2.0,0.026230818374005965,0.04502369289939673,1.9157928876969692,1.999999321984719,0.01784783151356971,1.4848441649839561e-08,0.01818020849384254,5.010123427240387e-10,1.3877787807814457e-16,0.06358785410017745,0.03427796200625377,4.124119101778234e-11,0.1111070332042133,0.032834936797883935,0.004502369289940078,0.001527521001799266,0.1564419864938389,0.07832756145652318,0.0047270291974822
2023-07-26,0.0,0.0027956901143578014,2.0,0.014130062120127615,0.0944383681472399,1.438171218567109,1.999999295659337,3.325707784474294e-08,1.0127190838704614e-07,0.04857187959286941,3.1955003920725034e-10,2.498001805406602e-16,0.0453459232403929,0.027064176915457636,3.5273242660061044e-11,0.09285151408638423,0.030529437506944843,0.009443836814724271,0.0017998818947419365,0.0031239703550651633,4.135580766728708e-15,0.005332765618133747
2023-07-27,0.0,0.006719414405401583,0.0,0.01620544520366554,0.013634070156379833,0.7136825933262908,1.934866044670897e-08,1.0529290312258172e-07,2.1744476511043054e-08,0.03389546950578331,3.0824634511539273e-10,1.3877787807814457e-16,0.08216460667543846,0.019762388588237124,2.6445429179844382e-11,0.07523840808504699,0.02777821255716089,0.0013634070156382655,0.0014659207297356563,0.002425362818421723,4.779510121011299e-14,0.021227424276359923
2023-07-28,0.0,0.012069110319074523,0.0,0.04976958648984475,0.12371753755027241,0.6947022212524933,1.3647284260527374e-08,0.035769210831208265,2.2947535259498775e-07,0.033792406827052715,3.155971317614359e-11,2.498001805406602e-16,0.12999405280751467,0.03569157577042419,5.103303890585664e-11,0.04929809310502686,0.029373533192589542,0.012371753755027429,0.005340541656333332,0.057273347177318745,0.0591306402882943,0.018162816160639396
2023-07-31,0.0,0.012864687193974916,0.0,0.022638230878327458,0.1428308722874995,2.0,5.111298819777764e-09,0.030227248264873236,0.019727525554665254,0.04688077249021581,2.9628807740600394e-10,2.7755575615628914e-17,0.05271720405213709,0.02969352583396927,4.0297529202426574e-11,0.031127641123445987,0.021750181495587086,0.014283087228749908,0.001070439486096919,0.04886747858411695,7.049916206369744e-15,0.014954342296296799
2023-08-01,0.0,0.0076526378847395484,0.0,0.009525809335372313,0.081630178812857,2.0,9.862464478137084e-09,0.02785321766723032,0.034858628854222314,0.011628410592692123,2.9629025621868976e-10,3.0531133177191805e-16,0.14257808419481155,0.041871048668847714,5.4518889402999093e-11,0.07804377083274583,0.028807539647679587,0.008163017881285442,0.0036982870548830857,0.004059926586102809,9.56179579958416e-15,0.01551740098079418
2023-08-02,0.0,0.008187964567774252,0.0,0.014970113942783516,0.08687156395467212,1.4428783060742854,4.1285423501185406e-09,0.045036128281714875,0.01538523402226695,0.011628591512316919,1.064850985166288e-11,8.881784197001252e-16,0.050323970004684374,0.01866781791431898,2.6647267725721235e-11,0.049302625527422796,0.014925358165929506,0.008687156395466536,0.0013586949351952274,0.0025345398388576107,0.0,0.017195337275932962
2023-08-03,0.0,0.006177826390015648,0.0,0.034826329475142144,0.1204989881769498,1.8857100368925424,1.6127586473663432e-08,0.0631294488780609,0.03919061364106915,5.571399286016798e-07,1.0649175985477655e-11,1.2490009027033011e-15,0.12254959359955803,0.03376165280948051,4.574472745044744e-11,0.06828551377375942,0.020754903265052155,0.012049898817693527,0.002325050605306335,0.002969406636167604,3.0531133177191805e-15,0.0028422233419088967
2023-08-04,0.0,0.017475851959124555,0.0,0.04389868525407487,0.08441504314116763,1.2646210509245543,1.7836911072522955e-08,0.12319408837258437,0.0015401752212118244,0.010295782832777087,3.427813588530171e-15,0.21025862666117345,0.012650370500190779,0.03657350882008633,4.6778012019466075e-11,0.07268370716751665,0.03699595826514796,0.008441504314116749,0.004051035550563374,0.04946420577041055,3.2751579226442118e-15,0.0020157882882403224
2023-08-07,0.0,0.0040146352863976555,0.0,0.01918018429564419,0.09109967151321367,1.2656826430257797,3.772825685730699e-09,0.055473906154202654,0.02824369631512317,0.010296113918161244,5.1209037010835345e-15,0.5659198195024172,0.010841615378473737,0.033916082698043845,4.615469118007809e-11,0.07014984355718579,0.03480500712419476,0.009109967151321119,0.0017078243364791607,0.003707668058812787,3.8441472227646045e-15,0.0033638910503251355
2023-08-08,0.0,0.0008161209279700315,0.0,0.0045107836333506115,0.02680837200783117,1.1655571884135485,2.0082454391372886e-09,0.03232843211731298,0.005892693659773664,3.914492680695547e-08,6.880972180933753e-11,2.220446049250313e-16,0.002257743566513176,0.01858192010159608,2.333161441825382e-11,0.023462664019025456,0.023484810058557074,0.0026808372007830067,0.0006913411260577665,0.0012553498345182715,0.0,0.0002099857708181866
2023-08-09,0.0,0.008485662715087048,0.0,0.036663040533188404,0.10826343730147463,1.2172728621553315,5.878762858219325e-09,0.02520861453090808,0.023901401954587287,1.02599523210678e-07,2.8399060880701654e-10,0.0,0.011002363948232709,0.03146840976692736,4.043933243824682e-11,0.06901421169610956,0.02033645023130798,0.010826343730147583,0.003390319688651215,0.00373713928896313,0.0,0.017972333956713382
2023-08-10,0.0,0.01766224891523064,0.0,0.06299051869116792,0.09545415956646282,1.764566328240333,6.397031698409191e-09,0.01675192830348078,6.783888931854998e-08,0.07039465670061826,2.364070605942459e-10,0.6302556200895022,0.00780949514921065,0.02920770011066945,3.560407524361153e-11,0.09251142507103215,0.032424335442080295,0.009545415956645861,0.006536355017163174,0.009919251165227133,0.14488831419052411,0.0144792986446144
2023-08-11,0.0,0.00589491638558285,0.0,0.013034328845425408,0.07050290590006013,2.0,2.0986693926514337e-09,0.04318655615318678,2.2466786500641156e-08,0.029606359531679192,4.828962230085665e-11,1.077336180086565,0.009608683430256205,0.017320995074870685,2.0762475072544362e-11,0.03299286738265086,0.014843963431910991,0.007050290590005018,0.0013442853045969247,0.05362273342481033,0.0,0.0005719327829594384
2023-08-14,0.0,0.01503518224636174,0.0,0.10349786747130262,0.2100687254057782,1.4119593601108855,1.3564825312029666e-09,0.11209994410763176,0.10779774931050448,0.024079967544062678,6.416731035407963e-11,1.077336180086565,0.11903955851080075,0.046248524220922495,6.022744802880453e-11,0.10871163158976524,0.036817794338543625,0.02100687254057812,0.011638738826132006,0.01190443796909664,0.0,0.012552689583949745
2023-08-15,0.0,0.002167889788038371,0.0,0.011967245269706932,0.15163771887178834,1.8932108784146893,1.2624534557608276e-09,0.020448519584564857,0.054888590026477814,0.05488880554566361,1.2589837505849744e-10,1.2184697695261093e-14,0.0850901028213962,0.019534619732235185,2.4732632608603922e-11,0.042477187428044384,0.02300154127769384,0.015163771887180003,0.00031428214310703223,0.0010722319662531433,0.0,0.009863946229173953
2023-08-16,0.0,0.012197799281109456,0.0,0.02723462988727689,0.1376232086268748,1.127101668886616,3.1879475814801614e-09,0.034457999365629446,0.07035958288988534,0.0703595258303229,8.367108395024303e-11,8.770761894538737e-15,0.14851910685389222,0.028787605030052517,4.587226432040126e-11,0.06279287279012136,0.03146546046661559,0.013762320862687596,0.001068741429516469,0.0029486119617359186,0.0,0.003665959093463646
2023-08-17,0.0,0.002862488058771859,0.0,0.006720631536364946,0.2503366684081335,2.0,1.2480963794178192e-09,0.010905505496766698,0.08511453224977655,0.08511457774952916,1.5282140830574775e-10,1.260237166938196,0.1273229279316214,0.024774932709741113,3.281545868372149e-11,0.07369751437980537,0.03259260517745223,0.025033666840813373,0.0008209987238392766,0.0021394727808898423,0.0,0.003281634907115016
2023-08-18,0.0,0.0007626221510024756,0.0,0.035495874325707985,0.1743643605095864,1.4954865797558838,1.00041921936113e-09,0.04006032080826238,0.05657793605048277,0.05657787596218894,1.5281871601491304e-10,0.9566244803169298,0.09006823910494925,0.047278122172528414,7.02108510219901e-11,0.08541725890504862,0.02907464569128336,0.017436436050959958,0.004683793153514651,0.004207879995691187,2.3474278076918154e-14,0.0032141525185793354
2023-08-21,0.0,0.004055234717397321,0.0,0.009435674913674556,0.06955737727140637,1.667367820513494,2.1986243175187206e-09,0.047203060779497014,0.04710424779975642,0.04710424052592931,9.450773497121645e-15,0.0,0.01418486279062694,0.019958036442712934,2.4576035650980543e-11,0.038207644803804224,0.02152917813599647,0.006955737727141281,0.000621328743480587,0.0019787085893907576,6.692563170318522e-15,0.001061438802028
2023-08-22,0.0,0.011971118510950205,0.0,0.022419369688486943,0.08181907124181238,0.49639362045031316,1.1414315679478782e-09,0.046888917677881906,0.04231823763396656,0.04231825044101609,1.2292732110008586e-10,0.0,0.026681570275108764,0.03202497749101978,4.112392371080631e-11,0.042301453786139497,0.030956462950493188,0.008181907124181334,0.0015699348215531053,0.003142139211988911,1.3575945922994492e-14,0.0032647838901693088
2023-08-23,0.0,0.0022306066440526766,0.0,0.03264873636644046,0.09029533874980385,1.7223929177566002,8.766709719819859e-10,0.06128234590118915,0.12288521990853332,0.12288525202589745,1.2292887541232034e-10,4.801714581503802e-15,0.04711926794160537,0.04082531788740073,5.5867838133494274e-11,0.07734091017098889,0.03172350699908106,0.009029533874979317,0.006284766782851829,0.005455840497934763,1.8793994138732728e-14,0.00694339001486459
2023-08-24,0.0,0.00949433528869324,0.0,0.023049918060335055,0.2004455664130458,1.1041245909044417,5.776200631903591e-10,0.0233266465214262,0.06020673688163953,0.060206753103086826,2.345346139520643e-15,0.7239516521629695,0.1008948079526609,0.02260854149844447,2.795352838091958e-11,0.06100580382561351,0.01834339328649665,0.020044556641302294,0.0038352451896684625,0.006667297669403532,0.0,0.0017807982625081902
2023-08-25,0.0,0.005066950088371575,0.0,0.012366191422320398,0.17250014504759692,1.5409124510303451,4.1376092884033567e-10,0.06211380521179076,0.042811946311509204,0.04281197212626556,2.886579864025407e-15,1.0269562977782698e-14,0.10429514434183396,0.017406044711976293,2.0041579507079632e-11,0.05562170799199631,0.018401439014805183,0.01725001450475966,0.0012439388044045013,0.0014667471064307054,0.0,0.003272528301197146
2023-08-28,0.0,0.0036734970732216795,0.0,0.017180021513294647,0.11461926304299531,0.25340522844171226,9.039758023192443e-10,0.043115162834192575,0.06430666937723736,0.06430660182757936,1.6375789613221059e-15,3.941291737419306e-15,0.03170441723649706,0.01953432635751779,3.1834299085709006e-11,0.03231811836646711,0.013623680605357107,0.011461926304299166,0.0012317109855494862,0.0013627516414350185,0.0,0.0011739059702903305
2023-08-29,0.0,0.012603923318391752,0.0,0.016159588648835124,0.10508859565092665,1.3609203918103612,7.102250980588115e-10,0.10093429748866514,0.02023010800038496,0.020229991642150176,3.2647665126894765e-10,2.1094237467877974e-15,0.0,0.03612732150711095,5.6456769814694496e-11,0.0557997063440533,0.03316855675211044,0.01050885956509219,0.0014108255493437555,0.003556620292316539,2.443184543565735e-14,0.011981526822316364
2023-08-30,0.0,0.016194763440233254,0.0,0.011502112544501276,0.20037813215032219,0.7932636843480256,5.144627856933193e-10,0.03875099582765871,0.09506803909527115,0.0950681094756847,3.2647112790940014e-10,1.609823385706477e-15,0.1688884001104226,0.017120442815862308,2.15176626516822e-11,0.045794264495389904,0.015191840328752702,0.020037813215032244,0.0022803525172356495,0.0038085033228651075,1.3645334862033565e-14,0.01725059850664043
2023-08-31,0.0,0.009157451934674012,0.0,0.013974837852091075,0.1543757615993715,1.456136986759718,3.956520052324386e-10,0.032338969744146566,0.09005997761555531,0.0900636797027553,1.8271600898955853e-10,1.3322676295501878e-15,0.07782846112440747,0.021202513714507723,3.198792619674151e-11,0.03696031636920501,0.014494156758646067,0.015437576159936836,0.0021370242678473844,0.003296110089206182,0.0,0.0015857378427991398
2023-09-01,0.0,0.005506373755371468,0.0,0.009878732566505096,0.14128068869112856,0.343600716837176,4.99662276594845e-10,0.03318501480277087,0.023691871585102477,0.023688952926547602,1.8271775759082232e-10,3.2751579226442118e-15,0.07491394438718635,0.03154454813044667,4.254444019302639e-11,0.05233702346215823,0.019503444478550166,0.014128068869112373,0.002301891572043739,0.0026471480811058427,0.0,0.011446842289992935
2023-09-05,0.0,0.000807380212064194,0.0,0.028224688638095633,0.13384551297792882,1.3888475617070444,1.8530177139082406e-09,0.03632091998486384,0.030965292048476374,0.03096541412779351,3.3405303523359464e-10,1.0165286710489352,0.058081509025009054,0.019262703229818025,2.2654447762171515e-11,0.04494571332302315,0.02562989561126284,0.01338455129779291,0.002254669984163446,0.0023558935568412306,0.10319877324934909,0.010800401681263758
2023-09-06,0.0,0.0017968640908425097,0.0,0.010525638270175811,0.14985575509844212,1.688955457076908,1.6934398659728517e-09,0.06309606860407412,0.07610829244963857,0.07610847284235397,3.4735112008910107e-10,0.5050614000951108,0.11321692796393731,0.0247704230800243,3.07730091408942e-11,0.04645837204705969,0.04121752154237003,0.014985575509844223,0.0016595774346803358,0.00167479388074988,0.0,0.00036827160194183306
2023-09-07,0.0,0.004190105358186343,0.0,0.011624999956666786,0.16322736766561702,1.6889554570769083,6.786069188449293e-10,0.027392425459881242,0.05392434145515699,0.05392534787306474,1.5789304586011355e-10,0.3330371056110232,0.0803001728828926,0.028978265080910143,4.175540468942529e-11,0.07997281824681325,0.022463826836601766,0.016322736766561055,0.0032554718995449552,0.00412858872354183,0.0,0.018357205367287216
2023-09-08,0.0,0.001868607569257852,0.0,0.010654234346758882,0.07587115031374614,0.10016912574437208,4.670331753524979e-10,0.017555439539544394,0.05923420233719406,0.0592302468296003,2.4435703460667924e-11,0.6943816058204082,0.1571849489573875,0.017154940384819323,2.0461979333141755e-11,0.08065913999031106,0.023062334676831234,0.007587115031374728,0.0023768033569053493,0.0024937822376369864,9.21554499377919e-14,0.0022688396227761864
2023-09-11,0.0,0.0025655446232128957,0.0,0.010348370461030916,0.12263052233965635,2.0,6.852306223804804e-10,0.00014384266613820206,0.016378424930634745,0.01637848358649975,3.627346062407e-10,0.6943816058204056,0.11298632548876758,0.018723001688482226,2.1775359293485508e-11,0.06075337587476917,0.013214148539819396,0.012263052233965607,0.0007120408064098457,0.00207323172726695,0.0,0.01597886668775142
2023-09-12,0.0,0.0016445536589915447,0.0,0.012952987734998802,0.05106280973573065,2.0,2.2649609361810477e-10,0.005360227715775965,0.029186454361526205,0.02918606122356935,3.6394025293429166e-10,4.135580766728708e-15,0.060353280520144575,0.01824719828523911,2.0283608126447916e-11,0.05566258994621768,0.01794672763093743,0.005106280973573116,0.0013073476257007555,0.001443343461509039,1.0602629885170245e-14,0.0011974929284441216
2023-09-13,0.0,0.004263951419061195,0.0,0.008380120352874509,0.12515080192129885,2.0,1.6165495292928499e-09,0.059302018892906865,0.058838043769074574,0.05883801399093663,2.3343646460283196e-11,0.6943816058204083,0.06151370221099126,0.01855562149139857,2.2531948529191936e-11,0.06423830447329983,0.024926545226958755,0.012515080192130906,0.0015461736054942499,0.002089037138665331,1.6778245459647678e-14,0.0013527784525897424
2023-09-14,0.0,0.0029924432231138174,0.0,0.011443462833615173,0.07030480803443497,1.893574253003837,8.205641377644373e-10,0.029151223419891566,0.06819925583390948,0.06819921897707723,2.2237875429986786e-10,4.2049697057677804e-15,0.07945230381802447,0.022669183538443015,3.001525417101192e-11,0.0709364145550546,0.0236262124831159,0.0070304808034439975,0.0030239641926787936,0.0037649144973853563,2.0490553698238045e-14,0.04418806247990497
2023-09-15,0.0,0.013531374161322102,0.0,0.06867833598984717,0.22637296420009526,1.9085082158268127,8.879404806325095e-10,0.023754100942843828,0.09033406279661566,0.09033406942942886,2.7986336859076033e-10,2.0539125955565396e-15,0.1062229930568576,0.04757468409936173,5.850153694808569e-11,0.19334332809703966,0.05069269387605253,0.022637296420009737,0.00462266098039231,0.006367250412335438,0.18245910620567063,0.013712302792278553
2023-09-18,0.0,0.057728128043429354,0.0,0.05955963351560479,0.32174043109041833,2.0,2.7142208383041753e-09,0.0660790518274125,0.15608745022733236,0.15608753432473074,2.7202398666936745e-10,0.22431451392172086,0.128210723088606,0.024016622559253388,4.064271141857034e-11,0.17387903158514653,0.03869284478992645,0.032174043109042,0.0075968925460269884,0.016224915277519666,0.006178097594731133,0.07825887664552825
2023-09-19,0.0,0.008428242867068038,0.0,0.021540545355376032,0.20253177005168702,0.20753141030343306,1.239732103860834e-09,0.06451617798140083,0.11008629231428499,0.11008900983460011,1.8341932139787076e-10,0.41570726588490403,0.06975594152460088,0.01990304348631463,2.7355201437373466e-11,0.043451157944324484,0.01806471350315404,0.020253177005168738,0.0015786379072983067,0.04070574742554509,0.0,0.08977424465463846
2023-09-20,0.0,0.01693355985825321,0.0,0.017936553353236045,0.08556000764353361,2.0,1.0089120696758235e-09,0.027790091873989883,0.0883642466542455,0.08836146420830243,1.8971701987169354e-10,6.38378239159465e-16,0.11206244864028114,0.01679597507408239,2.7206820130132314e-11,0.14751499851917682,0.014240322508715555,0.008556000764353047,0.004041892535141714,0.040828671283021166,0.0,0.010327977776684705
2023-09-21,0.0,0.004253847631720518,0.0,0.02344440276314716,0.2579421235919766,2.0,1.088896119506691e-09,0.1101316143405028,0.2524721821044783,0.25246732429919594,2.173044938436064e-10,0.4157072658849046,0.24277410107507688,0.04586807463271552,6.84550055529698e-11,0.14712638335803038,0.05100802295410131,0.025794212359197155,0.006363777716754032,0.009936563519016967,1.6343003339525097e-13,0.08946247625790396
2023-09-22,0.0,0.007675686027643149,0.0,0.054305439004345354,0.140782690522542,2.0,2.018631638096372e-09,0.09488395832317054,0.03818553117878734,0.03817974188769304,1.8210372099147776e-10,0.4157072658849039,0.03392901342280141,0.03923486833064309,4.85873563604855e-11,0.14603255276821234,0.050920819096467757,0.01407826905225408,0.003733235650570474,0.006318263169956324,1.6862032603537358e-13,0.00903005566359491
2023-09-25,0.0,0.0009162167020277583,0.0,0.0136761483333253,0.0849014748269504,0.6751279156076022,7.546250564820907e-10,0.03400636753552602,0.0415872784940198,0.041587514776812204,1.8673197710317169e-10,0.0,0.06240004180308863,0.03742248086536666,6.241664129991165e-11,0.10267189157962434,0.02808844763161535,0.008490147482696567,0.0014616751211453186,0.002508312596991479,3.387047586844716e-15,0.0023822141599196545
2023-09-26,0.0,0.003805024210472232,0.0,0.03568103098366176,0.1389784717693876,2.0,7.344869009707155e-10,0.08736309881574507,0.14169814367277206,0.1266643200771089,5.004945624609292e-10,0.0,0.16067708484501086,0.03462520265834575,6.407148422926667e-11,0.08815735853942772,0.02914218539914918,0.013897847176901498,0.0015044695065500116,0.004356087464712596,1.891715950552708e-14,0.0033556259794261245
2023-09-27,0.0,0.002601286933015718,0.0,0.005535944353057712,0.062241143601461144,0.6382875957786835,1.4582384586405445e-09,0.026096117056107634,0.048304125470120064,0.027966967619797035,7.560421177998933e-10,1.1102230246251565e-16,0.19322315928579445,0.031904116233338005,4.424492716648132e-11,0.07407653157507015,0.03425471208675757,0.0062241143601620835,0.001858877877663201,0.0032884388176862914,1.462632098769845e-14,0.005311386492336895
2023-09-28,0.0,0.003426853787902316,0.0,0.019769617314331554,0.07028001480221924,2.0,1.3717891106597994e-09,0.03102928033171193,0.06648580918895071,0.06648450328779233,3.272293963574313e-10,0.0,0.02350874002674703,0.029428286848732266,4.7787315771152805e-11,0.062351209295800736,0.022271392352572014,0.007028001480220272,0.00488305209871092,0.006126707271310598,0.0,0.0036725332994661797
2023-09-29,0.0,0.00029229381213609904,0.0,0.007517352158518633,0.08243600192446876,2.0,8.364450862867082e-10,0.015396884887419122,0.02441823519528656,0.024417032274069453,4.399258735077183e-15,0.41570726588490414,0.13175799209772193,0.012598609834729234,1.5735704406161233e-11,0.045960985296552924,0.01296671668616424,0.00824360019244709,0.0008308271802801581,0.0016114468034376661,0.0,0.003299474425607185
2023-10-02,0.0,0.0034490821051298124,0.0,0.014502680817851336,0.21081004418564148,1.3727206267412577,3.546394315190429e-09,0.02324152650814855,0.08334374321233393,0.018879326042221457,1.6514567491299204e-15,4.3021142204224816e-16,0.2779236836337999,0.032126276390719584,4.436880030045387e-11,0.10547733753454157,0.03139897422213897,0.021081004418564142,0.00237798617114042,0.004003324704373895,1.2394599235854287e-14,0.006713827933040067
2023-10-03,0.0,0.0012801674497234562,0.0,0.016319154630330283,0.06133675328972005,1.0383706236821717,1.5203212206791389e-09,0.044493890416733246,0.03553321892465521,1.4767218168426632e-07,1.5001888620247428e-14,1.5966289712843784,0.02289789025152303,0.02850297218261873,4.8556353382522843e-11,0.0722821070368468,0.041988723311226946,0.006133675328970314,0.0024857108152922802,0.002803655104887441,0.0,0.004677771385415669
2023-10-04,0.0,0.004639624793251299,0.0,0.05006653455404202,0.12136552582323443,0.6800195612409357,1.0416508745969942e-09,0.037912000342915676,2.2776651094347233e-07,0.05254015320282217,1.759180995319909e-10,1.585513567108488,0.11393911534939104,0.030424837535739657,5.328698593487502e-11,0.06999385260968477,0.04150438987892356,0.012136552582323434,0.004175663339866423,0.006161369542231673,0.003223438652851362,0.0040813021474464806
2023-10-05,0.0,0.0019954916321192747,0.0,0.02305413416713706,0.10042438907190245,0.19157701537805433,1.3893794763765243e-09,0.008459838224286621,2.735072083884238e-07,0.02099899113602946,1.4914156021283986e-10,1.0547118733938987e-15,0.11811570369087114,0.020726865675469445,2.9887828323360566e-11,0.06353322389474098,0.02371322648202222,0.010042438907190254,0.0021020719505884175,0.004383938827214086,1.590307746601738e-14,0.005004766736803112
2023-10-06,0.0,0.022184225589798826,0.0,0.06316179375217601,0.1805844996366431,0.31258400562680644,9.707395683597888e-09,0.03993757850148233,0.06847602817718033,0.02646078263859729,6.39021058290723e-11,0.46064155101702575,0.12052069016531533,0.04793146106363199,7.603134788425336e-11,0.08458665985045585,0.05377895091883564,0.01805844996366418,0.008195332513651607,0.039675400351473294,0.008238064307018563,0.037654760936912224
2023-10-09,0.0,0.006345123959710276,0.0,0.015243665550886576,0.13309027352525915,0.10058946876837396,6.836854713041557e-10,0.006176600085024932,0.07253460542560242,0.04101069112431373,2.2516447040210608e-11,0.0,0.02317098928904801,0.019168967268161308,3.055426744946743e-11,0.03990186973517052,0.016289335174443215,0.013309027352525732,0.0030353035764347017,0.00397248102862684,0.011179006126426305,0.020063205765193548
2023-10-10,0.0,0.03314569936713718,0.0,0.05320013211606896,0.10370821793124455,0.7179636932102701,2.306321372937751e-09,0.051104834896353146,0.09079691033770744,0.09079702805380271,2.2516585818088686e-11,0.46064155101702564,0.056388538086272345,0.04355807055573491,8.138695273274266e-11,0.06878373528854262,0.02589302617308276,0.0103708217931264,0.00848475546751147,0.01463807519102844,4.718447854656915e-15,0.0013493055412080457
2023-10-11,0.0,0.00031683034496852774,0.0,0.006237550823910924,0.0426780207894115,2.0,6.485354212155521e-10,0.02470465870632125,0.0042131266895746936,0.00421331650055657,1.8698209647283193e-11,0.46064155101702586,0.019894404008346092,0.018500903351013787,2.7428684323815844e-11,0.022860634943694235,0.018746603277536505,0.004267802078941035,0.0006163441790175625,0.0022270077548724072,7.327471962526033e-15,0.0008110222157156621
2023-10-12,0.0,0.002860775968108497,0.0,0.022205122090166094,0.12490806532117911,1.2355608511468816,4.80941966228797e-10,0.03303926199707967,0.028002629750892724,0.02800258866923179,1.8698514958614965e-11,0.4606415510170259,0.11909865940328399,0.025859589387558505,4.010657084219105e-11,0.041755481779863914,0.023495583271948717,0.012490806532117829,0.0034206609425948,0.003534184174417962,1.0325074129013956e-14,0.01125825988044632
2023-10-13,0.0,0.011578628528578725,0.0,0.03897861148491695,0.12759246028482651,1.245292395135259,1.4421586366214774e-09,0.006247339454606106,0.04749836055725958,0.04749836043085461,2.5396351688300456e-15,0.46064155101702575,0.15999532663395666,0.032147528370144396,6.590487877655704e-11,0.05125558295023694,0.04245393932326514,0.01275924602848301,0.00480450628169634,0.009312456492043673,7.105427357601002e-15,0.018485046233358393
2023-10-16,0.0,0.012418813789321756,0.0,0.04869424429416571,0.12266280669980553,0.0763599176842153,3.6759734479345324e-09,0.0298839481447139,0.09018405290753512,0.09018404785391226,6.591949208711867e-15,0.6915106606520158,0.03587844885935219,0.02596269863142314,4.1856518251393027e-11,0.04647837052766172,0.025187227976583453,0.012266280669980811,0.003870388315996301,0.013202834363458805,0.0,0.010630870700053724
2023-10-17,0.0,0.0011803712475283105,0.0,0.010889628421532722,0.08938057894903335,0.11401497103379529,6.3410262593023545e-09,0.03001933719037061,0.042452427939534555,0.04245242619254546,7.577272143066693e-15,1.1102230246251565e-16,0.07109829220583794,0.026622834428536628,4.927404317900397e-11,0.04992434667518328,0.0338540062414854,0.008938057894903345,0.001683390182225665,0.003068267920732986,2.1344037648418634e-14,0.0007489409472291875
2023-10-18,0.0,0.014288041906694353,0.0,0.028508195699398164,0.11373047331862315,0.5865772203015932,8.952427572022266e-09,0.01214068053457459,0.07941988604699785,0.06426747508140694,2.609024107869118e-15,0.0,0.08553877784950484,0.01684667121603514,2.8995764123074252e-11,0.03347509142924274,0.018039080264540357,0.01137304733186234,0.0023757736738277135,0.004307874217211037,1.970645868709653e-15,0.007188332422692956
2023-10-19,0.0,0.0021886116918435478,0.0,0.025524383167262576,0.1414628793575466,0.21054924752739118,3.900553302173262e-09,0.029529189770433364,0.03871592227588472,8.869658351187693e-07,3.858025010572419e-15,0.0,0.15629121205077787,0.025342989105385322,4.0227224329392186e-11,0.0456577240287696,0.023687220477354075,0.014146287935754107,0.0024155776446257715,0.004495687917619579,1.482147737874584e-14,0.0005911013065547643
2023-10-20,0.0,0.0075560724295958975,2.0,0.03726038681042918,0.11690697649746624,0.22550771767036204,1.9999999459098692,0.028071451245499698,0.04613244824061172,2.5569593817276193e-08,2.3600940646240076e-11,1.1934897514720433e-15,0.13050676796315216,0.04570902243046102,7.470157825650858e-11,0.09526169518950908,0.03315129188706131,0.011690697649746493,0.004496155106747786,0.006453887835580357,5.523359547510154e-15,0.006560775433494539
2023-10-23,0.0,0.0022837803379962005,0.0,0.020964649324793586,0.1010400990567748,0.0,3.548539837311122e-08,3.912170935645824e-06,1.6207427728370805e-07,1.689416128519694e-08,2.3603688448226023e-11,0.35197142505631784,0.022564964632684356,0.030401628146114378,5.050633522518666e-11,0.07624811554423176,0.03325165398973074,0.010104009905677766,0.0006707218481351515,0.0019601200525813794,0.0,0.0031122690939642925
2023-10-24,0.0,0.008443129801223751,0.0,0.014631289431387282,0.09143996518676038,0.0,1.4661046824774076e-08,1.0299909051904413e-08,1.733250342694781e-07,6.379653545718345e-08,2.192690473634684e-15,0.0,0.048890074457863655,0.015909620350364983,2.658996633986277e-11,0.05698985994442159,0.017735712421900116,0.009143996518676159,0.003410666051306341,0.004617778567731587,2.886579864025407e-15,0.008061014612501473
2023-10-25,0.0,0.007542063934072027,0.0,0.02393022874409306,0.06820872395341941,0.0,7.054708386734288e-08,1.2738893930439917e-06,2.8254670284000305e-08,3.6419799662179564e-08,5.347486342621721e-12,0.21950701136260692,0.04539151497919326,0.025570199568561835,4.551238552696901e-11,0.07863965015520792,0.022923530757713806,0.006820872395341848,0.0011626363307064083,0.0035058124310705305,0.0,0.0023779168391460602
2023-10-26,0.0,0.00388715929100911,0.0,0.024885662736057967,0.07298422499324606,0.0,7.532333891658894e-08,1.2554279674194276e-06,2.6767180867637297e-07,3.369450107815197e-08,3.7995273594049195e-11,0.21950701136260692,0.03614613544064043,0.022972402818819064,3.7128147778453524e-11,0.09202902905098798,0.021945065370506417,0.007298422499324844,0.0030534729573024194,0.002662268176042943,0.0,0.018118534246699135
2023-10-27,0.0,0.00475278137259518,0.0,0.004660151083206123,0.09882770620969632,0.0,1.2396819956448212e-08,7.051229120021192e-08,2.9265802718725364e-07,1.4489657113037069e-08,4.3492487389329426e-11,7.494005416219807e-16,0.1419300280583783,0.019813636301980582,3.852945740234759e-11,0.03363584301486022,0.021796947800680033,0.009882770620969511,0.0010906168246582054,0.002980808885024274,0.0,0.004410326825047037
2023-10-30,0.0,0.012025583995312871,0.0,0.026424016027845602,0.05426666233138392,0.08300473013192776,1.7084720195060852e-08,7.984321564478773e-08,1.4597748756312035e-07,1.4820660809711228e-09,3.1579475145981917e-11,2.7755575615628914e-16,0.1358789967642902,0.030196787705888056,4.6502565687056574e-11,0.0671168667243519,0.02089297709234718,0.005426666233137645,0.004219808431997228,0.004540838980720656,3.469446951953614e-15,0.1063800486952713
2023-10-31,0.0,0.007805494208188949,0.0,0.02122308582564786,0.053210322711197404,0.3129695230622193,8.12406185773453e-08,0.01972610145554836,2.3287959943774084e-07,1.3055032402342626e-09,3.593067510188064e-11,1.0269562977782698e-15,0.17067426194549584,0.02620110314523255,3.953619376328987e-11,0.07539131854681182,0.02325360494682682,0.00532103227111938,0.0033188092555893264,0.004665259100475903,0.0,0.10219351558935363
2023-11-01,0.0,0.0010668844179518122,0.0,0.014636416402216053,0.09508603318621098,0.16062938100367696,1.4321383784456305,0.03437162426768397,3.685635888497907e-07,3.7626644855404123e-10,4.6074255521944e-15,4.440892098500626e-16,0.0581574132926725,0.019920541012771485,3.078708121773133e-11,0.03143475012364294,0.022498157176640627,0.009508603318621633,0.000893227747424799,0.0009623891394136413,1.5376588891058418e-14,0.026830541377718158
2023-11-02,0.0,0.003342003862017566,2.0,0.025165437726017762,0.08115100027836657,0.44449600638954534,1.9974161454947297,0.02656012128278427,0.01766091832668089,1.533399476838504e-09,3.941291737419306e-15,0.3519714250563167,0.027541921038669568,0.01961800318523801,2.9133029322281345e-11,0.030678720815644326,0.019999091271714394,0.008115100027836664,0.0030169237653411007,0.005634646162830544,1.7041923427996153e-14,0.010087446160777641
2023-11-03,0.0,0.017660118084045655,0.0,0.0476730606596391,0.09981544397714118,0.11210762780827868,8.473212718727543e-08,0.002419848931632099,0.017934851254216698,9.563128483547345e-10,5.7592819402429996e-15,4.163336342344337e-16,0.028008381968880475,0.02422579914729445,4.1123313088142766e-11,0.08036519280396945,0.0183944315940788,0.009981544397714287,0.004694008240251742,0.007540943352339843,0.07665966041631206,0.09538531494216451
2023-11-06,0.0,0.0013865798051682769,0.0,0.014618493890659244,0.07146015178200121,0.13533345290027965,3.549270330996476e-06,2.2411383917368446e-05,0.0021729311110399024,5.354783186306555e-09,5.578870698741412e-15,1.7208456881689926e-15,0.03615458838180804,0.02353039638225662,3.3014230238492814e-11,0.03823219977870315,0.022721766841658202,0.007146015178206441,0.003287281996328259,0.00400882750889869,5.578870698741412e-15,0.002808117971234904
2023-11-07,0.0,0.0001853799539389901,0.0,0.017874473846696305,0.12743978568349143,0.13379579608494657,3.5768742843162032e-06,0.020542061888508892,0.06682871866759459,0.0003986767597250404,2.7402885516281117e-11,2.1371793224034263e-15,0.07910358202612183,0.019114105495931608,2.942458776633572e-11,0.06437100046505766,0.01972545565528614,0.012743978568351633,0.001011362018498961,0.0020693484422814913,2.3037127760972e-15,0.005055624084024282
2023-11-08,0.0,0.012736541777015553,0.0,0.0209788097993652,0.08212125073785621,0.5494122199254629,4.002960655843641e-08,0.006305424770072927,0.011223127410228656,0.0003986286394665195,1.885656492062182e-10,0.0,0.06313676232305844,0.031311807357320066,4.889774696259508e-11,0.06132046061703274,0.03027239424316655,0.008212125073785478,0.003468853239322174,0.008055573029837292,0.06625361278090375,0.007687099746785341
2023-11-09,0.0,0.00635153545941173,0.0,0.030745994262631898,0.1394354692305448,0.37824298666411743,9.663856081807418e-09,0.0374758313000031,0.07320845691556788,0.062236841672942876,1.5486459337132885e-10,0.0,0.04852311832480971,0.029590916531892324,4.2955042300896196e-11,0.09470442155469147,0.03364243041190608,0.013943546923051359,0.0021247968560738836,0.0023809575813169385,9.520162436160717e-15,0.11671525491049085
2023-11-10,0.0,0.011757164961978584,0.0,0.022536406613862858,0.06761116613526276,0.3098994517099307,5.976085863387478e-09,0.017517111873562575,0.00016086033082290951,0.0001607488143160335,1.1409406752704854e-10,2.7755575615628914e-17,0.12833948792575886,0.02061369675309366,3.824911221084193e-11,0.03914883133676073,0.01901223819622795,0.006761116613526477,0.0023280700357700967,0.003241694680217365,0.08094060839648867,0.12449498091174306
2023-11-13,0.0,0.014726584529869743,0.0,0.020651272006936814,0.04273207812837479,0.05574127669301801,1.0550755662372205e-08,0.016818723127953024,0.005612672382557714,0.0056125592547397254,2.2101515062544763e-11,2.7755575615628914e-17,0.10300691559009396,0.016816038855051656,3.1619165619112266e-11,0.08067468939381768,0.016977748254365793,0.00427320781283759,0.00361000230482994,0.005622047342864488,6.217248937900877e-15,0.0038062558489714224
2023-11-14,0.0,0.004111731237081138,0.0,0.015823312507251115,0.028433860598164933,0.01194389162655679,1.9505915307113906e-09,0.030140595155634595,0.012411494063873027,0.012411392780624128,6.936437535465245e-12,0.0,0.11061987369102078,0.01779451532425585,2.3022667106076256e-11,0.048305288142046085,0.018273378991336537,0.0028433860598162525,0.0013207617309202932,0.002809073105123041,5.523359547510154e-15,0.09889745254740387
2023-11-15,0.0,0.015930957875869043,0.0,0.04391681197220022,0.023460904622005976,0.6283894835340427,1.5865449858206388e-09,0.00812490044048671,0.003926564080170114,0.00392646608459251,6.0645932720149176e-15,0.0,0.11588672120550857,0.0247506738378809,4.222211469340209e-11,0.07671970252701221,0.011265031290185365,0.002346090462200176,0.007900296362973763,0.03318117787210217,9.152401059253634e-15,0.004918807869689179
2023-11-16,0.0,0.008102424188542833,0.0,0.027118834432438652,0.07414560771728809,1.2023604897955587,1.7716457222082915e-08,0.0350173204844551,0.05324946647989141,0.053247490387176,2.3295962381375546e-11,0.0,0.2088681250829314,0.027408073282171746,4.048024415670426e-11,0.05261252498571657,0.03350352645844677,0.007414560771729056,0.0012500250427947418,0.03378003482650699,6.085409953726639e-15,0.030000309259088847
2023-11-17,0.0,0.0036449411245164567,2.0,0.014424978894393476,0.029524864338197464,0.0904483174743358,1.9999742134917664,0.03706791116611402,0.025549226506593505,0.005955826198683796,3.0686772567456444e-11,1.6653345369377348e-15,0.0291773705786286,0.022867784892080592,3.001147941272819e-11,0.05860943626540555,0.01703543446053118,0.0029524864338197204,0.0006759050011498624,0.0027679906277991266,1.4453716001838757e-14,0.011113853978824209
2023-11-20,0.0,0.012166919714379111,0.0,0.01035072241967179,0.052138073988252584,2.0,2.5155245453344047e-05,0.01739457457497291,0.02742789605739386,0.007833163872812979,1.6189688478718267e-11,0.0,0.06850094038823246,0.015588562534886843,2.0047408177958914e-11,0.07168494005932587,0.011063025695472043,0.005213807398821893,0.0022278654423051047,0.003296998015485754,9.374445664178666e-15,0.00868953921406665
2023-11-21,0.0,0.0023384389189766465,2.0,0.014477115426638636,0.042547224233340994,1.5524937991393397,1.9999980904770658,0.021939976580616926,0.006872307359221848,0.006839085553499123,2.4631233164207345e-10,4.3576253716537394e-15,0.0,0.013530700291695962,1.7554097064831353e-11,0.014845987794989999,0.00904914347732147,0.004254722423330748,0.0008414993899794679,0.0006905270031183283,0.0,0.0006675218411013109
2023-11-22,0.0,0.006391064303757421,2.0,0.013161679179230714,0.044763933515690926,2.0,1.999998717986908,0.0397187216360325,0.022690193485945177,0.0009942685115247318,2.3832816276048163e-10,0.13246441369373085,0.0,0.014639223100801808,2.0176249559966664e-11,0.05898958939649592,0.023225494313912486,0.0044763933515690885,0.002251277642331191,0.03327402120940004,0.03128612160306135,0.00850296834266305
2023-11-24,0.0,0.013204693767624634,2.0,0.011338163535900442,0.0534141883388884,0.7780063056826276,1.9999998555463587,0.005675339597628675,0.04777515709254804,0.026045655353341676,9.978129433818594e-15,0.13246441369373474,0.0,0.030142297020300468,3.968429751477487e-11,0.060193055854781,0.026094577874978316,0.0053414188338889446,0.002592900186493441,0.004272880200538093,0.0,0.04107214426576648
2023-11-27,0.0,0.007581635428970233,2.0,0.016703376159646177,0.022530238029270733,1.8026149963046412,1.999999739714635,0.005675979428037177,0.007105787404671181,0.007104999506972742,2.2300564173072246e-11,0.4439486364764393,0.0,0.020668351884479845,2.8624907999486027e-11,0.03777034063739134,0.020922660272223066,0.002253023802923193,0.00044746635516875605,0.002282165555867341,3.327893516313907e-14,0.06842780615094045
2023-11-28,0.0,0.003824079009838108,0.0,0.004833032796901928,0.011478757502001412,0.7342019220024261,1.1451456242493379e-07,0.004420006691247991,0.013114199627392319,0.013113417026721627,1.0422514240548963e-10,0.44394863647643923,0.0,0.022288745089840235,3.1935454281040165e-11,0.033760161095319284,0.017782258784518095,0.0011478757502012965,0.0010715421658133162,0.00225843502304136,3.920475055707584e-15,0.001208940168275989
2023-11-29,0.0,0.010161537427666852,0.0,0.01718864542080708,0.05615598290653502,0.7557270284395377,1.929239725568896e-08,0.004420001344656397,0.05310690118677027,0.005827556240074569,8.95612056739381e-11,0.21950701136260692,0.019201606363121737,0.024990619934793616,3.285151317644619e-11,0.05862821705044849,0.019621831346789503,0.005615598290652307,0.0034682699705642223,0.004770450766510219,0.0,0.006735892547455623
2023-11-30,0.0,0.03257720905705218,0.0,0.03365393078027203,0.09241346250586312,1.3155054346362052,2.048661873157298e-08,1.7662509792079873e-07,0.03845088456168891,2.36859840414827e-07,2.886579864025407e-15,0.5746702449855047,0.019201606363121737,0.031201990336207464,4.634892469823626e-11,0.08500479124618385,0.028476761335793244,0.009241346250593904,0.007845284393076461,0.011171094385389053,0.0,0.016165824359327653
2023-12-01,0.0,0.008652968487546863,0.0,0.020458738357801882,0.062209609887684716,0.12610323126585937,6.738678627651183e-09,0.05079005050643445,0.029331319472297127,0.020501289472229546,3.039235529911366e-15,9.853229343548264e-16,0.004055703282829559,0.023867878922904,3.274598647795557e-11,0.06450848755171236,0.023867739185743152,0.006220960988768606,0.001628152553475308,0.0016300265034369342,0.0,0.002668639486677178
2023-12-04,0.0,0.013208611933367743,0.0,0.028090829959276812,0.06060834335274801,0.5714285714285715,7.343848786351441e-09,0.02420419512283404,0.03131786236623692,0.020501441861232136,1.0673274764005924e-10,0.4473202991566103,0.004055703282829559,0.022395134498198434,2.916283881049253e-11,0.0835577996835337,0.02032104491670585,0.006060834335273033,0.005735172341490104,0.00827354459017958,1.8415824420969784e-14,0.011063502166285946
2023-12-05,0.0,0.00932643967052259,0.0,0.03928175128493837,0.16773399971470787,0.00606360911966633,8.021015861331146e-09,0.026585945725620105,0.08450141629185759,0.07368437706764672,1.0673362194069114e-10,0.4473202991566082,0.007189943547924016,0.024258345684718716,3.548136784381484e-11,0.04485011089495203,0.029360196022739527,0.016773399971470385,0.0034493861460983544,0.09694108000369347,0.0,0.0044440820831632075
2023-12-06,0.0,0.014580884520479183,0.0,0.03935772763640315,0.11300331217888086,0.013518172679522378,4.0713186590938586e-09,1.204372027482631e-07,0.033453596802492665,0.03345357106481725,1.9975021636753354e-10,0.0036818902666065773,0.0031342402650944567,0.025526845469004106,4.3501882651675317e-11,0.0880856946070777,0.024899191854456357,0.01130033121788715,0.003069472872764184,0.004472380022115079,2.1239954239860026e-14,0.01437061695793971
2023-12-07,0.0,0.005162503506106292,0.0,0.02250671419763365,0.10937350039318883,0.019581781799188708,1.4282577359420997e-06,0.03681662918465994,0.02384410407282834,0.02384407695489813,2.0640403275429264e-10,6.501743587961073e-15,0.0,0.025631120295995596,3.2003719119266805e-11,0.05807768897791058,0.027665520871992724,0.010937350039317006,0.0004975114690671731,0.0030631449541680157,1.5432100042289676e-14,0.0101019404862982
2023-12-08,0.0,0.011978286116925134,2.0,0.030166940417517853,0.1636261325088042,0.0,1.9999985111759357,0.01651573183872207,0.014426668872140017,0.014426877876065648,1.0015756279901922e-10,0.8092388212370807,0.0182279646400879,0.021067393281565483,2.6160434929423104e-11,0.09531314648477472,0.022331561628354844,0.016362613250880717,0.003112415712528273,0.006884341198023201,0.08899761001423058,0.02453392512359478
2023-12-11,0.0,0.01789729156330776,0.0,0.02003185071498062,0.062926212317713,0.3151993286782183,8.958630214516022e-08,0.053332502890243355,0.041209713689665625,0.041209709309146796,2.72430564218773e-10,1.942890293094024e-16,0.02096151179113967,0.02769628287203437,3.4426350659089167e-11,0.10658602175482573,0.0364746745939088,0.006292621231771989,0.004180497460808091,0.007119345302867126,0.0,0.014012511325580543
2023-12-12,0.0,0.0013177014916282378,0.0,0.009887509254575582,0.0690513420418769,0.16353507919082233,2.8269254933494762e-09,0.023553874410461674,0.0053499635597661285,0.005350405816248724,6.15201167786239e-10,0.19991591304385714,0.0718651214915366,0.015412375922875442,2.014116651238851e-11,0.04424132026835583,0.017047966449588735,0.006905134204188729,9.778352949321029e-05,0.0010427124784403129,0.0,0.017864409961918123
2023-12-13,0.0,0.007119063430951765,0.0,0.018989283402473956,0.10304585180298965,0.3998903209309187,6.433984239751266e-09,0.055608832061306325,0.02647216383562711,0.026472199803135622,6.873787233852013e-10,0.19991591304384876,0.04266971228829518,0.026568535589683785,3.18959164635757e-11,0.10834380347115183,0.017438533771001123,0.010304585180299447,0.004023475596867214,0.004882492405042647,0.0,0.00912539484458598
2023-12-14,0.0,0.01371458357790926,0.0,0.04145173500723718,0.08902138646452422,0.13600959265836904,4.5057152046798795e-09,0.0449946135547911,0.010906164193704035,0.010906169299656772,4.0974032500251667e-10,8.854028621385623e-15,0.06180635648082168,0.029464024920728547,3.306620255383308e-11,0.10324104532351287,0.022518120717625406,0.008902138646452007,0.006936663823824837,0.008541215509063744,0.0,0.029082370413351467
2023-12-15,0.0,0.06841863002086292,0.0,0.0971989866083095,0.1270649377744956,0.8260478880505151,3.433918223831188e-09,0.11196904218331369,0.046752758406384404,0.04675275203435122,3.324658465198027e-10,0.8827693382072358,0.11110545993707702,0.043723215987054885,5.991294960150384e-11,0.12416518089143766,0.04005810487740033,0.012706493777448244,0.014007169104607621,0.024055944563910584,0.0783039967819358,0.026649818665655432
2023-12-18,0.0,0.0028129774583306845,0.0,0.01098982421223652,0.10565402979315162,0.0794540053823431,7.0789759227107705e-09,0.03954549648160753,0.010028426758443475,0.01002841653475356,8.005150708978448e-11,0.8869794657430874,0.021268014519320488,0.016411934074799676,2.2736465488115698e-11,0.044474341196658655,0.01874123355394716,0.010565402979314256,0.0011901192126296048,0.0013034971748330758,0.0,0.015304123738451686
2023-12-19,0.0,0.017491132926034433,0.0,0.047828284799487475,0.18958217467342325,0.0794540053823431,1.7750330186072227e-09,0.09185735608835667,0.15867270993789023,0.1586726327925159,1.1344770955989958e-10,3.913536161803677e-15,0.042384891818016836,0.024606634015457443,2.721262104543598e-11,0.06890108159331033,0.02662247004590139,0.01895821746734179,0.00425036284354028,0.006981630187546009,2.942091015256665e-15,0.019956987124687603
2023-12-20,0.0,0.0017676172902739782,0.0,0.008390985895866735,0.08373921030417414,0.0,1.3548276102487697e-09,0.040601518632720254,0.047548302086948206,0.047547860870523956,2.7008752179202844e-10,4.413136522884997e-15,0.008175509804411856,0.02230889852836787,2.7250063316941464e-11,0.06864694958330438,0.02524631433139459,0.008373921030415732,0.0008133299740451724,0.0008441735818715303,0.0,0.004896549471954868
2023-12-21,0.0,0.0009609869959657129,0.0,0.012546097507477915,0.11779508031438907,0.0,2.5113786618384113e-09,0.05494297094607818,0.09117753448697544,0.09117718025452168,2.5465891895226633e-10,0.2680931550720065,0.02789155142096377,0.025423808756602113,3.0384125770943626e-11,0.05906545984088211,0.023366283101163496,0.011779508031438943,0.0019706915231419916,0.002060068637227186,0.0,0.005887529993883884
2023-12-22,0.0,0.007420066017630512,0.0,0.008628811277441,0.1338090345491224,0.0,1.172092587494316e-08,0.06381104970298294,0.01130850481372627,0.011308503973709146,1.787654468898836e-10,6.966649479522857e-15,0.013007495872764414,0.026213253326147865,3.962867534124115e-11,0.07476295465183436,0.026336573101984673,0.01338090345491226,0.0028610731012509716,0.003489902366110461,0.0,0.006152412408815247
2023-12-26,0.0,0.0008658789975957131,0.0,0.021038363021775884,0.09065953637067309,0.15319286803647775,5.307593102183406e-09,0.0846864876763468,0.05456634372946301,0.054566344207320566,1.7876618241263742e-10,0.8606171324924337,0.016828660033318975,0.034704259842671746,4.5211001609146706e-11,0.048382009791530206,0.04204384133731869,0.009065953637068122,0.0015699452167813877,0.002074035049922863,0.0,0.004535902753753908
2023-12-27,0.0,0.019950244002636605,0.0,0.02255481982032961,0.11984682567369045,0.06902935418574471,2.2109424559220906e-09,0.050374211972496113,0.03427484297925308,0.0342757718712237,7.102096688527126e-11,0.8606171324924339,0.09233063252725951,0.021491016361448304,2.69629596427734e-11,0.04541914745799021,0.028813539939523992,0.011984682567369509,0.004085653512336751,0.006523703093630165,0.02391557247592785,0.019701067412030326
2023-12-28,0.0,0.03348761577264362,0.0,0.027561404593832436,0.23004066490653552,0.2780756914563095,4.680930590529851e-08,0.0551472794274298,0.07087051891256047,0.0708705561367832,8.293962738825655e-11,1.2933851041153384,0.06340747244522846,0.02501177785583617,3.1243646558820615e-11,0.045322841180192946,0.03411328526395259,0.023004066490653688,0.009485011418872022,0.013664498960685837,0.0682074456860718,0.012957296953145403
2023-12-29,0.0,0.03010376324738063,0.0,0.08144715269630885,0.0659178972790952,0.2465825650485448,5.527020922600121e-08,0.02369522605239342,0.04075125776613894,0.040751289405141986,1.936866639296042e-10,0.038468359022072775,0.05539581332186628,0.015507096133406978,2.0122403743272343e-11,0.028166600453862538,0.02664434409397011,0.00659178972790983,0.005816072480821,0.00828445396116638,0.00847457970200445,0.010221370468327275
