Date,EW,GMV,GMR,MD,MV,MSV,SemiV,WUBC,WLBC,WUBC_Alt,FSD,SSD,SRF_LP,DMV,DMV_Yager,DMV_Return,DMV_Vars,EWMV,RP,HRP,CVaR,MAD
2022-07-25,0.0028367149202663433,0.004228460856478464,0.029318113657604318,0.004673605993757626,0.029318113638658334,-0.0003032229495898539,0.0293181134053767,0.015761782453221976,0.002836714920266343,0.002836714920266343,0.0028367149202663186,0.029318113657604318,0.011600299602179742,0.026968023219602736,0.00283671492172879,0.019501508324481793,0.008532065515988478,0.005484854792119242,0.003936132292704032,0.0037186290008093354,0.004945247565937826,0.004759391636882827
2022-07-26,-0.007741460802271676,-0.0038380725072687818,-0.007843121459033197,-0.01546407183799309,-0.007843121453953723,-0.014600288846201126,-0.007843121367789913,0.0029807638448772723,-0.007741460802271674,-0.007741460802271674,-0.007741460802243664,-0.007843121459033197,0.006513247368524632,-0.0063292529901097195,-0.007741460800392741,-0.005587305626280286,-0.0032236586168456695,-0.007751626867430833,-0.005992717723481806,-0.002389248960701393,0.0038623329394291963,-0.0022004478379562204
2022-07-27,0.01408643093803526,0.007175650163524107,0.013082436836887576,0.012085261651124925,0.013082436826811561,0.017833558330588452,0.013082436703779912,0.00511013377800203,0.014086430938035254,0.014086430938035254,0.014086430938035237,0.013082436836887576,0.0051589082360791495,0.011510455081827391,0.014086430935431686,0.009297664856710052,0.008619798196211705,0.013986031526905666,0.01168465776474012,0.00832950206741502,0.002151017298669994,0.006899392742803372
2022-07-28,0.00949001090028723,0.007669555165510246,0.007542521638038361,0.003622633241602501,0.007542521637679084,0.013491390527884178,0.007542521597519198,0.0034791965447054365,0.009490010900287229,0.009490010900287229,0.009490010900347796,0.007542521638038361,0.00851845787661254,0.008503283851743877,0.00949001089906056,0.007028881404237387,0.0064937665580280315,0.009295261974019682,0.00874863307704129,0.008657415295271049,-0.0007282318861557232,0.011287535550342492
2022-07-29,0.007481019592181907,0.011370893810421641,0.08529200115351114,0.011539061677358917,0.08529200103740593,0.0029751214124943874,0.08529200027716949,0.02422168298977353,0.007481019592181905,0.007481019592181905,0.007481019592182045,0.08529200115351114,0.018038229600193988,0.0657653432043156,0.007481019593687747,0.045741198922575284,0.016751391725956653,0.015262117736720097,0.006812659816602466,0.005518771965751022,0.0020789590085875174,0.012617573581831075
2022-08-01,-0.0002215272178505183,-0.0015078168470670646,-0.020167700496287078,0.002248193904532827,-0.020167700491816886,0.004432692149685013,-0.02016770041437834,-0.012113564729197683,-0.00022152721785051853,-0.00022152721785051853,-0.00022152721778901017,-0.020167700496287078,-0.0060967871234050295,-0.019499277276593795,-0.00022152721982837735,-0.01389703237291648,-0.004764382362376025,-0.002216144545279671,-0.0005689267090793461,-0.0006223150463259851,-0.0031503011126375554,0.0010621273146922952
2022-08-02,-0.01341621684155269,-0.008747680305958329,-0.00857205795816556,-0.008742428346830155,-0.00857205795766337,-0.015139936344046501,-0.008572057954513296,-0.007033986846115544,-0.013416216841552685,-0.013416216841552685,-0.01341621684155263,-0.00857205795816556,-0.009113540307335275,-0.007775372163904787,-0.01341621684051614,-0.009149617455653477,-0.0083694067891773,-0.012931800953154826,-0.012117626652090744,-0.011425611181080576,-0.008301358473696195,-0.010019905148765084
2022-08-03,0.011898408891381737,0.0038295668470228026,-0.024039291965047536,0.003679589687227811,-0.024039291953682432,0.014031174841789411,-0.024039291791676364,-0.0038448181744676047,0.011898408891381735,0.011898408891381735,0.011898408891484137,-0.024039291965047536,-0.0029571626830181856,-0.021033029245293888,0.011898408888808859,-0.011977271214851938,0.0031203624955244025,0.008304638806833305,0.00940755427170335,0.008820009220057457,0.0063486230559563015,0.0016482056092725034
2022-08-04,-0.0037935439118064796,-0.013040517946080266,-0.027538421594630963,-0.012175070664259888,-0.027538421585816084,-0.005219896849974258,-0.02753842147902767,-0.015258492915742449,-0.0037935439118064788,-0.0037935439118064788,-0.0037935439115787694,-0.027538421594630963,-0.012072068319861443,-0.025398563983975744,-0.0037935439126640246,-0.018645448872917175,-0.010543828942362424,-0.006168031679225489,-0.0058203754791132795,-0.0067765376766958565,-0.01000318682227216,-0.014197620735472892
2022-08-05,0.0022333983682043873,0.0025298294787207878,0.0164054360669158,0.00454288351455514,0.016405436059384684,0.00032879909501034324,0.016405435980117157,0.007232403326219633,0.002233398368204387,0.002233398368204387,0.0022333983682124177,0.0164054360669158,0.0038107144838847302,0.014569100641739574,0.0022333983688607325,0.010844881385833186,0.004708293489211881,0.003650602137342211,0.002605478206106335,0.002329126565189504,0.0033074745237424803,0.003059004786176133
2022-08-08,0.0011874324158468992,0.0005197859810776814,-0.0014979371496700326,0.003884282055320976,-0.00149793714755581,0.003521101836600596,-0.0014979371339584656,0.003447699005781783,0.0011874324158468988,0.0011874324158468988,0.0011874324158908558,-0.0014979371496700326,-0.0009260487832263078,-0.0007497972936084973,0.0011874324152576956,-0.0007943368759427047,0.001243799346126246,0.0009188954594992824,0.0013116516325901136,0.0008916756033202048,0.002246597116263329,-0.0014572849030074645
2022-08-09,-0.0018039101287681968,0.004680102217111385,0.012952613884855075,0.0007012378272746289,0.01295261387778186,-0.0072762136184232615,0.01295261383085226,0.007853333938008912,-0.001803910128768196,-0.001803910128768196,-0.001803910128727569,0.012952613884855075,0.007823516445219645,0.010901225687850362,-0.0018039101270455077,0.008314575429601855,0.004473770362557712,-0.000328257728094,2.9110087308257155e-05,0.0013554370388067294,0.0021782753615202217,0.004857210688560451
2022-08-10,0.01676198696067552,0.007813181383193781,0.0026349883282775852,0.010336827695382406,0.0026349883304296095,0.021657548978895724,0.0026349883613208027,0.0008863913473776115,0.016761986960675518,0.016761986960675518,0.016761986960731876,0.0026349883282775852,0.004495725472594351,0.002387245061607361,0.016761986958529724,0.005282008550502265,0.008561795090075418,0.015349287097625779,0.013913849953059838,0.01192975430720328,0.010178589178922861,0.006349269857980976
2022-08-11,0.0033785121630537825,-0.001480212414397095,0.024094324278617872,0.0023112690344728763,0.02409432426084571,0.007060607899670376,0.024094324102257984,0.0031592119762917825,0.0033785121630537825,0.0033785121630537825,0.003378512163053773,0.024094324278617872,0.001301070531123868,0.01857254955991634,0.0033785121622862267,0.012396280683534967,0.002632402613316793,0.005450093372839165,0.002195369312921949,0.0006601339218853664,-0.006044684009529695,-0.003725098193437858
2022-08-12,0.012851464885640661,0.007621789556423093,0.0014400322904644235,0.011967309949456495,0.0014400322965764138,0.01641519559727061,0.0014400323619122705,0.015308462737287528,0.012851464885640656,0.012851464885640656,0.012851464885640608,0.0014400322904644235,0.009295276106932641,0.003992672303449661,0.01285146488521445,0.005467336879653341,0.010946330391450342,0.011710321626719424,0.01182860463015885,0.01112611651957082,0.005534537561066762,0.006159270398317877
2022-08-15,0.00410127734630921,0.005206894614580241,-0.019201057147606802,0.00225758327995535,-0.019201057133900058,0.0048926116314297165,-0.019201056999358986,-0.005523617320588312,0.00410127734630921,0.00410127734630921,0.004101277346309213,-0.019201057147606802,4.946245788293828e-06,-0.015485734229882624,0.0041012773458120695,-0.011024530322108941,0.0005140600910631422,0.0017710438982709114,0.004100381618250922,0.004896272391415732,0.003935043609606094,0.00466351345431239
2022-08-16,0.006959982535937952,0.01034297763235017,-0.002554412429603022,0.011738308634757595,-0.0025544124246179418,0.007866351762395363,-0.002554412385826534,0.0007053875630179392,0.00695998253593795,0.00695998253593795,0.006959982535976046,-0.002554412429603022,0.0026590076445601575,-0.0015630878956282336,0.00695998253577206,0.0007885765522419198,0.007064112324560153,0.006008543039877099,0.008014898199178692,0.008795842638744363,0.008711308623105101,0.00973327069512884
2022-08-17,-0.005028315045834715,-0.0007681459175713835,0.008214005160731643,-0.0017461533606441542,0.008214005156694262,-0.011612926415640136,0.008214005121953806,0.0031039196515168397,-0.005028315045834714,-0.005028315045834714,-0.005028315045823201,0.008214005160731643,0.0022787239724392045,0.006751516512817105,-0.0050283150451201596,0.005299329525786366,0.0009959118455316303,-0.003704083025562959,-0.0038397199106307966,-0.0031596412270092533,2.2066983077984498e-05,-0.0008462925022744563
2022-08-18,0.00277667678084362,-0.0025861446139324863,0.017380693385104784,0.001217406479235505,0.017380693379328956,0.002276704820321763,0.017380693308924104,0.0070418364738164705,0.0027766767808436194,0.0027766767808436194,0.002776676781046651,0.017380693385104784,0.00648918500149945,0.01572682498649796,0.002776676781088071,0.012867826944673796,0.002976912408349751,0.004237078440708451,0.0017715586649327045,0.0007647706660826876,-0.0002801931509444105,-0.002443054694824976
2022-08-19,-0.009506641368951256,0.0006841578083361832,-0.008398923414062863,-0.006080454422224827,-0.008398923412138392,-0.002260122885136893,-0.008398923383505858,0.0010579189626000968,-0.009506641368951255,-0.009506641368951255,-0.00950664136890027,-0.008398923414062863,-0.001093456987120487,-0.007965205366189812,-0.009506641368089618,-0.008240106295985343,-0.003658018791122198,-0.009395869573254341,-0.006480512241432982,-0.004007751149013607,0.002676621909408588,0.0004536693325717842
2022-08-22,-0.01983814032129742,-0.012257439839995625,-0.005022596895125213,-0.016082679062165237,-0.0050225968971546854,-0.025543075064405896,-0.005022596935539021,-0.008077536627087155,-0.019838140321297416,-0.019838140321297416,-0.019838140321306628,-0.005022596895125213,-0.009562343905120816,-0.005022596942563061,-0.01983814032021048,-0.008388211801529249,-0.013414398942384331,-0.018356585978851148,-0.017561705413676885,-0.016941395171471824,-0.013165094425184513,-0.010842516550328269
2022-08-23,-0.0028347767044768148,-0.006227856470906147,0.031926085437014355,-0.0036704262576003977,0.03192608543015077,-0.0037123721343840744,0.03192608529533257,0.0016400370312746795,-0.0028347767044768148,-0.0028347767044768148,-0.0028347767044700606,0.031926085437014355,0.0031657658875863543,0.03192608517656608,-0.002834776703780495,0.025600642465799697,-0.00017759863323982744,0.0006413095090241019,-0.0038309768746810744,-0.005607044411158615,-0.0076858811979100775,-0.00400164259640726
2022-08-24,0.0011105499069330887,0.0005210065980811805,0.007380603708549014,0.003201434132565515,0.007380603707346306,0.005000028656288455,0.007380603681314842,0.0020908516019496927,0.0011105499069330885,0.0011105499069330885,0.0011105499068982073,0.007380603708549014,0.0020472882877352948,0.007380603697606538,0.001110549906501046,0.0054856483032939855,0.0004467082954920639,0.0017375552869716396,0.00029862830322834543,0.00019234485698079048,-0.003678827014344764,0.0006981801385129941
2022-08-25,0.010489738350115595,0.006197175039925696,0.008724726861907835,0.005322593225382206,0.00872472686171811,0.010998036890038924,0.008724726855356664,0.006807330571992965,0.010489738350115593,0.010489738350115593,0.01048973835011547,0.008724726861907835,0.005724931593208478,0.008724726862509942,0.010489738349725162,0.008659588105633371,0.007283872264359616,0.010313237201272798,0.009327380106835596,0.00854715495557253,0.0083038672120895,0.00611154489271852
2022-08-26,-0.03108465595356424,-0.020364194198192014,-0.007377521229619241,-0.022597732621098317,-0.007377521232786566,-0.03996350876197244,-0.007377521289125354,-0.014933976757936177,-0.031084655953564234,-0.031084655953564234,-0.031084655953564237,-0.007377521229619241,-0.01676469559003649,-0.00737752278858613,-0.031084655951614564,-0.011833624408450021,-0.02229950596269835,-0.0287139424814446,-0.02871305092069333,-0.027704864122949955,-0.02086495941544647,-0.018948283856534312
2022-08-29,-0.006543876177995265,-0.0032760461107658586,0.0074381253046733094,-0.003952932059770653,0.007438125302570066,-0.006284186488878541,0.007438125252452405,-0.00374385058241913,-0.006543876177995263,-0.006543876177995263,-0.006543876178007769,0.0074381253046733094,-0.0028688777659977467,0.007438125282896047,-0.006543876176831751,0.0037792254216254604,-0.0032611505994320114,-0.005145676029915858,-0.005830686557280728,-0.005531236667229081,-0.006334026211920085,-0.00307977337921002
2022-08-30,-0.010249292058799755,-0.008974685959217271,-0.02465909651175265,-0.010461086190597773,-0.02465909650957934,-0.010505708074420549,-0.02465909645703658,-0.014718540874649823,-0.010249292058799753,-0.010249292058799753,-0.010249292058842693,-0.02465909651175265,-0.013423554857778484,-0.024659096471480825,-0.010249292059509934,-0.02060338105792045,-0.012512854421115554,-0.011690272503895325,-0.010173023865074599,-0.009976090879411986,-0.006837217276826379,-0.010199084382261801
2022-08-31,-0.009069681623878521,-0.006681132690779038,-0.016066798987848217,-0.010222994602890462,-0.01606679898667939,-0.008306719075195134,-0.016066798959000674,-0.012846353179227585,-0.009069681623878518,-0.009069681623878518,-0.009069681623862024,-0.016066798987848217,-0.009765631106017145,-0.016066798866087872,-0.009069681623822072,-0.013755591896929169,-0.00987842512342319,-0.00976939336016407,-0.008759191337047566,-0.007870828362609125,-0.006579277295053905,-0.007691977485378072
2022-09-01,0.003207336804890027,0.012743010653795286,-0.016071768253178582,0.005252729194101584,-0.016071768249610197,1.0167571339277417e-05,-0.016071768154923134,0.004558849599225225,0.003207336804890026,0.003207336804890026,0.00320733680489003,-0.016071768253178582,0.0045947134743899625,-0.01607176802564696,0.003207336806083572,-0.009039830631231304,0.00615239025681545,0.0012794262994285034,0.005848545431198765,0.008214598446166512,0.015932374195390446,0.01133553211945209
2022-09-02,-0.011166281806231576,-0.009570948787271284,0.014742469365388545,-0.00811272883601494,0.014742469359726573,-0.012529853431508493,0.014742469253498378,-0.004456321910353731,-0.011166281806231575,-0.011166281806231575,-0.011166281806224174,0.014742469365388545,-0.004638160841854557,0.01474246522913646,-0.011166281805265044,0.005510906686157417,-0.006907381194868694,-0.008575406689603608,-0.011330779515343748,-0.011681259605027628,-0.010000190060491755,-0.00812119624779521
2022-09-06,-0.006844653089602502,-0.002475135281233651,-0.00463542717400552,-0.004443373488864853,-0.0046354271735713605,-0.009590692898469056,-0.004635427162735965,8.481187008762686e-07,-0.0068446530896025,-0.0068446530896025,-0.006844653089564345,-0.00463542717400552,-0.002169036978179288,-0.004635427161353041,-0.006844653087917381,-0.004431490735438961,-0.003507640055867089,-0.006623730497987355,-0.006046855977664196,-0.00536072400824256,-0.0007096360820228692,-0.0028135068463303534
2022-09-07,0.013822716355681795,0.008457695597881109,-0.012875339365490244,0.009406170401773179,-0.012875339361084117,0.015771598737023596,-0.01287533927065367,0.0018116618343570563,0.013822716355681795,0.013822716355681795,0.013822716355637572,-0.012875339365490244,0.00531519768533369,-0.01287533925814215,0.01382271635342324,-0.004768694441100309,0.007146974588329903,0.01115291078396433,0.012654695665229424,0.012195555630096378,0.0057668036569801,0.007904539690124609
2022-09-08,0.005522929180490435,0.005359327543255085,0.0054007859540183304,0.006556892125765202,0.005400785953958507,0.006494357345325045,0.005400785951510342,0.00654226548485671,0.005522929180490434,0.005522929180490434,0.005522929180490494,0.0054007859540183304,0.0037895958256046114,0.005400785982745718,0.005522929180063082,0.005070407892743458,0.0044858267268502875,0.005510714857836729,0.005219658747024156,0.0051584905843044615,0.005447828042881211,0.0053143166463943195
2022-09-09,0.014133077067397644,0.008224665863212246,0.025450930933450154,0.010420226209572862,0.02545093092911396,0.017613667057053136,0.025450930842269532,0.007400703822406691,0.01413307706739764,0.01413307706739764,0.014133077067397588,0.025450930933450154,0.008348355579115306,0.02524293845682629,0.014133077065494177,0.019281214867719,0.009741346133562154,0.015264862453568976,0.01242047418832409,0.010231790992845834,0.006760052352406853,0.008054523551548308
2022-09-12,0.008285736738712171,-0.0011055423417520112,0.015691662642284703,0.0025924232592981528,0.01569166264011296,0.00984694808699338,0.01569166259729859,0.007288203223014387,0.00828573673871217,0.00828573673871217,0.008285736738707868,0.015691662642284703,-0.0020321929646588853,0.0156916625969275,0.008285736738267165,0.015236438377948748,0.007045069824758885,0.009026329328858282,0.0064707176547417365,0.004950868405224916,-0.006999717892845477,-0.0015775022450944458
2022-09-13,-0.04059514029324971,-0.027857636688980853,-0.01919845907848279,-0.03299043790676022,-0.019198459081503482,-0.04846920890542614,-0.01919845913412508,-0.025454328730042556,-0.0405951402932497,-0.0405951402932497,-0.040595140293249725,-0.01919845907848279,-0.028195189920037143,-0.019198460152577528,-0.04059514028965067,-0.02138545257841743,-0.030106975842853587,-0.03845547217203403,-0.03690215879013689,-0.03426242691792506,-0.03076094885960267,-0.027591840202469742
2022-09-14,0.001434863349057774,0.007332529634024761,0.023925540575577577,0.0074525764648180805,0.023925540570504455,-0.00391487464325977,0.023925540484895147,0.0099791381380418,0.0014348633490577731,0.0014348633490577731,0.0014348633488291752,0.023925540575577577,0.01127779097034047,0.023925540269991774,0.0014348633509901083,0.017252154422815937,0.006599517464472938,0.003683931071228841,0.0020067692646629975,0.0017428565093914185,0.013396498334991375,0.007769941825712055
2022-09-15,-0.008252359375409683,-0.005988893679988463,-0.01636359661963985,-0.008488671561443756,-0.01636359661727849,-0.009826274710013624,-0.016363596562973745,0.0006668677685201101,-0.008252359375409682,-0.008252359375409682,-0.008252359375282405,-0.01636359661963985,-0.008153559578233206,-0.01636359660738821,-0.008252359373811665,-0.012639221955279518,-0.007550163916954268,-0.009063483099598417,-0.007416029754410656,-0.0064275393054895515,-0.002985728350164662,-0.007490467716470162
2022-09-16,-0.004313770895322173,0.0045668337246674824,-0.026304949059539645,-0.0014153809949790036,-0.026304949051811147,-0.006221773317806357,-0.02630494890719278,-0.005625032299196668,-0.004313770895322171,-0.004313770895322171,-0.0043137708953220905,-0.026304949059539645,-0.0035625522322991782,-0.026304948227869537,-0.004313770894838809,-0.014514076420903133,-0.0026968125819770428,-0.0065128887109921416,-0.0016435284721979045,0.0009704581775482173,0.0047509570872801225,0.0035922683773571113
2022-09-19,0.006204867135673707,0.000799791797939368,0.0028720254831024485,0.00127165555139199,0.0028720254827295294,0.007411614486969279,0.0028720254827584125,-0.0006487310760673285,0.006204867135673705,0.006204867135673705,0.006204867135673692,0.0028720254831024485,0.0012648002392116552,0.0028720253346394757,0.006204867134518953,0.0035020349259714746,0.0034801447900285327,0.005871582970370992,0.004578871183396286,0.003930137281548799,-0.0030058732283236083,0.0015500622028007504
2022-09-20,-0.011102558580840959,-0.009646972381260313,-0.003959173078820015,-0.009190939883237704,-0.003959173079543086,-0.014822898246685003,-0.003959173089659471,-0.003992307580750377,-0.011102558580840957,-0.011102558580840957,-0.011102558580840974,-0.003959173078820015,-0.00482555524869705,-0.003959173059325371,-0.01110255857891329,-0.005118951289525544,-0.006814712409465772,-0.010388220030695951,-0.010532938684401003,-0.010422200640190477,-0.010019372463264536,-0.00827085499265313
2022-09-21,-0.017959372826627604,-0.013824854181524387,-0.008159767526173752,-0.01213466801162907,-0.008159767528277522,-0.020032541310215354,-0.008159767565424638,-0.014673767151559944,-0.0179593728266276,-0.0179593728266276,-0.017959372826631292,-0.008159767526173752,-0.012650507515946695,-0.008159768217016994,-0.01795937282548512,-0.011029627552673343,-0.01363073961063897,-0.01697941229677655,-0.016747308903077948,-0.0167996286240616,-0.014749198238893318,-0.012180074523335263
2022-09-22,-0.004134065663752587,0.00559404410918434,-0.0007745717975820677,0.005268881400298699,-0.0007745717959440221,-0.007086568619648674,-0.0007745717638396202,0.013061059862154297,-0.004134065663752586,-0.004134065663752586,-0.004134065663759171,-0.0007745717975820677,0.005037775574825391,-0.0007745716939963618,-0.004134065661143669,0.00041465805200073796,0.003466330311015504,-0.0037981162769602063,-0.00094967757055443,0.00017755601323180011,0.014535714766522732,0.004226786605738581
2022-09-23,-0.017498239684840614,-0.014293796978391095,-0.06756867741121093,-0.02220447970188391,-0.0675686773841659,-0.018303510549835995,-0.0675686769913647,-0.026144119703788413,-0.01749823968484061,-0.01749823968484061,-0.017498239685088453,-0.06756867741121093,-0.025517947758487466,-0.0651114207532852,-0.01749823968508788,-0.04174185774883521,-0.02168505723858608,-0.022505283454833106,-0.0161182057597553,-0.013640245072029251,-0.012941152529202814,-0.016353599586146652
2022-09-26,-0.011221384891157744,-0.008657825888178077,-0.02667004292119198,-0.009453881535110138,-0.02667004287684563,-0.012171468480006742,-0.026670042600095673,-0.0144182618058121,-0.01122138489115774,-0.01122138489115774,-0.011221384891150722,-0.02667004292119198,-0.012910673904861069,-0.02262658836424036,-0.011221384890692137,-0.015467240009392338,-0.010968750743501603,-0.012766250689726614,-0.010306193694337659,-0.009515798307040333,-0.012694339531743587,-0.00862778141752593
2022-09-27,-0.004335065539047643,-0.0076359653669467635,0.00042550884945400855,-0.0022045546421053585,0.0004255088287493417,-0.0021638883408272797,0.00042550867059091467,-0.003660836009090508,-0.0043350655390476415,-0.0043350655390476415,-0.004335065539047608,0.00042550884945400855,-0.009362347709927391,6.513988406090306e-05,-0.004335065540217913,-0.003420491393618612,-0.0045094457301714345,-0.0038590081022679443,-0.00516660544155116,-0.006741509380018147,-0.0021264476455115254,-0.009774072087484653
2022-09-28,0.018122047266526137,0.013443843177731892,0.033196535699993424,0.018059442592544626,0.03319653525558785,0.02343800804729091,0.033196535182079594,0.01867943254168478,0.018122047266526133,0.018122047266526133,0.018122047266526123,0.033196535699993424,0.017284996047563825,0.025381662711428735,0.018122047264944506,0.018870341125636358,0.014552850998566973,0.0196294960654323,0.016869883399949576,0.015016660955243781,0.01267258419833663,0.01408946207265271
2022-09-29,-0.016947882870125882,-0.00995134585004058,-0.006952001631450717,-0.013237248782015902,-0.0069520016868635575,-0.020799158123414305,-0.006952001732501071,-0.006686619935470224,-0.016947882870125875,-0.016947882870125875,-0.01694788287012614,-0.006952001631450717,-0.007545529512726136,-0.007646260062366921,-0.01694788286694453,-0.009348707442958303,-0.011458110902484789,-0.01594829475179965,-0.014709811111667416,-0.013261784194493326,-0.00585139281099086,-0.010152070623879315
2022-09-30,-0.020296660835208855,-0.013293369722541486,-0.007627529442501132,-0.015371094575823656,-0.0076275294594809594,-0.024362628422974278,-0.0076275295634692705,-0.007590847438693196,-0.020296660835208848,-0.020296660835208848,-0.020296660835209653,-0.007627529442501132,-0.009352079485697747,-0.007582746331408306,-0.020296660831276365,-0.010705654163300047,-0.012920973693937151,-0.019029747697636063,-0.017752030408890552,-0.016316158569596784,-0.00980491453470762,-0.012972006239989616
2022-10-03,0.02749751571612961,0.021361552273643857,0.05458371612971131,0.027009710773260386,0.05458371558060786,0.03039405516144069,0.054583715355841285,0.028944354730473687,0.02749751571612961,0.02749751571612961,0.027497515716129583,0.05458371612971131,0.02635473652044812,0.04407386688690136,0.02749751571407553,0.03327776649834682,0.02717478135334902,0.030206135702577432,0.025687406521555954,0.023852863427635977,0.017861863882053013,0.021894713025911183
2022-10-04,0.027833074803595707,0.017762542584274548,0.03814802651783259,0.023435586178605132,0.03814802633358243,0.03373098207582837,0.03814802613840274,0.020118488018862183,0.0278330748035957,0.0278330748035957,0.027833074803595703,0.03814802651783259,0.017613923059477083,0.031355772447860975,0.027833074799259998,0.025927416347664288,0.021211558852993022,0.02886456995659437,0.02450074452563892,0.022569785276657598,0.019791152027615496,0.017641880152479493
2022-10-05,-0.0019946906665805676,-0.0014852103203900498,0.005693120310765671,-0.0020964679341399627,0.005693120307623333,-0.0024741866497562364,0.005693120223681988,0.004155109320124048,-0.001994690666580567,-0.001994690666580567,-0.001994690666580566,0.005693120310765671,0.002131771052785763,0.006179531758263,-0.0019946906663300653,0.003074760164376815,-0.0004316075384759485,-0.0012259095691601776,-0.0022818124809548413,-0.0022923370583378686,-0.0019932200027878108,-0.0013092603403371658
2022-10-06,-0.012285997792812487,-0.013735319867585444,0.01806571284925251,-0.009230191890609746,0.01806571269011439,-0.014062689581594082,0.018065712413624365,-0.0039327076799725745,-0.012285997792812486,-0.012285997792812486,-0.012285997792807599,0.01806571284925251,-0.007293742246226138,0.008985617736428687,-0.012285997791861143,0.0011267520677604986,-0.008159267055002587,-0.009250826744519802,-0.013154367529722693,-0.014249431180172682,-0.012802506220463417,-0.010704197973081806
2022-10-07,-0.022205105550494496,-0.012404215089442958,-0.008648181877956029,-0.01571277105430622,-0.008648181894519444,-0.027603430358963517,-0.008648181950888777,-0.013271000792635526,-0.02220510555049449,-0.02220510555049449,-0.022205105550653702,-0.008648181877956029,-0.013330484105776558,-0.012269359592173337,-0.02220510554582785,-0.013308918020966811,-0.015758492305084054,-0.020849413184879616,-0.020004171398511728,-0.01936564494388495,-0.011314409229878511,-0.010909799514802412
2022-10-10,-0.0030062072520626354,0.0044357599464935,-0.018224175432049933,0.003402830487398379,-0.01822417541546264,-0.006420118515572657,-0.01822417513139389,-0.001754029318139307,-0.003006207252062635,-0.003006207252062635,-0.003006207252118429,-0.018224175432049933,0.0009809941539296572,-0.017506676559394238,-0.0030062072488777542,-0.007919774195577508,-0.0011016978415629647,-0.004528004068405134,-0.001008427443880904,-0.00031146585511039447,0.004721979221994066,0.00245464829156576
2022-10-11,-0.0009700313042357241,0.01449110296102668,0.00019089823821681176,0.010843725658779545,0.0001908982542794116,-0.006627881862581336,0.00019089848338198277,0.008633879501742455,-0.000970031304235724,-0.000970031304235724,-0.0009700313042359136,0.00019089823821681176,0.02015302974712401,0.00044945586053073594,-0.0009700312987528877,0.006062237233046876,0.007505694797955412,-0.0008539383483782823,0.002072775341151981,0.004033169061758464,0.006864423312907137,0.01655898266694668
2022-10-12,-0.0005544274535676472,-0.001631556928688929,0.0029860280007229763,-0.0029845054511447202,0.0029860279938808804,-0.0005035508677622095,0.002986027918814062,0.0015113598638935267,-0.000554427453567647,-0.000554427453567647,-0.0005544274535676339,0.0029860280007229763,0.0008545006281867609,0.0027872999263185696,-0.0005544274545161168,0.0007354112004905328,-0.0010661265718614934,-0.00020038190882405932,-0.0008000334130320778,-0.0010821221360586548,-0.0024502890856173904,-0.0002744345312912199
2022-10-13,0.02903623995205707,0.026353338934389497,0.04732686675062807,0.0240482711682285,0.04732686668639246,0.031250868186091185,0.047326866292087884,0.028661470958830232,0.02903623995205706,0.02903623995205706,0.02903623995205708,0.04732686675062807,0.027981263282218196,0.04138551397345192,0.029036239950979023,0.032517323916273315,0.02755196177210482,0.03086530262549082,0.02781691342665599,0.02737678311613962,0.025901265925003046,0.027443591233987954
2022-10-14,-0.014177410997018683,-0.009528985296720095,-0.03159243224316056,-0.010616047182471802,-0.03159243220340095,-0.013130311822919086,-0.03159243189204086,-0.008306675123334141,-0.01417741099701868,-0.01417741099701868,-0.014177410997018625,-0.03159243224316056,-0.009052663922649343,-0.026247978405797012,-0.014177410996229498,-0.019949992284878176,-0.014626389886770279,-0.015918913117662963,-0.012711705670534357,-0.01139660212561268,-0.009208168173525147,-0.012652994201356543
2022-10-17,0.018996599952344526,0.01288541403518823,0.00727958644571316,0.014609984368654882,0.007279586463131001,0.02211620220671733,0.007279586590642976,0.011231024121148047,0.01899659995234452,0.01899659995234452,0.01899659995234452,0.00727958644571316,0.010648351072790363,0.007516143306404666,0.018996599948390203,0.011168971148662893,0.013119203671315829,0.01782489860342186,0.017262875094122696,0.016419543016856372,0.014055002875547291,0.01172921828131663
2022-10-18,0.011118746913917375,0.004589324392946252,0.008702914574124651,0.008866632104713789,0.008702914559454399,0.012997123664013201,0.008702914521588917,0.003269649384277388,0.011118746913917373,0.011118746913917373,0.011118746913917382,0.008702914574124651,0.003134513230510522,0.006671224449087281,0.011118746912759608,0.007133547372577865,0.008108696186538613,0.010877163678471075,0.009843970123191255,0.008979316680959502,0.0036974071968934224,0.00541681245631931
2022-10-19,-0.0033966801048111424,-0.0007162494758315954,0.03193306425296105,7.482004381068382e-06,0.031933064090973066,-0.0073142840453979075,0.0319330634946759,0.00019254030986870572,-0.0033966801048111415,-0.0033966801048111415,-0.0033966801048111507,0.03193306425296105,-0.00046646098249627913,0.02046162188082816,-0.0033966801030877788,0.011090067058938452,0.003940817879288221,0.00013629431476727628,-0.003320995232315143,-0.004286717972906861,0.0022972673406559292,-0.0009983496460896815
2022-10-20,-0.002331103729098244,0.001555157595213716,0.005698136734696716,0.0030924080793866744,0.005698136717661374,-0.0023727774810709252,0.005698136536822919,0.000792632442665983,-0.0023311037290982438,-0.0023311037290982438,-0.0023311037290982576,0.005698136734696716,-0.0010957934315330468,0.004648035731808795,-0.0023311037301869206,0.0010688818649275298,-0.00048701059304558694,-0.0015281796844238535,-0.0018995665909734174,-0.0019479862185956208,0.003382189203655301,-0.0016635092762281247
2022-10-21,0.022748736231422862,0.014354293382884627,0.024727147140768943,0.016909315278464263,0.024727147136742945,0.021023795262565315,0.024727147107359272,0.023019089900267447,0.02274873623142286,0.02274873623142286,0.0227487362314202,0.024727147140768943,0.02242350852620325,0.024068169404538493,0.022748736230877455,0.024115083603821023,0.020562636987889845,0.02294657732195301,0.021133815070000585,0.019295227381412313,0.01848923250983314,0.018371024823313705
2022-10-24,0.012228429578785895,0.01623175507195826,-0.00034620516195019933,0.016029160485066526,-0.0003462051375456826,0.009723782591593346,-0.0003462048408448901,0.01736767844179392,0.012228429578785891,0.012228429578785891,0.012228429578719866,-0.00034620516195019933,0.018974943940741847,0.002386992407893196,0.012228429581852952,0.008806529322812591,0.014204392063489798,0.010970966107149874,0.013778855528226526,0.014799075075364395,0.014769717403266614,0.015786976773859204
2022-10-25,0.012845119477698038,0.001783158084488651,0.010342943967726663,0.007484546470214995,0.010342943954399017,0.01936416642090471,0.010342943850601307,0.0023626614483195536,0.012845119477698034,0.012845119477698034,0.012845119477631197,0.010342943967726663,0.0009209148038714371,0.007905431920371889,0.012845119472892198,0.0064307685045325,0.005689322989301028,0.012594901925360898,0.010167459931339962,0.008240106648734431,-0.00018403624486452476,0.00400507611571063
2022-10-26,-0.00011624518918561217,0.009018610092589266,0.012272036927939942,0.0006767943648499112,0.01227203692729931,-0.006769365026183498,0.012272036888139059,0.013967181807145648,-0.00011624518918561223,-0.00011624518918561223,-0.00011624518910939826,0.012272036927939942,0.015131873715959601,0.014370969306382724,-0.00011624518524708515,0.010463291574521484,0.008116024216513276,0.0011225830224728009,0.0031487999548730026,0.005012257911207727,0.007733479346046512,0.010168396335223566
2022-10-27,0.0034777707043273836,0.005890529427692336,0.004563413490032171,0.0055342703952148044,0.0045634134906532,-0.0025217901135836797,0.0045634135264707104,0.005784324666200538,0.0034777707043273836,0.0034777707043273836,0.0034777707043274378,0.004563413490032171,0.006534066509452035,0.0041278423735944,0.0034777707071723214,0.006128842361910542,0.005620135707796359,0.0035863349829621887,0.0038274479477923068,0.005386918967560197,0.0038403029370998928,0.0060306894605069005
2022-10-28,0.027751801457584095,0.022555511314655045,0.011624440357360544,0.02057233139992121,0.011624440372964943,0.0321353420967831,0.011624440510230497,0.015594289219063586,0.027751801457584088,0.027751801457584088,0.027751801457630308,0.011624440357360544,0.019469602484369616,0.013656968988357424,0.02775180145306716,0.018838443200359743,0.02201592211919413,0.0261390653491011,0.02600162684190588,0.026053958860391427,0.017941263026584248,0.021356001119680914
2022-10-31,-0.005776522358570819,-0.0031688921270080746,0.0050985043571177575,-0.0023239409601481724,0.005098504334254411,-0.006841800948832408,0.005098504241812886,-0.00010941864515760947,-0.005776522358570818,-0.005776522358570818,-0.005776522358551299,0.0050985043571177575,-0.0034975326107880805,0.0016185209348900031,-0.005776522357198441,-0.00045066286487403405,-0.0021557411724786348,-0.004689019689284886,-0.004984438046677204,-0.004683783571959678,0.0008269716877247355,-0.0029680011254147438
2022-11-01,-0.0018811055357314255,-0.0019275012456902215,0.007270407538053383,-0.0021806705389538546,0.007270407525932555,-0.00028660764348010636,0.00727040738097316,0.0003953401922860619,-0.0018811055357314253,-0.0018811055357314253,-0.0018811055357314482,0.007270407538053383,0.0012618640134289174,0.007090649986373605,-0.0018811055354357906,0.0025356943751247635,-0.0018665458753074628,-0.0009659542295592697,-0.0020920623562276992,-0.002115137475588725,-0.0054228097151996085,-0.0009613248009862009
2022-11-02,-0.01658684482469049,-0.00923231419528637,-0.020626179112950303,-0.009135136829329699,-0.020626179100288074,-0.01988868765391785,-0.02062617898147235,-0.012700667358954145,-0.016586844824690486,-0.016586844824690486,-0.016586844824690514,-0.020626179112950303,-0.011769555850111137,-0.019130079296162547,-0.01658684481889957,-0.01754144745222302,-0.012920227487212416,-0.0169907782522291,-0.014277548683243338,-0.012349590493709506,-0.009059924196622982,-0.012802454309656087
2022-11-03,-0.005717030772259392,-0.0026599753765600255,0.014626346312278651,-0.0005136358410009163,0.014626346280845848,-0.006473131939751135,0.014626345930173753,-0.0007636037452710789,-0.005717030772259391,-0.005717030772259391,-0.005717030772259372,0.014626346312278651,-0.001514511942366506,0.011282826786711482,-0.005717030769376865,0.004831773715317832,-0.0014844025890222378,-0.0036826930669183106,-0.0052223258457815384,-0.004926928868107438,-0.00238526675971784,-0.0020650269735136817
2022-11-04,0.015343590214236173,0.006834482146199368,0.012563632217737663,0.005742020729957547,0.01256363221539379,0.02107756619500209,0.012563632161582971,0.006131136849047626,0.01534359021423617,0.01534359021423617,0.01534359021423465,0.012563632217737663,0.008528809679300727,0.012540087212417186,0.015343590214167806,0.011141101494142526,0.010050949984700885,0.01506559441435914,0.013446168678203472,0.012129276758687059,0.006804750069570753,0.007891813279121264
2022-11-07,0.010420157509703884,0.010357394008602286,0.011869145245481381,0.015234447068426046,0.011869145248296971,0.009917377440691209,0.011869145226198103,0.01611171189816665,0.010420157509703883,0.010420157509703883,0.010420157509653109,0.011869145245481381,0.01703957531355331,0.013010299874715284,0.010420157509253609,0.012015398122318407,0.01081298049207863,0.010565056283562612,0.010252026054992718,0.009485892000776815,0.008004717458966693,0.011925262807870448
2022-11-08,0.008588412783938149,0.013723937360370265,-0.0014556575136117785,0.016162614930634447,-0.001455657473791922,0.00702436497529998,-0.0014556571525109058,0.021482150101265158,0.008588412783938144,0.008588412783938144,0.008588412783938125,-0.0014556575136117785,0.025084331548736214,0.005618036409851832,0.008588412785831348,0.006531870567896377,0.009322143069422868,0.007584005758151251,0.00940496576715253,0.010184985907087005,0.00814713157513696,0.013184948831919927
2022-11-09,-0.021836722939275188,-0.012201866212153389,-0.04080191807667294,-0.015094674574022391,-0.04080191786397841,-0.029415260392094484,-0.04080191741785902,-0.017065001484539082,-0.021836722939275185,-0.021836722939275185,-0.02183672293932681,-0.04080191807667294,-0.01670670297416489,-0.03272571779722595,-0.021836722928985308,-0.026004832836230098,-0.017937532797250657,-0.023733242431745506,-0.019015918996351452,-0.015542099718734593,-0.009883341334302385,-0.01327889751231438
2022-11-10,0.04018682353438956,0.010659623792828905,0.018763057767458013,0.024212617987867127,0.018763057746742428,0.058045063888995906,0.018763057756298267,0.010675407283816617,0.04018682353438955,0.04018682353438955,0.0401868235343855,0.018763057767458013,0.005927142317994073,0.01414706486482796,0.04018682351075345,0.01789641830428655,0.019341239599052897,0.03804444695562484,0.03324452725726921,0.028528184971823464,0.013404841145971888,0.014668899272749196
2022-11-11,0.005989407377597503,-0.015183230837566293,0.028063526283524785,-0.006558282856557711,0.028063526005570827,0.017354250405061975,0.028063525517218094,-0.008256470786477696,0.005989407377597501,0.005989407377597501,0.005989407377596342,0.028063526283524785,-0.011629054007368153,0.015408229322798736,0.005989407366532911,0.008613903852632703,-0.0018615477584983367,0.00819681924039483,0.0010607544249440018,-0.0028686136620203633,-0.016023830789737164,-0.012104023211212957
2022-11-14,-0.00518169267979212,0.0048895080677606485,0.0004825706062116371,-0.0010358741580219217,0.00048257060621571867,-0.0081832318885665,0.0004825706270744342,0.005000386930650836,-0.005181692679792119,-0.005181692679792119,-0.005181692679808074,0.0004825706062116371,0.0033468949209485162,0.0005748260676372529,-0.0051816926775101425,-0.0007628713981877117,-0.0007425295880190293,-0.004615266351192137,-0.0032752235299049978,-0.0021226833944502236,0.01176496674062115,0.0049149560799022695
2022-11-15,0.003528937240898777,-9.017767483784083e-05,0.008008376324179707,0.007483673816818218,0.008008376301234736,0.007073402657319398,0.008008376130124999,0.00015046260281545301,0.003528937240898776,0.003528937240898776,0.0035289372408987716,0.008008376324179707,-0.0023573892727053636,0.005375028427313433,0.0035289372359960367,0.005876844029853,0.0014700122244022532,0.003976881146927683,0.002270859119761379,-2.257590585069934e-05,-0.0025494344534788293,0.0006646455774266531
2022-11-16,-0.004746036136845225,0.005388119338216502,-0.016405889214438047,-0.0014901797723960056,-0.016405889151901835,-0.014675783207770465,-0.016405888905436837,-0.0019780604517046856,-0.004746036136845224,-0.004746036136845224,-0.004746036136804699,-0.016405889214438047,0.001896716183094907,-0.011087355120130765,-0.004746036129921219,-0.0074091685784846316,0.000779930111382785,-0.005912021438347405,-0.0019085460525235776,0.0006019169792722816,0.0019306227842425356,0.003686719538184623
2022-11-17,0.0015810294387385213,0.00797122311519871,0.0028284819802717595,0.00435538595536264,0.002828482151053046,-0.0008575529166644472,0.0028284820773960967,0.010152688577429918,0.001581029438738521,0.001581029438738521,0.001581029438378808,0.0028284819802717595,0.00996244853846956,0.005617759918015353,0.0015810294447062463,0.004854547584967219,0.004907409706020695,0.0017057747099699734,0.003439264002337841,0.005101650473443335,0.01124035961160155,0.007105604438072109
2022-11-18,0.005640331603798539,0.006941948355125044,-0.005993052641937897,0.006579992196350983,-0.005993052439531675,0.004090221010692188,-0.005993052249210437,0.0032170571655057846,0.005640331603798538,0.005640331603798538,0.0056403316038014135,-0.005993052641937897,0.0040356522977715425,-0.004218442107680813,0.005640331606591122,0.00017283123045011401,0.006197882309140573,0.004476993199465519,0.006675414024111745,0.0075707913054657875,0.00910582663746553,0.005226289517555792
2022-11-21,3.906416356127893e-05,0.003873222109605466,-0.009609539084340427,0.0015554595834805101,-0.009609538525406606,0.00045701318764381394,-0.00960953883274324,-0.0026175294894425455,3.906416356127965e-05,3.906416356127965e-05,3.906416356750399e-05,-0.009609539084340427,0.0012415630867984506,-0.005699306088337464,3.9064164392009734e-05,-0.0037890545957236536,-0.00030183102060449556,-0.0009257961053355062,0.0013731513556208255,0.0020133666258583087,0.004341976396984646,0.001978208772663775
2022-11-22,0.01242774792067622,0.00793544779888578,0.025333094949297644,0.009878494178400643,0.025333094678971383,0.014757490643352836,0.02533309454282463,0.011720770824150689,0.012427747920676217,0.012427747920676217,0.01242774792067624,0.025333094949297644,0.007511774817419255,0.01738610745563634,0.012427747918119732,0.016001201291510884,0.01194030560227782,0.013718282596505734,0.0113959103869753,0.010405449779953804,0.010943443601509442,0.008214384417985752
2022-11-23,0.002797648511010949,-0.0029741424689003395,-0.008915860897026713,-0.0002544747944374855,-0.008915860898178318,0.005250069541079157,-0.008915860669130008,-0.006973472752391403,0.002797648511010949,0.002797648511010949,0.0027976485110215183,-0.008915860897026713,-0.006698530469858774,-0.010009206357396607,0.0027976485069663975,-0.004807987440863275,-0.0008291005607118925,0.0016262975700920236,0.001569536963289589,0.0009461495902726987,-0.0011665815067795876,-0.0031676957375311263
2022-11-25,0.002333971509449083,0.0027114219801917675,-0.0029353712079232845,0.004039768907167039,-0.002935371114570588,0.0018577734839119574,-0.0029353710658035987,0.0007500360452858744,0.0023339715094490825,0.0023339715094490825,0.002333971509460885,-0.0029353712079232845,0.0015039320853419732,-0.0017109571368785041,0.0023339715095630955,-8.23451800979294e-05,0.002559733064089581,0.0018070372470471163,0.002670535918668933,0.002956475300866668,0.0024536660618694767,0.0022130199284520705
2022-11-28,-0.014831226954474183,-0.006754291564312397,-0.029499917967101174,-0.008965695913754974,-0.029499916013491747,-0.02000380440267898,-0.029499917493684837,-0.008883961165487179,-0.01483122695447418,-0.01483122695447418,-0.01483122695447453,-0.029499917967101174,-0.007544303823732668,-0.0204389889390663,-0.014831226952874522,-0.016546027786019962,-0.010957349007136527,-0.016298095860375925,-0.012576226223341001,-0.011606244051243489,-0.006301695602938524,-0.00853628661295007
2022-11-29,0.0019496624300462382,-0.00022853019148348226,0.014858879098836602,0.002391161504837781,0.014858877936171964,0.001110946175213795,0.014858878731077984,0.005076829997596331,0.0019496624300462373,0.0019496624300462373,0.0019496624299688648,0.014858879098836602,0.0028329186902284957,0.008538126465849033,0.0019496624308649453,0.005588785564348445,0.0016333899404276696,0.0032405839806588024,0.0013736685846456635,0.0004185550830912618,0.005066901492154648,0.0003008777525519612
2022-11-30,0.022211439735970236,0.011471328275657468,0.012515802936637952,0.014771043881585441,0.012431471918306002,0.03227328985072847,0.012515803155378733,0.013549454070080848,0.02221143973597023,0.02221143973597023,0.022211439735930483,0.012515802936637952,0.012317172073405153,0.01258861071539188,0.02221143972875093,0.013762118350295251,0.015353419775503453,0.021233442954203822,0.019540968628728783,0.0180712126704072,0.013128174532860366,0.012131900615720333
2022-12-01,-0.004834523609813121,-0.0012008713617511076,-0.004483138656654942,-0.008237584959480954,-0.004483138303431947,-0.0016968986142851428,-0.004483138612527821,-0.002525660118259642,-0.004834523609813121,-0.004834523609813121,-0.0048345236097685025,-0.004483138656654942,-0.0019896938176302537,-0.00356900078537215,-0.0048345236037284035,-0.002708751851783944,-0.0027454365954692177,-0.004799385079175005,-0.0037236254771719013,-0.002947960490447859,-0.0027129096926654384,-0.0007925932179590812
2022-12-02,0.0014072496020152273,-0.00048554907030783843,-0.008032664281849844,0.0014297478934449958,-0.008032659967710036,0.0008039798925644125,-0.008032664129080408,-0.0025353880946880278,0.001407249602015227,0.001407249602015227,0.0014072496020151154,-0.008032664281849844,-0.0005643096105747408,-0.004163237945086688,0.0014072496028075883,-0.0014297478884671216,3.271314192323123e-05,0.000463258645042744,0.0012258508159950746,0.0009879863602404578,0.0011425355711464095,-4.3048998187722534e-05
2022-12-05,-0.015269508138882086,-0.009086840328631338,-0.025002079191030997,-0.013557544437686048,-0.01729393664574758,-0.008913258009616055,-0.02500207739732379,-0.009064554193206807,-0.015269508138882082,-0.015269508138882082,-0.015269508138838284,-0.025002079191030997,-0.007033647270197128,-0.01249910425603604,-0.015269508132082743,-0.011539742415794104,-0.012028933994430243,-0.01547195098947892,-0.013540290549247967,-0.012719429095509681,-0.00956217416242566,-0.00891675809891475
2022-12-06,-0.011316616655963755,-0.00810954835735088,-0.026108223830235682,-0.011299270352359524,-0.01762042426365734,-0.006490450974616071,-0.02610822347209216,-0.012442076081461435,-0.011316616655963754,-0.011316616655963754,-0.011316616655884378,-0.026108223830235682,-0.010540700647783393,-0.01644572097953239,-0.011316616654302279,-0.014119338320028412,-0.009103318127119214,-0.011946997416737742,-0.00964850588396554,-0.007924958647738544,-0.004860615763167769,-0.009769221118479703
2022-12-07,-0.0008065390107340797,0.002976586587851009,0.010592935331067409,0.0014077868734248666,0.00883735817302024,-0.0002301950223846063,0.010592890825232014,0.006514380525329072,-0.0008065390107340793,-0.0008065390107340793,-0.0008065390107093269,0.010592935331067409,0.006693440917652312,0.007391959331085581,-0.0008065390080934243,0.004277430197414922,0.0017974782899821786,0.00015785070764762533,0.0006852338711331745,0.0015176695794944623,0.003681332166361938,0.002533025649047567
2022-12-08,0.005552943767007446,0.0032674339917637195,0.00687960593731394,0.003442123129297902,0.006879605912058093,0.00801148991610298,0.006879605932494408,0.003978522678294519,0.005552943767007445,0.005552943767007445,0.005552943767006497,0.00687960593731394,0.004169841416542276,0.006090438655065541,0.00555294376644324,0.004581209779282526,0.004190307660418269,0.00568560998151251,0.004878017916724738,0.004418649949681854,0.003938467679793822,0.003909553695747874
2022-12-09,-0.007858013727434845,-0.012774460496623624,-0.018850456368064664,-0.01409404411338534,-0.01885045810442573,-0.0029765941126120676,-0.01885045651794439,-0.02324279356290022,-0.007858013727434844,-0.007858013727434844,-0.007858013727427107,-0.018850456368064664,-0.02100065933546684,-0.023976504768701015,-0.007858013732290545,-0.01883433791960307,-0.014962931131610837,-0.00895725816513393,-0.009196520182821162,-0.009210817760699104,-0.014595470431835789,-0.01485286772121617
2022-12-12,0.01575178441180628,0.010112559979124905,0.0017451879881401336,0.010757291869311047,0.0017451889587289317,0.017611575904232908,0.0017451890876816938,0.0030706078643890984,0.015751784411806278,0.015751784411806278,0.01575178441180629,0.0017451879881401336,0.0037927721893687774,0.004251078582837794,0.015751784409579056,0.007870897202570084,0.011815677745429633,0.014351124866498545,0.013975251382194218,0.013215951288163434,0.0072876252749143455,0.009725418107903634
2022-12-13,0.00416014156577713,0.0019650777655283434,0.01764647461059247,0.0037025324476223577,0.017646474619492,0.0072731879859647165,0.017646472388949463,0.007868770562424156,0.004160141565777129,0.004160141565777129,0.0041601415658499286,0.01764647461059247,0.008848823818870054,0.018292306632768762,0.004160141564324184,0.0107187960200083,0.003540164796871821,0.005508774871148617,0.003373037656829041,0.002053094209482612,0.008923980099861258,0.0030202674366697733
2022-12-14,-0.004693938611129479,-0.0007119546761149453,0.012357538552780182,-0.0016086257064792612,0.009058884825067734,-0.007345981903608828,0.01235753209457055,-9.492458590932219e-05,-0.004693938611129478,-0.004693938611129478,-0.004693938611130052,0.012357538552780182,0.003963370642102051,0.004204263065790242,-0.004693938609162726,0.0003823628954636754,-0.002261622541674981,-0.0033186562674797694,-0.00346913666676882,-0.0025245764001146794,0.0015423156479932596,-0.001514676926993339
2022-12-15,-0.023478061018219233,-0.012192126628119087,-0.017361963383634653,-0.013797042724943392,-0.016370492999439035,-0.019377608768161508,-0.017361951404802494,-0.018169774797109052,-0.023478061018219226,-0.023478061018219226,-0.023478061018178478,-0.017361963383634653,-0.01762721345663907,-0.013365285302305518,-0.023478061015108145,-0.01647142043391192,-0.017446528599874406,-0.022767304216341207,-0.02083608908594701,-0.019316271666079965,-0.018799880753752406,-0.013899009212295943
2022-12-16,-0.008723446859850567,-0.010304486619844887,-0.013656857846552739,-0.007590510482034399,-0.007786631744996889,-0.012301959862988555,-0.01365685492457599,-0.005405301392978023,-0.008723446859850565,-0.008723446859850565,-0.008723446859850563,-0.013656857846552739,-0.004657022313293194,-0.008556907004067988,-0.008723446858042236,-0.00786161212891778,-0.007635668843451102,-0.008629765348356624,-0.008467472287086077,-0.008284893825659877,-0.006389146798608323,-0.008775185291215709
2022-12-19,-0.005678399945684804,-0.00045529284017520224,0.006851691519068754,0.001036847254993361,0.0036281015435522825,-0.011775084704889952,0.0068516907062222574,-0.00013500580823969796,-0.005678399945684803,-0.005678399945684803,-0.005678399945673712,0.006851691519068754,0.0009744370476074614,0.004313105851017263,-0.005678399943356494,0.001856747057745102,-0.0007031624235425465,-0.004747749796719524,-0.004138198288272606,-0.003532460180680285,0.0022943989765754425,0.000412157151876527
2022-12-20,0.003122103122392694,0.0040046997164344175,0.016290045901206446,0.004999707564912662,0.009929057072164347,-0.0011048629552717398,0.016290045265494095,0.0057863623774263755,0.0031221031223926934,0.0031221031223926934,0.003122103122700876,0.016290045901206446,0.003920482909910656,0.00950633884937626,0.0031221031247402986,0.008077026107929227,0.006548666501502639,0.003802798517380659,0.0032118486211956095,0.0029397180901457177,0.00803558872715536,0.004765552452158707
2022-12-21,0.01745994834720409,0.011547917974624235,0.011687801453418948,0.014274376960119012,0.011960261782544139,0.024025516208260184,0.011687801566311736,0.010951595392932525,0.017459948347204084,0.017459948347204084,0.017459948347165227,0.011687801453418948,0.01149746875824128,0.012131560320791554,0.01745994834475634,0.013143431765632258,0.012683867308111255,0.01690997969072739,0.015446042652721755,0.013874933990036633,0.015173060242959406,0.01214007451815585
2022-12-22,-0.010321570522784464,-0.004464376219619514,-0.015110410096720027,-0.007819505397020945,-0.006878809674156649,-0.010462195854909546,-0.015110409487417884,-0.006623282908636604,-0.010321570522784462,-0.010321570522784462,-0.010321570522831095,-0.015110410096720027,-0.00391655672911127,-0.006949088867300521,-0.010321570521788162,-0.008941807083869723,-0.008073706451053823,-0.009977294437916175,-0.008505601668769402,-0.007399534759885734,-0.007776695811716525,-0.006914704809335039
2022-12-23,0.005267999663403245,0.005803269971018277,0.03044733560099158,0.006186241312619897,0.015015951551375811,0.002204055624759281,0.030447324893828117,0.010776797140442664,0.0052679996634032444,0.0052679996634032444,0.005267999663449698,0.03044733560099158,0.008378133376635337,0.017304423210628053,0.0052679996649931515,0.01270303982106572,0.009437023975821041,0.0062427948522214005,0.0053514853002482364,0.004762226636327707,0.009763898300104459,0.007486099187178134
2022-12-27,0.0018970982560714417,0.003709870481107313,0.01249223437912369,0.005403128559678563,0.007552651946268992,0.0003574875040799944,0.012492233980582806,0.005822305130928531,0.0018970982560714408,0.0018970982560714408,0.0018970982561512723,0.01249223437912369,0.003773159882341368,0.0074411417046240415,0.0018970982577412193,0.0058889617997431275,0.00542490359575808,0.0024626536250986963,0.00268660359833247,0.002557084909599624,0.00472492282311558,0.003818792335343769
2022-12-28,-0.012699590572177363,-0.009485139068187121,-0.014862398860681778,-0.011766701033202771,-0.01221686518689915,-0.015060757788798552,-0.014862398640740241,-0.011729366609629872,-0.01269959057217736,-0.01269959057217736,-0.012699590572165912,-0.014862398860681778,-0.010595401855584512,-0.012120310729198419,-0.012699590570349969,-0.011909343687420491,-0.011969160186110564,-0.012651318033643716,-0.011950649980377556,-0.011401043208408667,-0.011644100019818967,-0.009921882115307298
2022-12-29,0.012330211805230213,0.0054572076744040954,0.007542725290595856,0.007166569874140321,0.002780019786414663,0.020723375328293547,0.0075427250892074705,0.004304861475899329,0.01233021180523021,0.01233021180523021,0.012330211805230196,0.007542725290595856,0.0013758709790095706,0.002641920295102348,0.012330211798677401,0.004457931678211724,0.006233372371610296,0.011375192603325947,0.010156280970452595,0.009254154941073307,0.005176562966831202,0.005383536382540417
2022-12-30,-0.0014162437080138931,-0.003172890036557641,0.006539854136372769,-0.0002310841060820677,0.004692491373583747,-0.0007426844294509229,0.00653985390196696,-0.000988159255917332,-0.0014162437080138927,-0.0014162437080138927,-0.0014162437080138953,0.006539854136372769,0.0010457015935705846,0.0040524511979857245,-0.0014162437086598272,0.001420956332089381,-0.001396598715704902,-0.0008053701998520225,-0.0018385420538353254,-0.002380805328337029,-0.0035343011607042014,-0.0032550636275573753
2023-01-03,0.002735542983084318,0.002651196718084737,-0.03112166053857355,0.0023939852709587628,-0.023104548554561382,0.007276910952003747,-0.03112165990977158,-0.009793480010162314,0.002735542983084317,0.002735542983084317,0.0027355429830053382,-0.03112166053857355,-0.0059528098012935435,-0.016676000036565147,0.002735542978163306,-0.010375905509479507,-0.00496794399725052,0.00015153382928917593,0.0022262976939448945,0.0024412121027753675,-0.001672740107762128,-0.0018009915805844458
2023-01-04,0.009313529326991173,0.006953794976499902,-0.01068973115210905,0.010212924478331598,7.794566243719607e-05,0.01476172212578769,-0.010689729922627202,0.0005378376741844881,0.009313529326991171,0.009313529326991171,0.00931352932711777,-0.01068973115210905,0.004831887807709736,-0.0008476254388279824,0.00931352932171835,0.0015529919089031343,0.001402027034013645,0.00838997096051328,0.007815909314468572,0.006109105040162806,0.00330137990900748,0.004700058353915825
2023-01-05,-0.006989463507885034,0.0020793572306265135,0.013822611321830122,0.004510593886055088,0.014533811893317788,-0.01044522362784381,0.013822611519607519,0.010943519653253133,-0.006989463507885033,-0.006989463507885033,-0.006989463507848304,0.013822611321830122,0.01289635168444216,0.01552781307136953,-0.006989463505005498,0.005478625221707443,-0.0009627706363542309,-0.004837135967761138,-0.005229859729578059,-0.004913360521565954,0.003550111119691323,0.002820568386218256
2023-01-06,0.02352720291053845,0.018576816203375437,0.010504405498960794,0.021768362634290408,0.01027042425584809,0.02459089391497934,0.010504405266315632,0.01794891627581836,0.02352720291053845,0.02352720291053845,0.023527202910527734,0.010504405498960794,0.013633875125043868,0.009303157953724574,0.0235272029084248,0.01584970691543862,0.019590878189736406,0.02220152504506941,0.02199480352468217,0.020687612899962966,0.020332189357541636,0.019600174739728828
2023-01-09,-0.002686199733664995,-0.0186819041130099,-0.03961101092687267,-0.014275387994198734,-0.03348808014029204,0.009684035157119544,-0.0396110015550638,-0.02230746090824697,-0.002686199733664994,-0.002686199733664994,-0.0026861997336912694,-0.03961101092687267,-0.029037903074148438,-0.0260283584957848,-0.002686199739449631,-0.01876144000401759,-0.011227975301842342,-0.005766387774355347,-0.006583614644349868,-0.008356263502011078,-0.023135859760797933,-0.018989341737227165
2023-01-10,0.006056049019036301,0.005071744492184917,0.004897317421286038,0.004845396245095921,0.004275469716167345,0.007270266406344695,0.004897317320369801,0.007887057602389414,0.0060560490190362986,0.0060560490190362986,0.006056049019042889,0.004897317421286038,0.006021482686530122,0.004364904203603612,0.006056049018928043,0.004463275636533381,0.0054960425649763014,0.0058779910887469975,0.005713715989301348,0.005535995715533146,0.008306841644243243,0.004387178841152434
2023-01-11,0.006259489352291531,-0.002274897828275166,-0.004782909967117893,-0.0024059252658444664,-0.0006879965938873628,0.00822821533164799,-0.004782909595365248,-0.0015820219993257002,0.006259489352291529,0.006259489352291529,0.0062594893522806725,-0.004782909967117893,-7.584381539253767e-05,-0.0010936737174223193,0.006259489351228177,0.0010434809803505152,0.0012322422113131691,0.00556474075766294,0.004335681742203699,0.003374634587526728,0.0006034067840760258,-0.0014246447865342944
2023-01-12,0.0066497260656581065,-0.0006250250534285303,0.010673404389682282,0.005269436197322778,0.008766343301912132,0.01321043135427168,0.010673403934406108,0.0030788751548309614,0.0066497260656581065,0.0066497260656581065,0.006649726065659003,0.010673404389682282,0.0018902258923266318,0.008546036802834046,0.006649726063712505,0.006341282049753435,0.003383917002387183,0.006861387789260339,0.0046284559714488945,0.0033305712088861797,0.004072943842319855,-0.0014198595502804487
2023-01-13,0.003430732802769047,0.0027787093900231382,0.002706843443402826,0.002886446672808682,0.0037340641127539464,0.00031951974078708856,0.0027068467166295124,0.003993648353357602,0.0034307328027690467,0.0034307328027690467,0.0034307328027542287,0.002706843443402826,0.004096982019370672,0.00355202650314084,0.003430732803376874,0.003331440364495386,0.003155841113599795,0.0034610659337818684,0.0032588537632136333,0.003106806099701275,0.00552597410961194,0.003056345552207942
2023-01-17,-0.01056560990146095,-0.007727340602583315,0.01636672933580582,-0.00965085464215803,-0.005421403166413834,-0.008650990069059429,0.016366727878112153,-0.010075460909491803,-0.010565609901460946,-0.010565609901460946,-0.010565609901441881,0.01636672933580582,-0.011205754865727781,-0.0011956779360907826,-0.010565609901402612,-0.005784941044160899,-0.008017174661423048,-0.010051189227952756,-0.010453964173313185,-0.010778517607548822,-0.024273200185085324,-0.007511933549211481
2023-01-18,-0.019487391244003192,-0.019372415773092056,-0.0182268907546816,-0.018500688834431407,-0.017119193138124628,-0.02093968491126435,-0.018226890783205593,-0.016408309937174865,-0.019487391244003192,-0.019487391244003192,-0.019487391244020536,-0.0182268907546816,-0.017980249067486145,-0.016787692292984373,-0.019487391243754235,-0.018633645446954866,-0.020416478458523207,-0.01925057143341269,-0.020035399578880602,-0.020407522744065418,-0.016340507382479316,-0.01931796497864742
2023-01-19,-0.007672434687939625,-0.0018267608040987316,0.00993729554205289,-0.0028070966592891626,0.010047462574100602,-0.008224842767123,0.009937294667927596,0.0035597752889881496,-0.007672434687939623,-0.007672434687939623,-0.007672434687951303,0.00993729554205289,0.0036872968854499218,0.010045104847484011,-0.007672434686462979,0.005135728921889093,-0.002330592162326053,-0.005900444961719636,-0.006325963165286739,-0.005596552570500385,0.003596568716529187,-0.0012945020169961975
2023-01-20,0.011771445869100124,0.0045479842087813,0.010558706933639814,0.006689303662069746,0.005190954356381685,0.022979814329007482,0.010558706478846986,0.005357407922907048,0.01177144586910012,0.01177144586910012,0.011771445868994418,0.010558706933639814,0.005047441698124253,0.005397527302016828,0.011771445865964932,0.0058105339102998725,0.006307166849654723,0.011113396717806227,0.009547983357851782,0.007859115821883034,0.0049556557838427925,0.004521428646409003
2023-01-23,0.00896626343872078,-0.0006801599953323933,-0.0013276612971065346,0.0022368342469302467,-0.0009839933219229866,0.015267073823183541,-0.0013276610908981223,-0.0011291612114529654,0.008966263438720779,0.008966263438720779,0.00896626343873477,-0.0013276612971065346,-0.001210572311779148,-0.0009479744082669284,0.008966263435858265,0.002282728947549937,0.0021166977643626733,0.00797123776262902,0.006165883776084781,0.004191123355597912,0.00198778071716558,-3.831271535396801e-05
2023-01-24,0.0017527563873056982,0.004069278786048053,0.0009405649304846881,0.0026432292358787145,-0.005371261615316859,0.004521627848991374,0.0009405649360801752,-0.0029932738010411786,0.0017527563873056971,0.0017527563873056971,0.0017527563873716077,0.0009405649304846881,-0.006510768673316439,-0.005665953570438512,0.0017527563884803799,-0.0015680689314942348,0.004647918459957904,0.0010403545870482339,0.0021489993317077745,0.0032836692909488153,0.009038890075270076,0.0035172211160514294
2023-01-25,-0.00010476303179968969,-0.00010208883505666554,-0.009724691440099803,-0.004240341572597413,-0.006180049712613765,-0.00566968857689818,-0.00972469115481782,-0.006123221086246262,-0.00010476303179968966,-0.00010476303179968966,-0.0001047630317960388,-0.009724691440099803,-0.004411352066132325,-0.004927294709077752,-0.00010476303182160794,-0.0028538697816071056,-0.002239752225942042,-0.0007122916998824339,-0.0005658129553403907,-0.00041051471021967144,-0.006891420961649524,-0.00126759442669367
2023-01-26,0.005591267083294105,0.0019367842316670406,0.04749168484004521,0.007039813998730944,0.011860058346118755,0.0007391425141187956,0.04749168160528839,0.013050172993974003,0.005591267083294104,0.005591267083294104,0.0055912670832658365,0.04749168484004521,-0.0003381446687354276,0.014841940422828343,0.005591267081868539,0.011860274603474856,0.005195306126952677,0.006218146209567907,0.003298033343398963,0.001046676485361008,0.0008952730195571044,0.0032297576719944716
2023-01-27,0.000321539999832565,-0.007672346205971482,-0.045427892926780386,-0.009156007473916762,-0.03520981394968599,-0.013494719896273464,-0.04542789180255353,-0.015567247862637164,0.0003215399998325654,0.0003215399998325654,0.0003215399997754059,-0.045427892926780386,-0.016587682093635488,-0.031048277829578298,0.00032154000033630167,-0.02278038849621764,-0.007958971196034116,-0.0032315953951248424,-0.0015152703138369137,-0.0022146377475365437,-0.015788579497612094,-0.011113755891162796
2023-01-30,-0.007993413667633929,-0.013758344227391429,-0.02969253817095473,-0.007374906881706972,-0.007169408559137395,-0.008840079448368135,-0.029692535573859535,-0.011176170452395637,-0.007993413667633925,-0.007993413667633925,-0.007993413667613093,-0.02969253817095473,-0.0050962091012354115,-0.010415015715342804,-0.007993413667543765,-0.010352692702640344,-0.008550599932399622,-0.007911013156772208,-0.007743173651758771,-0.007051087399138282,-0.006982138866765371,-0.015217935612800217
2023-01-31,0.010270155864223425,0.006617621135619311,0.012365584315269604,0.009783004881764614,0.011283101177377757,-0.002889643524282007,0.012365583839302209,-0.007035536045639294,0.010270155864223423,0.010270155864223423,0.010270155864254824,0.012365584315269604,0.0058616853033606935,0.0025881688350600025,0.010270155863192475,0.005058453108928654,0.005689482155395586,0.010371450395538854,0.009742658385949057,0.009207220427720868,0.00951177807666973,0.0066371862271752124
2023-02-01,0.002031191283465072,-0.003634420945813525,-0.015403503705647472,-0.004524650040569142,-0.00730389119074203,-0.017139251825600228,-0.015403489661175334,-0.01224278039406876,0.002031191283465071,0.002031191283465071,0.0020311912834646184,-0.015403503705647472,-0.008870933825160686,-0.009215195667858422,0.002031191281249532,-0.0065308045888281254,-0.005550178187751714,0.0010976830359931851,2.142068083910105e-05,-0.0009204612634241244,-0.012795429374995887,-0.004501926631657145
2023-02-02,0.002071296334882485,-0.00728243475364619,-0.0334569148086063,-0.008152100059532518,-0.02929799235490239,0.02617115761664648,-0.03345664832968471,-0.02170711932985355,0.002071296334882485,0.002071296334882485,0.002071296334882527,-0.0334569148086063,-0.021722259462422133,-0.024549935673357573,0.0020712963313435596,-0.018662448758796062,-0.010479335560996988,-0.0010656325342681666,-0.0014597037051470802,-0.0028772509814580017,-0.01258215565542967,-0.007543159937289966
2023-02-03,-0.003799590628771813,-0.0035789403296684263,-0.005038673473514901,-0.007305929950212057,-0.0034338976473028485,-0.012631703274817167,-0.005038652057074491,0.0021983643117423103,-0.003799590628771812,-0.003799590628771812,-0.003799590628777951,-0.005038673473514901,-0.003676892301249715,-0.00035248302427939133,-0.0037995906283941,-0.0012258762750976247,-0.0019459171204120108,-0.0037630213306135895,-0.0037522268003070246,-0.0037535229360347038,0.0003550300071132849,-0.0031611430498571925
2023-02-06,-0.003613708107923044,0.000614363255102796,0.001120812491762846,-0.0013945543903449169,0.00824620930439275,-0.015023870329150268,0.007321291726136173,0.007355586427005768,-0.003613708107923043,-0.003613708107923043,-0.0036137081079207806,0.001120812491762846,0.004814168878871237,0.007857171028644692,-0.0036137081065555636,0.004651912664552217,0.002076029591694355,-0.0024277163665966397,-0.002094249411452851,-0.0012652151034255818,0.00645586057285763,-0.0012208835212587008
2023-02-07,0.00732523804039582,0.0024780998080263772,0.015736392069889263,0.00894593828989775,0.015736392289595755,0.0008279425091492288,0.015736390902429107,0.010443104175027546,0.007325238040395819,0.007325238040395819,0.007325238040460146,0.015736392069889263,0.012314594468578374,0.01436076650590867,0.007325238040376838,0.011665018144930431,0.0052588895159280495,0.008166353465315815,0.00575492522791152,0.00419753090226141,0.011746867104307689,0.005262954690856414
2023-02-08,-0.007980275750719842,-0.005988627029843914,0.009042950495958529,-0.007532420314101293,0.009042945382013824,-0.008413671064643372,0.009042949765052065,-0.006939756655149862,-0.00798027575071984,-0.00798027575071984,-0.007980275750979138,0.009042950495958529,-0.002542430249939234,-0.0016693146868471758,-0.007980275750110616,-0.002469345187564858,-0.007345434975773247,-0.006277953637446473,-0.007063568849863279,-0.006474396143077532,-0.005399786356571619,-0.007999768751375798
2023-02-09,-0.007431049716831415,-0.0077520303271931355,0.0007498617516624786,-0.0034981622101338504,0.0007498617315553565,-0.014923604296680087,0.0007498615635032232,-0.005762490068487631,-0.007431049716831414,-0.007431049716831414,-0.0074310497169048665,0.0007498617516624786,-0.0006597428248502564,-0.0024083073174919457,-0.00743104971640152,-0.0034295934100995983,-0.00660207748856621,-0.0066129585719801555,-0.007240272224264331,-0.007570841608006015,-0.008282968291769954,-0.006807213466338984
2023-02-10,0.004326767758762324,0.009476477113421903,0.01718660067061573,0.008412000151008367,0.0171866006636705,-1.442280879612387e-05,0.017186600501263936,0.013813663169538417,0.004326767758762324,0.004326767758762324,0.004326767758776135,0.01718660067061573,0.016790129115599097,0.016879503760915605,0.004326767760015745,0.013498181890854773,0.01020348653025232,0.00561275104926533,0.006229787171358007,0.0069160251282549216,0.012152189268602124,0.010210735891849293
2023-02-13,0.011689520879218256,0.007194808807378069,0.008985999526650445,0.007889599982371051,0.00898599951915421,0.013212176401550306,0.008985999466238759,0.00205138890254206,0.01168952087921825,0.01168952087921825,0.011689520879195593,0.008985999526650445,0.0074975287786742855,0.0061121019069419105,0.011689520877838453,0.00810949840398003,0.0072574054440672445,0.011419168743197238,0.010495340533760646,0.009998572709806846,0.005197312758031525,0.006848655347990445
2023-02-14,-0.003887107815185792,-0.003152657988784023,-0.007421593460472069,-0.0018550642240030854,-0.007421593455278389,-0.0041996685922134494,-0.007421593430149444,-0.005360663339401233,-0.003887107815185791,-0.003887107815185791,-0.0038871078151923415,-0.007421593460472069,-0.005291346952337825,-0.00473495590739007,-0.0038871078157003912,-0.005248277214267141,-0.005304176569371101,-0.00424055637920608,-0.004457150733515216,-0.004842865981014788,-0.008504298030674132,-0.0024729097814628186
2023-02-15,0.0022907705990952796,-0.005163096681125104,-0.009795631291963,-0.0021901042111153067,-0.009795631284807925,-0.0010339566919303613,-0.009795631106920371,-0.0012345497690739269,0.0022907705990952796,0.0022907705990952796,0.002290770599065041,-0.009795631291963,-0.007625705069915159,-0.009183340147321471,0.0022907705984409415,-0.007768254566816895,-0.00031869664895775183,0.0010821304106737417,0.0008280787003430274,0.0001657834777083102,-0.0021980723037018884,-0.006067154565029799
2023-02-16,-0.01201623725764599,-0.011922393833653717,-0.01092499252424064,-0.016087574157278982,-0.010924992525631502,-0.014894163194989759,-0.010924992556692053,-0.01188427184104559,-0.012016237257645985,-0.012016237257645985,-0.012016237257641907,-0.01092499252424064,-0.013459451774652331,-0.011305358115047992,-0.012016237257146524,-0.011189048116464106,-0.010950634677883465,-0.011907112784428289,-0.011567894478401773,-0.010785862696691271,-0.011628338334441936,-0.01316235228587974
2023-02-17,0.0029259529147327044,0.015179890919339255,0.027868224469209526,0.009408262419773694,0.02786822438725432,0.0010066557618864476,0.02786822391453544,0.004619044965148457,0.0029259529147327035,0.0029259529147327035,0.0029259529147471603,0.027868224469209526,0.019019377562326488,0.015450869253313869,0.0029259529162749876,0.014779495944291076,0.007415205932478265,0.005420180062038063,0.006528119950712277,0.008481430839806132,0.008986581783776211,0.012931605889257455
2023-02-21,-0.02100196865985836,-0.010873935383241813,-0.0041173167084218336,-0.01176624146469631,-0.004117316718249163,-0.010758936684580377,-0.00411731694628224,-0.013953283742289848,-0.02100196865985836,-0.02100196865985836,-0.021001968659615802,-0.0041173167084218336,-0.005112136718557121,-0.006634426130378031,-0.021001968657101102,-0.008885524976961849,-0.013204372099258918,-0.019313503465600467,-0.018072067521568903,-0.01692850672511589,-0.010518433735371075,-0.010971189658600987
2023-02-22,-0.0029217010737342874,-0.0028631748646442616,0.000824989124334571,-0.003415538192438437,0.0008249891186402594,-0.004147642752697802,0.0008249889660870988,-0.005378422498201236,-0.002921701073734287,-0.002921701073734287,-0.0029217010736899327,0.000824989124334571,-0.0020639456219592764,-0.000881750070050251,-0.0029217010730758653,-0.001037956035830505,-0.004215657542680278,-0.002547032054463379,-0.002875019814474635,-0.002583645499500414,0.0002746448026282229,-0.004377655976329545
2023-02-23,0.0021565452684471033,-0.0020494959118129707,0.013014893096467514,0.0006107127360977622,0.013014893088812629,0.005867639423660203,0.013014892853083937,0.007477102860797329,0.002156545268447103,0.002156545268447103,0.0021565452683323825,0.013014893096467514,0.009004562918635602,0.011294024295230305,0.002156545268644692,0.0090876266884574,0.0011375915222908565,0.0032423800505125776,0.0013944055460012878,0.0004656362412379548,0.0016863955901094277,0.0006954638726845206
2023-02-24,-0.00900846438280141,-0.005987260416942399,-0.006349748164272825,-0.007959105128765657,-0.0063497481641806896,-0.006519940529192924,-0.006349748180577925,-0.004950066178010076,-0.00900846438280141,-0.00900846438280141,-0.009008464382828995,-0.006349748164272825,-0.006426729762729974,-0.0058655838436338205,-0.009008464382085373,-0.006464179783997203,-0.004862660083442171,-0.008742592760926189,-0.007870849417626264,-0.007482704828163587,-0.002006740804047398,-0.008507244032292548
2023-02-27,0.0019324215011027458,-3.0904182589728216e-05,-0.004834795475757399,0.0008046635548763897,-0.004834795466658283,0.0036261067834731076,-0.0048347952869063895,0.004045795789059068,0.0019324215011027454,0.0019324215011027454,0.0019324215010866992,-0.004834795475757399,-0.0031753767399789884,-0.0014659071181670122,0.0019324215015527142,-0.0025034241333733234,0.0012954438064471442,0.0012556998043216844,0.0013535986873196117,0.0012948153834740688,-0.00042640944066656735,8.221741736538072e-05
2023-02-28,-0.005163877570445382,-0.008812422446649525,-0.028944572194912522,-0.007755652483304959,-0.02894457217465062,-0.010161109548302846,-0.028944571614089705,-0.013136018552845215,-0.005163877570445382,-0.005163877570445382,-0.005163877570458075,-0.028944572194912522,-0.023516491083343423,-0.024568605220076443,-0.0051638775720270706,-0.020847713146933625,-0.008636290567517801,-0.00754194703093587,-0.006554018099522579,-0.007078464611535081,-0.010766163786187725,-0.010131028585488729
2023-03-01,0.001118037259992069,-0.001333544205243317,0.0038519132296562777,0.00337969541763914,0.0038519133065477106,0.005452392479153395,0.003851913061803526,0.01409269862777005,0.0011180372599920688,0.0011180372599920688,0.001118037259989251,0.0038519132296562777,0.005399953644493886,0.012592863854140888,0.001118037259750765,0.006078013172192247,0.00156388914556671,0.001391424864638483,0.0005014681914428032,-0.0009612837330417264,-0.0014541162773226701,0.0007016906101479672
2023-03-02,0.010386983915897744,0.0027236700625358824,0.003369760185963132,0.009110359844030875,0.0033697604790148116,0.01949563368115023,0.00336976029671571,0.007987871596494132,0.01038698391589774,0.01038698391589774,0.010386983915769935,0.003369760185963132,0.005018675262454203,0.0068360883097151525,0.010386983913270047,0.006411244144984001,0.0052768603243389,0.009685261572209447,0.007974644828731765,0.0064993411911535735,0.0003836821103932126,0.002517196367395631
2023-03-03,0.010634672914178477,0.004314980820747535,-0.0012154571142872382,0.004947091933960486,-0.0008769701846466117,0.005193097615483677,-0.001215456646186102,0.005670079564229761,0.010634672914178476,0.010634672914178476,0.010634672914126148,-0.0012154571142872382,0.00213837535243337,0.004063831029676137,0.01063467291378303,0.004449632649619837,0.007022664353678517,0.009483508604295964,0.008569841933231579,0.00687705133630668,0.004548240468587835,0.0056462145073342095
2023-03-06,0.0006661005990861099,0.006428234797032746,0.038723926887510765,0.003727582508201623,0.03872392579034784,-0.007771210475825432,0.038723924926074765,0.012309236318501159,0.00066610059908611,0.00066610059908611,0.0006661005993152835,0.038723926887510765,0.024525088891910258,0.024419531441948285,0.0006661006010822851,0.021618372235273783,0.004296339498314774,0.004471883118212284,0.00262052947296585,0.0045472818701005665,0.009149199271150401,0.005362592427570546
2023-03-07,-0.015764242028447895,-0.012380896664738662,0.0015290335450403442,-0.012466194353973734,0.0015290334944451725,-0.014309049212007164,0.0015290329378475698,-0.014670305556856446,-0.01576424202844789,-0.01576424202844789,-0.01576424202848193,0.0015290335450403442,-0.0062455921345758785,-0.006128082129707996,-0.01576424202845533,-0.006487986547753715,-0.015975925741145564,-0.01403491447612652,-0.015039750137105052,-0.014061010184410066,-0.011333023033921773,-0.014686778996661777
2023-03-08,-0.0012884246845211657,-0.00853824965842474,-0.02723924162461114,-0.008929266691357263,-0.027239241588128283,0.0005740483396724158,-0.02723924076064233,-0.007418846837501471,-0.0012884246845211653,-0.0012884246845211653,-0.0012884246845655152,-0.02723924162461114,-0.018520620963642237,-0.020527674140518905,-0.0012884246864417442,-0.020377804392817642,-0.004386925263971962,-0.0038835063749661156,-0.003208932887998199,-0.004593151762276708,-0.012718779695647574,-0.006484663256847934
2023-03-09,-0.015831734361322163,-0.013774931154816573,-0.006300023781473222,-0.014831218363022949,-0.006300023837668702,-0.013596007644040408,-0.006300024309870596,-0.018530572490694164,-0.01583173436132216,-0.01583173436132216,-0.015831734361131156,-0.006300023781473222,-0.010901028627054377,-0.01241726711107595,-0.01583173436329924,-0.011413897163542587,-0.016346521615471343,-0.014878563308980736,-0.015159944711717421,-0.014704417512396177,-0.014306481263989451,-0.013489529262880863
2023-03-10,-0.007646095195540121,0.0018992823244784326,0.0008361776234887791,-0.00010779829706266411,0.0008361776108705946,-0.0011920737660773154,0.000836177171454663,-0.018956573216425875,-0.007646095195540119,-0.007646095195540119,-0.007646095195539125,0.0008361776234887791,-0.0002072376852145035,0.0008142776756226031,-0.007646095197275624,-0.00027877048946776413,-0.006660154775206164,-0.006797867914918082,-0.005402253812443376,-0.003198282810245953,0.0019409275304238497,0.0016075114878952132
2023-03-13,-0.004157143065962343,0.0012134155396147485,-0.01836802130800434,-0.0005722888971100158,-0.018368021299933736,-0.004018198262015017,-0.018368021001319856,-0.005508751252021436,-0.004157143065962342,-0.004157143065962342,-0.004157143066076138,-0.01836802130800434,-0.008919915219157514,-0.01560549835059688,-0.004157143066146775,-0.01585681455294293,-0.003844049374019952,-0.0055782308893908865,-0.0031051354197699065,-0.002812212753965249,-0.011083179628893679,0.0029705031812737215
2023-03-14,0.011504142024265345,0.0053170941788781585,0.018587996822336295,0.008764347037251732,0.018587996816228573,0.010927338515312638,0.018587996546441304,0.016422972570977037,0.011504142024265342,0.011504142024265342,0.011504142024241939,0.018587996822336295,0.015030151396000394,0.017147198808268063,0.011504142023365796,0.01544995665834106,0.007217474150651809,0.012212527503463947,0.00933230531429667,0.007720851078842593,0.004602246170166001,0.0025774581813030623
2023-03-15,-0.008432166419175746,-0.0013041325799390698,0.00615108916864321,-0.004691218536532829,0.006151089155736626,0.00380982676679021,0.006151088779074591,-0.012134501104840401,-0.008432166419175742,-0.008432166419175742,-0.00843216641922758,0.00615108916864321,0.003877765592940741,0.004368698406746794,-0.008432166420014002,0.0012228089106324815,-0.010162243519902983,-0.006973840861681934,-0.0064010769337716385,-0.004140098802703974,-0.017942039616632537,-0.003717416482766855
2023-03-16,0.01232971380840542,0.002431225888739874,-0.002698063171161491,0.004092873942507796,-0.0026980631673755814,0.014368866617501034,-0.002698063062770201,0.011408609437040723,0.01232971380840542,0.01232971380840542,0.01232971380841498,-0.002698063171161491,0.005524655659430242,-0.00030603355050792423,0.012329713807755422,0.0003894801264298229,0.006948993289697992,0.010826936110785968,0.009664162950526427,0.007617140472175996,0.01269856882615516,0.0054114985066309315
2023-03-17,-0.011841558873667132,-0.013037349715143209,-0.030649307811143334,-0.013562498592290384,-0.030649307535765734,-0.008098650656250424,-0.030649307734105374,-0.01696164844197715,-0.01184155887366713,-0.01184155887366713,-0.011841558873672102,-0.030649307811143334,-0.02231382844623877,-0.028227852826179012,-0.011841558873906892,-0.028723886369088673,-0.013569347204282796,-0.013722333742642699,-0.012211684022803523,-0.012057459823610017,-0.02469567022381633,-0.01427703626220818
2023-03-20,0.011870631554506699,0.014712709069206808,0.016670888449822525,0.015418862820832682,0.01667088844917259,0.005677983253113202,0.016670888430547724,0.014105202737089654,0.011870631554506695,0.011870631554506695,0.011870631554513721,0.016670888449822525,0.015068922435320719,0.01629389358033979,0.011870631554869601,0.016244685031194885,0.015544079153815471,0.012350657243997823,0.01317654023568341,0.014513718646715495,0.015955797523272055,0.015156724815079976
2023-03-21,0.008752461963360844,0.002734821869103154,-0.002932978641173709,0.00478623873776677,-0.0029329786383741033,0.003290670465039242,-0.0029329785431914546,-0.0023745492638293344,0.008752461963360844,0.008752461963360844,0.008752461963297516,-0.002932978641173709,-0.0011214260429848362,-0.0028073260073650888,0.008752461963322505,0.000602904989829731,0.005960205782892872,0.007583917903179751,0.00681521085712265,0.00515983205305877,0.008525033813280954,0.002274606260031714
2023-03-22,-0.016941350824536416,-0.01467291176520052,-0.010860319527636164,-0.016511658938673644,-0.010860319530616733,-0.017081762027138184,-0.010860319642164364,-0.014753385807714278,-0.016941350824536412,-0.016941350824536412,-0.016941350824475114,-0.010860319527636164,-0.010360378770108258,-0.010595380485090391,-0.016941350824504566,-0.012288963529482033,-0.014951604930111157,-0.016333247695130025,-0.015832597508795006,-0.015246795197486769,-0.019628382100368574,-0.015143710857134082
2023-03-23,0.00325162088559692,0.001271756447314907,-0.0016296230112457046,0.0017486469269562656,-0.001629623008966254,0.007225025649474809,-0.0016296229329032887,0.0028444525245535065,0.003251620885596918,0.003251620885596918,0.0032516208856086005,-0.0016296230112457046,0.0014671522144256116,-0.0003269771494631545,0.003251620885009631,-0.0003103730456138593,0.00019206092518080423,0.0027634964961013686,0.0021565725889971495,0.001350927864298806,-0.0057772877833338135,0.0020124564826979555
2023-03-24,0.00430149279335408,0.010022870205126932,0.005453838427286664,0.009145156844901504,0.005453838427253249,0.002694150285177528,0.005453838438742183,0.005649740573959919,0.004301492793354079,0.004301492793354079,0.004301492793294599,0.005453838427286664,0.006001547052565916,0.005591605498582939,0.0043014927935858555,0.0062127856260955,0.007403005483097905,0.004416727356757225,0.00601734035197172,0.007473081192905575,0.008529850940463579,0.010858096902339884
2023-03-27,0.0061007933932088814,0.007155082906655625,0.02012062868598,0.009730556188296926,0.020120628679593407,0.0054784327408605215,0.02012062845473939,0.008814682613067596,0.00610079339320888,0.00610079339320888,0.006100793393244348,0.02012062868598,0.015085999967391565,0.018031320311374287,0.006100793393544386,0.016700125975456323,0.009341651798061526,0.007502776921890782,0.007062912732485478,0.007889203092309779,0.013357378549670038,0.006243522544872317
2023-03-28,-0.00030383933493285676,-0.0016040083518185286,-0.013179160891613112,0.001011828056614203,-0.013179160881178355,0.0004436672502100609,-0.01317916044013029,0.00047533052560044326,-0.0003038393349328565,-0.0003038393349328565,-0.00030383933491498564,-0.013179160891613112,-0.003559801430567304,-0.010150840830191604,-0.00030383933499372653,-0.006751043022401473,-0.0006912423213133424,-0.0015913714895974694,-0.0008739084470510502,-0.0009607538581239129,-0.003314185946428016,-0.0013694389149848363
2023-03-29,0.013175880939894613,0.009245140768376967,-0.005797096645532669,0.009299383425436979,-0.005797096631228195,0.024754873136651066,-0.005797096121664522,0.00521114790966544,0.01317588093989461,0.01317588093989461,0.013175880939896644,-0.005797096645532669,-4.3850103842079414e-05,-0.0034029522773808677,0.013175880937480284,0.00020227218351190736,0.006771246311513275,0.011278583182631901,0.01089896768813996,0.009456332830754914,0.008504950754967745,0.01046025562250666
2023-03-30,0.004298388854543761,0.0038176170062653733,0.009485916958746298,0.006420021275254607,0.009485916955167083,0.006460414630400562,0.00948591683838911,0.007815019430376971,0.00429838885454376,0.00429838885454376,0.004298388854575049,0.009485916958746298,0.005892961633251054,0.00769990653594569,0.004298388854398724,0.006507286461540212,0.00422486424634439,0.00481714166460375,0.0041299262125983225,0.003586060973084775,0.0042704964478844695,0.003072145037977906
2023-03-31,0.01270959287598583,0.007229089756932465,0.004427488302752896,0.007354629760269973,0.004427488305779296,0.015384821485632508,0.004427488395472946,0.005360179226235184,0.01270959287598583,0.01270959287598583,0.012709592875972307,0.004427488302752896,0.005455794506312449,0.004766964966990938,0.012709592875582588,0.0068059879164045906,0.009463019210848252,0.011881382418928346,0.011170266839078142,0.009989293135346602,0.007706612021329197,0.007666968262680689
2023-04-03,0.007316800072065316,0.0119204786326195,0.023042837569931862,0.01223149777491538,0.02304283756272783,0.0055381656310655525,0.023042837352710135,0.014413090845145325,0.007316800072065315,0.007316800072065315,0.0073168000722736316,0.023042837569931862,0.017283006558267918,0.02050393635167054,0.0073168000724552745,0.01751799714055068,0.01309183755169349,0.008889403821184872,0.0091479296232999,0.009829412215416717,0.01562980355562498,0.011146025778018893
2023-04-04,-0.005237349050227746,0.0021650316100175495,-0.00036732181801220706,-0.0016029576114423112,-0.00036732182026207787,0.00066562073679414,-0.0003673218843199623,-0.002579500650930229,-0.005237349050227745,-0.005237349050227745,-0.00523734905060976,-0.00036732181801220706,-0.0003662534666138922,-0.0002332670964661914,-0.005237349050306925,-0.0025253929089717395,-0.004989162835705599,-0.0047503463272262295,-0.004104771679836874,-0.0030317479549742945,-0.0035867347333893808,0.0026541759332192765
2023-04-05,0.0023071453848739227,0.021785067461213465,0.027907804806993525,0.012438761572639177,0.027907804798722773,0.010217699009923578,0.027907804623669343,0.0030032997724512324,0.0023071453848739223,0.0023071453848739223,0.002307145384622211,0.027907804806993525,0.014263618647988141,0.022147355457591784,0.0023071454017730957,0.017984043576500932,0.008979020857617065,0.004867211326301457,0.006677465450471131,0.00873765784405372,0.0183763692253289,0.020619008105933357
2023-04-06,-0.001096279474568895,0.0007201396451085562,0.003745878219960238,0.00017466916197305014,0.0037458782192182137,-0.0016472273303813662,0.0037458781926943932,0.0026271102662503397,-0.0010962794745688945,-0.0010962794745688945,-0.0010962794745575618,0.003745878219960238,0.0027872961097921353,0.0036539832162355676,-0.0010962794745036331,0.002178038435580541,-0.0004664349057167301,-0.0006120637051811896,-0.0005771050179099128,-0.0002910212895449316,-0.002700893320376633,0.00028450632984652045
2023-04-10,0.002878631995206356,-0.0009363074057806941,0.002489602326866315,-0.0009684697456750522,0.002489602326539144,0.0019843816585969985,0.0024896023207443526,-0.00010932102800598263,0.0028786319952063552,0.0028786319952063552,0.0028786319951862828,0.002489602326866315,0.0026133178368200464,0.0022782537694929156,0.002878631995163961,0.003304815688106766,0.001626700271701309,0.002839729028339512,0.0021248786578592737,0.0016038649373924286,0.002461893682046647,-0.0005704787893026095
2023-04-11,0.0017946776831979307,0.0011855936417653175,-0.0010661819339867792,0.0013592921998237869,-0.0010661819318871027,0.0021767563664378347,-0.001066181901038462,0.0021365816985994984,0.0017946776831979307,0.0017946776831979307,0.0017946776831308118,-0.0010661819339867792,0.0007976789517005946,0.000133366600788339,0.0017946776832057118,-0.00017271873760831886,0.002449132905614662,0.001508591721684665,0.0018387325273880768,0.0019317653347884721,0.00192150259621978,0.0012447219030720868
2023-04-12,-0.0018718272464752904,-0.0005433728814914487,0.011138760953728755,-0.00015335716000968268,0.011138760941422972,-0.009601792717255343,0.011138760827581893,0.0027813972601405047,-0.0018718272464752898,-0.0018718272464752898,-0.0018718272464556852,0.011138760953728755,0.006839732108323268,0.00868628510745237,-0.001871827246248156,0.007634198457280072,-0.00022098298214789664,-0.0005707684276695553,-0.001475094859874793,-0.001511216360928598,0.0001897884148434636,-0.001408443241911837
2023-04-13,0.011080053374495285,0.008211963642130641,0.015960032776005623,0.008480175770730099,0.015960032759544576,0.01316977261194318,0.015960032702185004,0.009987983632002954,0.011080053374495281,0.011080053374495281,0.011080053374454193,0.015960032776005623,0.01456263878388288,0.013848542396095441,0.011080053374435607,0.014906713143805738,0.007808811722344588,0.011568051313001202,0.010034198292289815,0.00890599665508476,0.007544708675987979,0.007602929295931835
2023-04-14,-0.0025177653506450503,-0.004882118410905809,-0.0023390765436305284,-0.0088523387509572,-0.0023390765646727728,-0.00971406278100597,-0.0023390765997112753,-0.01739333869797392,-0.00251776535064505,-0.00251776535064505,-0.002517765350719272,-0.0023390765436305284,-0.0012437326266948193,-0.010451402806154118,-0.0025177653506929915,-0.0008691206753467055,-0.0036961030909636876,-0.002499896472044779,-0.0029433719985691655,-0.003255016557760056,-0.005929602099544302,-0.005162349810624388
2023-04-17,0.00369827977755538,0.0017207406550874002,-0.0026049017330037243,0.0029812439795985695,-0.0026049017310116216,1.837045071015201e-05,-0.002604901690714358,0.002399359261375055,0.003698279777555379,0.003698279777555379,0.0036982797775810335,-0.0026049017330037243,-0.0012022219592455318,-0.0019770361403518245,0.0036982797774392055,-0.0009438193973386569,0.0015395453314511179,0.0030679616266839067,0.0028152589955926246,0.002648096193760296,0.0017254672579163654,0.0016999830181690806
2023-04-18,-0.000539571224358989,-0.009084770606495152,-0.0015663633789021946,-0.001621876712869692,-0.0015663633775317995,-0.005370898674498829,-0.001566363348919294,0.005870570856066048,-0.0005395712243589889,-0.0005395712243589889,-0.0005395712242976253,-0.0015663633789021946,0.0017149058333281672,-0.0004162502079300141,-0.0005395712242492523,-0.0007290241230745371,-0.0015669023154487552,-0.000642250439670217,-0.0018304417000817661,-0.0025890012041506682,-0.006741036618414002,-0.008219890280180246
2023-04-19,-0.0026708755223300595,0.005795939046860166,-0.006114561033817263,0.002835294305926701,-0.006114561031735393,-0.00895889963205602,-0.006114560996958832,-0.0016824323897204675,-0.0026708755223300586,-0.0026708755223300586,-0.002670875522278753,-0.006114561033817263,-0.002598331215137421,-0.004536958826643845,-0.0026708755222029706,-0.005754767375834585,-0.0015608505768352073,-0.003015244073259217,-0.0017898423110903753,-0.0007991292689624188,0.009644691611650326,0.0015955495671595276
2023-04-20,-0.0058276527014509225,-0.005315548070816079,0.00035033977293226433,-0.008412304101027251,0.0003503397706727024,-0.015956653499478998,0.0003503397343809771,-0.002166391162782567,-0.005827652701450922,-0.005827652701450922,-0.005827652701420985,0.00035033977293226433,-0.00031776225756765484,-0.00020714276253999697,-0.005827652701142994,-0.0013544169774265665,-0.0033017787090559134,-0.005209853454209053,-0.005424731553706749,-0.005429944870700386,-0.0063078477795408695,-0.003194450179472049
2023-04-21,0.000976954775851792,0.0015325250604504433,0.010455898108245756,0.0033985309930885665,0.010455898103643958,-0.001729167566542075,0.010455897967990707,0.002747010348489454,0.000976954775851792,0.000976954775851792,0.0009769547758686065,0.010455898108245756,0.006830491350978397,0.009455006664853613,0.0009769547760628949,0.007007242900074103,0.002175460292949385,0.00192484910866028,0.0016432083354665798,0.002756287989080951,0.0001640424571377184,0.0013652586283422448
2023-04-24,0.0009910531750385544,0.0034659325396193207,0.004928374046260392,0.002345644412327495,0.0049283740441176185,-0.0004160612787642592,0.004928373974125316,0.0034263231885731157,0.0009910531750385544,0.0009910531750385544,0.0009910531750781367,0.004928374046260392,0.004504098877925588,0.004778641298736907,0.0009910531753364786,0.003994621575719422,0.003225420659178388,0.001384785261971862,0.0017590029843678598,0.001896215545629287,0.0033629138321891005,0.004111839378808525
2023-04-25,-0.011391778539248686,-0.0009874971785617972,0.005075989331889969,-0.0045629207110626955,0.00507598932094409,-0.01457238825420979,0.005075989002817779,-0.008151800546611621,-0.011391778539248684,-0.011391778539248684,-0.011391778539309425,0.005075989331889969,-0.0005336244672922137,0.003519272812934829,-0.011391778538848025,-0.00024436068709302294,-0.006213973967012232,-0.009745001753196014,-0.008278404738875794,-0.005723333864642819,-0.0006904172989617224,-0.0029463460671507015
2023-04-26,-0.007147133687731019,-0.012838775588649255,-0.026962780288978635,-0.013089261147146581,-0.026962780277376804,-0.006878463991820008,-0.026962779932030213,-0.012866011319496171,-0.007147133687731016,-0.007147133687731016,-0.00714713368776263,-0.026962780288978635,-0.017528036815053112,-0.024454375038190843,-0.0071471336882074086,-0.019772062547877743,-0.012841943469930839,-0.009128698346747828,-0.0093231400208261,-0.010221340176202427,-0.0139784111601896,-0.012313033488300216
2023-04-27,0.016302337624260574,0.014045451446968848,0.01513651062770883,0.015790397528305744,0.015136510627344498,0.025373079350022115,0.015136510623690744,0.01524849686107213,0.01630233762426057,0.01630233762426057,0.01630233762417984,0.01513651062770883,0.0155037067870366,0.015372460037589682,0.016302337623713213,0.01487475955892795,0.013379263982115636,0.016185754924549087,0.01549509159398268,0.01581768098747259,0.024289274099102885,0.009639601263087747
2023-04-28,0.00923741047342538,0.0030276175090932955,0.0026884420946289562,0.0027592547825924267,0.002688442099962756,0.0054387309561406885,0.00268844219677975,0.0043366714784161065,0.009237410473425377,0.009237410473425377,0.009237410473491357,0.0026884420946289562,0.003390155521980491,0.0028920654351952293,0.009237410472818269,0.004387874192596344,0.005274484872130263,0.008582513636059648,0.007340307749381694,0.00592804107323177,0.00323233193962855,0.0030918680660321925
2023-05-01,-0.0016565756984636153,0.0005195288707174269,0.007505925348398228,-0.001012206673330449,0.007505925269947985,0.0037257114470889093,0.007505925227196427,0.0019691076411796765,-0.0016565756984636148,-0.0016565756984636148,-0.001656575698460327,0.007505925348398228,0.0060678409952824594,0.0012778007747196033,-0.001656575698133879,0.0014233350025955943,0.00035645392099459185,-0.0007403256016224541,-0.0007209326723173647,-0.00024600841458369537,0.0024804875040997433,0.0008104918826202818
2023-05-02,-0.011833942759259515,-0.004041538889468802,0.013235159192711399,-0.010863182491649042,0.012525261429356456,0.0008078241478503006,0.013235158415807993,0.0019224019543403888,-0.011833942759259511,-0.011833942759259511,-0.011833942759254965,0.013235159192711399,0.006483907871261663,0.007309891686903822,-0.0118339427587234,0.0045797327423744115,-0.009711707757964528,-0.009398022340397905,-0.010070453498582911,-0.008968348088318518,-0.00794152848351056,-0.0028766518453215203
2023-05-03,-0.006060083241493407,-0.008465878630375352,0.0027952449830376115,-0.007169604803881676,0.0007293108935202672,-0.009920670266378408,0.00279523602901963,-0.0076267738481675985,-0.006060083241493407,-0.006060083241493407,-0.0060600832415742744,0.0027952449830376115,-0.004493754456401168,-0.0030636097486064807,-0.006060083241915721,-0.003952396970617931,-0.00881298286765383,-0.005381143827992039,-0.006657603527219122,-0.006761199049085962,-0.006335610356519975,-0.01132232590133545
2023-05-04,-0.007761738822788508,-0.003145195040120044,-0.007215917891076322,-0.004263002255025702,-0.007515905304849987,-0.009717048561890863,-0.007215917976894746,-0.009452684286976631,-0.007761738822788506,-0.007761738822788506,-0.007761738822711877,-0.007215917891076322,-0.004058978880191017,-0.010732680507834859,-0.007761738822984324,-0.00964827992134214,-0.006338988547036065,-0.007737155470994656,-0.006532225208284997,-0.006108748811804949,-0.006542877805568768,-0.0007101019496242333
2023-05-05,0.015545529834181792,0.008896923774863515,0.002637816704705371,0.012675269467031318,0.002637816735768798,0.0046998348861155255,0.002637816809303484,0.006143586424881244,0.015545529834181789,0.015545529834181789,0.015545529834284259,0.002637816704705371,0.0040663395379501015,0.0037065818483372633,0.015545529834149347,0.007040058198303454,0.012378952560298528,0.014254758524340489,0.013866746893412487,0.012327910395209883,0.010495466645244787,0.008433372258262344
2023-05-08,-0.0008804042983484718,-0.0006061765690123315,0.0059306512283572,-0.0002492925565662862,0.005930651173861036,0.0011327758348023541,0.005930651125407032,0.000473206335223537,-0.0008804042983484709,-0.0008804042983484709,-0.0008804042983325963,0.0059306512283572,0.0029587968749000756,0.002985736515849565,-0.000880404298253762,0.0026137724893889555,-0.001100899396458277,-0.00019929875112752052,-0.0009537755711106236,-0.0011723162093262528,-0.0004996742983732761,-0.0011942577989792127
2023-05-09,-0.002989420330734583,-0.004379634322633069,-0.008057470663987747,-0.0004712402447414036,-0.008057468325869694,0.004228519134220798,-0.008057470491920488,0.004813368166684975,-0.0029894203307345825,-0.0029894203307345825,-0.0029894203307134584,-0.008057470663987747,-0.0030632412899944932,0.0007233628806680767,-0.0029894203303591177,-0.0012347044522510113,-0.0008115784944434677,-0.003496225130248097,-0.0033077601146483137,-0.003317490948241331,-0.00403305611085167,-0.004000150437047437
2023-05-10,-0.001302259938141247,0.0004893628889525954,0.003994460783396729,-0.00012024143929374315,0.0029504884665038406,-0.0021935608798459836,0.0039944558770265235,0.0013656320629724385,-0.0013022599381412468,-0.0013022599381412468,-0.0013022599381319736,0.003994460783396729,0.0015956834110087143,0.0005784236558317095,-0.0013022599379962684,0.0001368218587010877,-0.0002879996932582591,-0.0008769850976767357,-0.0007720281257752032,-0.0003430321255821168,-0.00011724770224679676,0.0001806524482905155
2023-05-11,-0.008630192722515459,-0.0033637457175446804,0.004966733256138453,-0.002399807267431382,0.0018451500354817853,-0.0020107462838845035,0.00496673312256293,-0.0018838852966671048,-0.008630192722515457,-0.008630192722515457,-0.008630192722517124,-0.00012336536782255676,-0.004069484907154016,0.0012727564334787775,-0.00863019272184917,0.0009047008032253777,-0.002476012947565735,-0.007582658446705259,-0.006804948540870501,-0.005752760358542055,-0.00306077489288456,-0.0042082513464675045
2023-05-12,-0.000492182410206223,0.000926349097018316,-0.005664045592949348,-0.0011599642489164915,-0.0049524254168586525,-0.003814965666718496,-0.005664045569848034,-0.0015154919973052515,-0.000492182410206223,-0.000492182410206223,-0.0004921824102076996,-0.004272849022835531,0.00048249507686793936,-0.004700491582549941,-0.0004921824104289698,-0.001933073022637262,0.00020878209229672814,-0.000938206710874581,0.0002923586324222976,0.0012589148377644,-0.0006398700375943772,0.0023776047827968145
2023-05-15,0.0021030506044647825,-0.005873966213023593,0.010261112253629774,-0.002714448105116801,0.00836689426172468,0.00352860841000293,0.010261112126449012,0.001606894562729047,0.0021030506044647816,0.0021030506044647816,0.002103050604502589,-0.0005450569659158576,-0.002387405175533888,0.003945057870213956,0.0021030506042123333,0.0052685133657177,0.00034812474973611667,0.0027294349701907686,0.0003528626476253321,-0.0009050463700947931,-0.007648000680796277,-0.003241210529735423
2023-05-16,-0.01134910609205184,-0.0098035851267405,-0.009414444513208492,-0.012423506197049565,-0.00941444448514268,-0.0035296933418220173,-0.009414444462346478,-0.004749193951073814,-0.011349106092051836,-0.011349106092051836,-0.011349106091980744,-0.004978569017902218,-0.005402391507174624,-0.007838903605541979,-0.01134910609134473,-0.010611373986603773,-0.008835326994597202,-0.011155639931360924,-0.011013999626840564,-0.010621965144231887,-0.009987079491838172,-0.009204930056582957
2023-05-17,0.010958822291228755,-0.000383731501668886,0.029432644713035097,0.0041779010417179316,0.029432644658745392,0.009551925122794874,0.029432644510665077,0.007023134581145522,0.010958822291228753,0.010958822291228753,0.010958822291277509,0.003232031096691964,-0.0036431439978583126,0.017107231422679288,0.010958822291446114,0.023402201261254866,0.009515169270169708,0.012806204527980418,0.008502444299069083,0.006843292539713036,0.0010328061367514715,1.6757302351741123e-05
2023-05-18,0.0055670685046680735,-0.00043179774883456357,0.0017870154007284002,0.002514488734467866,0.0017870154034254908,0.005220055395277801,0.0017870154405050381,0.0023107111853039168,0.005567068504668073,0.005567068504668073,0.005567068504572152,-0.003618270636683579,-0.0005295280606963103,0.000495649004209896,0.005567068504319006,0.0022015372778416277,0.0020546398457739153,0.005189063194543815,0.0034762872999153593,0.001873543494568061,-0.00011896895684884631,-0.001054808643624707
2023-05-19,-0.0024114111670804845,0.0016444148185154406,-0.008480170769557442,1.9616550590310015e-05,-0.008480170687491762,-0.0026020991128102217,-0.008480170700507932,-0.0010401057000014651,-0.0024114111670804836,-0.0024114111670804836,-0.0024114111670272566,0.005281045566929651,0.004419947848147336,-0.004731781396360927,-0.0024114111671904386,-0.005830236668369504,-0.0007652316956995498,-0.0030182871191216116,-0.0009528904075401357,-0.0005987163993938692,0.0024889521659875015,0.0019162190811715597
2023-05-22,-0.004495345103386466,-0.011596243157134197,0.0020418002207635627,-0.006001504873020509,0.0020418001464464026,-0.006355157045054958,0.002041800079444098,-0.00799177301938387,-0.004495345103386466,-0.004495345103386466,-0.004495345103325156,-0.013416771629985398,-0.014294544583444462,-0.0019671352908692983,-0.00449534510409507,0.0013111852282187187,-0.006371609957912507,-0.00384163057840318,-0.005656050052411701,-0.006736686223024919,-0.01280360297280659,-0.012274026819290764
2023-05-23,-0.0070035412877243915,-0.0012611707228772319,-0.016205575965017316,-0.0025250339735603013,-0.016205575909991995,-0.01275242345086563,-0.0162055758869874,-0.013883630742124264,-0.00700354128772439,-0.00700354128772439,-0.007003541287787383,-0.012312711541711572,-0.009214879433366763,-0.01521053561986313,-0.00700354128800879,-0.011751685481501647,-0.007129122386515126,-0.007923744749951146,-0.005550043976624292,-0.004378855701716543,-0.0025188371834393717,-0.0013953131065899643
2023-05-24,-0.009079463851298998,-0.005191008504546466,-0.016572911455961643,-0.006094409248605772,-0.016572911429029873,-0.003389924104310817,-0.016572911312517084,-0.004822002064188034,-0.009079463851298996,-0.009079463851298996,-0.009079463851277302,-0.007407097301705198,-0.0018638392545134946,-0.01485332488596351,-0.009079463850870138,-0.0139325514869688,-0.008353886052318758,-0.009828808609072082,-0.008522597250025743,-0.008482839573107697,-0.00948144560477013,-0.005632591943339721
2023-05-25,-0.004834228439682062,-0.011564538366696594,0.007997197852578287,-0.012244564984286015,0.00799719782457583,0.003875149232672212,0.00799719780678272,2.351221820215833e-05,-0.004834228439682061,-0.004834228439682061,-0.004834228439619259,-0.0018305818328767046,-0.005220901455612519,0.005323527708934796,-0.0048342284385746335,0.003975463301132046,-0.0017991724301513424,-0.003551085813256272,-0.0060683331406945155,-0.007341831628498888,-0.012504151545478171,-0.008863331887429679
2023-05-26,0.009422866300315028,0.0002593848447100129,0.013646737202636705,0.0016202370366971836,0.013646737198371218,0.010523386536807532,0.013646737183117284,0.010707158111522532,0.009422866300315027,0.009422866300315027,0.009422866300381747,0.0012379712892356429,-0.0007129250341453394,0.014852657966136143,0.00942286630001569,0.012504957386667261,0.006906035576268367,0.00984525339011437,0.006798855434309497,0.0052905014069566485,-0.0025748770124135803,0.0005141800607614297
2023-05-30,-0.0006326599312711034,-0.003315226111948246,0.005192005881016436,-0.0026189731804400584,0.0051920058732846264,0.0011362253052571618,0.005192005837673887,0.0016231780665691856,-0.0006326599312711034,-0.0006326599312711034,-0.0006326599312465526,-0.00562930890897023,-0.006292679914403259,0.006528866250903212,-0.0006326599313623508,0.0027533318564420444,-0.0010998840379411261,-5.0193350815530324e-05,-0.0017512660696603333,-0.0018075746798707946,-0.0014993324543358393,-0.002680387826823113
2023-05-31,-0.0024601640379438546,0.001969982759748061,0.004922130399681768,0.0034596961973463267,0.004922130400338232,0.005239006616011293,0.004922130367885332,0.010128862786805965,-0.0024601640379438546,-0.0024601640379438546,-0.0024601640380167255,0.009315483009297838,0.0049589300084294675,0.007819059049785103,-0.0024601640379223935,0.0005825396172340462,-0.0008164389617410355,-0.0017219345941156471,-0.0016435958095711415,-0.0005765493871077116,-0.008829029214129541,0.0003903317068300072
2023-06-01,0.004257090572143124,0.003780865925808676,0.010927003976497337,-0.0001545937073017808,0.0109270037231534,-0.0011334456821082601,0.010927003879896863,-0.008460041743931584,0.004257090572143124,0.004257090572143124,0.004257090572124273,0.0066329288168507985,0.005973340432643178,-0.002096815939031982,0.004257090572006319,0.004899532328359976,0.004101486153208201,0.004924081887244152,0.004318599442472864,0.00506008946919319,0.00854589565805691,0.0034245983146277818
2023-06-02,0.021658587563026816,0.011317559010196354,0.025447634266410692,0.014245195454391573,0.025447634220596663,0.02385971659176949,0.02544763412880867,0.012931250888207766,0.021658587563026813,0.021658587563026813,0.02165858756302446,0.017714882617823204,0.012907018869321564,0.02087909643616562,0.021658587561806938,0.024084258317738697,0.014791698922686156,0.0220374922287838,0.019417514869296503,0.016148165199315955,0.014937136457297006,0.014391653820404929
2023-06-05,-0.007414292482456958,0.0007940771482004094,-0.02151235993397798,-0.0033989928059680458,-0.021512359896844788,-0.0024774019599125077,-0.021512359786934415,-0.0036694284541355917,-0.007414292482456957,-0.007414292482456957,-0.007414292482356743,-0.0030753108064836294,-0.0012483745981043436,-0.017300799089923827,-0.007414292482161499,-0.016425549848464664,-0.003775720782003999,-0.008824099223895737,-0.004876214145029671,-0.0036395359640349263,-0.0019236561147514093,0.0010291878956259673
2023-06-06,0.0025696167860728442,-0.0039783919171958336,-0.00716231351113791,-0.0027818565370049055,-0.0071623140720182285,-0.010405525044629415,-0.007162313506458259,-0.0125238939947444,0.0025696167860728442,0.0025696167860728442,0.0025696167859785095,-0.02138335365139127,-0.014951425233630493,-0.01416791120024129,0.002569616785144057,-0.006233148047379266,-0.005292497060519616,0.0015964237002637407,-0.00012227179413985947,-0.0019084070544165411,-0.000635438068247118,-0.004522729511016844
2023-06-07,0.004903821884489895,0.001893838256903088,0.022137250285733004,0.00408207439845429,0.02213724925092611,-0.005891302965907939,0.022137249887339703,-0.00413240683159243,0.004903821884489895,0.004903821884489895,0.004903821884487258,-0.0019551196591411704,-0.005870558456241877,0.009674250597286512,0.004903821883886826,0.011998542062645046,0.0017619289088295362,0.006627164621133502,0.003969169925568817,0.0030776811478926006,0.005721578652375477,0.0007954891586665457
2023-06-08,0.004010956678902921,0.008585106594650012,0.028743528572786094,0.009085983495865703,0.028743528466780716,0.015055794561718752,0.028743528372931704,0.0191531176112809,0.00401095667890292,0.00401095667890292,0.004010956679018931,0.019696818203696242,0.015286317726915778,0.025078200849229883,0.004010956679280652,0.018958386090548954,0.008196162402611526,0.006484213857690697,0.004846064369911244,0.0056437388015506094,0.005769566933561115,0.008268773303540306
2023-06-09,-0.00015116313783990413,0.0016992433046088267,-0.0036746311856111773,0.0015498733528759028,-0.0036746311501727347,0.0023989230861007223,-0.003674631112909911,0.0019803407868829517,-0.00015116313783990418,-0.00015116313783990418,-0.00015116313789019357,0.0012917148526798495,0.003837978593288677,-0.0014121494271631143,-0.00015116313756244578,-0.0011746889139921373,0.000981069325319534,-0.0005035099390731859,0.00023741247091057716,0.0006781541316508029,0.002590980447785029,0.001810135883400955
2023-06-12,0.006586384937484917,0.0007005123915802074,0.01936852784830334,0.0005952271635310943,0.019368527718934818,0.009941419197403113,0.019368527702146632,0.007022882071661654,0.006586384937484915,0.006586384937484915,0.006586384937509072,0.0007015359180523179,0.0033018504106382,0.013245499864932847,0.006586384937401424,0.011093046065046136,0.005154882123574755,0.007864599215629904,0.004476140457327801,0.0035027684231078893,-0.0021012165946444907,0.0012872482929329118
2023-06-13,0.005652410022437087,0.0038225532419716188,-0.005340070930226031,0.003720863706199303,-0.0053400709085860195,0.0029887555592603087,-0.005340070840122977,0.0008183085996818182,0.005652410022437086,0.005652410022437086,0.005652410022393588,-0.0008431778743564339,0.001915627893018264,-0.003575681133862398,0.005652410022062984,-0.003524297467472842,0.0028173491998695218,0.004553161929334776,0.0052974061341042895,0.004434706667599384,0.004723775842625773,0.004656465251225872
2023-06-14,-0.0005183507571486188,0.0030462191975711298,-0.015916961523355925,-0.0016415353586098319,-0.01591696149473702,-0.0016195679111635065,-0.015916961310382925,-0.0044525305678089705,-0.0005183507571486184,-0.0005183507571486184,-0.0005183507571618355,-0.008739669225496832,-0.0012688542760316461,-0.014434780076238541,-0.0005183507575539722,-0.013960253756482065,-0.00490107447356618,-0.0020582118309074578,-0.0015670945705847212,-0.001965749440039323,-0.0030436657101857723,0.0025821846150292055
2023-06-15,0.012066766099148824,0.012760245579145364,0.01150575265104986,0.01266602590524154,0.011505752652242582,0.011889084734538584,0.011505752665456464,0.016890929541921156,0.012066766099148822,0.012066766099148822,0.012066766099129787,0.007684859413500148,0.009791536496621595,0.011543385567474826,0.012066766099058058,0.011398469530517914,0.013281943412609484,0.012010664754456852,0.01260502342970231,0.01289191196280658,0.0122771512975116,0.01270124988210456
2023-06-16,-0.0013949134738509463,0.0006725988582023763,0.002639973398853031,-0.0013807523198983323,0.0026399733832610764,-0.0023646790835000573,0.0026399732631560134,-0.006058782021688183,-0.0013949134738509461,-0.0013949134738509461,-0.0013949134738168699,-0.007918162512023113,-0.0020657310456230157,0.0004537882809191242,-0.0013949134739932052,0.0005386254205232216,-0.0014944063537016114,-0.000991424788139744,-0.0010810984784064854,-0.0005510577608905967,0.001286893014841327,0.0005081054279265126
2023-06-20,-0.010723278394949859,-0.006507968152468307,-0.03525210228213428,-0.0075413086085034916,-0.035252102122762155,-0.008336001821186595,-0.03525210150233043,-0.010316608589474814,-0.010723278394949857,-0.010723278394949857,-0.010723278394959457,-0.0073381151214310875,-0.0034841200551287512,-0.025894648234458275,-0.010723278394815704,-0.020339781473623267,-0.00955932591321288,-0.013176160767731086,-0.0088190749668159,-0.007611100863267628,-0.009796932899530604,-0.005270926480586145
2023-06-21,-0.004900653649306006,0.0015937836349823617,-0.0013664428481087588,-0.0019775704460100797,-0.0013664432405997994,-0.00389199355650842,-0.001366443018317396,-0.0035180417438198065,-0.004900653649306006,-0.004900653649306006,-0.004900653649304928,0.004895672374560238,0.003833279476286711,-0.0026757499894111618,-0.004900653649239244,-0.004744735495518585,-0.0016664742868346327,-0.00454723260843539,-0.0028067703421046555,-0.0010864503187895404,0.0026448197039983983,0.0012139827880823654
2023-06-22,-0.0006187541190005967,0.0034934901099812187,-0.03098239711603197,0.00351967278453873,-0.030982396852413996,0.00015759489281992853,-0.03098239580358822,0.003970354678091548,-0.0006187541190005966,-0.0006187541190005966,-0.0006187541190400114,0.003476543066220276,0.0036630789085519196,-0.007890748108013318,-0.0006187541189471574,-0.004780106731475264,-0.000606369114783032,-0.003655118392341935,0.0006802294955358331,0.0012408483305858151,0.00030066883122684633,0.0022837569880794434
2023-06-23,-0.005637880325972598,-0.0061300102692624205,-0.0009731738701156558,-0.004047920766924377,-0.0009856818375195918,-0.0064007318619820714,-0.000973174030430295,0.00011650748388267384,-0.005637880325972597,-0.005637880325972597,-0.0056378803259647375,0.00459245223693587,-0.003496082142160294,-0.0008730710075415146,-0.005637880326006943,-0.00406079603754439,-0.005640793898088066,-0.005172660477127297,-0.005645267042636403,-0.006202174110989538,-0.006803522815422564,-0.007356187648791047
2023-06-26,0.0010794076822287161,-0.0010259206704750347,0.0008272618616909962,-0.0003071593625794535,0.00029008403677062135,-0.003787989445561303,0.0008272616941063285,-0.0067413076140562505,0.001079407682228716,0.001079407682228716,0.0010794076822804267,-0.008262944862490119,-0.00550080826375932,-0.004791393181065225,0.0010794076817877845,-0.0016132148070267744,-0.001887832463474053,0.0010004753176829067,0.0002590344721527433,8.697386429394183e-05,-0.0007267092289037386,-0.0022922901692932736
2023-06-27,0.006361755859157266,0.0022212729056296223,0.018554258186225966,0.003002541579931033,0.01855425801503979,0.007992572968681102,0.018554257845117533,0.014793857680118492,0.006361755859157265,0.006361755859157265,0.0063617558591003995,0.0045245375921498234,0.004081964807481218,0.0161967549882777,0.006361755859448634,0.011272160353753558,0.0065676212210364895,0.007581006074745515,0.005168889477826563,0.004676535850392742,0.002145810774890632,0.0016980140946364446
2023-06-28,-0.0014704486813775378,-0.0011419464673434166,0.006140724109241137,-0.000836432301976649,0.006140723869503638,0.0013862383569599522,0.006140723970925829,0.005743991708898668,-0.0014704486813775374,-0.0014704486813775374,-0.0014704486813258372,0.005686327581341696,0.00010206342782904017,0.005177942679789541,-0.0014704486812754016,0.0019448115441221716,-0.0016511944629695613,-0.0007093314262894345,-0.0020744182699933577,-0.002482598492199236,-0.006497710951304909,-0.0020023614744287734
2023-06-29,0.006696547342143272,0.003614746666575146,0.005253831051891276,0.002474657765039739,0.005253831038453789,0.00980892744549568,0.005253831118419335,0.00436162516970506,0.006696547342143269,0.006696547342143269,0.0066965473421845036,-0.0023623620296075415,0.006566495384009983,0.0041587178442790505,0.006696547342239273,0.005362826391487373,0.007967971319660858,0.006552275711774321,0.0065834301871187445,0.006017355696748833,0.006194294868096083,0.0037781134006849865
2023-06-30,0.007783006806436458,0.01057285000243745,-0.0031679175425861662,0.010725788950444543,-0.003167917483392155,0.011663037852985425,-0.0031679169864243174,0.009738055283070231,0.007783006806436456,0.007783006806436456,0.007783006806472994,0.010620027182816441,0.014347946141844283,0.006326818510584379,0.007783006806541542,0.006825298591301044,0.010046850248685006,0.006687914377453596,0.008555133507161859,0.008729713191823274,0.013265740140964023,0.009745342452744271
2023-07-03,0.001346564820627277,-0.0034894150957056305,-0.0011372513177131801,-6.509506332575176e-05,-0.001137256678351341,6.948815537126159e-05,-0.0011372512576564974,-0.0004822728949852773,0.0013465648206272768,0.0013465648206272768,0.0013465648204991868,0.0036753058756847693,-0.005243318104530612,-0.001606449575472846,0.001346564820475074,-5.745621552128729e-05,-0.00025946319024897253,0.0010981826707294154,0.000553657684757052,0.00016852914577466892,-0.0008861760751240481,-0.004076992240130496
2023-07-05,-0.004408629054479266,0.0006814509105243417,0.011267589276915162,-0.0032045734306175096,0.01126758485242562,-0.000336290910426689,0.011267588851380598,-0.0017285918137865822,-0.0044086290544792656,-0.0044086290544792656,-0.004408629054524043,0.00315340295583052,0.0007330066699993263,0.0018685439289884344,-0.004408629054204068,-0.0017390761253770713,-0.0008261861874323223,-0.002841007663788828,-0.003250404106753187,-0.0016350792093641079,-0.0023444278958171523,0.0012361860793807678
2023-07-06,-0.011243704949092966,-0.008729361481395042,-0.0032399833633651237,-0.011967680571555905,-0.003239983405144902,-0.009355152413061488,-0.003239983565873162,-0.006108233979472027,-0.011243704949092964,-0.011243704949092964,-0.011243704949086579,-0.005742055666508654,-0.009727611160036946,-0.005576103826904709,-0.011243704948930205,-0.008670217242264506,-0.009096962419841535,-0.010443332794698158,-0.010730313089628928,-0.009942217655682995,-0.009016639237776028,-0.008741697102452132
2023-07-07,-0.005207051055386732,-0.013702567069696352,-0.0024486215487259703,-0.01211654212169478,-0.00244861949040873,-0.006743037742600268,-0.0024486216589791943,0.0033167431393649237,-0.005207051055386731,-0.005207051055386731,-0.005207051055412774,-0.011403013692878907,-0.014495993652072934,0.0029640489859233286,-0.0052070510553132035,-0.00294607059996994,-0.006676403481777879,-0.0049312078988889355,-0.007575650473845424,-0.009012348858990476,-0.007165935467076041,-0.012413330390944466
2023-07-10,0.0053235104187866625,0.00010599374555634266,0.005688604910680739,0.004139059921116832,0.005980227683868951,0.006785078088969556,0.005688604883254418,0.003653535789024993,0.005323510418786662,0.005323510418786662,0.0053235104188057575,0.010741893175413103,0.008322767987818669,0.007793220421145263,0.005323510419008422,0.005648086889891516,0.005067585275740297,0.00538918214529489,0.004685882634282574,0.003919059903887348,-0.00406310958489442,0.0026667251582332243
2023-07-11,0.00979270202338399,-0.000129615062562385,0.025228718109261253,0.006323818525536771,0.025228717533093345,0.009664116706313189,0.02522871765449622,0.016508661544809747,0.009792702023383988,0.009792702023383988,0.009792702023338639,0.008159099613589977,1.3209008237415868e-05,0.020787441565537083,0.009792702023386606,0.013187406577467944,0.0076083583367075784,0.011336303574354915,0.007096127612079885,0.005284303216916046,0.007116213466400729,0.0014114062304070515
2023-07-12,0.0023805486436823623,0.00014423664878608083,-0.007571073011168541,0.0003228776620790286,-0.007571072988141609,0.0022547011493245376,-0.0075710726859220786,0.0009936467116582978,0.002380548643682362,0.002380548643682362,0.002380548643682581,-0.002709791934313666,-0.0011232488670831098,-0.00345088584319107,0.0023805486437550637,-0.000124389000667285,-0.00017916856072095597,0.001385386480499965,0.0009098163188849014,-8.33275752289038e-06,-0.0001925020270517028,0.00028410293758344995
2023-07-13,0.0016116798291523396,-0.0005677096184950984,-0.0011982419302309182,-0.003321807288812212,-0.000814500356679132,0.0025075967217593033,-0.0011982417788804667,0.0041615350159391684,0.0016116798291523394,0.0016116798291523394,0.00161167982917704,-0.00232822329654273,-0.0033657301195158178,0.002851462165316053,0.0016116798292923683,0.0023130655027172767,0.001368037147158639,0.0013690618105691946,0.0008210225805581,0.0007459236192464188,-0.008012254910333605,0.0003589986992675538
2023-07-14,-0.002700332017496644,0.0006156878900995033,-0.0009384118504812648,-0.00033282736704532377,-0.004334388023703739,-0.004653681563418617,-0.0009384123294678608,-0.004921929293609848,-0.002700332017496644,-0.002700332017496644,-0.002700332017634542,0.003848427017847275,0.0016101164221735407,-0.005508018930531049,-0.0027003320176021478,-0.004406522269633525,-0.0014918729427241277,-0.0028637376181107543,-0.0006679805520093097,-2.666462118330868e-05,-0.006467846282645794,0.0029425867755627924
2023-07-17,-0.00038621133606644417,-0.00892913875933947,0.007172478570630739,-0.009582378783688054,0.004213429376033645,0.003796035002114893,0.007172478130952693,0.0035160311612687147,-0.00038621133606644417,-0.00038621133606644417,-0.0003862113362188484,-0.002016359265879518,-0.0028466392824507943,0.0027653233702697316,-0.0003862113344477812,0.0026319063069814865,0.0025337459532400837,7.375273514356354e-05,-0.002184889997942725,-0.003410585499402323,-0.0008506607766910149,-0.0032840464615900137
2023-07-18,0.007927333522977637,0.0024347530206367393,0.024364624818002226,0.009757767088043665,0.02436462456404635,0.00639676432908449,0.024364620866739618,0.0072684238416620755,0.007927333522977635,0.007927333522977635,0.007927333522904052,0.00711610861115051,0.0006970067169446774,0.012079046202738093,0.00792733352225168,0.010766693521931214,0.007328983042124888,0.009571062627084504,0.007591377419440289,0.006215123711992449,0.007056549815197814,0.001916164536287747
2023-07-19,0.005230266367450019,0.006966383606324848,0.0009139387695575546,0.008744117221413049,0.0009139386389671563,0.0030645865989550633,0.0009139392477461793,-0.005463315872281032,0.005230266367450017,0.005230266367450017,0.005230266367540011,-0.0009734164755544889,0.0014007470319874458,-0.0033428916282684734,0.005230266365770925,0.00018926392165215635,0.0025984102730234144,0.0047986335945613785,0.005591840109294351,0.006552806033747317,0.004389641767686743,0.004722268731976891
2023-07-20,0.0044440575556621035,0.023767784953979937,-0.006337748507939951,0.008317458282908625,-0.006337748611771025,0.005452257449181715,-0.006337748085769667,-0.0024584621101868638,0.004444057555662102,0.004444057555662102,0.004444057555685725,0.0011596313987309844,0.011553079938988096,-0.004045523006668485,0.004444057555672366,-0.00035027752743567583,0.007154745295384102,0.0033658769389195704,0.00823971631280614,0.010336699417359591,0.017390142352747048,0.023479457397847032
2023-07-21,0.0017842936673958642,0.005368980709078845,-0.0132631640961645,0.007650928236944192,-0.013263164033304062,-0.0023881048532305863,-0.013263162316973045,-0.009784282132507401,0.0017842936673958642,0.0017842936673958642,0.001784293667386577,-0.002899695769101684,0.00239548580531674,-0.01059290015120296,0.0017842936666801418,-0.004056669943897207,0.00027054068498718595,0.00027954789732587273,0.0029384057952650793,0.0030815903600142206,0.006648331750381217,0.004044154775555258
2023-07-24,0.00325168874351191,0.002984401855639072,0.006653509693902973,0.0017674110826754947,0.006840325235667841,0.005189821887129998,0.006653509514769719,0.012245158817335247,0.003251688743511909,0.003251688743511909,0.0032516887441860353,-0.0017721417151445582,0.0002492823470358632,0.011144659548948175,0.0032516887437881565,0.006849907332028497,0.005903950449503386,0.0036105523927274954,0.003181895831415502,0.003400156573481092,0.009081013644589665,0.0036327815818966024
2023-07-25,0.002017307781798062,-0.0010347338240346685,0.010317861729660564,0.0025581424073232053,0.007153646584776815,-0.00023392059160008203,0.010317860629598571,0.001759037205686468,0.002017307781798062,0.002017307781798062,0.0020173077817570192,-0.004630919833192318,-0.005687114400836969,0.0027263563568731583,0.002017307781476414,0.0015183626645132915,-4.316882655399329e-05,0.00253094166203388,0.0011711360819090025,0.0002464838714801774,-0.002934421155930563,-0.000174395956936865
2023-07-26,0.004021550332529562,0.002378521906778305,-0.014374219835806494,0.0025950036829510605,-0.014374218140079163,0.001701910422947641,-0.014374219073463354,-0.005664299060948216,0.004021550332529561,0.004021550332529561,0.0040215503319726825,-0.010116185587500772,-0.002193528264880939,-0.0053057981971626105,0.004021550325045912,0.0007136311767196879,0.000677348331381884,0.0021819734852687083,0.003148644734116607,0.003146103902746096,0.0038302579061666687,0.0021014593596511036
2023-07-27,-0.00666345103343412,-0.0031043835410186037,0.004072439202158791,-0.007693962156016145,0.0023062921871544496,-0.007680210665146431,0.004072437719991036,-0.004238011000733323,-0.006663451033434117,-0.006663451033434117,-0.0066634510332209,-0.010838625971999112,-0.0013239667594159349,-0.0014451645081209883,-0.0066634510292172015,-0.0029002096537959995,-0.006044449088268106,-0.005766476711375261,-0.006263069618328609,-0.006298093187945391,-0.004202353659417924,0.0007474935195112334
2023-07-28,0.007205349886746233,0.00396487178973563,0.0209134809360743,0.008519811197620821,0.016131395634192882,0.005511534594659559,0.020913479284014467,0.010914353581847414,0.007205349886746233,0.007205349886746233,0.007205349886758169,0.00922691055523724,0.003341868895699316,0.012360667817027748,0.007205349886656898,0.010542006388274325,0.005436767551120388,0.008097954461490897,0.006074924010973273,0.004941845835259535,0.004808419596614177,0.0025387619442332854
2023-07-31,0.002371009476577289,-0.007595120346669404,0.0006701162840131097,-0.0008897722404653503,0.002128017561646744,0.0019153986138486343,0.0006701163357667476,0.007581733365939424,0.002371009476577289,0.002371009476577289,0.002371009476592209,0.0033530168575013303,0.00044490687462180614,0.006954177709825508,0.00237100947902948,0.0032479023281424555,0.0011574034111310185,0.002346710285084234,0.0006033489957001577,-0.0006923461446874712,-0.0013717721436915223,-0.00788080709604721
2023-08-01,-9.492575759195806e-05,-0.003827350592067945,-0.003523098874184879,-0.0038433857331721328,0.015324536690046549,0.0034150199724648613,-0.003523098506752709,0.022440791421206967,-9.492575759195845e-05,-9.492575759195845e-05,-9.492575759186395e-05,-0.0068595146173100335,-0.003314419186412481,0.022514199009217004,-9.492572479656625e-05,0.014977292727353236,0.0035860876055377284,0.0014470204871718786,-0.0011919730073598122,-0.0021367238128509893,-0.0024713762343823837,-0.0032615809205625676
2023-08-02,-0.010457760275865226,-0.00041585090015813125,-0.028251264812640276,-0.006554147538468553,-0.014168370489196693,-0.00805436539176824,-0.028251153223388503,-0.012947546241236951,-0.010457760275865226,-0.010457760275865226,-0.010457760275896887,-0.008315822018787647,-0.0011067795111156897,-0.01476123931243983,-0.010457760275841622,-0.013421606530286507,-0.007274572969286064,-0.010828821297198367,-0.007682039074461091,-0.005334525265826346,-0.0038418186541474713,-0.0005174062110975213
2023-08-03,-0.0014480465492357922,0.00021492243127218389,-0.02151147209209038,-0.0036561419532840857,-0.02151147108959736,-0.0023174777675004786,-0.021511471666443124,-0.004622652619943457,-0.0014480465492357922,-0.0014480465492357922,-0.0014480465492330843,-0.012890370047973962,0.0002940687028865212,-0.00996496427535883,-0.001448046549231196,-0.0075384247920055126,-0.0021364559052958576,-0.0034543890032719417,-0.001046659563737434,-0.0007998402451123274,-0.002799785522485616,0.0007199273833750502
2023-08-04,-0.004754462957630812,-0.00983461719632554,-0.017960939219589703,-0.0024967583595978406,-0.01796093911664965,-0.008906358520597612,-0.0179609389919365,-0.006714927948927812,-0.004754462957630811,-0.004754462957630811,-0.004754462957795897,-0.014033520122236888,-0.008238497850888545,-0.011009960576114187,-0.004754462957787282,-0.007424412746019431,-0.005675190090058912,-0.006075110573532696,-0.004631106974913372,-0.0048924810347266805,-0.006942015844118743,-0.00812807117786099
2023-08-07,0.010056251226578614,0.012777705667953056,0.01867120571914833,0.013060271709105994,0.018671205656765427,0.012758257591040658,0.018671205602281117,0.016857287758556612,0.01005625122657861,0.01005625122657861,0.010056251226623462,0.015700973127321775,0.012949776851066101,0.016310369726958308,0.010056251226820726,0.016109360091841402,0.01367059158905713,0.01091774666959729,0.01107336445626076,0.011566974497091329,0.009762368865331762,0.014368565066923291
2023-08-08,-0.0033741380089800147,-0.0020503109094231237,0.004393190216646579,-0.0005577709154421157,0.004393190142120337,-0.0034958325189114996,0.004393190074904489,-0.0005357619583960225,-0.0033741380089800147,-0.0033741380089800147,-0.0033741380089302,0.0039014533135192566,-1.558921845121341e-05,0.0008616710985389763,-0.0033741380089596616,0.0003321818248455005,-0.0015410020551173964,-0.00259740519386998,-0.0025853944907081833,-0.0020350019897076013,-0.004389069514994026,-0.0017275001895169545
2023-08-09,-0.00437364428126407,-0.0007482523834400578,0.0057803952205766895,-0.003972087854113338,0.005780395143583807,-0.0037360125901016125,0.005780395024472093,-0.0023806652097516515,-0.004373644281264069,-0.004373644281264069,-0.004373644281264708,0.002684049620941091,-0.0016682433330275932,0.0010777452682520423,-0.004373644281235393,0.0007874895914821827,-0.002513187636191174,-0.003358240338779282,-0.0036551371257039305,-0.0025959389933426498,-0.0010734629176354395,-0.0011725957114410673
2023-08-10,0.0032262888346470545,-0.0005966142622587047,-0.002498345538624213,0.002764714202701888,-0.0024983455201468534,0.0010324338451250805,-0.002498345476680119,-0.0007443531879104712,0.003226288834647054,0.003226288834647054,0.003226288834624725,-0.0033916575071900553,-0.0013603654405093544,-0.001377537829092856,0.0032262888341974645,-0.0012146479702614785,0.0007119228769036412,0.0026538253991675686,0.0022927857454544142,0.0014131162266393443,-0.0011740160442103448,-0.00033471692330959305
2023-08-11,0.002793498928719384,0.007539486848916131,0.00492042133051112,0.007779074819249571,0.004920421193988512,0.002905159973161388,0.00492042128815727,0.0005793313524140088,0.0027934989287193832,0.0027934989287193832,0.002793498928699001,0.00941933244167628,0.0068859283896293266,0.0008244867207536198,0.0027934989287663253,0.002298673859056132,0.0041096111021145755,0.0030061911552462964,0.0041300158393096946,0.004658996773881945,0.006580737062316165,0.006345388560378702
2023-08-14,0.0009363317468090921,-0.0012492287102082457,-0.002386857018072681,0.003660279502985036,-0.0023868569964030015,0.0006357167795730981,-0.0023868569345966827,0.0004150236224251595,0.0009363317468090919,0.0009363317468090919,0.0009363317467663562,0.003300439421940193,-0.0008570762387909254,-0.00025015905081897627,0.0009363317469370291,-0.0005389282644354244,0.00042505589922959235,0.0006040128724888349,0.0005466974287499778,-0.000746488080258174,-0.003836854690872287,-0.0026669982930567437
2023-08-15,-0.012185434793089077,-0.0063019401040432495,-0.02552162481888907,-0.008904792977025355,-0.025521624361337446,-0.00869662821089209,-0.025521624545315813,-0.021315923067283058,-0.012185434793089076,-0.012185434793089076,-0.012185434793080159,-0.01725444652247568,-0.0053984537378598384,-0.023340391556224555,-0.012185434792990618,-0.02139835446846273,-0.010492445917080102,-0.013519053749913908,-0.01025595812722431,-0.008588931444869576,-0.013360765989309496,-0.005492189875160131
2023-08-16,-0.005381046994511007,-0.0031712372697866383,-0.010364453171194074,-0.003729265532759651,-0.010364453166855844,-0.005445346176155594,-0.010364453041435438,-0.007319163054242731,-0.005381046994511006,-0.005381046994511006,-0.005381046994562628,-0.006366490593914259,-0.0036643867354056144,-0.009131655680540151,-0.005381046994553156,-0.008459735915167195,-0.004631088198379218,-0.00587938761174549,-0.004614960671899807,-0.004254136380700227,0.00046074479694618495,-0.0037885288341998184
2023-08-17,-0.005106722911848924,-0.004764829053963895,0.002401242723724812,-0.005648739662654762,0.0024012411438183298,-0.0038900074619749314,0.0024012425995018974,-0.00841935357023383,-0.005106722911848922,-0.005106722911848922,-0.005106722911991635,0.0021632588479329902,-0.009581271155878316,-0.006101866441431082,-0.005106722911967052,-0.004548669876481727,-0.00396924166205802,-0.004355926506282201,-0.004492226869963609,-0.0045392894453044445,-0.004316761385640437,-0.002987569511515338
2023-08-18,0.0016069263709031808,0.0027059749286468394,-0.004991130820916861,0.0018432080864369273,-0.004991130763545293,0.003177214981202539,-0.004991130663726907,0.002307256186034877,0.0016069263709031806,0.0016069263709031806,0.0016069263709018358,-0.002246133981239978,0.003370194422330855,-0.000482146250885915,0.0016069263709865584,-0.001237119792126578,0.001934619197305441,0.0009471206574583342,0.0016586016238959232,0.002129625508063245,4.823994631105147e-05,0.0024520844414127646
2023-08-21,-0.0010037789478083107,-0.008759281915646892,-0.0038422237868015715,-0.0019596978998472764,-0.003842223727925852,0.0016498727529625581,-0.0038422236662362243,0.0011392318353832054,-0.0010037789478083109,-0.0010037789478083109,-0.0010037789478183473,-0.0009864378588382758,-0.0021079631574416223,-0.0007913136502438631,-0.0010037789475954711,-0.001831475489856567,-0.0009929347610000963,-0.0012876234258200649,-0.0022480317199846606,-0.003410508930125812,-0.007586961924385215,-0.008829298616927833
2023-08-22,-0.00532922641109219,-0.004329220993236513,-0.009393275544443186,-0.007720421202642396,-0.009393267027193104,-0.005991307860724615,-0.009393275528877101,-0.007648856862803523,-0.005329226411092188,-0.005329226411092188,-0.005329226411133713,-0.014053779549634705,-0.008396159016269701,-0.005597362171180078,-0.005329226411153355,-0.00463814522404598,-0.005722337744451737,-0.005735630472702273,-0.005677343244478202,-0.004819092840589891,-0.005574778591806399,-0.004641548711320381
2023-08-23,0.006059338246397964,0.003801912738458548,-0.006497375800036457,0.006910067812983176,0.0037060376113568034,0.010336636900697959,0.005141616954036825,0.006923991787713574,0.006059338246397962,0.006059338246397962,0.006059338246518284,0.017304130962452993,0.01184037489790663,0.002734610282820765,0.006059338246571748,0.0026415761498363964,0.006687943805865648,0.005824008182894943,0.006130998150913622,0.005636304963052475,0.0042132866145497055,0.0017450975171648632
2023-08-24,-0.011214769697854753,-0.0016597428343984634,-0.01375564565241474,-0.009190767037789076,-0.02442293163313861,-0.013088264307976069,-0.013755660979396938,-0.021256362444970787,-0.01121476969785475,-0.01121476969785475,-0.011214769697789822,-0.01489195516507267,-0.008371428805399287,-0.027700736266971806,-0.011214769697996695,-0.022668060468224584,-0.011629786999453981,-0.012535585891389823,-0.008890389427468904,-0.007406260504220482,-0.0003598109167320406,-0.001035069953223481
2023-08-25,0.008015955150053782,0.006645201317593372,0.012032845953390799,0.00734302572695712,0.014243496933792173,0.009748305241415404,0.01203284785879456,0.012239932826711571,0.008015955150053782,0.008015955150053782,0.008015955150049898,0.010072217832082122,0.006714014876729314,0.013051692647996858,0.008015955150216051,0.011083543837317788,0.008494741288778416,0.008638709328427618,0.00733276654534403,0.006962276958801745,0.004377655898583654,0.00709389509195117
2023-08-28,0.0067835774325847795,-0.0003428740814706179,0.00814822211268417,0.0018498805612012518,0.008148222289320222,0.003870691073539245,0.008148221962893219,0.007176639769812904,0.006783577432584779,0.006783577432584779,0.00678357743272671,0.0005439260735385632,0.00040507675396016376,0.007646747270992438,0.006783577432094045,0.006793830953971284,0.003429263034598745,0.006920041918258322,0.0048207943356248645,0.004034290125753413,-0.0008905249092702348,3.0291457809461393e-05
2023-08-29,0.009083310531396754,0.005790208963232934,0.018889638660071255,0.010486638187715744,0.018889638551419487,0.006878394497549336,0.018889638272817144,0.009316060843523067,0.00908331053139675,0.00908331053139675,0.009083310531307882,0.01535960832310317,0.0075918422409524434,0.011756693028709795,0.00908331053126763,0.01062964582280301,0.0072215274718627626,0.010063943333399026,0.00828591606735393,0.007665742478705326,0.0033209459727095523,0.00390174008941525
2023-08-30,0.0020043743800863246,0.0009870077696133158,0.008179873707360676,0.0011776247453131653,0.00817987367115413,0.0037470958252330037,0.008179873622229111,0.0035461318886861057,0.0020043743800863246,0.0020043743800863246,0.002004374380093504,0.005763846365847432,0.0034155037682097704,0.005667294316736847,0.002004374380378044,0.003927955586736292,0.0027195146287325852,0.002621924309193104,0.0014682187881668962,0.0013603643358922341,0.0006105173629612353,0.0006857521747460474
2023-08-31,-0.001771494130717627,-0.00367692873147674,-0.0042592199755885135,-0.002351471212130732,-0.004259219958363868,-0.0011085692913086684,-0.004259219831080851,-0.006914373980276668,-0.0017714941307176266,-0.0017714941307176266,-0.0017714941307000033,-0.006981042256781329,-0.0015343476553004672,-0.005129422150348434,-0.0017714941307111875,-0.004272068084995893,-0.003077742435140202,-0.002020266713482251,-0.0027336715098137013,-0.002410577703884112,0.0009320804242607814,-0.004611749008430253
2023-09-01,0.004384840663116434,-0.0022488118816389535,0.018048206150445185,0.003120391323093463,0.018048206010442203,0.004504286442109632,0.018048205760790928,0.005380608892029799,0.0043848406631164325,0.0043848406631164325,0.00438484066313475,0.014202926204561702,0.0015139959267780518,0.011060127894444915,0.004384840663686086,0.008661134018285676,0.004208501782467862,0.0057511771978490086,0.0032100769156194254,0.0024083771568382114,0.004180158391210962,-0.002066595469957155
2023-09-05,-0.007020840326786371,-0.0065095169499533746,-0.016271241560365843,-0.006384143271607495,-0.01627124152055795,-0.008825652959123595,-0.016271241290288816,-0.012013012219309217,-0.00702084032678637,-0.00702084032678637,-0.007020840326616856,-0.018181503418148233,-0.011580022172366979,-0.014534157362945992,-0.007020840326988089,-0.012311255213359466,-0.00891469944183191,-0.007945880446163527,-0.007232292934589561,-0.007322642833837025,-0.006889251171147883,-0.00465342776100392
2023-09-06,-0.004380720215374329,-0.00516724109187639,0.004499212754518406,-0.0047009602031000035,0.004499212671969126,-0.0040770426555565165,0.0044992126117123325,-0.0011251779710889933,-0.004380720215374327,-0.004380720215374327,-0.0043807202154600685,-0.0009327369470231949,-0.0014868660372740965,0.0005417887960483681,-0.004380720215233767,-0.0015705698151146513,-0.0033571627324595196,-0.0034927269266399824,-0.0048679000188622265,-0.00461590617770233,-0.0014235517472751418,-0.00590920074646196
2023-09-07,0.00023553686790157236,0.005919155314340936,-0.005209642260422228,0.006493100346694976,-0.005209642203804149,0.0008370912775477732,-0.005209642126083686,-0.0036097225290229354,0.00023553686790157217,0.00023553686790157217,0.00023553686784279497,0.002090263919713146,0.0075763529444467055,-0.003880562567997976,0.00023553686799322146,-0.002443424253831254,0.0016626063495312794,-0.0003089810392689995,0.0020758672095039636,0.002723462851591032,0.0064545150937449355,0.0049970863803757365
2023-09-08,0.0015112901555815997,0.0006149413326897273,0.0030156493223442798,0.002575293570960384,0.0030156496018731776,0.0015944899838086966,0.0030156492159238344,-0.0030272803015171912,0.0015112901555815995,0.0015112901555815995,0.0015112901555783885,0.005827153687251826,0.003200325598410578,0.0018365485679880398,0.0015112901553906283,0.0019333141566264466,0.0020375984894961305,0.0016617261002107569,0.0016808843429375149,0.0012620478839797085,-0.0023649181242935365,0.0016466322237530706
2023-09-11,0.003885639774745495,0.005980681905111133,-0.0008151498055313183,0.004086654473568181,-0.0008151496369662399,0.0022377162021485135,-0.000815149691979828,-0.0003264366409596816,0.003885639774745495,0.003885639774745495,0.003885639774893721,-0.002108783097240943,0.0020687959180437244,0.00020333567656033647,0.003885639774436762,0.00159229759454385,0.002919440283458286,0.003415560833574323,0.004169642346768522,0.004296126285068313,0.005000164540675726,0.005146393927807105
2023-09-12,-0.00029514445673062327,0.00016103055682621445,-0.0008514860467256235,0.0006190271554966564,-0.0008514862895595024,-0.004493901030531858,-0.0008514861479614867,-0.006943686725449137,-0.00029514445673062414,-0.00029514445673062414,-0.00029514445673775277,0.0009843744497706561,-0.0025773666549628632,-0.0054350720943989635,-0.0002951444572942267,-0.0019995729407012563,-0.0028905322799831798,-0.0003507786400135115,-0.0003080063916104858,-0.0003343632330207301,0.0027094835384541267,-0.00019470369478566282
2023-09-13,-0.0037940986973119843,0.000807399548340998,-0.02112172654320602,-0.006195645579262438,-0.021121726449393696,-0.0032568777291760312,-0.021121726013253784,-0.0145973804747316,-0.003794098697311984,-0.003794098697311984,-0.003794098697257501,-0.017240399742707812,-0.0047086285229717695,-0.01783796472618418,-0.003794098697394594,-0.011076202267305562,-0.0039993990030034576,-0.005526861472520153,-0.0030229047961477895,-0.0022362325450022273,0.001997150984267816,0.0005109848865207942
2023-09-14,0.00918684484998847,0.0055265573560712615,0.023779851947282327,0.007972499016449438,0.023779851739760827,0.006422928062199956,0.0237798514199199,0.009488964904999985,0.009186844849988466,0.009186844849988466,0.009186844849930775,0.018712200276551298,0.00832482310809127,0.015654440443013944,0.009186844849806966,0.012332056494031917,0.00844453664961844,0.0106461455389657,0.008785351435579075,0.008335780242272937,0.01018991171769407,0.006861967637996386
2023-09-15,-0.007721519696102869,-0.009779381898681924,-0.012141819600301341,-0.008476177378832798,-0.01214181960602433,-0.010873791503863415,-0.012141819580407135,-0.013310945828976309,-0.0077215196961028685,-0.0077215196961028685,-0.007721519696109522,-0.009958090780133096,-0.008851406043580668,-0.01265730388420944,-0.007721519696688889,-0.00996795625043457,-0.00996488694353616,-0.008163549687095014,-0.007839351269029385,-0.007928656734604215,-0.0077006192455236315,-0.01064156168449975
2023-09-18,-0.00012072040499915473,0.0007580849793281585,0.006392122229714407,0.0005176748780687403,0.006392122170987795,-0.0003746402761307081,0.006392121978512398,-0.0017279797346850415,-0.00012072040499915446,-0.00012072040499915446,-0.00012072040495229763,0.0049390074539320105,-0.0008340970633692163,0.0015189311603449294,-0.00012072040486410003,0.001420316354850168,0.0008949930395993473,0.0005305638525995399,0.0004787499526977131,0.00043029082292618445,0.0031635945018688243,0.0006432597366802979
2023-09-19,-0.004697288320507534,-0.0013838916154689889,-0.004531012552565603,-0.003990549245624245,-0.004531012560013183,-0.003284304290434632,-0.004531012590906406,-0.00173922044410056,-0.004697288320507533,-0.004697288320507533,-0.004697288320466206,-0.004427858826448553,-0.0008500604547910619,-0.004716518080631956,-0.004697288320099386,-0.004571956374969116,-0.0015911152978413147,-0.004680660744458098,-0.0035811478892835845,-0.0027687856994511677,-0.00248014675791736,-0.00048331720732029313
2023-09-20,-0.0036663433697525084,0.003695952936532005,-0.0037973948319943674,0.0018841530567105162,-0.00379739488598598,-0.006071937376624897,-0.0037973950292663357,-0.01041453037910428,-0.003666343369752508,-0.003666343369752508,-0.00366634336973543,-0.0024532528212161645,0.0011832949265392788,-0.006848217874326248,-0.0036663433703257088,-0.005478317152704783,-0.0015990271176376046,-0.003679448521375855,-0.0010491396866564614,0.0008488296114550364,0.0004206587405006374,0.004522189434411317
2023-09-21,-0.012763807474049309,-0.012681559423325914,-0.02390050902694279,-0.007035145689390894,-0.023900508975331854,-0.015031721947596725,-0.023900508703615053,-0.02103889693853071,-0.012763807474049305,-0.012763807474049305,-0.012763807474023526,-0.016444098384848827,-0.014532088052740146,-0.0217304470070212,-0.012763807474482471,-0.018094846070275398,-0.014298626232439828,-0.01387747762417756,-0.012052554236842216,-0.012174864358083912,-0.009140525283733004,-0.013078159248021368
2023-09-22,-0.0043791700960599846,-0.00031632238246439936,0.003779095184872663,-0.002581461743528764,0.003779095113259053,-0.004920517578578456,0.0037790948262968515,-0.0061893546507126255,-0.004379170096059984,-0.004379170096059984,-0.004379170096127651,0.000799865826644357,-0.0017335761572798303,-0.0010313814468199522,-0.004379170095950098,-0.0015601449654168882,-0.0033426934643057847,-0.0035633435751280806,-0.0034564053766170514,-0.0027693365866774938,-0.00269266885077854,-0.000317101037773033
2023-09-25,0.00027181466593811823,-0.0028290366894268494,0.004421359593674538,0.000697715169582206,0.0044213595835173765,0.0017809340670275268,0.004421359476800835,0.0027509595756801957,0.00027181466593811834,0.00027181466593811834,0.0002718146659286148,0.0009112034569750872,-0.0008025206196675072,0.003688528661650587,0.0002718146661713987,0.0026154103964469403,0.0003729314411250157,0.0006867691576998634,-0.00032304400533617554,-0.0007067815835070095,0.00013882359191458635,-0.0025575410435709676
2023-09-26,-0.011137041466336152,-0.007172479887766899,-0.017470564267238205,-0.007319810616677289,-0.01747056425865499,-0.011835110257127399,-0.017470564118840497,-0.015965960095825748,-0.01113704146633615,-0.01113704146633615,-0.011137041466333673,-0.012394226718205257,-0.0069532984045285575,-0.017279808016613878,-0.01113704146651995,-0.014842618191025104,-0.011125503013591699,-0.011770393745571931,-0.009989203877876841,-0.009575178624478216,-0.00835911595973781,-0.007418761715243731
2023-09-27,-0.001773433194210424,-0.008416452696948677,0.011766711765854317,-0.003366051906522201,0.01176671173838225,0.0010515609624443204,0.011766711461093279,0.004855057546358431,-0.0017734331942104236,-0.0017734331942104236,-0.0017734331942046092,0.00224867202407577,-0.0023447839631959787,0.008611074420952944,-0.0017734331937954973,0.0033461426497821897,-8.007889076500305e-05,-0.00041941870094248257,-0.0032926958040051632,-0.004368266423800636,-0.007920276181156368,-0.007168603935607253
2023-09-28,0.0025159197635031714,0.002469466485837419,0.012861033148841206,0.003916333714483635,0.01286103307984386,0.002593801860299079,0.012861032768063604,-2.9654855606551908e-05,0.002515919763503171,0.002515919763503171,0.0025159197634065057,0.009332451289299822,0.004610279341404895,0.002556929652233161,0.0025159197635414667,0.003313787140585489,0.002005793753560417,0.0035504310951431726,0.002507766337409302,0.0021997341278221076,0.002828231922433245,0.0012496670031048086
2023-09-29,-0.0022785693869605147,-0.007712399884838206,-0.01179829266470842,-0.006360736391533723,-0.011798292650009319,-0.005669810342100343,-0.011798292394647166,-0.007069609715157175,-0.0022785693869605142,-0.0022785693869605142,-0.002278569386959848,-0.012259750058559792,-0.01057081778246238,-0.009045978417504465,-0.002278569387344348,-0.00618664384426419,-0.007179446055742731,-0.003230541713285545,-0.004336319579740819,-0.0054807998351880955,-0.008461064398108287,-0.006827268839142863
2023-10-02,-0.004342537503399978,-0.00724567084424614,-0.0046996315149105536,-0.003152223161506461,-0.0046996315123692,-0.002515815442438014,-0.004699631416446248,-0.008984455904319476,-0.004342537503399978,-0.004342537503399978,-0.0043425375033659215,-0.004396925182995557,-0.0034585879269029484,-0.00756405723331893,-0.004342537503223529,-0.0044116445348284595,-0.003149092486384993,-0.004378246904295946,-0.004481924098413402,-0.005177593423481145,-0.00557543304751539,-0.007747455724731209
2023-10-03,-0.00997124355432693,-0.005919889575260768,-0.010172379971333165,-0.006622813084723415,-0.01017237994874787,-0.00977829670348015,-0.010172379882287027,-0.004103457434146849,-0.009971243554326926,-0.009971243554326926,-0.00997124355430505,-0.009178444408913983,-0.008417809995832356,-0.005999014641307678,-0.009971243554210207,-0.008132619627227106,-0.008599879270817455,-0.00999135719376823,-0.00918465174032983,-0.007974883930125458,-0.0053090021006253815,-0.006141892023106651
2023-10-04,0.0026824326206530903,0.002311873403040694,-0.014756655893525147,0.0009263022764950582,-0.014756655667967326,0.0038178826052399197,-0.014756655090246732,-0.006523967831651312,0.0026824326206530895,0.0026824326206530895,0.0026824326207648104,-0.007109015994340022,0.004188478250496684,-0.01339980473674612,0.0026824326206632393,-0.0055253985271628775,0.0012161634536898627,0.0009385237917910516,0.002842812400548298,0.0030730382506615663,-0.0002838689127598572,0.0023334552841436287
2023-10-05,-0.00161051772883417,-0.00845140863220383,-0.01608910841364099,0.003638864517507774,-0.01608910753406281,-0.002751614384162764,-0.016089107679072973,-0.004340930704938942,-0.0016105177288341696,-0.0016105177288341696,-0.0016105177287626512,-0.0037883971399017336,-0.0045643702596402025,-0.010163731449489706,-0.0016105177290328975,-0.006084417166242245,-0.0036125790249079536,-0.0030583767093570273,-0.002059926527974879,-0.0036923653764479305,0.008008497883323425,-0.012151371022909186
2023-10-06,0.0078005072294588815,-0.002932149658180793,0.01989261179190101,0.0053095746110337965,0.0198926101285562,0.007302609841652103,0.01989261133923587,0.01196090506754205,0.00780050722945888,0.00780050722945888,0.007800507229487764,0.01284008475836203,0.0020646381540343215,0.01420050735071402,0.007800507229517857,0.01090525847074236,0.008086022100780776,0.009009717519368599,0.005907876794827278,0.003605692495182926,-1.4315114763839578e-05,-0.0020906452900305407
2023-10-09,0.0057355210897555966,0.004853877940437829,0.01957865360289429,0.009288408160834837,0.019578653178387938,0.00451066406319041,0.019578652952023434,0.006602493048629658,0.005735521089755595,0.005735521089755595,0.005735521089756677,0.013988727715541638,0.002007781949348399,0.012099453102366512,0.005735521089660198,0.007592201368500567,0.006117214715255739,0.007119834298618824,0.005620000453800579,0.005404554503220052,0.007891939678116081,0.005026777407319217
2023-10-10,0.0053703580058634525,0.00631932470804675,0.007015432690892423,0.002188608601861271,0.007015432772775125,0.004504112076201299,0.007015432511199359,0.012657662671251317,0.005370358005863452,0.005370358005863452,0.005370358006036078,0.0003801387492525923,0.0060159996890936165,0.010690956501290847,0.005370358002723181,0.00720874083317492,0.00463575834865314,0.005534865482554619,0.004876621216425043,0.005174144904429568,0.0013889008862996344,0.006627875119290952
2023-10-11,0.0005485694808882478,-0.004540125870720403,-0.0013918552770176807,0.0016180798481208452,-0.0013918544906105256,0.0028429400883431375,-0.0013918541125541772,0.007360946611174016,0.0005485694808882475,0.0005485694808882475,0.0005485694812542916,0.0029749147754237456,0.004302416360207084,0.0053423769583261504,0.0005485694985588191,0.00199303784495951,0.0033412002519850486,0.0003545270837383706,3.151256068888278e-05,-0.00038529581573367854,-0.008513699781485348,-0.004926629718049181
2023-10-12,-0.005920039663060773,-0.0055843148322091835,-0.011872418246136851,-0.0036995643080718742,-0.010456548083959268,-0.0040066147169069396,-0.011872412329399475,-0.01165571133850456,-0.005920039663060771,-0.005920039663060771,-0.005920039663073657,-0.00400497375068441,-0.0002661815651569178,-0.010142637452575131,-0.005920039656985794,-0.008731678635570563,-0.00562303667236126,-0.006373690505150621,-0.005539408223889708,-0.005727344861541588,-0.0020158473134360318,-0.00726036037843097
2023-10-13,-0.0007937089711179087,0.004265239099694711,-0.006213331573769918,0.0015457501326265192,-0.010483793210929368,-0.0024916095591141036,-0.006213332078423614,-0.0068158280928345616,-0.0007937089711179085,-0.0007937089711179085,-0.0007937089711026308,-0.0065416184433413375,0.0022764752019142276,-0.009123840819778815,-0.0007937089950418145,-0.005513784124316032,-0.002691168131172224,-0.0017627173950990538,0.0007971183413692832,0.0014500031408292318,0.003374041321534568,0.004212801396210099
2023-10-16,0.010263953296192676,0.008374230625410746,0.010580713990114232,0.00959194478225745,0.010375188727812719,0.008264212821526496,0.010580713985375044,0.008958249117901551,0.010263953296192672,0.010263953296192672,0.010263953296136875,0.008350682397389397,0.007302526861531333,0.009584847399996758,0.0102639532961062,0.010118052768898034,0.008024831820419544,0.010275076839354679,0.00954875913553308,0.009405041874763403,0.007745752175498671,0.00771124118197889
2023-10-17,0.0018036374886988419,0.0027772305657392158,0.006845077550497849,0.0014501353452568628,0.006071205891019241,0.0006269422199821306,0.006845075596432006,0.0013956418206619847,0.0018036374886988415,0.0018036374886988415,0.0018036374886847275,-0.0009311255093978069,0.0004440676029817507,0.0016941386655626152,0.001803637488594052,0.001256540971302268,0.0014445686569909057,0.0022303943289308814,0.0017800006515664218,0.0023493047248916883,-0.002630649468238533,0.002280609559721998
2023-10-18,-0.009403828307496791,-0.0006180881457134455,-0.05051183680715985,-0.010584579290507174,-0.050302117111106485,-0.00681788790909211,-0.050511836693259475,-0.025341626784585087,-0.00940382830749679,-0.00940382830749679,-0.009403828307437032,-0.011966205972429788,-0.0018000781803000077,-0.03187023657836383,-0.009403828307568614,-0.020046354259832654,-0.010635219090750672,-0.0134936571878576,-0.0077237847124085445,-0.005317737681023815,-0.014495657832484873,0.0010433807178641208
2023-10-19,-0.006751269503044891,-0.001603873364972325,-0.02472228410850076,-0.0034069797675371884,-0.01977148883027782,-0.0061449143642505494,-0.0247222748840353,-0.003657055120648287,-0.00675126950304489,-0.00675126950304489,-0.00675126950311815,-0.00487081607317041,-0.008496520770800901,-0.008357612018591247,-0.006751269503025843,-0.007144385775727484,-0.006794430651605363,-0.008053291435768184,-0.006082650721125493,-0.005673188793008992,-0.002756379116453408,-0.001956982405642654
2023-10-20,-0.00833194015662752,-0.003338139997905458,-0.021250290447728457,-0.006562423205095238,-0.013640441449269103,-0.008509096262422345,-0.021250290170562444,-0.015706832156466833,-0.008331940156627516,-0.008331940156627516,-0.008331940156761199,-0.012977916346712477,-0.00819535217274607,-0.014982266560752935,-0.00833194015683141,-0.01169531035066489,-0.0079778046009344,-0.008862790285891674,-0.0065447741046441915,-0.006089449612871422,-1.2629931375114737e-05,-0.00412847749719433
2023-10-23,-0.006398033289829512,-0.006440864695872497,0.008079319921298275,-0.007201054120784504,-0.0015705133894067364,-0.005935715584237006,0.008079314833919042,-0.010379670027907482,-0.00639803328982951,-0.00639803328982951,-0.006398033289877024,0.007451886876429126,-0.000351913094999501,-0.007865242670787993,-0.006398033289847253,-0.007579930442340737,-0.006444545889665258,-0.00591528129978724,-0.006492701100704939,-0.006238204384293123,-0.005851008452236861,-0.009174506469055512
2023-10-24,0.010824038421624287,0.015331888914793044,0.003667535452276952,0.014862469520124202,0.006347659371673598,0.01076530136389778,0.005607789927754565,0.01104539207390397,0.010824038421624283,0.010824038421624283,0.01082403842150887,0.007178745147478739,0.009451398758387207,0.008731458639047307,0.01082403842143149,0.007118144965063406,0.00996142780063268,0.010376400516601682,0.011412633066600255,0.012530545507403939,0.011005705446443428,0.010286091591122381
2023-10-25,-0.007491423560712196,0.0005099977114956778,0.030216738552244677,-0.004293057482444274,0.015377538982533377,-0.010689271365087577,0.03021670717590642,-0.011726423574263869,-0.007491423560712193,-0.007491423560712193,-0.007491423560686918,0.013662068517960311,-0.0005762046238200339,-0.005806531297050528,-0.007491423572149747,-0.007345340248351683,-0.004489763058298289,-0.00520452730638764,-0.00468423903946346,-0.003740051866156166,-0.0024477197518851467,-0.0013456875692875695
2023-10-26,-0.005573754970885785,-0.0019246364308205758,-0.038235978427838165,-0.003834615924517747,-0.03645920500221487,-0.006984538345779045,-0.038235977541103666,-0.021817792506404032,-0.005573754970885785,-0.005573754970885785,-0.005573754971008014,-0.023549961324745593,-0.00839021835282407,-0.02492142694750797,-0.005573754986561735,-0.0172248046584536,-0.007050889282564448,-0.008662299974018668,-0.004355301343038324,-0.0034787014160949747,-0.0037326107399205475,-0.002107196665759071
2023-10-27,-0.009530349227614861,-0.015159733005026575,0.00583838183407854,-0.016791563187657215,0.0005934620229924759,-0.0034920285305826727,0.00583838162760254,0.002968265784116378,-0.009530349227614858,-0.009530349227614858,-0.0095303492275518,-0.005141935148897669,-0.012749117098614352,0.0028977904896365005,-0.009530349227275851,-0.0024583976954283895,-0.011378655826852721,-0.008517968102505557,-0.012128979529605418,-0.01289806019981013,-0.02313949327038715,-0.016269848372988033
2023-10-30,0.01513504878698705,0.01253531141560423,0.02248565141791919,0.013910846478561698,0.022485651210321606,0.010362277331384681,0.022485651259496434,0.013915397924764253,0.015135048786987045,0.015135048786987045,0.015135048786947844,0.016861657697350416,0.011532599404477166,0.01702960722377932,0.015135048786834129,0.01602668688870392,0.013118799208982335,0.0158701090293205,0.014350760744928893,0.014425584319739898,0.017086705222706472,0.011154371643986137
2023-10-31,0.005768851222060263,0.005746104896258193,0.0023689923013296846,0.0026735641759845804,0.002368992445412948,0.0033704856990173287,0.002368992398551052,0.015488368754597753,0.005768851222060261,0.005768851222060261,0.005768851222019394,0.005050788489582525,0.004478321465418764,0.009814119090520934,0.00576885122200571,0.008006363607724307,0.004274239857266366,0.005428865344395532,0.005423061074173904,0.0058330651620962645,0.008288719181106874,0.004824033191357557
2023-11-01,0.005452055728972117,0.0029929362979219574,0.023269883740665423,0.007125498968969487,0.023269883695772358,0.009207721432926086,0.023269883523524156,0.01900983144853647,0.005452055728972115,0.005452055728972115,0.005452055728981628,0.019853132651318443,0.005923444343300698,0.02082676266635911,0.005452055729241478,0.016378970726684615,0.00876046243283739,0.007233838525652139,0.004887151289887338,0.004723324279985235,0.007338617735005682,0.0024675441406339926
2023-11-02,0.016807424058249875,0.012065576260358235,0.0064804653020259645,0.013398831305359423,0.006480465321611946,0.011981206770276647,0.006480465441605942,0.01140096209255215,0.01680742405824987,0.01680742405824987,0.01680742405822251,0.008131600901736478,0.009073682122333296,0.008511622341290711,0.016807424058074633,0.010322457462141573,0.012314178589628876,0.015774728184581983,0.015204477212772642,0.014494835528213179,0.010808436019366627,0.013237736499714554
2023-11-03,0.006801445017175474,0.0010495008095046266,0.012779723534664032,0.0031128008108676167,0.012779723527734536,0.004229002719990483,0.012779723406875741,0.011719505710167265,0.006801445017175473,0.006801445017175473,0.006801445017163073,0.010713305473640064,0.0008298052969352802,0.013047856015021538,0.0068014450170959416,0.00994989372770782,0.005189423312733109,0.007399272868227618,0.005193542992757256,0.0040729943336780235,0.0052005655641287315,0.0005094927469434857
2023-11-06,0.0004280689026154834,0.00339603074733456,0.010517226864808413,0.001637564398429929,0.010517226850022012,0.002177301605981331,0.010517226677826882,0.0014870152059457504,0.00042806890261548353,0.00042806890261548353,0.00042806890253782977,0.005894813728960731,0.004155426319853098,0.007548853433440418,0.00042806891502198807,0.005223072191758714,0.002778115705050374,0.0014369846973696023,0.0014371823345241987,0.0015815681717916824,0.00010280644717671535,0.0036701458286615887
2023-11-07,0.001374936617734429,-9.760194115605633e-05,0.011156535857547074,0.0025148387013658076,0.011156535856322336,0.00300155840425967,0.011156535805363665,0.01752057342945412,0.0013749366177344285,0.0013749366177344285,0.0013749366176969671,0.010549392876118786,0.0023905222179645383,0.013022824216260661,0.0013749366180591663,0.009416877945779032,0.003947538524689003,0.0023530965416149094,0.0008503331972993048,0.00031129170934947,0.0022254291682783653,-0.0008564596070242379
2023-11-08,-0.0024705631703249523,-0.0037470572849757533,0.007378507167409956,-0.003284981509522149,0.007378507133677382,-0.0013838819971245002,0.007378506984367184,-0.004374568165302528,-0.002470563170324952,-0.002470563170324952,-0.002470563170338646,0.004726298122339365,-0.0021109848843205805,0.00450962699031995,-0.0024705631702084674,0.003034610849822764,-0.0008697580262888472,-0.0014856561399241078,-0.002452662547610598,-0.002990237462776068,-0.004160022508115998,-0.0036403052073730596
2023-11-09,-0.004626434631683887,-0.006777351421531353,-0.006934590267983198,-0.007416873217373756,-0.006934590267655909,-0.006401464086450547,-0.006934590258851493,-0.0053623085403192655,-0.004626434631683886,-0.004626434631683886,-0.004626434631704501,-0.006336686362676963,-0.0049201971260749875,-0.006932652792016579,-0.004626434631885216,-0.007457350223925784,-0.007278709180776063,-0.004857250195291061,-0.005814664034113185,-0.0060175715900548255,-0.009060454917210968,-0.007012634215449156
2023-11-10,0.010288349870725843,0.007255188463718887,0.02459172327888127,0.007974739318938278,0.02459172326996423,0.01300763366729267,0.024591723173191138,0.02305477995620695,0.010288349870725843,0.010288349870725843,0.01028834987079229,0.019762450783834606,0.01171530481884442,0.022906298641021127,0.010288349871036903,0.01904681451784328,0.012866446156886443,0.01171868721066069,0.009113095333819708,0.00886227349083795,0.007050078221923661,0.007903485007300936
2023-11-13,0.0012633345433754161,0.003245087056674805,-0.008121061781642533,0.0032271666413325475,-0.008121061765126008,-0.00014815423427373393,-0.008121061686722745,-0.005893723850018893,0.0012633345433754157,0.0012633345433754157,0.001263334543433045,-0.005133427381714293,0.002451717303552296,-0.004898922472400811,0.0012633345431865717,-0.002911777949785149,0.00015097236222766334,0.00032489491252131854,0.0019123579205842036,0.0023338714189197344,0.002877471046280629,0.002815203280687309
2023-11-14,0.014116154187503064,0.005538987592170549,0.009742838041145055,0.006869087996902706,0.00974283805640398,0.012702691077373707,0.009742838149151374,0.021572237732954025,0.01411615418750306,0.01411615418750306,0.01411615418747242,0.005954281755431196,0.006032470377244553,0.014932593889299805,0.014116154187494337,0.012331576341121111,0.011207472336423803,0.013678822574386629,0.011379523907568294,0.009254761385424103,0.0032568959535501274,0.006786136571944439
2023-11-15,0.006953581261345518,0.0037998282545984854,0.0004059341184387388,0.005436332341093428,0.00040593410660381377,0.004534500229469938,0.00040593423134628446,0.007027148463731858,0.006953581261345516,0.006953581261345516,0.006953581261391896,0.0015805467747171396,0.0038992275952766824,-0.0005630975887366682,0.006953581261220858,0.002174960402194403,0.003256971134726945,0.006298816545869021,0.005663134324059558,0.0048426870859904535,0.007300331964307685,0.004380251095889737
2023-11-16,-0.0016943248575183557,-0.012587431955176021,0.01743045325426492,-0.0010979603259070924,0.017430453243339968,-0.004908904506512889,0.01743045287175004,0.024452222981654538,-0.0016943248575183561,-0.0016943248575183561,-0.0016943248577731271,-0.021449143614958255,-0.034051433386358736,0.02157857302272321,-0.0016943248574801558,0.014166162295471461,-0.0011191088440879304,0.00021815295258602581,-0.00336586583231182,-0.006115043918363578,-0.014665213208921613,-0.008921389103838065
2023-11-17,0.0007704615251913905,-0.00234145479550127,-0.016943616720157914,-0.0006911965954502935,-0.016943616649998182,-0.001490953649990943,-0.016943616453178708,-0.002238816292200158,0.0007704615251913903,0.0007704615251913903,0.0007704615251620697,-0.01283201995136712,-0.00570339002609384,-0.009221144796108714,0.0007704615250750408,-0.009251982982724477,-0.0021991858295283516,-0.0010009462923276458,-0.00022398711609480598,-0.0007883550805417323,-0.0009290255137830299,-0.0016769860458879639
2023-11-20,0.006556055149509686,0.004949447584738766,0.02031389929316325,0.007394292982645414,0.020390470228088955,0.009227574064072375,0.020313899292037644,0.018575603131412197,0.006556055149509684,0.006556055149509684,0.006556055149549847,0.018016122769789082,0.005596648079715552,0.020130222495938006,0.006556055178535603,0.016697066302395442,0.0103609895373885,0.00793949665736762,0.005998122792012756,0.005842117946855562,0.006983608168591366,0.004605119614718596
2023-11-21,-0.0018621158244056992,0.0028623199751559238,-0.01164542279412555,-0.0008326023239056122,-0.011955935635960821,-0.0030000993524873783,-0.01164542342623888,-0.012467068837703507,-0.0018621158244056988,-0.0018621158244056988,-0.0018621158244117584,-0.005994599927687862,-0.001864928131395334,-0.013175752376638301,-0.0018621158245768616,-0.01006344545674937,-0.002563604887372993,-0.0028714978055612117,-0.0006743373164114416,0.0004484790463972095,0.00561667143620613,0.0024987025166511977
2023-11-22,0.0043995362064936025,0.0030394518051006796,0.01273130270651252,0.0018520500651101456,0.011873624130719419,0.0028709173456525905,0.012731301784028454,0.0038060214667044825,0.004399536206493601,0.004399536206493601,0.004399536206519692,0.0097920029054967,0.0054055099308634325,0.005564784534221152,0.004399536206447633,0.006519996080305685,0.003578593691953713,0.005146944998916182,0.004043589173348421,0.0039046612813119943,-0.0006787128231203444,0.0032205137420606056
2023-11-24,0.003576145385965602,0.004258397151835743,-0.001112303467843926,0.004709470993580686,-0.0002966907862475253,0.00217710339903872,-0.001112301143067101,0.0016719234471470547,0.0035761453859656017,0.0035761453859656017,0.003576145385958608,-8.783298563228412e-05,0.0026099544826927927,0.0019496390415011781,0.003576145385880811,0.0021481554473113808,0.002623528402936971,0.0031888617687442886,0.0037602657190475126,0.0037687796957329555,0.005767201286093185,0.003834370572579794
2023-11-27,-0.0014694301988219035,-0.0017413525629963716,0.003121513949571444,-0.0017194877034819474,0.0030972291178654,-0.0001495805387038739,0.0031215139353074775,0.0019832732508089975,-0.001469430198821903,-0.001469430198821903,-0.0014694301988023718,0.0022958130230456074,0.00024512567549562223,0.002651740329276769,-0.0014694301946111257,0.001850291438701187,-0.0008279887389162324,-0.001012764267153179,-0.0017309259466360585,-0.0017123179568242983,-0.0013169127792716474,-0.0015048148332867477
2023-11-28,0.002390153964954191,0.0022344455613499876,0.010744802310998603,0.0015206257459707507,0.009821392435508662,0.003913291466523309,0.010744800477473383,0.005121420246195504,0.00239015396495419,0.00239015396495419,0.0023901539651820032,0.009370036801397613,0.003127587635597711,0.006116998512120123,0.0023901539686788935,0.006465731319171382,0.0030219638944332687,0.0031332778120096386,0.0020060143651263232,0.0022032314928394805,0.003698053954612553,0.002758833613058555
2023-11-29,0.0026772809213597803,-0.0026025839242572483,-0.010111169783446762,0.0012417724203993496,-0.006137670495882379,0.0019384223245672465,-0.010111152422999701,0.008358218596986083,0.00267728092135978,0.00267728092135978,0.002677280921323927,-0.0070390440819691966,-0.0011823094787378593,0.004842439907771061,0.0026772809301879646,0.00015027424315840142,0.0027711321254655936,0.0017957857796355632,0.0013883554392635467,0.000429614041899895,-0.0009324078351645611,-0.0029339165016003554
2023-11-30,0.012463762848088797,0.011360384884088692,-0.005354757172863025,0.013918163070897882,-0.0016697884762627187,0.017001686262085536,-0.005354747719739545,0.025576598824704595,0.012463762848088795,0.012463762848088795,0.01246376284809941,0.002838528308469857,0.014871951728197084,0.01434143873282099,0.012463762862132627,0.005398068080737592,0.017510095265254703,0.011050407715653464,0.012582538039174829,0.012042408695955697,0.009091360433971515,0.010577672485835217
2023-12-01,0.008091922164204703,0.004562546863767413,0.031649737798055876,0.003683216521686999,0.02192090385427542,0.004920147653783553,0.03164973667493358,0.0001545278999879494,0.008091922164204703,0.008091922164204703,0.00809192216418317,0.0008378871627539358,0.0020849567848672556,0.005542661657248479,0.008091922151869997,0.010982327235377462,0.004673541490622619,0.009474820333211762,0.0072526586244292795,0.0071386046961867825,0.007835578669328073,0.005103326162224609
2023-12-04,-0.0012727673239042556,-0.0012356813168581011,-0.03658429102172871,-0.004407894690459479,-0.036584290066232976,-0.008766463818364987,-0.03658429069762602,-0.024569811304115667,-0.0012727673239042547,-0.0012727673239042547,-0.0012727673240199963,-0.018035701848743042,-0.005995563471050468,-0.030149833172320187,-0.0012727673644047054,-0.026047564418777855,-0.008921753357113062,-0.0048039195981371095,-0.0009418546204424158,-0.0009268645443904418,-0.00280666236668107,-0.0007556751126133355
2023-12-05,-0.0031421055343193805,-0.0014971110839333832,0.0014351323399128767,0.0007476549398672391,0.0014351323391544562,-0.0009824415780797513,0.0014351323347940126,-0.00019938623062630513,-0.0031421055343193796,-0.0031421055343193796,-0.003142105534424447,0.007668982172639516,-0.005360471647465725,0.0018793903815205503,-0.003142105521733432,0.0015109026027996812,0.0009654459769231179,-0.002684381746971997,-0.002476598843357469,-0.0020124684238272757,0.0054103728471093255,-0.0022161962430699445
2023-12-06,-0.0025341048986587743,-0.004455866192770704,-0.007557821675629046,-0.005367604650889167,-0.007557821675732597,-0.0040591734794068945,-0.0075578216640260765,-0.010536676311032084,-0.0025341048986587743,-0.0025341048986587743,-0.002534104898624169,-0.007394549348134103,-0.004997828976991653,-0.008426932513252086,-0.0025341049112465905,-0.006279066939832776,-0.005109278515440983,-0.003036476576366393,-0.003049419196348113,-0.0028116353179983224,-0.007124349944191265,-0.0040210656178198976
2023-12-07,0.002115086797095422,-0.0006354637715014996,-0.001124555793821221,0.00040606227282665423,-0.0011245557912499826,0.004168442296483062,-0.0011245557325230166,0.008744949611718632,0.0021150867970954217,0.0021150867970954217,0.0021150867971117685,0.00016309830766266564,0.00043104489310392274,-0.00066795040694215,0.002115086801507779,-0.0010484665356701548,0.0018296774548901436,0.0017911225382602491,0.0011503527590599933,0.0006591222148329027,-0.0015409145736569273,-0.0005305050434002043
2023-12-08,0.0026438985794053093,-0.001680942026838961,0.007845400546845587,0.0009623499063285131,0.007845400547058661,0.005272200678046515,0.00784540056766072,0.009622388662173454,0.002643898579405309,0.002643898579405309,0.0026438985793418865,0.003182930654019386,0.0023059359165344636,0.007957909441625003,0.0026438985929200225,0.006075160787853975,0.004493610284471066,0.003164048776170622,0.001228963968636456,0.00014207154653944347,-0.004901610051649799,-0.0016899452371132453
2023-12-11,0.00615286658228072,0.004019182863233858,0.005130118802140653,0.0030767411744564432,0.005130118803836382,0.004353999344079066,0.005130118830093945,0.010856500573783841,0.006152866582280719,0.006152866582280719,0.006152866582321893,-0.0003578618524898265,0.003974321076766228,0.004402808856442012,0.006152866585392374,0.0046159308200557315,0.004569245200801226,0.006050591804437536,0.00538447111407288,0.005631359031146548,-0.0010179457600132246,0.005148286786845352
2023-12-12,0.0025630642620966862,0.0029614940851751073,0.017107918209041183,-2.2393788708985367e-05,0.017107918200978657,0.005304072164976786,0.017107918087396933,0.0044453195760502835,0.0025630642620966854,0.0025630642620966854,0.00256306426212181,0.009793321462880653,0.009000542926561692,0.014376104897903265,0.0025630642804651193,0.013638637930300134,0.005869616137699458,0.0040175496559890925,0.0026410248209334723,0.002806801310208805,-0.00029998254779872355,0.00394575081403686
2023-12-13,0.013185013601714807,0.010428530217256333,0.003386680244874793,0.010894478025476986,0.003386680247945499,0.00918199283424977,0.0033866803002762427,0.005509654846204177,0.013185013601714804,0.013185013601714804,0.013185013601714422,0.0023960043101990372,0.00635271964371304,0.003995348484999823,0.013185013581840585,0.006895648433575306,0.008390669845580555,0.012205180266335554,0.012730215653505104,0.01199480139156777,0.008422393747555618,0.011009250749567769
2023-12-14,0.006086520285187907,-0.008694602141684982,-0.00042748939343346346,0.0006573062705857829,-0.0004274893908312569,0.004366218189497796,-0.00042748934319030747,-0.0028152277061370408,0.006086520285187904,0.006086520285187904,0.006086520285150391,-0.0009998833008313527,-0.010946394071540346,0.000773846544698242,0.006086520272226505,-0.0012924935464222308,-0.0020591965329123546,0.005435119317581635,0.0018437182927933038,-0.0016027845453244743,0.004745024740992917,-0.00882423634403464
2023-12-15,0.001205620098941525,-0.0036997509129154714,0.0169237270042013,0.0001601495578924091,0.01692372700143422,0.00470655254795592,0.016923726943254596,0.018322703869980732,0.001205620098941525,0.001205620098941525,0.0012056200990581197,0.010122258908436458,0.002768054760002799,0.01757460037730357,0.0012056201231080681,0.013242194752946418,0.006088278779914595,0.002777430789190794,-0.0002560369887944884,-0.0018493377476029214,-0.004978640842585665,-0.004453688340735242
2023-12-18,0.0013947538757545057,0.0060134253205546264,0.007578417739092696,0.0032310150549084544,0.007578417728483953,0.0012305781709448735,0.007578417626692201,-0.0007184340739459985,0.0013947538757545055,0.0013947538757545055,0.0013947538757519147,0.009389819524153435,0.004731794659335086,0.004538421961361558,0.0013947538763267994,0.006527686107261077,0.002147216534359601,0.0020131202610274503,0.0026000670475413716,0.0036901319289884054,0.004326805050638174,0.006033367433675091
2023-12-19,0.0067529687924507194,0.0017646887242442366,0.0028410557767102624,0.005313916011013463,0.002841055785169639,0.008024506723132513,0.002841055873467053,0.008179954402622546,0.006752968792450719,0.006752968792450719,0.0067529687924167995,0.00249118333865076,0.0027937500570345093,0.005605090618407086,0.006752968795022591,0.0028063970043037574,0.006007869110975674,0.00636177749172261,0.005437562183494418,0.004107034526008366,0.005650355030932948,0.0017726720814709674
2023-12-20,-0.013323039405990385,-0.01259755634777388,-0.01559341350733015,-0.012445524920073345,-0.01559341350770313,-0.011601945628968312,-0.015593413475705347,-0.013727699515369797,-0.013323039405990384,-0.013323039405990384,-0.013323039405956506,-0.012686282468868309,-0.011289673663030238,-0.016254192117418256,-0.013323039408336417,-0.015386381121613193,-0.013049532355208414,-0.013550076816161659,-0.01307736513409433,-0.012875112273761874,-0.0125482379480173,-0.012127747541602257
2023-12-21,0.008792897336437277,0.006876481806365147,0.026542018275632906,0.008755730705368458,0.02654201826736448,0.008906797346051423,0.026542018059561145,0.018771324401815483,0.008792897336437277,0.008792897336437277,0.008792897336318274,0.01974512320400732,0.00997803680555173,0.02688795749779941,0.008792897365407327,0.023614498196017696,0.012121929019342394,0.010567809429529996,0.008212862052092144,0.007611395857349362,0.0073816393950657784,0.007311522241082993
2023-12-22,-0.001246675926325011,0.00506684993394137,-0.003411102201459118,0.003507305745746769,-0.0034111021798093858,-0.003612066694234578,-0.0034111021436516887,0.005060261885202714,-0.001246675926325011,-0.001246675926325011,-0.0012466759261492064,-0.0007309109714302155,0.002349760265252194,0.0011945596806532707,-0.0012466759244785,-0.0020506211364861677,0.003076551424929701,-0.0014631185516734491,0.0005967200875062272,0.0022128804694455575,0.0020911521374790618,0.004882912004209858
2023-12-26,0.0057679876377856225,0.0031076508459332713,-0.00045065850010376953,0.005304349072636498,-0.00045065837277240354,0.00624013804302616,-0.00045065820151276236,0.014876054703662309,0.0057679876377856225,0.0057679876377856225,0.005767987637811961,-0.0002953191286962385,0.0038144246237275855,0.012050988110458025,0.005767987655497229,0.00032189591734132963,0.007136379990194038,0.005146123036729819,0.004681281834711014,0.004109894806353114,0.001246281554372723,0.003184924561499507
2023-12-27,0.0022938746614152928,0.002246855543190555,0.0018765790848007161,0.002096933418596705,0.0020428961009573638,0.0029139126448211672,0.001876579398483797,0.0016825759434321195,0.0022938746614152928,0.0022938746614152928,0.002293874661358352,0.0011588281530455866,0.0034131677750818094,0.003124965746431825,0.0022938746635389343,0.002986683273613853,0.0027524010087152813,0.0022687768053694995,0.00245648646688062,0.002496786281240182,0.003000339130211722,0.002303839636581735
2023-12-28,0.001153364282569283,0.0011157048902406081,-0.004283527123766948,0.0011769648023684954,-0.004450785135505919,0.00041011236697563176,-0.0042835272631100195,-0.002288609038218446,0.0011533642825692825,0.0011533642825692825,0.0011533642825931525,-0.0018193197230196247,0.0008626072064191422,-0.00544847366910054,0.0011533642664665205,-0.003366275640163826,-0.0004221175919829448,0.000592949340761759,0.0013715997846786001,0.0014913023043269403,0.003599997847755266,0.0008805758609531286
2023-12-29,-0.0004898934543740496,0.0010850607606401395,-0.009229772928310453,0.0005877158304601793,-0.008323379111884804,-0.001906305394364603,-0.009229771580272494,-0.0035405635218914823,-0.0004898934543740496,-0.0004898934543740496,-0.0004898934543004626,-0.005234869775961839,-0.0019708620481439783,-0.006608762429733136,-0.0004898934545503585,-0.0047454049003501884,-0.0018665166920702001,-0.001273242020125129,9.670616092990325e-05,0.0005194152498568961,0.00045679415614431065,0.0007109013309406834
