Date,EW,GMV,GMR,MD,MV,MSV,SemiV,WUBC,WLBC,WUBC_Alt,FSD,SSD,SRF_LP,DMV,DMV_Yager,DMV_Return,DMV_Vars,EWMV,RP,HRP,CVaR,MAD
2022-07-25,0.0,0.0,0.0,0.0,0.0,0.0,0.0,0.0,0.0,0.0,0.0,0.0,0.0,0.0,0.0,0.0,0.0,0.0,0.0,0.0,0.0,0.0
2022-07-26,0.0,0.025267156658104504,0.0,0.022653129665842365,6.476388696973133e-10,0.19114132214305313,6.496772395614834e-09,3.720158063260728e-08,0.0,0.0,1.0157083507600362e-11,0.0,0.025264065258534314,0.07447318491170313,2.7766816623753243e-11,0.1939727556114762,0.034546369007645336,6.554539550007732e-11,0.002652342344823401,0.07724060647588163,0.0,0.005991158022989534
2022-07-27,0.0,0.023401063012457028,0.0,0.04071498843770137,1.7588313965451237e-09,0.25500113902535715,1.3368655690551301e-08,4.843985903219781e-08,0.0,0.0,1.0160594587915739e-11,0.0,0.074505057188166,0.16812946432834788,5.084855453363346e-11,0.3088397056091129,0.04612235337088261,1.769769192305759e-10,0.00428626377087854,0.011125075451075153,0.0,0.16121807559023493
2022-07-28,0.0,0.02920468447539415,0.0,0.03752990870006995,1.0493989861377045e-09,0.1314025885585538,8.038051155839653e-09,1.1117148087016458e-08,0.0,0.0,4.2715185555319835e-11,0.0,0.13357171656876957,0.057477223259051836,3.991268426872807e-11,0.2115601373671578,0.04057951570382367,1.0531767125065983e-10,0.005830019149131959,0.06181998664205484,1.3311834273777023e-14,0.06199367933883981
2022-07-29,0.0,0.044877617372806676,0.0,0.01958703703160137,1.0152000836966864e-09,0.1524742973932398,1.2457132338284884e-09,2.838953442521402e-08,0.0,0.0,4.2719251747147524e-11,0.0,0.09865105579077577,0.10006766318972699,2.1159775320800378e-11,0.21020934883205444,0.029135259227611645,1.0209813897099629e-10,0.004444476384241999,0.003451070985419486,1.882039446163275e-15,0.23705911445174058
2022-08-01,0.0,0.07583236221415224,0.0,0.1709837852069287,2.1511870932374653e-09,0.042532056375614205,1.0229824629313077e-08,2.5213500434088384e-08,0.0,0.0,9.950160140270725e-11,0.0,0.15533106184044376,0.28210158193512946,3.181397506546446e-11,0.3524742220049035,0.05102516346526587,2.165227441786044e-10,0.004738104797910907,0.12888219117308708,0.0,0.16955890381889047
2022-08-02,0.0,0.004527390031071724,0.0,0.010342754889439946,1.8595513717736588e-11,0.08252576838265205,4.873360865220749e-10,2.3637425252555643e-08,0.0,0.0,9.949543966492058e-11,0.0,0.029516721931221117,0.0016586841734501723,3.154838196239851e-11,0.03306737894091252,0.027835144390269812,2.091733036779786e-12,0.00048564688920167687,0.014166178342576117,0.0,0.08478645414449805
2022-08-03,0.0,0.016539581583560205,0.0,0.01652441345738736,5.8039211373231115e-11,0.0664669846838199,4.389332693812148e-10,2.1409824531519055e-08,0.0,0.0,3.280047067288905e-11,0.0,0.10931788495178091,0.00420343374559743,1.439204311282083e-11,0.08278460125004333,0.02459358448546982,5.954389759033063e-12,0.0031975938075655373,0.0033177530475712574,0.0,0.05378381861963211
2022-08-04,0.0,0.01810154682579354,0.0,0.018906237228495916,2.1883017722386475e-10,0.0291557277956171,1.0647148339332566e-09,2.021804544607237e-08,0.0,0.0,9.073675838466855e-11,0.0,0.14295942517902555,0.11276566281718739,8.250773675388956e-11,0.1679391619786752,0.0286011287413825,2.2103822244767812e-11,0.004074588019768625,0.030908113651229474,0.0,0.014811776123617615
2022-08-05,0.0,0.11651024778790862,0.0,0.04733411377673797,1.47729738495924e-10,0.0,5.410349405575172e-10,3.782043862653786e-08,0.0,0.0,8.793690775554808e-11,0.0,0.20614325131700315,0.028062805530551734,1.5509989126361035e-11,0.09843411467461649,0.03144414342438212,1.4894304539714298e-11,0.006072589283435917,0.01478865499709287,0.3772260998637385,0.3285735304044856
2022-08-08,0.0,0.026433336863573752,0.0,0.01888686970472251,4.008158308729908e-10,0.0033781880132843084,2.0587933709876524e-09,5.127711412850967e-08,0.0,0.0,3.495573969169996e-11,0.0,0.06793268943021025,0.07904125723347202,4.612462495279246e-11,0.11952500475805641,0.020793004546479543,4.0352814839605955e-11,0.002458134790696471,0.10103005218087632,0.0,0.06828352079616785
2022-08-09,0.0,0.006296486392827556,0.0,0.010884560274919672,5.1051511061454047e-11,0.013040052665787581,7.824542858621394e-10,6.108627539899994e-08,0.0,0.0,3.938685488868998e-11,0.0,0.03456671775933484,0.0077289155889903325,3.1974825565050935e-11,0.14226257381207003,0.026130268377225666,5.203504294115646e-12,0.0008742180769251359,0.0018079723331484183,7.766313633861266e-14,0.03316027732672991
2022-08-10,0.0,0.012497554926372865,0.0,0.010199591015915976,4.5400372836623496e-10,0.09631921775814799,1.1193776338336708e-09,1.6777367935661218e-09,0.0,0.0,5.430079996759929e-11,0.0,0.0748333499829733,0.0714800674246194,3.143540289185509e-11,0.12570891169516735,0.022364821269876142,4.604797446128295e-11,0.0005182314939758161,0.0019246316747610522,1.4975390719151882e-13,0.02770475364152654
2022-08-11,0.0,0.02101041975960694,0.0,0.01660142612316799,2.5267153451889364e-10,0.14070092420921435,7.641283414794021e-10,0.1783360417992461,0.0,0.0,4.896213989802334e-11,0.0,0.09408991720002871,0.054416720242221786,4.665137720571977e-11,0.1262616782289718,0.024360771089880884,2.5566861128201168e-11,0.0042271909581447845,0.00519749456345062,0.0,0.02262694729123809
2022-08-12,0.0,0.011469746686654412,0.0,0.01931736875960297,3.397410169743623e-10,0.0051640453665543744,1.325445918370451e-09,0.015608383647709645,0.0,0.0,3.2460145682478014e-14,0.0,0.09792510778786422,0.05987626833680504,4.2306921854695645e-11,0.10085166022377941,0.020230454245285443,3.414366359089094e-11,0.0012716876731952292,0.003528613745309826,0.0,0.058076095301284617
2022-08-15,0.0,0.030100047832569605,0.0,0.034719235851205836,3.2721876373579745e-10,0.10946970870913367,1.459918019070645e-09,0.11667260727481739,0.0,0.0,3.091971123581061e-14,0.0,0.0023970669511099024,0.08202390200346994,1.8010301583437638e-11,0.0747283675499864,0.019904494321996317,3.313179244845976e-11,0.0035557366109804055,0.0030859995598103776,0.0,0.05079816605026126
2022-08-16,0.0,0.00912110126702732,0.0,0.006588243302793214,1.7427695253707414e-10,0.07234847310904818,4.765331452281069e-10,0.018001840138998547,0.0,0.0,2.504767920852302e-11,0.0,0.030453747178993476,0.021298978300614328,6.577523248285644e-12,0.06445999757494253,0.019794526962523467,1.7535015106595608e-11,0.001070093390920894,0.0017132595640690345,0.0,0.0024885407820668176
2022-08-17,0.0,0.031141128032020376,0.0,0.02105198788169813,4.6048955505933714e-10,0.035659116326098445,2.0290770992700794e-09,0.028053271113084605,0.0,0.0,2.434791257499569e-11,0.0,0.08035234067399245,0.09145281377002028,9.56863061007951e-12,0.152311913234772,0.032507891660773336,4.653255905595621e-11,0.0031454607426250336,0.004940844344915103,5.855515725072813e-14,0.008832466493465755
2022-08-18,0.0,0.002660925989868849,0.0,0.012868132126743157,1.9587799983743244e-10,0.11495974995256296,1.3310814290156504e-09,3.54788817805881e-07,0.0,0.0,3.021728006702418e-11,0.0,0.04028326813502675,0.09006340278572172,4.719349910864423e-12,0.07290670197945431,0.030359945947523864,1.995020468270603e-11,0.001470985125521216,0.002288805475616001,0.0,0.0030422804979863905
2022-08-19,0.0,0.03267182611816169,0.0,0.02411394547319373,1.5526893761638818e-10,1.9999999999999998,4.884001713031696e-10,0.03740958757649675,0.0,0.0,3.299744505413926e-11,0.0,0.06197867948178595,0.13317520028443933,2.124127262970177e-11,0.1816577771315908,0.040008457311434334,1.5785362600384545e-11,0.0035468830798435803,0.029174917608182395,0.0,0.27936012925729825
2022-08-22,0.0,0.007431510208228187,0.0,0.01740783918072417,1.5263836240798417e-10,2.0,1.1648835798512417e-09,0.037409911678942705,0.0,0.0,1.3065167003833977e-11,0.0,0.035615437906569514,0.06165703057773119,1.2394495152445728e-11,0.066856285147913,0.03564846681218958,1.542465113968383e-11,0.002095854398635924,0.15110542981863306,7.155907810751927e-14,0.07578400971514476
2022-08-23,0.0,0.04335511394191466,0.0,0.0398156909256036,7.239703255922881e-11,0.21824577887783575,1.0480718179260815e-09,3.29086383151459e-08,0.0,0.0,1.9598711542556657e-11,0.0,0.010472047450328821,1.700175463307051e-08,2.8069178925616e-11,0.15462827292720036,0.032487771275976886,7.2628951464093205e-12,0.00434979663539144,0.10863593124504761,0.0,0.0478054865241958
2022-08-24,0.0,0.015660728442641186,0.0,0.018604527630671743,4.084234941527978e-11,0.15594321358054464,3.5592727546135744e-10,1.3673546089024192e-08,0.0,0.0,3.143117016657371e-11,0.0,0.01632645740085495,8.046114388541561e-09,2.6170933475899716e-11,0.026249281916007557,0.021011697050610973,4.141496173781789e-12,0.002515852684356834,0.1047035587830186,0.0,0.017964945381052203
2022-08-25,0.0,0.006827927038617476,0.0,0.005516963877086709,3.4049567927645126e-11,0.14431597919149014,4.576851661295536e-10,3.3634618361916487e-07,0.0,0.0,2.78567793832174e-11,0.0,0.013036863447402486,5.518895017938874e-09,1.4974431417069667e-11,0.055928500978616146,0.02720610527843235,3.4869052090158448e-12,0.00011276440980670724,0.0014155140422843545,0.0,0.013592753341497585
2022-08-26,0.0,0.011290698434030345,0.0,0.011646131690298545,5.081254394990305e-11,0.11955904591550065,5.942435324262072e-10,3.500097453688629e-07,0.0,0.0,6.177003353258215e-14,0.0,0.010417323501120575,1.903035900126771e-07,1.3666553999591713e-11,0.09963168884789808,0.01544657700575137,5.179499190655079e-12,0.0019529648533902072,0.010944471031970715,0.0,0.021386101094105645
2022-08-29,0.0,0.06269214387266489,0.0,0.032125319995512505,8.019117480182423e-11,0.18915601260012613,5.285400207567068e-10,1.3897097069860402e-08,0.0,0.0,6.180077283257646e-12,0.0,0.02571517665818663,1.9434530904097664e-07,9.73547908955652e-11,0.1454695405051849,0.04575102919697696,8.201137685626136e-12,0.01016942920807316,0.11420923271012744,0.3889386017843237,0.019077053237233535
2022-08-30,0.0,0.006881501530559646,0.0,0.00685693466384977,1.6364623650290273e-11,0.11948411867711119,2.2476003681791645e-10,1.5044033923924933e-08,0.0,0.0,2.3854467012807135e-11,0.0,8.804901736000903e-05,1.7756330908122896e-09,3.381209201513968e-11,0.06252166188515995,0.02365412911594624,1.642963542991538e-12,0.0020062702942487305,0.061315463541385826,0.0,0.04367406468043368
2022-08-31,0.0,0.01660128034056834,0.0,0.017762201947522788,9.53761426403073e-12,0.1428571428571428,2.981325393162363e-10,2.343406309461713e-08,0.0,0.0,2.263403353630622e-11,0.0,0.023072910012745113,2.0428662898609447e-08,3.356134814502809e-11,0.17061254452780666,0.02758639875960644,9.588232985358047e-13,0.0024808418363066465,0.17195473649623472,1.0083427148810387e-13,0.05837146866401969
2022-09-01,0.0,0.019747709977510734,0.0,0.01737750692587512,2.5854091440449293e-11,0.032980303469420894,2.7610977384074227e-10,9.86165693708313e-09,0.0,0.0,9.979628234901838e-12,0.0,0.06507679902855301,8.969529794451968e-09,3.2828788298910894e-11,0.1394149387153311,0.013978776484086913,2.6127953967058914e-12,0.0021607238550921323,0.0028398142230305814,0.0,0.034110414753532145
2022-09-02,0.0,0.03288945579936398,0.0,0.016618885322445712,1.5521635533429502e-10,0.16092621206743607,1.4418184567025407e-09,0.19999996887765112,0.0,0.0,3.7555861198690366e-12,0.0,0.15372157408976028,2.646892940097368e-07,5.955434756454991e-11,0.1886240520959424,0.02406933579569311,1.5566485600526647e-11,0.0025773001565002306,0.15123055312672626,0.0,0.06005659161958891
2022-09-06,0.0,0.02630305270850259,0.0,0.015180302562955357,1.2284863692370402e-10,0.3376051545631063,1.3599401357565578e-09,0.038537587576172906,0.0,0.0,1.0901085589765103e-11,0.0,0.05356872367965012,2.7839047406894585e-07,5.363319510731657e-11,0.10945345082098402,0.0207355051452828,1.2345260230750554e-11,0.0027638852978057182,0.003374250971479498,0.0,0.07071907504314989
2022-09-07,0.0,0.0037780831630846654,0.0,0.0057561386825425755,6.599191576019174e-11,0.015556048905344011,7.403395368842066e-10,0.15547892517509146,0.0,0.0,1.7963748544236324e-11,0.0,0.14925526581283824,5.779109978825265e-09,4.4084576267255926e-11,0.08016711409309737,0.014589266626499633,6.685641623649374e-12,0.0013260069480496538,0.0018747579314504562,1.3945442023377552e-14,0.012266746804786073
2022-09-08,0.0,0.03702484049837278,0.0,0.019415925423271235,1.440860999479913e-10,0.3359291054330301,1.2622390994057283e-09,0.005983390859318136,0.0,0.0,1.5843298895035218e-11,0.0,0.2670192700711981,2.1386737552583346e-09,2.7530644430839857e-11,0.1299628748954477,0.03161939220087512,1.4605219811336667e-11,0.004595973214219007,0.17193540480558053,1.3124917819240522e-14,0.04795604577949021
2022-09-09,0.0,0.008171951104399068,0.0,0.008009433534934872,9.618327026555775e-11,0.05171018430256194,8.509879678040886e-10,0.19999972168324956,0.0,0.0,4.7684078907650473e-14,0.0,0.12266380933485829,0.01467548525755222,4.157373056923319e-11,0.08478793207836818,0.029269847519512532,9.642245335506061e-12,0.0010167696959161344,0.02717954372649747,2.112893193739751e-15,0.20769462159663193
2022-09-12,0.0,0.04275171237463043,0.0,0.02904936540109617,4.387711515445646e-11,0.1867735750026115,9.411324384546897e-10,2.5357178660913303e-07,0.0,0.0,3.672957771261309e-12,0.0,0.07212145677371279,0.014675479878150849,2.4131453779663303e-11,0.24166700229112134,0.02881003180779341,4.6163940725652e-12,0.005777374636275735,0.030358538619566767,1.4883927423881005e-15,0.17592804453385397
2022-09-13,0.0,0.00927670018678567,0.0,0.031157909521981726,5.823932839791672e-11,0.1660478279780752,1.1252119299403522e-09,0.19999991519100177,0.0,0.0,3.676815796271882e-12,0.0,0.10522895479797761,1.3970332956027833e-07,3.462184705593785e-11,0.10319948908300822,0.03789618957535912,5.9087214288044976e-12,0.0028591858148638606,0.004983237762199338,0.0,0.16174933230797722
2022-09-14,0.0,0.0627192881693376,0.0,0.07423898499376798,8.611610022840033e-11,0.42595900368659384,1.4041416887799933e-09,8.35934325284209e-08,0.0,0.0,4.632241118462943e-11,0.0,0.15560021760247097,1.3569041183570063e-07,1.0576967079956034e-10,0.36811663741630346,0.06203466784109516,8.699728437644438e-12,0.01321838908990712,0.015449593441705461,0.6803368167722661,0.07079393739111718
2022-09-15,0.0,0.03217379238781639,0.0,0.021254444347976676,1.827824814907044e-10,0.05389859823274264,2.272908892350178e-09,1.318081553430073e-09,0.0,0.0,4.7825139681823003e-11,0.0,0.05851333148347051,2.1308802959748302e-08,4.697049693636046e-11,0.0714059855624803,0.03632495984603726,1.8345023417021267e-11,0.0016608055969880853,0.014385087021760607,0.0,0.03446774341126089
2022-09-16,0.0,0.015506333268175935,0.0,0.018536290439349352,2.349119509697574e-10,0.142227237154978,3.2390563762658037e-09,3.593961039150436e-09,0.0,0.0,2.690885014811073e-11,0.0,0.2329623656573896,6.646046702476368e-08,2.8414243180563403e-11,0.18186643217985943,0.038760290862760845,2.3595913417606695e-11,0.002635489379842655,0.0028235323442110435,0.0,0.11688319161826126
2022-09-19,0.0,0.01275176188747797,0.0,0.009227146267625465,1.5564817053339684e-10,0.007475984643708592,1.1591968728436093e-09,7.304074959859318e-08,0.0,0.0,5.6468718589997025e-14,0.0,0.3277548939379004,4.671344127417453e-08,4.7486084508996385e-11,0.038421076700620435,0.029737496693471803,1.5648669859924524e-11,0.0008271324848239912,0.027195917574867223,0.0,0.042099932001632465
2022-09-20,0.0,0.0026948733529376886,0.0,0.005694470059798542,1.2363601421904853e-10,0.12145535834274532,1.462413118871415e-09,7.064428754839063e-08,0.0,0.0,1.739580701709542e-14,0.0,0.31223448707327217,1.9296050668989667e-07,2.4424448574755786e-11,0.18014891331794658,0.029827767179120165,1.2511398167491805e-11,0.0016879758315298116,0.0016056542496086547,0.0,0.099210796693369
2022-09-21,0.0,0.03163635099337679,0.0,0.02357905301275388,1.005257221783925e-10,0.13184251352933063,1.2814441667867675e-09,3.917425101336674e-08,0.0,0.0,1.1832791690924438e-11,0.0,0.1991790586630105,1.1266019153076676e-07,2.5103467915510436e-11,0.05731596039209143,0.03477550219576335,1.0161978897249568e-11,0.00470895451832417,0.004902623099502632,1.4137996329210978e-15,0.06977732466091444
2022-09-22,0.0,0.027624821854312597,0.0,0.014056575703141838,2.527644689925899e-11,0.14285714285714277,2.66436539256484e-10,4.17288072977312e-08,0.0,0.0,1.8951826219471002e-11,0.0,0.16217080944648812,9.821634410654078e-08,1.974222868517117e-11,0.1370999878927279,0.027343563823524583,2.5552754356894525e-12,0.004436938361954371,0.04221929481489315,0.0,0.08053494107573533
2022-09-23,0.0,0.018533750605810393,0.0,0.015039974159677793,4.716655493492302e-10,0.18654949195950074,5.48021480442236e-09,5.0555696395676706e-08,0.0,0.0,6.787166662025612e-11,0.0,0.01589123677963361,0.08177155773314888,5.084922760634214e-11,0.1724754055656005,0.03142735161237366,4.7294286542598485e-11,0.0019665569759921703,0.016748028071609945,8.847089727481716e-16,0.03373117944916251
2022-09-26,0.0,0.03812757431613284,0.0,0.04693519615497315,4.039823479704367e-09,0.2763160205195827,1.9252197342979247e-08,9.972174841682256e-09,0.0,0.0,6.835879778899212e-11,0.0,0.23017706823768302,0.3915059384547375,5.6888938004817646e-11,0.25892620896645085,0.04597493331322903,4.0678363802393314e-10,0.006153030252647341,0.017411845871614963,1.6169704464275014e-13,0.06836083411685702
2022-09-27,0.0,0.01900860727938641,0.0,0.02008942037831614,6.093530330886375e-09,0.0,1.0314133621492348e-08,8.584154883880232e-08,0.0,0.0,7.156733539126492e-12,0.0,0.12244799024265701,0.10572989125544341,3.6486688670400724e-11,0.13378977583553164,0.03656251478276384,6.093607805846002e-10,0.002782818057604875,0.019988521161605134,0.0,0.11568231995702268
2022-09-28,0.0,0.029083791523493874,0.0,0.00525668636949088,2.945574457398433e-08,0.0,5.802212629397233e-09,0.19999987763855337,0.0,0.0,2.7179647421604614e-14,0.0,0.18428967928106021,0.1218494058582232,4.48877740533149e-11,0.1132581744640362,0.03167554014452924,2.9455746800022276e-09,0.001837616509445885,0.007398300324747288,1.6176296413483726e-13,0.15908322832943309
2022-09-29,0.0,0.03294844184240232,0.0,0.036933864473339455,6.772742261664609e-09,0.1183092141512525,4.156190747786037e-09,1.0590932204552876e-09,0.0,0.0,2.1219831447538695e-13,0.0,0.12279262787175077,0.0883914931463732,2.5152512017623252e-11,0.1812032434861559,0.03249520477931609,6.772742262850517e-10,0.006537647730228382,0.13689041763371024,0.0,0.11848500820594782
2022-09-30,0.0,0.03501854376808153,0.0,0.03270646962418808,1.2554246128716535e-08,0.1183092141512525,3.2914531156853247e-09,0.041696078098098985,0.0,0.0,4.771391615143727e-13,0.0,0.02654768365285139,0.0721234539958204,3.0050892330102386e-11,0.05125234680396223,0.030840790083745927,1.2554247953711073e-09,0.0036778926953375812,0.004005235675568056,0.0,0.05603743980621681
2022-10-03,0.0,0.03397172300541397,0.0,0.026714424366607637,1.1333946144062406e-08,0.08934294240025273,1.9438728983125697e-09,0.09341299949406077,0.0,0.0,3.8103548094525763e-13,0.0,0.041834085584991895,0.02467034404214316,6.278511044399693e-11,0.0396674723772072,0.04100589274941399,1.1333947357028418e-09,0.006531343391688756,0.14343693037458174,0.0,0.29108811651830985
2022-10-04,0.0,0.08813706109807416,0.0,0.06981901452072037,1.5888356184434424e-08,0.27687325362473936,1.0870859287359119e-08,0.4772382721905269,0.0,0.0,3.530509218307998e-14,0.0,0.31698327660211845,0.036476335741599225,3.802698433919005e-11,0.11170969825157392,0.04424125719819293,1.588835875365735e-09,0.01233058736679378,0.15666917856725768,0.0,0.24256199064672013
2022-10-05,0.0,0.030881797079388786,0.0,0.033127221505607596,5.140365346314114e-09,0.4475558433756206,8.358287906389532e-09,0.2271995958393903,0.0,0.0,1.124100812432971e-14,0.0,0.10903519737028405,0.019463899653491643,3.920292562797911e-11,0.15764876969437394,0.03153949026113014,5.140363933120451e-10,0.006519328745073383,0.008449939486470387,0.0,0.13523278889216228
2022-10-06,0.0,0.005483386626248409,0.0,0.006683798978280826,1.6502923728786199e-09,0.11433077840181191,1.7685123053275163e-09,0.16932880038831263,0.0,0.0,2.6653124152176133e-12,0.0,0.03644889800048345,0.014853711101713034,2.2042659364451822e-11,0.05724500292335064,0.02861600977533193,1.650291812926863e-10,0.001573641823814212,0.0021188600444880298,0.0,0.14166692791389074
2022-10-07,0.0,0.027976324487663632,0.0,0.014998489094207918,7.193963085698104e-09,0.2618226958299614,6.9948865729396145e-09,2.4612192763822277e-08,0.0,0.0,3.551140631552485e-11,0.0,0.2495853413772952,0.1699326149504778,5.6916020507724596e-11,0.09365989938315827,0.04222388215640873,7.205320749770205e-10,0.004088249614448331,0.006836402597305186,4.723652025084846e-15,0.1549506995950692
2022-10-10,0.0,0.03029036864817945,0.0,0.03159590228887032,7.057908897559616e-10,0.3157894736842104,6.445528762861289e-09,2.0240059217317443e-08,0.0,0.0,5.728387209025243e-11,0.0,0.3092057082842094,0.14812478564245563,8.877953927566296e-11,0.08030130654443438,0.036887197546326286,7.182819963813536e-11,0.00613313671475391,0.007758372796687793,0.0,0.03991407137574908
2022-10-11,0.0,0.013980650005175989,0.0,0.008518506782191829,1.6051776024876972e-09,0.0019603837944767236,1.5698827963523352e-08,0.3775257827266676,0.0,0.0,3.4125792469641425e-11,0.0,0.1948044184332365,0.0739022407973672,3.538962872751128e-11,0.10138510454177498,0.03650767227133109,1.6190344204192186e-10,0.0002016984904716461,0.022595659545722048,2.2312013348013693e-14,0.03250064085526045
2022-10-12,0.0,0.061252425847824775,0.0,0.03143130008371492,1.0337379168999198e-09,0.10330277410025987,2.0438484615182796e-09,0.37752577584620234,0.0,0.0,6.07708328104195e-14,0.0,0.21803109639125193,0.1656679765091683,4.72765507297801e-11,0.06950092632874512,0.033594435570933334,1.0396815006141757e-10,0.0019721711163021884,0.14692719215579292,6.303549696107247e-12,0.11289652219061128
2022-10-13,0.0,0.02337929944584883,0.0,0.010110195572783934,8.145092207406409e-10,0.0,6.187402772144773e-09,1.010325902803235e-09,0.0,0.0,8.056055822436292e-15,0.0,0.04426808432581552,0.12999548703860794,6.43153585944134e-11,0.04094377940397047,0.017393691134866177,8.183860880639493e-11,0.0015736562856836882,0.028695858044885343,6.301148838816495e-12,0.01796932946686659
2022-10-14,0.0,0.0775616225977277,0.0,0.035566543623099495,2.0991503089681444e-09,0.22222222222222227,6.9496757251793905e-09,9.613942510103534e-10,0.0,0.0,1.5237811012980274e-14,0.0,0.032329662311516294,0.11956256727464397,6.477741260058067e-11,0.15961164082778762,0.023029584844896905,2.1109353154358246e-10,0.00932946150225494,0.16130449170238703,3.7794420371106696e-14,0.17995292542967423
2022-10-17,0.0,0.023535667403879097,0.0,0.012877109076046703,2.5362691811667114e-09,0.2396113915752449,1.0952847471243026e-08,7.478073917596393e-08,0.0,0.0,1.9262369477246466e-14,0.0,0.0022444006603431904,0.11400333030838142,4.442236162249813e-11,0.11431269475692073,0.03157373296969161,2.5472574743945486e-10,0.005053873577649529,0.004827247362930682,3.576652862768981e-14,0.14001089645525583
2022-10-18,0.0,0.02229183597551638,0.0,0.01758525453398786,5.042350814529789e-10,0.08628301778589192,1.7043370397419428e-09,0.39999917218644765,0.0,0.0,1.9519108551691033e-14,0.0,0.0377792416135339,0.12785403938245515,5.591842267005376e-11,0.03728472680125972,0.021639809523301117,5.052049056875063e-11,0.00445158068468967,0.02662771317111633,1.0085682289329156e-14,0.06601884112633911
2022-10-19,0.0,0.03667942328753105,0.0,0.01840790494252517,1.8438533101327427e-09,0.12129229497956684,5.281590153780967e-09,7.690164663028794e-07,0.0,0.0,1.1809997424450103e-14,0.0,0.01692046328213163,0.06999541896390231,7.259637335721436e-11,0.03760737625962538,0.02164010155827451,1.843853125738093e-10,0.003390879856334135,0.06222053571867187,6.376843497690743e-15,0.21219714577665372
2022-10-20,0.0,0.048358791848753746,0.0,0.0513012196127412,4.099909952707784e-09,0.19818256720280852,4.7964734363068934e-09,0.3999999968571981,0.0,0.0,1.1934897514720433e-14,0.0,0.12928611340598184,0.29158952957471596,4.001053655056097e-11,0.1074472563100444,0.03712117722155546,4.107131752750792e-10,0.003719039911835826,0.10875161156417634,0.0,0.20875068180958284
2022-10-21,0.0,0.03214955395264753,0.0,0.03216802970036723,5.985968500746599e-10,0.11111111111111115,2.5919709669540535e-09,1.3649368749400008e-07,0.0,0.0,2.1410651029896144e-13,0.0,0.07946762420100938,0.06338940389379809,5.1648629817435676e-11,0.04439362268787305,0.036844406268848225,6.003481392569121e-11,0.0023556765006463726,0.11118372825980496,0.0,0.16451564916677539
2022-10-24,0.0,0.06449296797471507,0.0,0.11205930044834342,8.675770444795005e-10,0.21142516426242122,6.835447728253559e-09,0.2369170391640428,0.0,0.0,9.677952189646177e-11,0.0,0.11332445902603155,0.07179102906560911,5.638269018337638e-11,0.09097461910922508,0.03801659216489787,8.786001787219888e-11,0.010424192235114559,0.14921012284454313,5.906733435701028e-15,0.08769736153108432
2022-10-25,0.0,0.062257161382426346,0.0,0.05576654506313307,6.715875876356618e-10,0.057633436045464476,7.316711772153904e-09,0.16308283740878088,0.0,0.0,9.57681919877551e-11,0.0,0.07495126449858676,0.16748901006527958,1.715760172826819e-10,0.09843998611888946,0.028020891231408815,6.840005645214475e-11,0.004878562703648996,0.04553099927147913,0.0,0.15714879779805524
2022-10-26,0.0,0.004661594789139018,0.0,0.017686996967079566,3.1216423753296826e-10,0.12054627609844015,4.197938258830106e-09,5.730509358914716e-09,0.0,0.0,3.1306374159711936e-11,0.0,0.05612968218065132,0.005822255465136939,6.406059710473144e-11,0.036213211342080824,0.017229838073864148,3.1282591100856294e-11,0.003160964750256349,0.1095214648613109,0.0,0.22144339370244476
2022-10-27,0.0,0.017538657442970944,0.0,0.019388090543233958,6.376318463126663e-10,0.1367778612399556,4.362882889988787e-09,2.8415043472417162e-08,0.0,0.0,2.343985422426087e-11,0.0,0.05447866108307205,0.037337015035228446,9.041223325567671e-11,0.046297054409174386,0.03510512304622323,6.408046662742528e-11,0.0011725646300611015,0.10705154212198667,4.272623921330876e-15,0.22160162776679376
2022-10-28,0.0,0.032043107808537794,0.0,0.013169370815001214,6.897449617643597e-10,0.22453346260325147,2.6235764167759634e-09,3.2205727622964886e-08,0.0,0.0,9.650724663856636e-12,0.0,0.05559913278283876,0.038706357964590356,7.699860193888242e-11,0.1203405055373667,0.07416935888071194,6.98112886943214e-11,0.0038123938286025415,0.09570047126270147,3.171247986433201e-14,0.15989954390956765
2022-10-31,0.0,0.053761675277048504,0.0,0.04874742686793706,1.0004490800981448e-09,0.07068350955365701,1.9195288685480677e-09,0.5265458937733822,0.0,0.0,4.482851589937553e-11,0.0,0.06717130170041465,0.07059287866624338,5.021519311476652e-11,0.07372326174244173,0.03496008477499785,1.006911845569114e-10,0.01059618188484212,0.1183628446912331,0.0,0.09221822363117463
2022-11-01,0.0,0.007461797039582653,0.0,0.005506542340355228,2.4434363558513233e-10,0.10180088497704906,1.5893385760049502e-09,0.1699151915245385,0.0,0.0,4.049006269157829e-11,0.0,0.07753582857504968,0.018213262162360105,2.922800890203803e-11,0.03543946466653373,0.01621150442853361,2.4695235439908814e-11,0.0012687490228531148,0.03119951109140613,4.618701254788249e-14,0.01985360553608627
2022-11-02,0.0,0.012035045003421192,0.0,0.007802042330161917,6.146212227455639e-10,0.008871016227788589,1.0815941722366858e-09,0.09646122215407178,0.0,0.0,1.8846035843012032e-14,0.0,0.013708223393203278,0.05251102952089202,6.401564001112803e-11,0.035040784418657885,0.021716862424790928,6.204756153316282e-11,0.0009905138189822832,0.0019084718635413445,0.0,0.08248262733200096
2022-11-03,0.0,0.01816031316067275,0.0,0.0197676916325505,3.3689941100571633e-10,0.11182370760242047,1.0923801565895299e-08,1.7331856095710222e-07,0.0,0.0,2.971234369653075e-14,0.0,0.0648540469010356,0.06597480721926677,1.1808964917037201e-10,0.05974636987351558,0.03497820373919941,3.368992237962054e-11,0.003874721926279044,0.03453501649825724,0.0,0.09790505692886728
2022-11-04,0.0,0.007432950076481727,0.0,0.008030133476236403,1.0830900472545886e-09,0.22394268821078742,5.277015293541818e-09,1.8178763361047707e-06,0.0,0.0,6.458368562167749e-12,0.0,0.090684117881858,0.19106724845300585,1.1532775429090592e-10,0.07676335514639418,0.05162845130657054,1.09810587706205e-10,0.0016549865102474422,0.09885977558231744,0.0,0.10977056053918416
2022-11-07,0.0,0.017257256534555745,0.0,0.013627628811773587,6.49831076584511e-10,0.4701948755887571,1.533281498808479e-08,0.31957530997782607,0.0,0.0,1.815973066365828e-11,0.0,0.10995458233261357,0.06856175964835436,1.2866106097186858e-10,0.1070286008035527,0.04520021581737645,6.537084068503063e-11,0.0037839202663966925,0.03214340990094352,0.0,0.16572872492057875
2022-11-08,0.0,0.05778005065721708,0.0,0.08924954148063985,7.175684409068316e-10,0.12185657597158797,5.99847941887311e-09,0.5999999857815236,0.0,0.0,1.634991447785339e-11,0.0,0.29166330302002286,0.12365027316334637,7.476776836545795e-11,0.15015498920722073,0.03770800374107435,7.27045056103659e-11,0.002916071327723653,0.04709991020159187,0.14092932387634377,0.1919379682319599
2022-11-09,0.0,0.0448965943818881,0.0,0.03274770487107023,1.0834864169023427e-08,0.017586316268974098,1.5435396279522768e-09,6.216790225592965e-08,0.0,0.0,9.667287803605262e-12,0.0,0.14083593718386628,0.2595081149222624,5.539101122220558e-11,0.14563997628476164,0.02805354601614809,1.086293631435975e-09,0.003049839155345343,0.00753403184596922,0.0,0.10257807998185431
2022-11-10,0.0,0.0378873046153581,0.0,0.020882191831779633,1.0663420515259925e-08,0.191798076548109,2.7090621917524855e-08,0.1999998396292719,0.0,0.0,9.615912233140733e-12,0.0,0.28142648286161326,0.1411179953679731,8.147483382403564e-11,0.191673107488469,0.0472922317706895,1.0663420424439352e-09,0.006371352115235297,0.06904335940790832,0.0,0.03252314907659241
2022-11-11,0.0,0.03699795083105981,0.0,0.04586001697128841,9.017529173903918e-09,0.4464753033277052,3.3469989290265784e-08,3.1088970582549426e-07,0.0,0.0,2.055341313811354e-11,0.0,0.2565997122787266,0.13773939748629005,2.1662276833422922e-10,0.24707904592336388,0.04578945832891464,9.017530645805127e-10,0.014381312321751126,0.12170768577217625,0.0,0.15622302656565668
2022-11-14,0.0,0.05649543827930302,0.0,0.02487713912661023,8.77036159558743e-09,0.11175100077114597,9.256013063058156e-09,0.4000000179842682,0.0,0.0,2.3190005471462882e-11,0.0,0.13206280552099534,0.14847033984897756,9.802326311758591e-11,0.26489967811778853,0.03658729366049179,8.780863085255941e-10,0.0015717543031337142,0.06983023025366417,9.853229343548264e-16,0.1292296002771617
2022-11-15,0.0,0.012591458004711521,0.0,0.01241785829678222,2.709556312799179e-10,0.2922905153928786,1.35243725565509e-09,8.970513408669088e-09,0.0,0.0,1.2598776188976757e-11,0.0,0.144030341795889,0.00706898040609564,3.920239133314851e-11,0.09457003943718734,0.035159100987383014,2.7351908932216062e-11,0.0011396804843011865,0.011300513850379966,0.0,0.1520827141690894
2022-11-16,0.0,0.0039799252915346875,0.0,0.02356315069992667,1.9120308365292983e-09,0.14566550592518696,1.1901873607305027e-09,6.628162133910676e-09,0.0,0.0,1.951542399902806e-11,0.0,0.07648276831141979,0.06903723876866152,8.216797381388474e-11,0.05000260293447162,0.03292825119773191,1.9174301035818075e-10,0.0009128051899614693,0.013355754413163286,0.0,0.08753893051316747
2022-11-17,0.0,0.013445848048749296,0.0,0.03362776166286651,3.459907211061139e-08,0.1449672889903144,1.5421780647433164e-08,1.7354939875961762e-08,0.0,0.0,7.49797099408589e-11,0.0,0.06480126101872856,0.13945103940033476,8.172183763033303e-11,0.24007654525648026,0.03713601719975088,3.4601612582119134e-09,0.0007243443792847443,0.04997621839955972,0.0,0.28906143724502786
2022-11-18,0.0,0.012861383235281507,0.0,0.00980285622876429,1.3166456454059694e-08,0.0,8.024597191353246e-09,4.359861956742454e-06,0.0,0.0,7.749455244177028e-11,0.0,0.11782925817503376,0.010606195015994694,9.059222816354406e-11,0.06741864732452489,0.03754452353682467,1.3166457507596263e-09,0.0014916715834212176,0.03795872474186983,0.0,0.030302898156310144
2022-11-21,0.0,0.015231467745400733,0.0,0.0098039981379245,3.7258736221088164e-08,0.18181818181818185,3.822704589772859e-09,4.298003035562541e-06,0.0,0.0,5.0242032756386834e-12,0.0,0.05735660360041118,0.023340156746786488,3.6647428147684735e-11,0.06103769196470006,0.03556279164349809,3.7258739461754065e-09,0.00204031612858974,0.05155249311149231,2.209170346656464e-15,0.1259803822589966
2022-11-22,0.0,0.023029789050372725,0.0,0.028221774138310566,6.857748523608642e-08,0.10076426042429745,5.313290314711727e-09,0.3999999510516823,0.0,0.0,4.666093900151935e-12,0.0,0.0521244825345073,0.0745816320073514,7.703618992715988e-11,0.1304808316639777,0.01791373711079512,6.857749153266202e-09,0.002638485602398516,0.12924160628886866,0.0,0.05331149760992482
2022-11-23,0.0,0.014816739571934192,0.0,0.015550801652864321,4.018016661453862e-09,0.09923573957570245,8.188348981603155e-09,5.007501495631087e-07,0.0,0.0,1.3459594550013776e-11,0.0,0.08942625570007096,0.018946788705461976,7.912377697483208e-11,0.11253108982575077,0.028133134700650927,4.0180176547055524e-10,0.002424843019847158,0.04692406865818377,0.0,0.0632590263487825
2022-11-25,0.0,0.016474750305782767,0.0,0.010112696600305842,1.4596401564824782e-08,0.0,1.4580219557667507e-09,0.08466825436358635,0.0,0.0,1.4281076321509545e-11,0.0,0.06701550376246099,0.028917258339989843,1.2637983021202004e-10,0.054701326319529175,0.01283072798862819,1.459640134454654e-09,0.0015642915876256068,0.04675815777017871,1.695171780724536e-14,0.14809493917532507
2022-11-28,0.0,0.0023685729531922528,0.0,0.003849607929075835,1.146862224434961e-07,0.0,4.658644363824354e-09,0.08466870769839924,0.0,0.0,1.1360468121779377e-11,0.0,0.09549420633602494,0.08324067609712936,3.728743702691162e-11,0.08641121870826098,0.02616282612876097,1.1468623536958766e-08,0.0003944660643350195,0.11127462933259888,1.7382796591025595e-14,0.08845083323391223
2022-11-29,0.0,0.09703956933900956,0.0,0.04990255236564422,1.6868799660025595e-08,0.0,9.205593033169326e-09,3.775575927709881e-08,0.0,0.0,1.6886235465474186e-11,0.0,0.1807440353540764,0.2544857889140864,3.699220790798208e-11,0.20607668874340246,0.03077367579596406,1.6868799204705631e-09,0.009839630744390891,0.1148285650341206,0.908185098266114,0.15450206460743898
2022-11-30,0.0,0.044574146919998975,0.0,0.04302662454346186,0.20467184514012643,0.13388806147488894,6.987516224336681e-08,2.909084851610588e-08,0.0,0.0,2.1383284032339134e-11,0.0,0.33168683074330474,0.3518048362139066,9.449080407009092e-11,0.3033366275316432,0.03103226937604893,0.02046718451401259,0.0010942102892574981,0.15425869954991622,0.04634127076367674,0.241216453352715
2022-12-01,0.0,0.0639810603001723,0.0,0.0462784114977055,0.20467145739063541,2.0,7.85178741318004e-08,2.9220463535757185e-08,0.0,0.0,3.626036276793698e-11,0.0,0.060956026256480306,0.1331823108906996,8.829663389331444e-11,0.227396190084742,0.026591373957409344,0.02046714573906054,0.009004591598019807,0.010668937980270594,0.23830211273728855,0.16284603343350912
2022-12-02,0.0,0.0131523525379689,0.0,0.05985582517539195,4.3533761891623365e-07,0.06276293703645956,7.707337278250701e-09,1.1561738445917513e-08,0.0,0.0,3.684745564225267e-11,0.0,0.11487327860030977,0.07834291190805766,6.24286386474715e-11,0.06704069644647667,0.030280266907992168,4.353376611629378e-08,0.0029617545439819606,0.03453659846856398,0.0,0.0456405010438205
2022-12-05,0.0,0.021933848073088576,0.0,0.03671631017546495,0.623390235973694,0.20824515844197383,1.6680512621749924e-07,1.5956687770191837e-08,0.0,0.0,2.8613895974860526e-11,0.0,0.026492159293931943,0.18085233602385004,4.442646250879534e-11,0.17487070225734966,0.03077556978695883,0.062339023599763566,0.0057428031916426335,0.14891811245212053,0.0,0.05425005887729329
2022-12-06,0.0,0.024377578400690277,0.0,0.023825792361602528,0.42177359252331664,0.02325846578999224,1.7036313584795273e-07,3.017624885664222e-08,0.0,0.0,3.7290115439958527e-11,0.0,0.15414565358450288,0.11513482548983112,4.504442652208951e-11,0.11258318118029084,0.01832122238228424,0.042177359257065894,0.003520442164644807,0.0037161459488175633,0.0,0.07213672397929448
2022-12-07,0.0,0.048956360723949224,2.0,0.029670635471009232,0.4948047590602709,1.9999999999999998,1.999988312130944,1.3788217062587267e-07,0.0,0.0,8.402130380336104e-11,2.0,0.11105951258661557,0.15738632673839853,3.4557891270825536e-11,0.17881065087965115,0.026931630791015418,0.04948047590648399,0.006071274303512744,0.06326314328263495,0.0,0.09289208927829003
2022-12-08,0.0,0.010502853039883886,0.0,0.011242907858361057,0.4600305357236451,0.1999999999999999,1.1649574306024916e-05,1.3592449109493752e-07,0.0,0.0,8.226604120142866e-11,0.0,0.028324830079502407,0.1896880912376512,1.1919116388314777e-10,0.14452339284693425,0.024682920602290614,0.04600305357246076,0.0028693465293609874,0.03406651019278023,0.0,0.02467592725546707
2022-12-09,0.0,0.005070068767334164,0.0,0.0034953892110940014,2.0646008967258219e-07,0.20000000000000007,1.705854715709628e-08,3.001616018919643e-07,0.0,0.0,1.1098143237742164e-11,0.0,0.13502195746028609,0.04637053603285899,3.885006899517762e-11,0.04398648565581974,0.01851638205286362,2.064600886780843e-08,0.0007022097140723556,0.0011579263431078894,0.0,0.023771694393117007
2022-12-12,0.0,0.05252167479540633,0.0,0.027589321050502442,4.8574732699138854e-08,0.10957989876026408,2.7802412127853203e-07,2.988034691713319e-07,0.0,0.0,1.196444332496327e-11,0.0,0.05524062326340541,0.06285214362656874,6.137595986999145e-11,0.06957879403659717,0.024463743863879707,4.857473239611165e-09,0.0030662078218595262,0.03587089885498161,0.0,0.021277119157951933
2022-12-13,0.0,0.026658836184862877,0.0,0.015661719334219955,2.132901362835711e-07,0.15655244867610418,2.2090924093873986e-08,1.255615854436252e-07,0.0,0.0,1.474245031607424e-11,0.0,0.13950279266231866,0.029207483448218302,2.8982642674701964e-11,0.11726027872138786,0.020239391787722834,2.132901401677434e-08,0.002647096243047379,0.13614259121000089,0.0,0.025675280284356523
2022-12-14,0.0,0.012399066626406373,0.0,0.015004839245523179,0.34188410075509207,0.2649854223846441,6.009817892103557e-07,1.0782811257873423e-07,0.0,0.0,1.5514256546111937e-11,0.0,0.10271532489397667,0.15968015155866674,4.8529666396568416e-11,0.19142607315173318,0.03348683815837928,0.03418841007606889,0.0018246658260507448,0.0908731652881423,0.0,0.21190596755032876
2022-12-15,0.0,0.018176038662909764,0.0,0.0064144520178434725,0.1405340745018437,2.0,1.8174578831827255e-06,8.226403225693988e-09,0.0,0.0,8.606219903395385e-12,0.0,0.06655713577468357,0.033379833403812544,3.870986170495527e-11,0.08305926074171568,0.023347835209426248,0.014053407450743991,0.0007323516783817839,0.001854497374218821,0.0,0.019354802692492963
2022-12-16,0.0,0.04312251841156939,2.0,0.016978619192807375,0.5916311387296947,1.9999999999999998,1.9999969518223415,1.3980941362699072e-08,0.0,0.0,1.0759303170626566e-11,2.0,0.0860299242096091,0.13970856994351608,4.220344906880058e-11,0.20504114860668637,0.03552216926660047,0.05916311387440494,0.004526490414511437,0.0958889028438448,0.07587908474673992,0.1789593306658068
2022-12-19,0.0,0.046954068091584325,0.0,0.02063470866290633,0.17762472145482996,0.0,2.6215555986961415e-07,1.055918647720825e-08,0.0,0.0,1.8744603091924716e-11,0.0,0.10014688446490204,0.041773380701205426,4.972143530235229e-11,0.08910880915066616,0.025783307241122183,0.017762472146948434,0.003034560661770467,0.05779090372160807,0.0,0.1143121981809701
2022-12-20,0.0,0.06964177905737508,0.0,0.03057552879966651,0.4644998909196832,0.0,3.0809753927742445e-07,0.19999998689742776,0.0,0.0,8.514606381071488e-11,0.0,0.07609236860724723,0.10911882450243279,6.638807559244952e-11,0.12989351829295054,0.038534048761137515,0.046449989094540636,0.005846016183935203,0.007292351455765889,2.9004576518332215e-15,0.06502075536528991
2022-12-21,0.0,0.01177214056596307,0.0,0.011852941611839503,0.37106192651122977,0.18181818181818185,2.6147066814352044e-08,4.973770790090935e-07,0.0,0.0,8.951345220609142e-11,0.0,0.1886958190874859,0.08699671842799099,3.1347910378620725e-11,0.14967429798379503,0.02874022806690926,0.037106192651748894,0.0025046593628675617,0.03298630697190118,3.2612801348363973e-15,0.033620017843485395
2022-12-22,0.0,0.026291143624924605,0.0,0.02595703195598181,0.4621808938418512,3.4694469519536144e-19,6.326819003944647e-08,0.0331937358291878,0.0,0.0,1.3549432409387663e-11,0.0,0.21415597062020988,0.10833384109783714,3.233060347218597e-11,0.11442485009266797,0.019538962937394846,0.04621808938489276,0.004995006478185043,0.12345294489062787,0.0,0.07040571524244242
2022-12-23,0.0,0.010956087729988734,0.0,0.01756545101547734,0.2287357134340588,0.1755118882870533,8.102377077368573e-07,0.00012835248984805657,0.0,0.0,5.768398259053953e-11,0.0,0.0660853497665095,0.05347804951625458,3.231614281729023e-11,0.1126226799055951,0.014724813683474922,0.02287357134463309,0.0019832680059474403,0.009858999757684325,4.477321291496139e-15,0.0959227700541538
2022-12-27,0.0,0.006653604278661133,0.0,0.007330906572057828,0.26864633828561507,0.0020492459294131765,8.19630977162758e-07,0.366934163299766,0.0,0.0,8.750813962343784e-11,0.0,0.11459087727578166,0.06282668326785387,4.267543263214435e-11,0.13972195924046232,0.02112097915508122,0.026864633830158777,0.0012818905156546066,0.001130245779200116,0.0,0.032135027377076235
2022-12-28,0.0,0.01084156515533129,0.0,0.005512677583058965,0.016865437023294075,0.004257047601715372,2.1725572130879512e-08,1.4552644059570712e-08,0.0,0.0,4.424582228379492e-11,0.0,0.014207440154087092,0.003957497894309174,2.5955126936594297e-11,0.10527768721550587,0.013407157236781486,0.0016865437025439002,0.0013875977183495404,0.0020361372025312543,0.0,0.1058575438818595
2022-12-29,0.0,0.011011645366228534,0.0,0.008621781218393118,0.00901264139936969,0.0,1.1489080928416768e-08,1.994459139343251e-08,0.0,0.0,2.012099514780985e-11,0.0,0.0930599460729952,0.002114239286585723,2.3200510956833398e-11,0.10470140571167806,0.02166672307449878,0.0009012641400181695,0.0016083750082484666,0.0018741593685893832,0.0,0.06290623445166946
2022-12-30,0.0,0.00553694452324322,0.0,0.007697469399060511,0.2751201502010041,0.03334144624736966,4.6133741430875716e-08,2.6361616917836138e-08,0.0,0.0,1.3475331961387838e-14,0.0,0.002471002673255347,0.06456092317858955,5.568148025991704e-11,0.08547091207105909,0.01182873129324069,0.027512015020464502,0.0015670098672667145,0.001986275971021443,0.0,0.06808421879888282
2023-01-03,0.0,0.0056068583602191325,0.0,0.0032159110370938698,0.20001651373339593,0.0809934431268555,9.639721997584771e-09,3.57584460847177e-08,0.0,0.0,4.066508241251654e-11,0.0,0.010317273230993861,0.04691821667475684,2.3398942505803433e-11,0.04464907490823284,0.008926031137056228,0.020001651373566798,0.00028709348988981837,0.0005199961984956314,0.0,0.01815164386547475
2023-01-04,0.0,0.008619916794534287,0.0,0.00808524582040524,0.6384389154020885,0.0674832924439567,1.0147429085342425e-07,5.835393642052956e-07,0.0,0.0,5.947743686451901e-11,0.0,0.10019721910902761,0.14998581818419943,9.291079017259563e-11,0.13135932737302752,0.024653127393369285,0.063843891541135,0.0008027455416353725,0.0018238767564584413,1.527163812076182e-13,0.09620778321425863
2023-01-05,0.0,0.015807587637942166,2.0,0.011659519599212789,0.5198944371451613,0.02365776555023511,1.999999771585748,5.436105424722017e-07,0.0,0.0,5.397516461558283e-11,2.0,0.01127940966104261,0.12296099187850758,5.741561392991201e-11,0.1384516779084917,0.032206173682033455,0.05198944371528004,0.002760801293006654,0.0598934721509383,1.4458226282876296e-13,0.05004206218607103
2023-01-06,0.0,0.012135085090745916,0.0,0.01553524537077187,0.19733173192918568,0.15816041626794672,1.8832813242470554e-07,0.3999997808457565,0.0,0.0,3.4234212686889975e-11,0.0,0.09625436694144189,0.04634140188403128,3.363976458503615e-11,0.07470957259107061,0.039661850737201874,0.019733173192960536,0.003853880670214884,0.07392956543971915,0.0,0.12579510410608707
2023-01-09,0.0,0.07031718049592703,0.0,0.04120801450082896,0.22955154614415435,0.24015333831219268,3.020462654381043e-07,1.6910191654104874e-07,0.0,0.0,2.658716302672559e-11,0.0,0.2164868620597511,0.05446339752988532,7.117401806810975e-11,0.10440019942747969,0.02568318160340153,0.02295515461460231,0.006126543238048492,0.07066195207516968,0.0,0.14748681964195484
2023-01-10,0.0,0.05408542723476728,2.0,0.024532605528963927,0.382222073312632,0.11639004069263748,1.9999991985821142,8.781091788156768e-09,0.0,0.0,2.186122810554636e-11,2.0,0.1440677998155991,0.08975156561355205,6.067320951208544e-11,0.13486657476802472,0.035989291231947676,0.03822220733219035,0.003008973009136641,0.03085178610790703,0.3568706761283238,0.09033692678855039
2023-01-11,0.0,0.03294267217307646,0.0,0.020242823680672185,0.08306080529204236,0.062035243673237636,1.6895703569264506e-07,2.3547380231781842e-08,0.0,0.0,3.6542650849735736e-11,0.0,0.2150977936334345,0.01968670723971337,2.9443919524752005e-11,0.06036997120823181,0.023892552578223432,0.008306080529466537,0.0018290830332375226,0.028742986855932507,5.252742685257772e-15,0.029961717420230405
2023-01-12,0.0,0.009754401575121882,0.0,0.013528059924605748,0.2805514400438061,0.20723696006412598,4.3499574427463994e-08,1.2567855719796397e-08,0.0,0.0,3.509887519514976e-11,0.0,0.08802698861501207,0.06635578359374897,3.24198029533207e-11,0.07642977955640416,0.030725655161237854,0.028055144005529914,0.0014768778396094667,0.029214501613175303,2.7408630920433552e-15,0.26721801199916884
2023-01-13,0.0,0.00947435732166602,0.0,0.011492036389811191,0.43271841670159944,0.0017506469738587324,4.161972196129842e-06,1.7799954772359297e-06,0.0,0.0,6.5471031374109145e-12,0.0,0.1886892592315084,0.10175269113720031,1.7793579110136903e-11,0.0950240992704133,0.02237906300599265,0.04327184167286384,0.0012068080408109173,0.0023572596329205203,0.0,0.014112272165413726
2023-01-17,0.0,0.007029187234838795,0.0,0.0029525143826330904,0.03811356593556022,0.0017506469738587324,4.133150844884813e-06,0.1486548153862379,0.0,0.0,6.310466038605966e-12,0.0,0.1353284780018627,0.008946709606095452,1.8384072042465505e-11,0.10500144492859853,0.02323836152452303,0.003811356593939018,0.00042359113944797147,0.10646312990287557,0.0,0.11439667897213893
2023-01-18,0.0,0.04119004526802819,0.0,0.019675142230524877,0.6209880845925835,0.1397968408085829,7.688877569532389e-08,0.1486565855056617,0.0,0.0,7.500076948385725e-12,0.0,0.20329254248171263,0.14618088749443683,3.1763258689920804e-11,0.16853117017715671,0.05335131624978889,0.06209880846286152,0.0040578304397122684,0.007173464245373039,0.21405808756569766,0.20401550730916052
2023-01-19,0.0,0.041064160403848415,0.0,0.02091378320723449,0.3103249000267931,0.1397968408085829,9.238871544517544e-08,1.5894988199523707e-08,0.0,0.0,1.7164054899598824e-11,0.0,0.02273178570547784,0.07328731864530512,2.922673214555971e-11,0.16440370555058642,0.05070079871880934,0.03103249000309365,0.005505370439301289,0.1176243634170645,6.146472220081023e-14,0.17828397113957725
2023-01-20,0.0,0.004093731219038212,0.0,0.009067565832758336,0.024220009115955222,0.11913244829751476,2.00425603239341e-08,2.8974468273152663e-08,0.0,0.0,2.7208596486971715e-11,0.0,0.007926324467972697,0.005711361149228555,2.2616658545970836e-11,0.09043275322262684,0.07637650797444008,0.002422000911815377,0.0027117443588797682,0.11146671118470958,0.0,0.040913780817786904
2023-01-23,0.0,0.0198980414012966,0.0,0.03316169023803306,0.17365861443273234,0.17452576761638525,5.53980734036435e-08,0.20797389235731614,0.0,0.0,4.957414340145405e-11,0.0,0.08883758359371444,0.04096920317683349,4.856956503651588e-11,0.1532801308380065,0.03591204569618512,0.017365861443541228,0.0033096333995488343,0.02170919001075492,0.0,0.1514883904977335
2023-01-24,0.0,0.02333960167534853,0.0,0.02310010732606273,0.06304043006965848,2.0,4.636053574737315e-08,0.40797391376480474,0.0,0.0,5.873791730781619e-11,0.0,0.10833924042988222,0.014876086709826434,6.642907751652771e-11,0.1136993735865155,0.047119642407239155,0.006304043007492724,0.0023105805980967314,0.020696893805484173,0.0,0.07827608286561921
2023-01-25,0.0,0.019882618690233143,0.0,0.046362382201038756,0.2587504289184916,0.17954883304412853,3.029275140112298e-08,0.5999999712889815,0.0,0.0,2.10845160775186e-11,0.0,0.14141701218748537,0.06112931630730481,3.616160149100267e-11,0.13141354612878217,0.033308033736226,0.025875042892608738,0.002639107073227929,0.022669562213735055,0.0,0.06624349816216765
2023-01-26,0.0,0.0112713781425353,0.0,0.021332393986239883,0.4393415248187354,0.17181079403405702,5.429071783871728e-08,0.5753224633156699,0.0,0.0,6.895678472673694e-12,0.0,0.24451536270266142,0.10374012732522815,1.6139409253490555e-11,0.16930861914945566,0.03685057453071018,0.04393415248249772,0.00016185645718911484,0.0035992257290418713,6.144737496605046e-14,0.19486568755944667
2023-01-27,0.0,0.037472442914155205,0.0,0.033533571218862135,0.4719106994350676,0.29778131057200496,6.975721642242979e-08,5.329314069563775e-08,0.0,0.0,5.097818001065235e-11,0.0,0.16701310203155212,0.11275895249290942,4.5250067581825704e-11,0.21955406962710533,0.03342822804963416,0.04719106994429987,0.0016945930535855053,0.06661431738785709,4.766326222593875e-14,0.065155824896411
2023-01-30,0.0,0.030966447057803756,0.0,0.03761743389435045,0.58618519406029,0.017358872607141643,1.3467613719400496e-07,4.5007322770976215e-08,0.0,0.0,6.563759952227244e-11,0.0,0.1357606454568362,0.17112753688258667,5.31706276230004e-11,0.2563362923571763,0.046220939111301006,0.05861851941068409,0.0019891297035707356,0.0317211073413916,9.847678228425139e-14,0.26262357308064355
2023-01-31,0.0,0.08198504845341366,2.0,0.020652500806047212,0.6011495954042276,0.017358872607141643,1.9999997869950807,4.368473259452644e-08,0.0,0.0,2.893088546507272e-11,2.0,0.03835573947770566,0.23161497041379595,6.100803889852457e-11,0.25716176402821933,0.052929486714677815,0.060114959543598565,0.002530175957080563,0.02402677380088468,1.0589099042057626e-13,0.11522181956665864
2023-02-01,0.0,0.0501053489745129,2.0,0.03305979541240722,0.416454156971827,0.3333333333333333,1.9999975011342879,0.19999994995694428,0.0,0.0,2.254793574074654e-11,2.0,0.08827060243283516,0.11483490021716729,2.4720260560773255e-11,0.18188673385855314,0.05657574652763976,0.041645415700265254,0.006844530866927712,0.05370601687579251,0.0,0.10775289771160891
2023-02-02,0.0,0.02175276475208468,2.0,0.024097239576433015,0.15468721549321238,2.0,1.9999706608631835,4.607278714486028e-08,0.0,0.0,1.9681478669042463e-13,2.0,0.188152992060718,0.04699552447932085,2.0099651110161432e-11,0.11875605490924931,0.0405147374489257,0.015468721551246848,0.002190617826144256,0.030130036504611924,3.088848621324303e-14,0.0950514953698244
2023-02-03,0.0,0.03066218306125479,0.0,0.0402498476618937,0.0031615174860481396,0.183859723923953,2.13895126984995e-05,0.19999987867582064,0.0,0.0,1.3697411260782388e-11,0.0,0.20920910081236324,0.011377243016914777,5.2293211427745234e-11,0.23001122369536375,0.050833470617557254,0.00031615174909641053,0.0020357176209234024,0.021901647193651064,0.0,0.2771200217372302
2023-02-06,0.0,0.02702257525631099,2.0,0.01137045116347919,0.06574245030886998,0.2545330308443263,0.6824509593447439,3.496159947565349e-08,0.0,0.0,2.0182730486872913e-11,2.0,0.12919950273355096,0.09443838624650758,9.671805023536706e-12,0.2003471022149701,0.03449410143986397,0.006574245031565902,0.002144222592388053,0.09477863321622274,0.0,0.02666793669055731
2023-02-07,0.0,0.0343966729761378,2.0,0.039661621211324265,0.48592025013680434,0.17821462047291128,0.682456523505938,1.1947778663628213e-08,0.0,0.0,3.003469001283676e-11,2.0,0.3052645478049653,0.16914330833626573,3.016870087080292e-11,0.2069678150964947,0.042227878704235514,0.04859202501505003,0.005549938404638178,0.08475069403165413,3.114175584073564e-14,0.23136821742626404
2023-02-08,0.0,0.008541279351369528,0.0,0.018503060463188822,2.783267202857934e-07,2.0000000000000004,1.2403775055938618e-07,1.6573120439433388e-08,0.0,0.0,9.483503565776985e-11,0.0,0.08682019262761473,0.06929792230888127,9.305070602927401e-12,0.08326928773997437,0.026662769143480675,2.7832671858213365e-08,0.0021435295836942543,0.03870295363754004,1.1199374760906267e-14,0.14856947735729564
2023-02-09,0.0,0.019680019513378586,0.0,0.015814498147542027,3.271300948066674e-07,2.0,4.087471702980298e-08,1.4981388810912318e-06,0.0,0.0,7.510679578270896e-11,0.0,0.25633238226049376,0.2541030311398288,2.6542788800210104e-11,0.224881643039611,0.03557457276140661,3.271433538995505e-08,0.0018241080913450683,0.0024033875163277756,0.0,0.16498125950972362
2023-02-10,0.0,0.05200730430864765,0.0,0.05279137573392003,1.0853684500031494e-09,0.01760741671985563,3.9875575676269205e-09,0.19999848315572594,0.0,0.0,3.948454063706919e-11,0.0,0.2517680053733288,0.1435194328993717,2.6686430842914888e-11,0.23789656105457377,0.04007989843074109,1.0898806510062364e-10,0.004399597032638383,0.014180159153798444,0.0,0.05434507004951157
2023-02-13,0.0,0.016814863326612618,0.0,0.01770583538274916,9.08993252575636e-10,0.28181731949136696,2.8100943290520285e-09,1.6642040700144354e-09,0.0,0.0,2.4528032382953313e-11,0.0,0.04623079885768594,0.11142463628977253,3.747336468906681e-11,0.0791405300141637,0.021133831486868013,9.180801605057631e-11,0.00223049501864837,0.003135047366336548,0.0,0.22149050914731605
2023-02-14,0.0,0.04933966500408349,0.0,0.031437194819591494,3.772818087252451e-10,2.0,6.902908054970751e-09,0.12781577682838222,0.0,0.0,1.4021415972731432e-11,0.0,0.28563418015841185,0.017886072110891982,3.782644336647323e-11,0.2733952904704922,0.03160628015121361,3.83725724806272e-11,0.004233583321044725,0.007052604051958776,0.0,0.3109670280198801
2023-02-15,0.0,0.006053174440318127,0.0,0.00874697034324131,2.1863064646481563e-10,0.006218062408468214,2.742320659095387e-09,0.07218421809207201,0.0,0.0,1.2161105455987808e-11,0.0,0.0630729373279798,0.026607189131149747,3.239558621359606e-11,0.0956061590051551,0.026479316555002734,2.2323507625765515e-11,0.0024322705034350335,0.014676034639732419,1.3659212649841379e-14,0.054354531995772115
2023-02-16,0.0,0.021721146475497687,0.0,0.016879176080412284,7.920893139247345e-10,0.13265241739096173,4.268667767621695e-09,0.19520759020626383,0.0,0.0,1.0135753347739751e-11,0.0,0.16856148477035532,0.13704482982585955,9.825716629219272e-12,0.16975027341825655,0.028607491299746934,8.001129273016439e-11,0.0010599208857226088,0.002009877942557364,1.2212453270876722e-14,0.08036156592159643
2023-02-17,0.0,0.025356683235157863,0.0,0.025872903872945472,2.038381568513874e-09,1.9999999999999998,1.3769045124177965e-08,0.004792367424340456,0.0,0.0,1.4892295729929117e-10,0.0,0.13187359690963552,0.1046244394758513,2.555160943940038e-11,0.20014813040223825,0.03791622313979638,2.0428826685847667e-10,0.0036340680682148373,0.004536047758453031,3.817779425929757e-14,0.10659829635077132
2023-02-21,0.0,0.025915001965318225,0.0,0.01700828100821191,2.8798281005500736e-09,2.0,5.578302489160018e-09,0.15358581413185102,0.0,0.0,1.9059130662579804e-10,0.0,0.10982051968140867,0.22027886119559575,3.749089233506808e-11,0.19045981098897918,0.03127294958861694,2.908060875439489e-10,0.0026368216029569007,0.006767197753722601,0.0,0.08939784936255922
2023-02-22,0.0,0.022654034922155505,0.0,0.02537123370473576,2.5198562532695723e-10,2.0,8.268591525331617e-09,0.046414177559512104,0.0,0.0,5.4868554144604786e-11,0.0,0.15021491387693903,0.09708525163962757,5.232344418848456e-11,0.12438108296902514,0.06613857429746473,2.588251488133686e-11,0.00520516814520957,0.007109262566082257,1.506086921843064e-14,0.02211314848703713
2023-02-23,0.0,0.008295576459896531,0.0,0.00521079183831101,2.0538472821511833e-10,2.0,9.01438337649542e-09,0.012596208950791209,0.0,0.0,5.560873983512238e-11,0.0,0.05852026243176653,0.02326002999134694,3.650628410678536e-11,0.042095096145481646,0.025606642837298854,2.0644520815071843e-11,0.000846596813599429,0.009215455099790137,1.2413681194090032e-14,0.16794355148194987
2023-02-24,0.0,0.010847597643399196,0.0,0.013362613081988267,2.852911833093191e-10,0.17945466301435659,8.131421123831097e-09,0.012596206216071805,0.0,0.0,4.9372617105802874e-11,0.0,0.17096037271186892,0.07410689567901031,1.747948313868264e-11,0.2674154132571968,0.059908138914581535,2.8907858745652604e-11,0.0026246047559682593,0.026229443324853108,0.0,0.03117720739317493
2023-02-27,0.0,0.016552360956124994,0.0,0.01451062101837028,4.0624624569600046e-10,0.2106258622797041,9.076318159208219e-09,0.1999998532259601,0.0,0.0,2.4502996853748016e-11,0.0,0.2218539258038673,0.15041020681629852,2.4569471457347447e-11,0.10210114414318358,0.03385862806138163,4.0791075378576735e-11,0.0034150706467879106,0.08960298228129757,0.0,0.13126474758125248
2023-02-28,0.0,0.04238346134330616,0.0,0.02241294589644608,1.7785806271703572e-10,0.41595107306643847,7.816055284952893e-09,0.19999985623590982,0.0,0.0,2.5895285915567e-11,0.0,0.16179480971558222,0.0009889462054568936,8.585551714013206e-11,0.06117709892055692,0.04218034994709775,1.8165274839887502e-11,0.001734701304227617,0.09247295973506775,0.0,0.07266534442015193
2023-03-01,0.0,0.1449160381869527,0.0,0.0675462317039652,5.181780386582203e-09,1.9999999999999998,2.8256802219341815e-08,0.1999996648776729,0.0,0.0,1.7996958090460424e-11,0.0,0.20694790470233515,0.19930804792270446,4.785001561646851e-11,0.3610950252076973,0.04611442045135496,5.196977154175997e-10,0.01330134337286256,0.15607314146662893,7.754213937616328e-15,0.27075931016093197
2023-03-02,0.0,0.010620314989746143,0.0,0.011052294582332265,5.2278859606619294e-08,0.09706580454965448,2.1998910540793176e-08,0.09720111993077649,0.0,0.0,4.37034228251143e-11,0.0,0.15527777972676404,0.12950334581927983,2.3321476694260213e-11,0.18455137938369598,0.04537476138353345,5.232079901273945e-09,0.0015648127082159638,0.006756314005290016,0.0,0.0742302717258352
2023-03-03,0.0,0.01723977598761184,0.0,0.02384748650653098,0.049958451394179024,2.0,4.931701332278e-08,0.5644256557354663,0.0,0.0,4.6247561336087983e-11,0.0,0.2905187636535162,0.1280355999630383,4.771209816123445e-11,0.31571413058560693,0.06756251192357011,0.004995845139417882,0.00590418878322347,0.06902358336856823,0.0,0.09089321459769478
2023-03-06,0.0,0.029373050579508553,0.0,0.01738602427891108,0.04995845959898208,2.0,5.811619479851301e-08,0.03330134001725704,0.0,0.0,5.555608750817953e-11,0.0,0.022604552851493986,0.1282035889452477,2.7575677852276215e-11,0.2145540914561104,0.030542649084448953,0.004995845959898184,0.004684370569591364,0.006212357908500776,0.0,0.05212818617479393
2023-03-07,0.0,0.048374220707625454,0.0,0.0220752426695605,4.6980239965131794e-08,2.0000000000000004,4.4005121348640036e-08,0.19428073883879907,0.0,0.0,7.433469118023339e-11,0.0,2.0816681711721685e-16,0.18528288760490275,2.291025702483296e-11,0.21889904247867956,0.03366351245774587,4.701692788572354e-09,0.0009241257002129862,0.06638677877755862,0.0,0.08942692014087836
2023-03-08,0.0,0.04616403602716645,0.0,0.01930836861515501,1.3722578183023865e-09,2.0,9.4559189153447e-09,0.057821644363646466,0.0,0.0,4.025947630825755e-11,0.0,0.09565330999057345,0.10933572389578759,2.7574380279116184e-11,0.23953238472845342,0.04602782631552962,1.382307601716093e-10,0.003541911720636934,0.00609830990615628,2.3724078257458814e-14,0.14342075536612775
2023-03-09,0.0,0.026794886074748205,0.0,0.03656133755215431,3.4599096686095907e-09,0.20250665276578228,2.645157775946887e-08,8.439694184041338e-07,0.0,0.0,5.0345873303658806e-11,0.0,0.3116220630571726,0.126368758320539,4.158033639622971e-11,0.3925659817049092,0.07294747098462857,3.4830392389717524e-10,0.009437332414514003,0.16597259952498977,3.276545701424993e-14,0.19179592252899136
2023-03-10,0.0,0.05147591543716048,0.0,0.039647644355901984,4.029653914851985e-09,0.0,2.037301382455841e-08,0.19999997206764258,0.0,0.0,4.896297950418571e-11,0.0,0.10435441142844756,0.4798625514988546,4.273940229504447e-11,0.355331265391586,0.09212839251539873,4.071378026382355e-10,0.005451068134273703,0.16084822125660492,0.0,0.10324177529718644
2023-03-13,0.0,0.014820433825756697,0.0,0.016859053723992167,7.023587210716103e-10,0.0,2.5156701571381168e-08,0.4943737814519154,0.0,0.0,2.1349283452209988e-11,0.0,0.10318562461817957,0.05912104610653745,5.140450565210841e-11,0.26513428393586225,0.095346542668015,7.062547768832417e-11,0.005365797623674336,0.06571749196316086,0.0,0.05703836252567041
2023-03-14,0.0,0.011951700894535174,0.0,0.02391421029140912,3.3399990050901076e-10,0.0,1.0036057288684318e-08,0.3056261028367322,0.0,0.0,2.2389159970437333e-11,0.0,0.061869060323195606,0.11656018403335947,2.8682604902297015e-11,0.21871836691943353,0.047803877263612723,3.346530344505716e-11,0.002148892748859727,0.1655220176437364,1.182734465920987e-14,0.10620863774394396
2023-03-15,0.0,0.020033775004063902,0.0,0.014464089831395563,4.1474506392480937e-10,0.0,2.048718093030297e-08,2.063581137211633e-08,0.0,0.0,3.818786259435214e-11,0.0,0.0019276970156751573,0.13755923357221114,4.0105196941198074e-11,0.2331448459777247,0.04308988365265154,4.147443152802133e-11,0.0027128229346304183,0.13760381241573702,0.0,0.1053866731957027
2023-03-16,0.0,0.017888825564816718,0.0,0.021893083669971367,5.968854884548114e-10,0.0,1.9495003561026517e-08,0.04550923322691384,0.0,0.0,3.813685478526452e-11,0.0,0.0012734447182474158,0.050068337684298116,4.392210206649594e-11,0.32963682452877435,0.055359983975648175,5.968866373384785e-11,0.00295684015481628,0.0533555762496513,8.965050923848139e-15,0.06206350343124846
2023-03-17,0.0,0.04461209425433507,0.0,0.050648426999568195,2.9418657826784334e-08,0.0,6.010109302180464e-09,0.12456078216468083,0.0,0.0,4.2304736103115914e-11,0.0,0.071259175269229,0.008105961502200165,3.0421894170462593e-11,0.19855757569314164,0.04055805798404969,2.941865983457914e-09,0.0060193209027987575,0.03439053323493566,0.0,0.13578129087393986
2023-03-20,0.0,0.049093464775886594,0.0,0.02926462234913317,2.945260647090457e-08,0.0,6.4398901589092015e-09,0.4997269336571103,0.0,0.0,5.144808190582495e-11,0.0,0.029618943331318853,0.05248408224568506,1.624154977175607e-11,0.4015049695085801,0.0694229868946999,2.9452608511781886e-09,0.0062301095872883926,0.07599920796703276,0.3679250724403279,0.1224469322102993
2023-03-21,0.0,0.044940932803209724,0.0,0.017823521816644254,1.7094154904374836e-10,0.24141674045187192,7.305055044767215e-09,0.14068517204042727,0.0,0.0,7.651845129741375e-11,0.0,2.42861286636753e-17,0.043329813670941596,2.2435261981534893e-11,0.04798073244171378,0.02663692931568558,1.7094225340796854e-11,0.0040078292845087266,0.0326651075361653,0.0,0.06803643219762198
2023-03-22,0.0,0.014200753115212987,0.0,0.025276991016668394,2.4627170608268633e-10,0.2216445250880762,1.2084597036466669e-08,0.14512470732571392,0.0,0.0,5.066416036703103e-11,0.0,0.015339370827231878,0.013172629274745908,2.013630234776187e-11,0.08672490879904085,0.04192554637515606,2.486269523593876e-11,0.0024881422226898653,0.008964272994496595,0.0,0.10587788146153575
2023-03-23,0.0,0.03237858015496564,0.0,0.034205267812652124,1.0141076126743935e-10,0.30513966514508384,2.9622937528726366e-09,0.1451225074815808,0.0,0.0,3.155857519754335e-11,0.0,0.01496733722075732,0.07500588299240026,1.0177358955587579e-11,0.20005435633960228,0.04091551645188004,1.0208910106168645e-11,0.003746881185101282,0.08606665404689962,0.03540106891862225,0.25082436971941924
2023-03-24,0.0,0.0033705628920444705,0.0,0.007198676064751342,1.0041067414264922e-10,0.14075911580014144,4.2741758313975325e-09,0.6322353102460704,0.0,0.0,3.3459311710171136e-11,0.0,0.005000154381276703,0.0027233046081729657,1.2182824193907038e-11,0.14085821361143375,0.026296546602534866,1.0080478118901226e-11,0.0011485170305495992,0.0015100353533196182,1.1032841307212493e-15,0.09125104579765599
2023-03-27,0.0,0.028102497449319405,0.0,0.016534099991630746,1.725539011074505e-10,0.17990943772822696,5.418062546381396e-09,0.31108363673300715,0.0,0.0,4.0366918141465646e-11,0.0,0.052078680757654566,0.06563606194171513,7.921573119684666e-12,0.3184675266304759,0.0373818251302185,1.7255412376737667e-11,0.0029816674963949637,0.00447350024759802,0.0,0.04569749867230817
2023-03-28,0.0,0.020058987011517634,0.0,0.018512472435151292,3.0302439867604026e-10,0.1589112402608769,2.0600918905731875e-08,0.599977766198218,0.0,0.0,2.437895718632177e-11,0.0,0.010642751168398357,0.08737144404208576,5.377077949564324e-11,0.27655955319640857,0.025670890880512966,3.071151666311778e-11,0.002819679333180492,0.024956983841346144,0.0,0.2136151787239579
2023-03-29,0.0,0.012631836469263106,0.0,0.009679844425164454,5.904875114008581e-10,0.27586910344389126,1.5788636006359473e-08,0.5581274824267634,0.0,0.0,2.0771301345590132e-11,0.0,0.03990129120044456,0.11922451780851262,1.3668531584354326e-11,0.11730540830674552,0.02872887038590577,5.937374897291292e-11,0.001330625503867526,0.0024315291054545374,0.0,0.09440939480425883
2023-03-30,0.0,0.020617777811199323,0.0,0.0152482339577335,4.559451256383753e-10,0.5062855271889515,2.8521637142029934e-08,0.041849992850182496,0.0,0.0,2.8034949361988026e-11,0.0,0.007387440378846925,0.019518177943689867,5.156181731580389e-11,0.06460314345940965,0.024343641356570557,4.573769488147583e-11,0.002627470058291264,0.02324209112911194,0.0,0.16212938214454642
2023-03-31,0.0,0.00790106241027903,0.0,0.012180751071607047,3.784783351640662e-10,0.11682351590703682,8.272032866823561e-09,5.285289476454516e-07,0.0,0.0,3.838956930124482e-11,0.0,0.013890930451894132,0.1113826435795131,7.940197110922753e-12,0.09095197541773058,0.029140354026080333,3.811931673092239e-11,0.0018992647539835782,0.02311915853103452,0.0,0.10816497358625907
2023-04-03,0.0,0.0166663833676912,0.0,0.011873731810656249,5.253676773809646e-11,0.09272623331537713,4.114473623871169e-09,0.2280590246373896,0.0,0.0,8.902866638349494e-11,0.0,0.009177864832256254,0.03888513508068916,1.814172423397764e-11,0.14044689913591596,0.037532458733686914,5.6054293151586165e-12,0.0015888085320390453,0.020740274083453532,0.0,0.039603850036664015
2023-04-04,0.0,0.030833183883190132,0.0,0.019061768316251355,4.1514126120918643e-10,0.09272623331537713,1.5330273716951603e-08,0.22805892671692943,0.0,0.0,1.6004796099533536e-10,0.0,0.013140370525729939,0.04911682032889418,1.2089683421034891e-11,0.325529610247778,0.04573998613884538,4.1587747134919084e-11,0.0034305283738814106,0.07733135073668572,0.0,0.04245049230401518
2023-04-05,0.0,0.026029921960479475,0.0,0.01628620119197155,1.0551317171327952e-10,0.0,5.086911516598795e-09,0.1595511178517151,0.0,0.0,1.66453406613698e-10,0.0,0.07583886737581826,0.0639692188807396,2.9700528494935874e-09,0.16469766706733932,0.038701085967681494,1.0551233498024004e-11,0.0020857636811862784,0.07533159661018965,1.27675647831893e-15,0.24063528220301067
2023-04-06,0.0,0.07417463439285527,0.0,0.01908078967888611,1.8372949092919284e-10,0.39999999999999997,2.3703359978398272e-09,0.41373240598950356,0.0,0.0,4.774061701517951e-11,0.0,0.0673452568579267,0.10083628075389754,2.9760144001911293e-09,0.12700503354967707,0.04031106050604242,1.843323757522164e-11,0.0032844410808118667,0.13737644349863595,0.0,0.12208811785055655
2023-04-10,0.0,0.0039198167701702275,0.0,0.011703087874767005,8.53822359903112e-11,0.0,2.098647049337926e-09,0.25590947379331663,0.0,0.0,2.361139062045936e-11,0.0,0.038898643985927205,0.10436247078022667,8.7905863144222e-12,0.10256455375322242,0.03447526170339061,9.010504148365683e-12,0.001182344445130136,0.06705129567682595,0.0,0.007537316364963409
2023-04-11,0.0,0.04029910248933093,0.0,0.01928201557413165,3.589465761206706e-10,0.3463081226418839,3.3891066635447288e-09,0.1999999937697842,0.0,0.0,2.5984901730335963e-11,0.0,0.055944849542326536,0.12058364592423061,7.55039780697686e-12,0.17880059961155745,0.047894597755642934,3.606553944379698e-11,0.0005715557215242237,0.04305272291897386,0.0,0.02672402939354053
2023-04-12,0.0,0.016654297360744558,0.0,0.015792985978530925,1.4365307733464106e-09,0.05819058014300721,9.861296422019722e-09,1.6770420953666474e-07,0.0,0.0,2.38593797496911e-11,0.0,0.04991755366719776,0.10943850543252745,4.673463005477885e-12,0.1850874274241293,0.03246593939987885,1.4464930642166252e-10,0.000910926344955567,0.11402492383115173,0.0,0.07140873508396953
2023-04-13,0.0,0.015685486269098617,0.0,0.01025389114100051,1.6690455693596336e-09,0.1118824575011233,2.7375453324879517e-09,1.32796301673603e-07,0.0,0.0,3.906008849696718e-11,0.0,0.05695725314273849,0.07333531166980245,4.803858699720109e-12,0.33644984856549376,0.030596835831606998,1.6821382828324793e-10,0.0012075822172613881,0.09182252164143109,0.0,0.0885315399672232
2023-04-14,0.0,0.015681728452267164,0.0,0.011624441179358961,2.293308693277316e-09,2.0,6.516604645959102e-09,0.1999999487767796,0.0,0.0,3.860745750872141e-11,0.0,0.007561862741141449,0.07736545542697852,6.489649095886563e-12,0.44765065395822023,0.04452792957758113,2.3087128389609468e-10,0.0023302862493319726,0.017462542434749595,0.0,0.0505846890544759
2023-04-17,0.0,0.007287382260637099,0.0,0.008399001646505639,1.0444475266693598e-09,0.20131386323293377,3.2570403662352644e-09,0.19620161731891353,0.0,0.0,2.744309640645426e-11,0.0,0.05149753928074946,0.2987995019457238,7.208428298710601e-12,0.10496571227250162,0.08586271553861034,1.0584233142707511e-10,0.0009552342069666722,0.09983787192710356,0.0,0.13399343470956432
2023-04-18,0.0,0.020292558049273254,0.0,0.022391875242365335,7.312542691607632e-11,2.0,1.8407845092145944e-09,0.6000000021493631,0.0,0.0,2.5266087833042405e-11,0.0,0.059124609299803906,0.006108027119893316,4.68323990698849e-12,0.12777828744693964,0.03217592977874347,7.312470073905786e-12,0.0020134736362962535,0.0023664345132582507,0.0,0.28570123609264353
2023-04-19,0.0,0.03191319360194657,0.0,0.025371164104132784,2.06051100880645e-10,0.3964925492110203,2.5933343907090556e-09,0.03572492436897213,0.0,0.0,3.6444458562101545e-11,0.0,0.007276217413323996,0.1354696465173235,9.956556412671347e-12,0.21380086407762777,0.05553379092211588,2.0835236314020733e-11,0.000753300441967801,0.1344605290955273,1.1726730697603216e-15,0.3801518788680306
2023-04-20,0.0,0.026275161447455012,0.0,0.0394454906364506,3.7260826745688337e-10,0.3668313143155836,1.0533598347160054e-08,0.19455443844376846,0.0,0.0,3.530889469693932e-11,0.0,0.005110494225237583,0.10722369149931764,2.0132243094828084e-11,0.1591659531712548,0.052671278254023776,3.726077779653281e-11,0.0009927012476137372,0.008154927639356322,9.429956815409923e-15,0.05912661142690217
2023-04-21,0.0,0.06513800879969042,0.0,0.04050388997422119,2.8129283159458854e-10,0.4035252990521566,2.786476110166878e-09,0.22197557004205232,0.0,0.0,4.145159909763052e-11,0.0,0.020823844277460715,0.13807598946657873,1.4321467622924189e-11,0.3299407847685299,0.042324465601910055,2.912703411794837e-11,0.005645017273985788,0.032123158107092466,0.0,0.19105432978963266
2023-04-24,0.0,0.01944325943641721,0.0,0.034077597663952616,1.1580743792945035e-10,0.30397403942460915,3.90896233169547e-09,0.11390290277295333,0.0,0.0,6.270252372875262e-11,0.0,0.001722706652871725,0.0035374829695391814,1.481194333852187e-11,0.15318328719781013,0.02700831237218037,1.2340729133031303e-11,0.0026418560982396574,0.06404731291767017,0.0,0.10536975137321536
2023-04-25,0.0,0.007681691228796517,0.0,0.01334853494969041,2.3698641198791737e-10,0.377943162516215,6.445710748712256e-09,0.09838209109143568,0.0,0.0,4.0511351218075475e-11,0.0,0.06320933497466488,0.007056862984035403,1.475169986164815e-11,0.09742811665084788,0.04985767050837456,2.3991621189711765e-11,0.001592884808286489,0.07443792824849076,0.0,0.06837060107110698
2023-04-26,0.0,0.06558602080970075,0.0,0.038153578604749286,1.4956485191256234e-10,0.10090962043071892,2.8520986173253414e-09,0.05654498969490177,0.0,0.0,2.176835101064256e-11,0.0,0.00989226347197138,0.04520944276731601,1.911779762275856e-11,0.17534849759222262,0.060885111968062525,1.5738049752300753e-11,0.008759311534376691,0.010971819474733477,0.893506225280601,0.16333612479040835
2023-04-27,0.0,0.05326610154121346,0.0,0.03417714740889298,9.34282012527808e-10,0.18371917144918096,1.861967268067859e-08,0.2500456101574864,0.0,0.0,3.961857231171706e-11,0.0,0.04113833326822373,0.13615919941884452,1.5489332039209103e-11,0.2578373760677332,0.06474094155632933,9.496501848782479e-11,0.0036411198967082163,0.029892744783357624,1.2732870313669764e-15,0.12328492337872567
2023-04-28,0.0,0.044206236920933825,0.0,0.019600030242300365,6.131179236600472e-10,2.0,1.3785123789307775e-08,0.1172106747066953,0.0,0.0,3.303664980469634e-11,0.0,0.007552446414597425,0.15184247048381963,2.0700365033210488e-11,0.34692996180542723,0.05281367814855131,6.29884928937674e-11,0.005379369258690207,0.07023384829811369,0.0,0.12366223316864662
2023-05-01,0.0,0.025909748149391044,0.0,0.022154556199106053,6.329370616004519e-09,0.5314597515948312,1.3378591924487672e-08,0.14553481167184812,0.0,0.0,3.315531876824096e-11,0.0,0.05496532632328873,0.32116708645861486,2.4850579927182537e-11,0.2733109260775821,0.08269753170487124,6.343923303342436e-10,0.001630649548858748,0.0516635724444433,3.282096816548119e-15,0.13407476665198426
2023-05-02,0.0,0.07140178455358756,0.0,0.08698064922026391,0.0872060769186573,0.07557947005924939,4.3033954496760463e-08,6.82676668670015e-09,0.0,0.0,2.6845782541418117e-11,0.0,0.11594983973259836,0.11314116681345308,2.1706941799592983e-11,0.2467039112062663,0.03910608118243414,0.008720607691865102,0.008864760331191993,0.010646984520992041,0.0,0.14673602829057597
2023-05-03,0.0,0.048261524109127464,0.0,0.046738955409513165,0.20223282944174456,0.16588894131189558,1.222323269161476e-06,7.781341315905918e-10,0.0,0.0,5.787564177905935e-11,0.0,0.09338897712286227,0.07472214014540411,2.079982019953519e-11,0.2498146297052428,0.047296675909249956,0.020223282944174952,0.007097424798796381,0.05299014081404015,0.7967946304092045,0.10187100011814289
2023-05-04,0.0,0.037335177337809465,0.0,0.01994633860063484,0.2405934178804436,0.18985198958874283,1.232268915566482e-06,1.6779210801905164e-09,0.0,0.0,5.915114231758167e-11,0.0,0.09577188490076535,0.09581438670351601,7.509520782988943e-12,0.21087948430948555,0.04891060160677468,0.02405934178804452,0.0019281635500326376,0.18100069262945895,5.016820292524926e-15,0.0761057083080879
2023-05-05,0.0,0.011121203619079638,0.0,0.024889709050482343,0.04884549630827953,0.29984723503970806,1.3322557923920317e-08,2.6330570569167503e-08,0.0,0.0,5.496728072706958e-11,0.0,0.04803478589820425,0.22750172761408935,1.4069287401774488e-11,0.3494311706341966,0.05197245401359814,0.004884549630828329,0.0017496765111139415,0.017884544883042117,1.934737092756933e-14,0.029163941874630502
2023-05-08,0.0,0.09623268290246632,0.0,0.031640896039674904,4.2984281619084304e-10,0.11091329394635291,9.565467819665134e-09,2.5868280678419767e-08,0.0,0.0,4.236608980301426e-11,0.0,0.04501880465993693,0.08254467476759468,1.386935705172121e-11,0.08269191247261236,0.016025240739512423,4.29845256610939e-11,0.007154863881397314,0.1402498044528279,0.0,0.06868490370894026
2023-05-09,0.0,0.060377475551906055,0.0,0.037136385074911585,1.501045502128642e-07,0.3770529791162155,3.059789815675348e-09,0.14626667827971088,0.0,0.0,1.462188009559995e-11,0.0,0.06095104321327403,0.08567722255913711,7.675471369594788e-12,0.3587019857888898,0.04665482197753075,1.5010453529445966e-08,0.007259149730150495,0.05617602384417576,0.0,0.09824262682325871
2023-05-10,0.0,0.011993334090749125,0.0,0.008046102271833798,0.22795649797816805,0.2024477233175631,1.064215349172255e-06,0.17973689984943064,0.0,0.0,1.8846570137842633e-11,0.0,0.05465169651829673,0.18448088440192054,1.2357337375590305e-11,0.2301855839933517,0.05973145259455032,0.022795649797816862,0.0010300479033267668,0.032559739554222915,0.0,0.01755356110707257
2023-05-11,0.0,0.014083506833988874,2.0,0.0519179473227324,0.9857345998277117,0.4759699654807654,1.9999989100878026,1.3570508939099344e-07,0.0,0.0,3.5579997281764975e-11,0.7178336022814009,0.07097718276202002,0.36477045502218874,2.5847837759052084e-11,0.507503349342966,0.10960920723092704,0.09857345998342334,0.007908182527868648,0.037742682541470986,0.0,0.12268552182104892
2023-05-12,0.0,0.01794138936928456,0.0,0.020970444160717538,0.13045932563497986,0.2226332107989894,3.3593544313882933e-09,0.1389462269876285,0.0,0.0,3.581229063298608e-11,4.440892098500626e-16,0.11066429428008463,0.042453146361090655,2.4442524393375464e-11,0.13666312189959928,0.051860622140118245,0.013045932563890871,0.002173269290140202,0.039255868688347004,0.0,0.21029799081395717
2023-05-15,0.0,0.007503622724283566,0.0,0.015778351749681604,0.43109794316470573,0.1920817297324052,2.1817020274594857e-09,0.13894611925902442,0.0,0.0,3.846215013147969e-11,3.885780586188048e-16,0.010408830666201262,0.13863013681184008,1.7456210088528934e-11,0.23033421337978688,0.05276996828426883,0.043109794316966266,0.0025497525354180005,0.060916162861481875,0.0,0.26671941104975094
2023-05-16,0.0,0.02336771533983356,0.0,0.016472508926016743,0.22475148672564088,0.20184764193227703,6.9895120605296726e-09,1.5968198807037739e-06,0.0,0.0,3.437540530004668e-11,0.0,0.08105924734896452,0.2940065082077687,1.623101653080994e-11,0.30490800628388126,0.05877657676401254,0.022475148672564532,5.6378246077501415e-05,0.15052459308696048,1.8301332671555315e-14,0.050814404022875646
2023-05-17,0.0,0.029350614876641628,0.0,0.022482021435197164,9.23377169654482e-09,0.2717345063971498,2.0683360262051946e-09,1.6139510693312792e-06,0.0,0.0,3.755100397295763e-11,0.0,0.10374149137959879,0.1477608412897683,1.0349193724223937e-11,0.21555507417033035,0.035916682257740536,9.233775410955047e-10,0.004782384234187337,0.050560131735110106,3.648123469979225e-15,0.1371098712352975
2023-05-18,0.0,0.028763725858088077,0.0,0.023130720008989858,2.7746677473272045e-09,0.2938245708027387,3.328468884536551e-09,0.15644390714955983,0.0,0.0,7.413924335564204e-11,2.7755575615628914e-16,0.1220184753478318,0.29684267437748146,2.1138507610984902e-11,0.1354121959037447,0.06211859639416412,2.7746692096708436e-10,0.003160067936369519,0.0285931379610546,0.0,0.012948746097142094
2023-05-19,0.0,0.05916994563647525,0.0,0.09737166431384797,1.0957132922110069e-08,0.3345043389920157,6.395307474936864e-09,0.10805446718945717,0.0,0.0,7.015345943051088e-11,4.996003610813204e-16,0.24336110197690192,0.2705685801871897,1.9342465129579267e-11,0.19518786296674584,0.04609972460212684,1.0957136517553145e-09,0.005462760411137576,0.14587567923881223,0.0,0.24946308548983265
2023-05-22,0.0,0.2380788253626973,0.0,0.08746944527205973,3.3396028860528486e-09,0.4552916603368511,7.298821734349489e-09,0.2644981651475316,0.0,0.0,3.046161239916856e-11,1.3301933918969437,0.10429798899909246,0.18494976619569395,1.6750607845228416e-11,0.3819879121282921,0.08160842321222506,3.339603142638037e-10,0.023917906612185465,0.06746058257461843,0.8205735113881638,0.06649037546672484
2023-05-23,0.0,0.05453227757236554,0.0,0.0560436719115609,5.123043633810284e-09,0.2567059999773332,6.661325571414034e-09,0.1899112743249039,0.0,0.0,1.8735027418337324e-11,2.220446049250313e-16,0.010430514368205255,0.10663714929715214,2.404972054836918e-11,0.43419282994815617,0.06063035264043967,5.123044280463951e-10,0.006676485370111528,0.022752561185811003,0.27682577040239353,0.049889986487971855
2023-05-24,0.0,0.047500683259885414,0.0,0.02112914797178919,1.405279115064361e-08,0.2567059999773331,1.3394856523932495e-08,0.5999998457203928,0.0,0.0,2.025779544112538e-11,0.44983349245260495,0.01306974142051915,0.4435068761570202,1.2690890005551125e-11,0.23266004112175087,0.07024764889897687,1.4052793581575962e-09,0.002214142507284439,0.1371367086408028,0.0,0.011068230767785792
2023-05-25,0.0,0.07692141905952356,0.0,0.03617776584244272,1.8526241772429179e-09,0.3916143680356491,3.0641225546912766e-09,0.7004558803210459,0.0,0.0,2.0536294886852602e-11,0.7342725067081346,0.039673989514236715,0.29522793785697293,1.035832530860148e-11,0.14940285219884536,0.049470819119169424,1.8526237488547537e-10,0.008328124228992394,0.031713504638057,0.0,0.040143398321241565
2023-05-26,0.0,0.057123801776905125,0.0,0.03634544862014519,3.415184816680981e-09,0.2249477013689824,3.846101358816619e-09,0.20000113678874673,0.0,0.0,7.85132514558029e-11,1.7486012637846216e-14,0.09985314199935205,0.25423384578291064,4.863776048580348e-11,0.11298187431972277,0.07184690205865639,3.418947139288697e-10,0.0026676644767742452,0.13424569661008703,0.0,0.055829908894742306
2023-05-30,0.0,0.007442936229122661,0.0,0.019533981045420513,7.462335122460762e-10,0.0,2.091145618952767e-09,0.1655126463646791,0.0,0.0,9.09417957606351e-11,1.2878587085651816e-14,0.13338229067592053,0.05697436370914934,2.870587795245072e-11,0.04432222630269148,0.026692914485232897,7.499950660516674e-11,0.0017782637073987008,0.055323711647330256,0.0,0.008829524192043026
2023-05-31,0.0,0.026039954984765485,0.0,0.025599364953634948,2.3787316200098876e-09,1.9999999999999998,9.699521721814137e-10,0.16551316763227075,0.0,0.0,5.742085279480946e-11,0.6477979967332216,0.006059946645339101,0.15666137776301473,9.790501742656943e-12,0.16924986299291483,0.03303728776511716,2.3787322805945976e-10,0.004218046506531237,0.11523844025242502,7.271960811294775e-15,0.08671269151551794
2023-06-01,0.0,0.029338664073182252,0.0,0.023410326835907998,8.423108244936936e-09,0.2671524455390576,2.3380220856065416e-09,1.1792388921213168e-07,0.0,0.0,4.0770865850081606e-11,1.6653345369377348e-16,0.0028083534344680713,0.15106663691743893,2.0529945798930527e-11,0.26855379184723194,0.043750236825955496,8.423108772970256e-10,0.0024456164431377048,0.022735259377647837,0.0,0.028316114373251558
2023-06-02,0.0,0.02750785916418115,0.0,0.020842535784547835,7.93555848752357e-09,0.18526968009094455,1.6648542393537759e-09,4.695366523990538e-08,0.0,0.0,2.3686823336088736e-11,4.996003610813204e-16,0.11048011735940544,0.15145211906248726,1.1736264737827184e-11,0.11473924292668486,0.05097436033816011,7.93555710726368e-10,0.0023630525811275775,0.004702147458398082,0.0,0.025596932607275996
2023-06-05,0.0,0.0535898525119918,0.0,0.06528738616660831,2.6351835370043775e-09,2.0,2.7826974949131266e-09,0.5999999987874141,0.0,0.0,5.868548008658436e-11,4.440892098500626e-16,0.06697573055616962,0.27622974833404773,5.159141169830406e-11,0.32977247400722226,0.0903785479176477,2.635184813415403e-10,0.007854605561609596,0.00939757232266161,0.0,0.01930840678471657
2023-06-06,0.0,0.011025863927350698,0.0,0.033390775983351995,5.351023505531108e-08,0.27791404262349767,6.817532486096579e-09,0.03081836491103909,0.0,0.0,6.257101087259187e-11,1.1102230246251565e-16,0.03692252560931697,0.3986727858031063,2.368020363130441e-11,0.2996822625758738,0.053342689848070446,5.351023488892048e-09,0.0035439655771213503,0.0049013330122278705,0.0,0.07698529650628509
2023-06-07,0.0,0.034744295811921226,0.0,0.02874662602785455,2.31143360941168e-08,0.22979479358735744,3.783929629407524e-09,0.16429964663187674,0.0,0.0,3.3173089275528866e-11,3.3306690738754696e-16,0.11575399299651555,0.21687510376696362,1.8019571945693258e-11,0.19180945931537086,0.04331416394803249,2.3114340927388177e-09,0.0025031215513556283,0.029205768706202125,6.626643678231403e-15,0.014425482002055408
2023-06-08,0.0,0.006115251010849879,0.0,0.02164537840843522,5.2947374659476034e-08,0.11675865306889695,6.3988259450899716e-09,0.43569986176707876,0.0,0.0,5.5723904657245527e-11,2.220446049250313e-16,0.09931540610775122,0.23274532816932697,1.465019078272789e-11,0.18663430896551617,0.04808968258028942,5.2947386752766334e-09,0.0014922619781204925,0.0022220408708201,8.98586760555986e-15,0.022157093746846556
2023-06-09,0.0,0.025561697166827383,0.0,0.021786137063834393,2.348189918540609e-09,0.026982345593513597,2.1227268365114536e-09,3.958192495617401e-07,0.0,0.0,1.0452992638132486e-10,1.6653345369377348e-16,0.044223811982288364,0.07743348226479693,6.1338642498576235e-12,0.08712550149148239,0.027964248006895273,2.3481875818798237e-10,0.0018247458861706117,0.0030878240021090554,0.0,0.011636611482278025
2023-06-12,0.0,0.018152370607836928,0.0,0.007210187946004649,4.92318771837329e-09,0.2680952482582901,3.8855890616180095e-09,8.401915643840092e-08,0.0,0.0,7.240089777704739e-11,4.440892098500626e-16,0.0,0.044862857272186245,7.575724769726122e-12,0.18909428156765792,0.027155168448553247,4.923187066352419e-10,0.002187515002281183,0.002871206429636482,0.0,0.034755234438328404
2023-06-13,0.0,0.021796893706478682,0.0,0.03530497895472852,9.80820768920771e-09,0.28478699545388564,1.4132706181321704e-09,5.546211907281512e-07,0.0,0.0,1.7931787998914928e-11,7.771561172376096e-16,0.08392203530520573,0.22797328940122344,1.1719299142232131e-11,0.6041528166735769,0.056773248679910765,9.808209730510775e-10,0.005018539142075326,0.0071222386476787174,0.0,0.028201293034090632
2023-06-14,0.0,0.020501418241377817,0.0,0.02629300183335945,1.2920900784712075e-09,0.3887656416556665,5.0410749395218635e-09,0.5575742955242906,0.0,0.0,2.5790251878543557e-11,5.551115123125783e-16,0.13509601345635025,0.25259616887128616,1.4889693644715152e-11,0.12656546523506373,0.06931089379060966,1.2920907399571746e-10,0.009128905005312403,0.044297248873500464,0.0,0.03732653165124538
2023-06-15,0.0,0.07666445534863557,0.0,0.10869168251657606,1.523627140285424e-09,0.45268319882075253,2.5287036373090548e-09,0.4424251532119458,0.0,0.0,1.995755644079722e-11,1.3788715277537928,0.212101265472983,0.1927548192476835,1.7571118171577638e-11,0.2909075212559447,0.0989201129588852,1.5272240763697376e-10,0.012609838886493759,0.034570555517086154,0.4007910556472821,0.07777537260572868
2023-06-16,0.0,0.060523477606539394,0.0,0.03653118889738097,2.0188026657148403e-09,0.1333333333333335,1.2310587640324632e-08,5.018970265677193e-06,0.0,0.0,3.745117410636212e-11,5.551115123125783e-17,0.1089070406423821,0.24693489395457655,2.0482171514402125e-11,0.17179800534219278,0.051319444508516575,2.0224003374758048e-10,0.0031850880649837016,0.007718910706160247,0.0,0.11171677298174401
2023-06-20,0.0,0.006834583077700873,0.0,0.023793248970767088,6.26723039544595e-09,0.13333333333333341,1.409615950974505e-08,0.3308454213494107,0.0,0.0,3.504040113622153e-11,1.2821663977186,0.08263628828261846,0.353010424662432,1.792208048634336e-11,0.3620125139752912,0.052560097473063845,6.267231143775032e-10,0.0027967972182241715,0.025172773849956254,0.0,0.1469599587353465
2023-06-21,0.0,0.028839018194138966,0.0,0.06499917610441311,1.648076835039134e-07,0.22060481201136856,2.260851222432782e-08,0.1682056189235876,0.0,0.0,1.4521904512232453e-11,1.1102230246251565e-15,0.1426816109120765,0.33713638580930844,1.4792375657712853e-11,0.31641478297775166,0.11334189345164347,1.648077076893406e-08,0.010215364509583165,0.05677981961869721,0.0,0.09966727662890042
2023-06-22,0.0,0.02808115517702495,0.0,0.051160450677367374,1.6395362149870284e-07,0.015358749791510445,7.829868935035141e-09,0.2995818591727571,0.0,0.0,2.3673257798506597e-11,4.440892098500626e-16,0.04902303472479849,0.2551824641839811,9.750047991197164e-12,0.16842768157668553,0.08196948165739329,1.6395364618032593e-08,0.0014609661885680372,0.02536128318999859,8.430756093247282e-16,0.10289830237560624
2023-06-23,0.0,0.1096315023974685,0.0,0.09292474535363351,0.03382782908987512,0.24351176768146807,1.8717484387520757e-08,0.06221630340933594,0.0,0.0,2.4440144352766424e-11,6.106226635438361e-16,0.039045253981749406,0.1353540467703372,8.95825080782231e-12,0.14595792638063312,0.05161264863914335,0.003382782908987341,0.012087197700531061,0.15517951420670947,0.0,0.17636359124776008
2023-06-26,0.0,0.015416946179100558,0.0,0.030382373808337877,0.09393646771610663,0.19954571653553327,9.082122094483699e-09,0.1467038470896424,0.0,0.0,2.5809548942490323e-11,3.885780586188048e-16,0.07033673233273315,0.13628389370473526,1.0974575415101384e-11,0.12514018052326265,0.05075679329631547,0.009393646771610569,0.002079199002942695,0.12400970924150277,0.0,0.18663170207882784
2023-06-27,0.0,0.050418321519334064,0.0,0.041249527311976675,0.12776379818788794,0.2587568466634738,1.2011257267670233e-08,0.600000003362229,0.0,0.0,5.386020102138289e-11,1.282166397718599,0.08849029632469121,0.5707468772075666,1.4866684272529795e-11,0.3568515775194314,0.08428815277404818,0.012776379818788802,0.004399458624665894,0.007845252114714164,0.0,0.11743370024637338
2023-06-28,0.0,0.05362544266910156,0.0,0.05144257783890853,1.6360502901264455e-07,0.3981474944887059,8.21083960601596e-09,0.14188675655531924,0.0,0.0,5.345296427705648e-11,6.106226635438361e-16,0.008351733690420533,0.16937549866095497,2.7657889867249708e-11,0.2610060606568505,0.030364683012771503,1.636050572448311e-08,0.009798828536687742,0.050761894158994285,0.0,0.04050128941826915
2023-06-29,0.0,0.004094545846804486,0.0,0.010183807013906348,1.696504021736e-07,0.2424279646234459,5.173831278977181e-09,9.69272272438656e-07,0.0,0.0,2.7741066388475843e-11,7.771561172376096e-16,0.08125882133324008,0.19218603817830032,7.028301551859073e-12,0.1742509423124489,0.0539138450910744,1.6965043404815194e-08,0.0012405536453345238,0.002162012063852709,6.482661629725328e-15,0.07565431590809596
2023-06-30,0.0,0.05152901357082736,0.0,0.03675179408561438,2.7624805473813073e-08,0.4156781292150336,1.8512080110507617e-08,0.1999994081850504,0.0,0.0,9.379673426845869e-11,1.6653345369377348e-16,0.1106783834163259,0.24098958615615715,8.232990678092023e-12,0.48275874139386643,0.06179958136971171,2.7624808829340708e-09,0.008812391724272221,0.05034076494343006,2.0310142456736457e-14,0.04367615580499554
2023-07-03,0.0,0.03979494016190002,0.0,0.019355814277577765,1.6678273298683279e-06,0.038615442398958685,1.1763389691311858e-08,0.1999994010990527,0.0,0.0,9.575829712504813e-11,5.551115123125783e-17,0.08030605696617452,0.21362568126818182,8.634030990162245e-12,0.11869035372949005,0.04474195678109179,1.6678273291256818e-07,0.002132261021705363,0.010126116586802302,0.0,0.014570470049008308
2023-07-05,0.0,0.01237928913160242,0.0,0.031013431009660516,1.176105079938353e-06,0.0863845576010413,9.46615192875488e-09,0.07768139016954487,0.0,0.0,7.436831706009173e-11,0.08639086741674834,0.14890906463133893,0.18217769488227653,5.7212082293922606e-12,0.10885553526634177,0.05259734181712364,1.1761050184785904e-07,0.0021374556460001526,0.04412252022131945,0.0,0.042933648317394615
2023-07-06,0.0,0.038581317920849525,0.0,0.03035249811075049,4.966998500623686e-07,0.20033038579306295,8.390400256723008e-09,0.0776813706750902,0.0,0.0,6.427953308518752e-11,4.933553565678039e-15,0.060976685425717124,0.11114189352188157,2.849991076470104e-12,0.0880527227465672,0.026381492620323937,4.9669991331741103e-08,0.0037730648440033286,0.07677542276737909,0.0,0.041620415665658037
2023-07-07,0.0,0.043888264435795556,0.0,0.02726396146025183,2.6697445674116254e-07,0.08652194348183895,1.2924926811017281e-08,0.15867561597679364,0.0,0.0,4.676340564779835e-11,0.2077263818412073,0.09415361217118837,0.21762893161983274,7.68339558643305e-12,0.15754368734973198,0.06998406184409452,2.669744924091444e-08,0.003645400101601238,0.014317445601322388,5.755118603900655e-14,0.06513500196464019
2023-07-10,0.0,0.036090650841842625,0.0,0.023251540116846065,0.06474489615417196,0.14045059514828073,8.46357081690849e-09,0.07195475730284041,0.0,0.0,3.2874182542830255e-11,1.3344697348685153,0.10722290813536044,0.19425185441134546,9.747855300723529e-12,0.22129365346590546,0.05278367237553639,0.006474489615417051,0.0034609108587541036,0.005147160694549204,0.0,0.11077074890086006
2023-07-11,0.0,0.004692654219733633,0.0,0.01963288224190289,0.06474499246378544,0.10923744230594709,3.5998848874306697e-09,0.3403522261830964,0.0,0.0,1.7609580460486995e-11,0.5731686304207895,0.058423554210339,0.10063904810108079,7.418850256346587e-12,0.1548553882200212,0.04434220639435372,0.006474499246380775,0.0028191350353070285,0.0243029797266087,0.0,0.0026556581430304447
2023-07-12,0.0,0.0019904570824467458,0.0,0.015449116004278106,1.1817731821112328e-07,0.10923744230594709,5.788562488367255e-09,0.02901740196841758,0.0,0.0,1.8626905573526642e-11,7.951972413877684e-14,0.054160571725320406,0.08301046881474128,1.1427109258832502e-11,0.1597659763855393,0.04579441648785846,1.1817732927660307e-08,0.00241760730251607,0.0030823284157545042,3.0564092923235364e-14,0.06949026658002877
2023-07-13,0.0,0.0012020328720159154,0.0,0.009148539920418279,0.07621179979627898,0.03797761062536564,9.111907132782227e-09,9.781038597229257e-09,0.0,0.0,3.016200483818565e-11,0.6297173133095708,0.08140620720174355,0.07436561159018928,1.3927317632500547e-11,0.25633601266077105,0.05181083214336789,0.007621179979629689,0.00096855244126616,0.0018329365320580923,0.0,0.06731048120145436
2023-07-14,0.0,0.025183889905606917,2.0,0.03259792757914451,1.5099506507400657,0.10587040771965357,1.9999999396068875,0.5265115028103673,0.0,0.0,5.27390769944347e-11,1.574298959603964,0.14994573684763587,0.5182498365515492,1.3617384997388626e-11,0.3664684408514238,0.09616793418408988,0.15099506507491178,0.0022762633983165158,0.07384578112494555,4.025772770699376e-14,0.046277800578603444
2023-07-17,0.0,0.004177534742320863,0.0,0.04819741974808248,0.03948335233622421,0.0,9.201878384540485e-09,0.07802190897112166,0.0,0.0,4.902279276963739e-11,0.05285344709206022,0.1200661704511763,0.0863787831277235,1.465818438850519e-11,0.12087168414111496,0.04747389749766974,0.0039483352345281095,0.0016028970914709825,0.0062151258882983725,0.0,0.02194793315990731
2023-07-18,0.0,0.04002245808173163,0.0,0.04081286209944611,0.4533209131290301,0.12499999999999999,3.8465217766396647e-07,0.25058042981605394,0.0,0.0,3.4934027892674635e-11,1.093227332898278,0.3352822888966144,0.47312645667518666,6.913996458690619e-11,0.258562831175314,0.07915711711106177,0.045332091312903305,0.0027591348116595728,0.0609022458804075,0.09694069607319362,0.0713201847160773
2023-07-19,0.0,0.04178965847886146,0.0,0.04510502489203334,2.8999809650799534e-08,0.0,2.2974977491447093e-07,0.4964218350511032,0.0,0.0,3.6419880999893905e-11,1.093227332898278,0.22357146229307184,0.47523453245351815,2.3021612394202862e-11,0.41762414436064027,0.05755093793175667,2.8999813522778695e-09,0.006573323224432402,0.00828570332768105,2.1928292515127623e-13,0.020795232439035687
2023-07-20,0.0,0.05098392863905726,0.0,0.03318325812313447,9.807786808666666e-09,0.11764705882352942,6.44476840694796e-08,0.2726823295754464,0.0,0.0,2.8528721052190065e-11,0.0601682604476719,0.08131294478578774,0.22357187551451355,4.630989342002678e-11,0.24823624191623808,0.06121238538061318,9.819244445319342e-10,0.004397335670802714,0.07343199668220204,3.11001224773122e-13,0.060179951250428985
2023-07-21,0.0,0.1631037215289975,0.0,0.04785791333422401,2.9856863611727896e-08,0.18526672752378204,2.657564642082878e-07,0.2096603154051361,0.0,0.0,1.730081355955093e-11,1.0932273328983015,0.13141781391344828,0.2660195836994817,2.1766123625699407e-11,0.252281705827688,0.051501024394348054,2.9856867568567313e-09,0.014694289792049016,0.10269931067011678,3.0235536296885357e-13,0.11310039071547578
2023-07-24,0.0,0.047495569385501535,0.0,0.037740502232115315,0.029101036510519568,0.12187328811729521,1.0566803444994885e-07,0.05149556475210196,0.0,0.0,1.2989236075622301e-10,1.0932273328983015,0.0673261180072788,0.09834847599506678,2.8751619141065277e-11,0.15864964529989445,0.05695839802810869,0.0029101036510555296,0.0011388909821512215,0.12975459260310385,0.0,0.06235772402709379
2023-07-25,0.0,0.013420086083864073,0.0,0.014582160289006026,0.32614388080882145,0.06335268836887632,1.0639942324230373e-07,0.09083466785769019,0.0,0.0,1.2791033510151095e-10,1.093227332898289,0.013844310345930588,0.0983371214493929,1.8927408251823152e-11,0.07774780820428814,0.036229814831314246,0.03261438808347011,0.0009892533358907482,0.1501700289733922,0.0,0.10415471268305895
2023-07-26,0.0,0.018592254464575735,0.0,0.06224238125239497,0.355244771775582,0.0264332587572079,1.2991239033312426e-07,0.26659836900331685,0.0,0.0,1.2173011210148132e-10,1.093227332898289,0.08056830769387058,0.1973238563756095,3.048057625743006e-09,0.14744704859096075,0.06089509515576939,0.03552447718014899,0.002655778231213334,0.153572237160818,2.4337476478564213e-13,0.02902739623830484
2023-07-27,0.0,0.014553528429478126,2.0,0.028588590504333034,1.1492695908501924,0.07779559052658505,1.9999998646315047,0.3999992669253729,0.0,0.0,1.5125667385262886e-10,1.2360580725414336,0.16464080784273685,0.6451008379920156,5.045983977880475e-10,0.4826409199847239,0.10011273614045192,0.11492695908501907,0.0015033284721918463,0.012788857538254454,0.0,0.07542007935255235
2023-07-28,0.0,0.018811852735154923,0.0,0.08374907369620835,0.09781126540759513,0.14879152515766936,5.8896623049864165e-08,0.19999989100247856,0.0,0.0,6.566015786635404e-11,1.290967793831369,0.48495299909050116,0.09265477254078683,3.0603723374933445e-09,0.21719362059428302,0.061296365784865976,0.009781126540759518,0.004951166844992614,0.14955381171299945,5.731526364627371e-15,0.0712781354928363
2023-07-31,0.0,0.027138351702187005,0.0,0.041440821260656104,0.5851354524633303,0.23445385315403605,1.7596294592666253e-07,1.4328385601009045e-07,0.0,0.0,1.9997982436681383e-11,2.7033930649622562e-14,0.09927905360002297,0.1875712075639286,3.2634405941478484e-09,0.2747545510600994,0.05424364326969443,0.05851354524633287,0.005759140351345889,0.07451139868847349,0.0,0.06468048719208164
2023-08-01,0.0,0.07494365984800822,0.0,0.06392643068779758,0.45579217528440263,0.1050933007193329,4.863796980982307e-08,1.834016482576075e-08,0.0,0.0,1.1648147724141467e-11,0.9939303916455831,0.3675721476964611,0.12869997567463948,5.851796130995623e-10,0.20746335381484599,0.05213813624544513,0.04557921752844129,0.004308472914265331,0.03904509410559007,0.0,0.06339237008945797
2023-08-02,0.0,0.04956955123730013,0.0,0.16909600765517563,0.719784314759111,0.11477161781055092,9.067130237874394e-06,1.1499740621612772e-07,0.0,0.0,2.0611685969118554e-11,0.49825944589367444,0.20442631782123694,0.20296759861833183,3.536674744730739e-09,0.2720394419016999,0.06743763517688822,0.07197843147591149,0.003934368434282947,0.15056724659858062,4.263256414560601e-14,0.0989118382328916
2023-08-03,0.0,0.0027035031297176753,2.0,0.025130669939116352,0.8505052074561191,0.0020588462473115215,1.9999908958244492,0.1999997251969286,0.0,0.0,2.1155042995157913e-11,0.9401432491114845,0.05902577251591071,0.47569161338006893,6.72054772943298e-12,0.39939333215281664,0.07216258944136791,0.0850505207456118,0.0022883147301987414,0.0056634473504793715,0.0,0.003235133852482258
2023-08-04,0.0,0.03607566865640717,0.0,0.026353462876239256,6.244590114511167e-08,0.06181088601815626,3.994782044605724e-09,1.5748561274754147e-07,0.0,0.0,1.0245287951349269e-10,0.07913293222926965,0.03902087218172409,0.08895820212134467,5.379210965550385e-12,0.12586940468781047,0.0646131011564408,6.244590518289517e-09,0.00364094308916698,0.12338233330760215,3.9544756358367295e-14,0.029111766914570368
2023-08-07,0.0,0.049750815051600325,0.0,0.0502237688651722,1.112494623230392e-09,0.3764039173768965,6.950286683579788e-09,4.7826793396014544e-08,0.0,0.0,1.058592727365415e-10,1.1102230246251565e-16,0.2576444629723337,0.03422977759409147,7.296462045669472e-12,0.14145188738179731,0.05594173802215454,1.1124942286833139e-10,0.0047502946824121255,0.1275767702188783,9.353628982466944e-15,0.0781240060517078
2023-08-08,0.0,0.08069448546127676,0.0,0.03910371431469725,4.656002910534011e-09,0.26033305668510576,4.1349096061239345e-09,0.19999995308179053,0.0,0.0,2.1507906566853308e-11,3.885780586188048e-16,0.19695516234306648,0.07544965720283892,2.712165908524966e-11,0.16916109627603373,0.04387353198545928,4.656005130054819e-10,0.004224847486961947,0.00958030094153694,1.8811341373492496e-14,0.05636408974314276
2023-08-09,0.0,0.011183447563366629,0.0,0.01395005463683043,8.235887675379519e-09,0.26033305668510565,3.747713099258257e-09,1.625964517922019e-09,0.0,0.0,2.320163505764583e-11,5.551115123125783e-16,0.11666930239792347,0.19960212078889647,7.351119712950549e-12,0.2559714348758154,0.04918172600717577,8.235888013241599e-10,0.0011339975923890244,0.002553331333274799,1.7215395775593834e-14,0.05442146371045017
2023-08-10,0.0,0.014236607416411279,0.0,0.00533501814057104,8.208116623864674e-09,0.02133956439149734,2.5880865856284078e-09,2.761598966493737e-09,0.0,0.0,1.6332594998669236e-11,1.1102230246251565e-16,0.06214535856378878,0.03770452975127012,7.54773327171776e-12,0.11177791557918218,0.028136493644076638,8.208556265265621e-10,0.0008946195530467986,0.0013477852942947403,1.7590096046404824e-14,0.02114482342489661
2023-08-11,0.0,0.022389664993215104,0.0,0.014598013422703978,1.242324122611021e-08,0.03398608533837634,2.564228033002202e-09,1.5881411747213498e-09,0.0,0.0,1.383849285163663e-11,8.881784197001252e-16,0.11742141579029441,0.07728753333594542,1.001285859780765e-11,0.1840558407959425,0.05147370172435146,1.242368249942949e-09,0.0004465138893451001,0.002560378483448509,2.348121697082206e-14,0.03299924703878983
2023-08-14,0.0,0.02858994707584587,0.0,0.03335732382248529,1.440593117612498e-08,0.2559643596187547,2.693532987434822e-09,3.6123021028064736e-09,0.0,0.0,2.3347039579402207e-11,1.5543122344752192e-15,0.19684208370670034,0.08150265058194418,1.2195147669480377e-11,0.1785132667281406,0.03916516902499332,1.440817777587089e-09,0.004633965080446337,0.031073408495685358,0.0,0.017627142291421795
2023-08-15,0.0,0.01929792271155667,0.0,0.02232740623710673,1.1388783962866487e-07,0.20075384470895966,5.151161197655033e-09,0.19999986337626358,0.0,0.0,2.5252570867717594e-11,2.220446049250313e-16,0.29218889757970445,0.15574446302764214,1.210252037475712e-11,0.22447271739029215,0.055023493116683204,1.1389009183654375e-08,0.0005899657960770945,0.003191902399271,5.447031714567174e-14,0.041959365873258214
2023-08-16,0.0,0.040691330361183574,0.0,0.042463773952494316,1.0917571590868859e-07,0.2594688785602638,6.0861136866042944e-09,3.717613568373882e-08,0.0,0.0,3.54225190846158e-11,0.014372613814269297,0.17478735089875191,0.10692725832508322,1.2523808379238943e-11,0.2585767551714553,0.044877482481732636,1.0917572287189037e-08,0.005047792391964564,0.13059492795497485,0.0,0.06738502026287171
2023-08-17,0.0,0.024808227419846382,0.0,0.009387866298311311,1.2187906701614684e-07,0.30839569125798794,6.740000272775944e-09,0.15761703587996104,0.0,0.0,7.940036822473573e-11,2.220446049250313e-16,0.08251013695789801,0.08824572009509686,8.298098319592384e-12,0.19309232483409952,0.030997178547694723,1.2187907506150397e-08,0.001383764686815045,0.0025075805493131077,0.0,0.02067237520485118
2023-08-18,0.0,0.04862325836359755,0.0,0.03318234819046241,1.2351911473128274e-07,0.34898746787478135,5.601999300314446e-09,0.24238310994244747,0.0,0.0,6.572335037313692e-11,2.220446049250313e-16,0.14224443813185358,0.2053565570531693,1.0599042477021925e-11,0.2845670316124349,0.05708330021863544,1.2351912145880384e-08,0.0032299164981592354,0.025583009880120446,3.384098556935555e-14,0.04294299792587472
2023-08-21,0.0,0.00858010692002862,0.0,0.007720687820454625,1.3427746784377511e-08,0.2423334640209635,3.757549919254437e-09,0.032386778191150586,0.0,0.0,2.8972400867299797e-11,4.440892098500626e-16,0.07083349418077678,0.19375989032411253,9.797836153513373e-12,0.21428827478324064,0.03811577319750676,1.3427747559691117e-09,0.0009613170127730046,0.13108005977984014,0.0,0.026361896514757628
2023-08-22,0.0,0.03718484310433323,0.0,0.019606206110907923,7.729958428492182e-07,0.0695292930595593,8.472888103939047e-09,0.27194837854100157,0.0,0.0,2.704562962474455e-11,8.326672684688674e-16,0.09129200686440274,0.11455458422257976,6.943022545780053e-12,0.16849865007540063,0.04250452615879088,7.729958751215293e-08,0.0012723255798161165,0.011075523307551651,3.656797087359109e-15,0.026127930690232934
2023-08-23,0.0,0.012895938030434597,2.0,0.014485876603031822,0.7936748595290108,0.11163206369075185,0.6239506386344618,0.09566488612346911,0.0,0.0,2.7110050315748424e-11,0.34885720437218776,0.08834232005644584,0.29508759559711845,1.0164917518817873e-11,0.3846408396292999,0.04711498175191995,0.07936748595346038,0.0031593537067169074,0.004185903286199628,4.6081194415847904e-14,0.03181039290953367
2023-08-24,0.0,0.03946201118544502,2.0,0.02390329940374859,0.21402203811314907,0.6800053458045302,0.6239498057838321,7.233167983802207e-08,0.0,0.0,3.241868579140217e-11,0.3447263503379388,0.03523754594491468,0.09828770454897871,9.132729295036057e-12,0.31359594997864193,0.051280777092467214,0.02140220381186908,0.004329848497066073,0.10967213847190609,4.2424397328488794e-14,0.031988337965526414
2023-08-25,0.0,0.026386420922797818,0.0,0.03277227164882514,0.29715891050481275,0.08097136739802416,5.896725415592965e-07,6.43995713598582e-08,0.0,0.0,2.585827385548356e-11,0.010875063841591759,0.04251946431986238,0.39586039975959286,1.356161016818902e-11,0.47237624336428824,0.07665925352653451,0.029715891051054565,0.0038830628142552635,0.0835982837365411,1.501437862927446e-13,0.054497384170552915
2023-08-28,0.0,0.017233355409600474,0.0,0.012573706900853125,0.2824947422674517,0.06137098609384079,2.670401782835088e-07,2.4466391705928466e-08,0.0,0.0,5.884795428734435e-11,2.7755575615628914e-16,0.045350750244989774,0.14732667023821766,9.378380017022181e-12,0.1449035534145194,0.0415567261055144,0.028249474226745952,0.00139365439808967,0.0016991686775286643,0.0,0.06652933475598607
2023-08-29,0.0,0.013406679022021774,0.0,0.022764140281747648,3.590283949014882e-08,0.13162521512981723,8.969220309098283e-09,2.0503370254534545e-07,0.0,0.0,7.933836920770432e-11,1.1102230246251565e-16,0.044568358052146685,0.03127655078709242,8.697952080805038e-12,0.08264541149199343,0.0403808481129859,3.5902838792234437e-09,0.0024478737370667893,0.02202661461750497,2.922939668081881e-13,0.03036878136183607
2023-08-30,0.0,0.06128962786526207,0.0,0.05317681329774856,1.0130261248039476e-08,0.2943975349153335,2.1291918785647034e-08,4.397049639430851e-07,0.0,0.0,5.6038361451182794e-11,0.014748572064114618,0.08696170606221786,0.1815217880929529,1.1808630462351033e-11,0.2292048250560942,0.062150450466139845,1.0130260935659052e-09,0.009812272707663279,0.1036881850742155,0.0,0.05768301532705472
2023-08-31,0.0,0.006856142940442409,0.0,0.01614215741307786,4.591356049328729e-09,0.14492683696252046,3.25057301587585e-09,0.2725192569043937,0.0,0.0,1.1796646992578985e-11,1.942890293094024e-15,0.0735779360485404,0.26341148031395323,6.904428417886521e-12,0.16315278065093838,0.05047573674184661,4.5913553514687067e-10,0.0018534233391647136,0.001956271438299878,0.0,0.0048757174345594075
2023-09-01,0.0,0.02633431389763651,0.0,0.02339074865130609,7.056070579632928e-09,0.0,1.0264651744081392e-08,0.4653144871770757,0.0,0.0,1.2843365260195583e-11,0.026801966778254915,0.15819623622328965,0.3191817756502191,9.955612723100415e-12,0.2823926584478134,0.05686582392945524,7.056070693012284e-10,0.0025999364226609208,0.018685014185284933,2.5938973191586e-13,0.06953710285732476
2023-09-05,0.0,0.041521287293355275,0.0,0.016301653279193692,4.744258366800614e-09,0.15337645335936664,6.0025314547067946e-09,0.03095538155765983,0.0,0.0,4.092069044725477e-11,0.01581996554039783,0.26181982631191647,0.12065687470486054,2.8901853132978772e-11,0.12379591692776395,0.03308936694639933,4.744260297118164e-10,0.0024500108653010104,0.0027539828237770746,0.0,0.02324194688892775
2023-09-06,0.0,0.0408702876147221,0.0,0.026923253509585052,1.1768580076709194e-08,0.05343035023230828,1.886724740422697e-08,0.20000817832711448,0.0,0.0,6.700254934211003e-11,0.03515465969849901,0.11097249604901148,0.23179559709906575,1.254246706494655e-11,0.21688660437697843,0.06753661142161495,1.176858131779479e-09,0.003395446225521362,0.005440195917836907,0.0,0.117868841707884
2023-09-07,0.0,0.03404904008477267,0.0,0.02060465615793076,6.425740614178589e-09,0.11879590114029231,1.058676153528214e-08,2.3279953040783835e-07,0.0,0.0,1.1758399809380649e-10,0.005104768827141948,0.20442053032337015,0.10919231951609855,8.499721759758216e-12,0.1023338144281861,0.052153380607387945,6.42574240344862e-10,0.003419211352949862,0.05669191969503651,8.051892486093948e-14,0.09541019559738989
2023-09-08,0.0,0.023191257001220038,0.0,0.015526007451886467,9.492638489749618e-08,0.09346988313180239,8.927239432716101e-09,1.5004334389034954e-07,0.0,0.0,9.757852165170888e-11,4.996003610813204e-16,0.09735256260465261,0.11753009856503573,1.0517454962499784e-11,0.20261620532578306,0.03515467012700625,9.492639185121332e-09,0.0016147190780213087,0.06259160546723642,0.0,0.02971200372307906
2023-09-11,0.0,0.035087272407309286,0.0,0.02008768741253245,1.5355651234595764e-08,0.1059105069785436,7.973118994974505e-09,0.22214105023625197,0.0,0.0,4.216812315993579e-11,8.326672684688674e-16,0.14009279610632197,0.232184977767033,8.64228133501399e-12,0.2580401073434927,0.043802823518137704,1.5355652305260037e-09,0.004224974441389952,0.059363906092886116,0.0,0.0516633676390114
2023-09-12,0.0,0.022918634802076183,0.0,0.013883336255089404,5.753284782736398e-08,0.2247057544767986,5.942874143325971e-09,0.18569395135493627,0.0,0.0,5.923375678840159e-11,2.220446049250313e-16,0.12641957297206696,0.034885077903600854,1.7140150410099864e-11,0.12542946160492735,0.0334883824280735,5.75328506710604e-09,0.0018775880813228195,0.0024229151725999928,0.0,0.0014999166064811635
2023-09-13,0.0,0.021092714567205913,0.0,0.025459586978335055,2.6678551883748017e-08,0.25000000000000017,4.311567548426273e-09,0.18569397563856066,0.0,0.0,6.253712825365909e-11,1.1102230246251565e-16,0.3289289832350894,0.30977198011843887,1.2475083466245707e-11,0.20143578747545113,0.05350345555100429,2.667855259624874e-09,0.00445724931173401,0.005099819066225751,0.0,0.03132837207186792
2023-09-14,0.0,0.022987084009244013,0.0,0.04335423055251163,7.207870495633411e-09,0.0,6.857922562925444e-09,0.031905661590224635,0.0,0.0,6.777174654803986e-11,1.1102230246251565e-16,0.27555513396861886,0.15793901869192706,1.0287146134935199e-11,0.4463368034167679,0.04745955382609735,7.207870099390501e-10,0.0026136101525728907,0.0041962579160261144,0.0,0.01563053094858865
2023-09-15,0.0,0.15181920666302698,0.0,0.08635396392789631,5.856431858910675e-09,0.40791608627845444,1.8100270737022187e-08,0.29925957732498537,0.0,0.0,3.454191793705874e-11,0.01942845973871521,0.16904163397007646,0.282808867920953,1.3366911744139287e-11,0.24670777981117714,0.09933174423401898,5.856433081541379e-10,0.01589718349107433,0.036143129077093786,1.323924652610533,0.1151388805328116
2023-09-18,0.0,0.0303156288456628,0.0,0.03131969051210074,4.776619360201203e-09,0.15213012476968646,8.189629675517358e-09,0.520380383525987,0.0,0.0,4.034385325812906e-11,0.007205895873506618,0.0804412845015596,0.14978287479295097,1.5359033489481533e-11,0.11753630923123425,0.052986730366577216,4.776619863533504e-10,0.002469411188140886,0.05720985159679154,0.0,0.033597597491432166
2023-09-19,0.0,0.034186185967024135,0.0,0.01927628428219954,2.623155359568096e-09,0.1938768198165324,8.569358978863888e-09,0.4497769083019908,0.0,0.0,3.4579998586803384e-11,0.0009792264817887197,0.15191060028380082,0.2727333237266675,8.409703489142828e-12,0.1363778123153129,0.06942957815190118,2.623155581638059e-10,0.003362696641540555,0.025921578136277722,0.0,0.018964740493993573
2023-09-20,0.0,0.011872762178682038,0.0,0.010303475486947149,3.953897476425944e-09,0.1052631578947366,9.734323310719596e-09,0.26677354270425335,0.0,0.0,2.5198829134431833e-11,7.771561172376096e-16,0.04304631691223188,0.25980284926759556,1.527401816137086e-11,0.25105207642742905,0.05722615494643237,3.9538969320851436e-10,0.00148131413924759,0.026565016167448482,0.0,0.00755042885011545
2023-09-21,0.0,0.014097263439495872,0.0,0.014906373086763394,2.0603252070040457e-09,0.12661401668811773,5.019978553781205e-09,0.199999746942045,0.0,0.0,1.990326653489305e-11,6.661338147750939e-16,0.11323244364757541,0.06417419808123236,1.3736178861023518e-11,0.20208947061640106,0.04044787556662493,2.060325347830183e-10,0.0016510073628415826,0.017359087442739292,1.7765727040527923e-12,0.004380817752726632
2023-09-22,0.0,0.06038688190749967,0.0,0.032146625493768136,1.428842438826216e-09,0.16143568630082114,3.846470027157237e-09,0.19999999627908155,0.0,0.0,6.480074810077951e-11,0.00605366988076006,0.18696738793390721,0.1440336326957232,1.4376791424020041e-11,0.11408580646732414,0.04279971786668922,1.4288415936536403e-10,0.0057946923505026934,0.03962025067905456,0.0,0.013046936042748335
2023-09-25,0.0,0.05478000090420751,0.0,0.04374093623391845,6.994814955804777e-09,0.32232427379366235,3.6647805749416792e-09,0.1999999018161225,0.0,0.0,7.126108036992207e-11,0.032305394486896566,0.11977639517134883,0.18437770680591678,6.047419509602747e-12,0.1945566457518431,0.0422749907033592,7.005169430640557e-10,0.006373926456650161,0.04947782873486904,0.04776483967825394,0.07987216398214755
2023-09-26,0.0,0.012960095572310116,0.0,0.04107503412729987,1.4409231036308063e-09,0.056177949949949554,5.091674661804268e-09,0.31158472211622545,0.0,0.0,4.0164246928320324e-11,4.440892098500626e-16,0.09839310517489012,0.21732169732499312,1.122674869735718e-11,0.18765860668696704,0.051145350372457876,1.444116562443476e-10,0.0011985971568957074,0.0409413387237111,0.0,0.0771081586214597
2023-09-27,0.0,0.06883631544138186,0.0,0.045383757531213875,1.0648133568711505e-09,0.0,5.387004775112363e-09,0.1403461541088309,0.0,0.0,4.7132749092515525e-11,0.02557358172302826,0.21428175467141955,0.14118445710383268,7.625219899942692e-12,0.21519607640315974,0.07141892365472295,1.0663674110400478e-10,0.007029251806233285,0.0464963172944949,0.0716282970357482,0.04732562232100469
2023-09-28,0.0,0.04533772870853624,0.0,0.027260647827644452,1.1756060272741435e-09,0.09523809523809507,4.328779722834267e-09,0.1164923449210994,0.0,0.0,5.084210830119673e-11,0.00749497769611529,0.24859719819039888,0.03188581480178357,7.1895267517163575e-12,0.10522657313547228,0.04477787256843186,1.177351410808214e-10,0.004356976830508886,0.11465871262170735,0.0,0.030224011521664908
2023-09-29,0.0,0.07379835775518259,0.0,0.008771799811465355,2.644090487630419e-09,0.0012994791530470395,3.296484043790756e-09,0.19999998477348702,0.0,0.0,4.4524627040853915e-11,8.881784197001252e-16,0.24729042170288196,0.20215998649762798,1.290551693289288e-11,0.30710781940073006,0.05554271788343869,2.653216327197505e-10,0.0030047295493786826,0.058026024085942984,5.3530097021692313e-14,0.01845710830291731
2023-10-02,0.0,0.0644238714586094,0.0,0.043441632832029606,6.485998193001998e-10,0.2387391911159802,4.497823022109803e-09,0.01573223638658801,0.0,0.0,1.0725760557495079e-11,5.551115123125783e-17,0.06726317576663007,0.03236096748264268,6.8560851440579995e-12,0.31568935746299287,0.036560030184127776,6.53136017492173e-11,0.006459020533481304,0.023981266534851175,3.856984176486833e-14,0.033575733928564305
2023-10-03,0.0,0.07245735857720492,0.0,0.03144547713649301,3.457891609154291e-09,0.12942667864128843,1.0312756654725501e-08,0.21067162005062312,0.0,0.0,1.3755288574834879e-11,0.032992417608852076,0.44060309605668896,0.20340144898930815,8.911496540697783e-12,0.17491012311860366,0.06592815164339698,3.472369822232757e-10,0.006179701546639365,0.0650116269844032,0.0,0.007344965911588213
2023-10-04,0.0,0.05922250525498509,0.0,0.03301369778986721,6.801782888105345e-08,0.23394017971317815,1.3472294546643372e-08,0.27517733774152753,0.0,0.0,2.745252636326967e-11,0.6182671598470275,0.33217278523480737,0.18863079195002297,7.385932143666452e-12,0.18807339343176704,0.07481369847373337,6.801887768304038e-09,0.008962291728875381,0.03579953632978413,0.0,0.01500616894582667
2023-10-05,0.0,0.0752904652602466,0.0,0.07586139731940218,5.027498056863694e-08,0.20000000000000012,1.874057663243371e-08,0.30559611444348805,0.0,0.0,3.4823033345787735e-11,0.6182671598470275,0.16108444176750675,0.1592692832641153,6.732510382523316e-12,0.28922700024226233,0.049850691133764065,5.0274984453313465e-09,0.008348397413997264,0.022411728435082597,0.0,0.03545463141952872
2023-10-06,0.0,0.1070078116224981,0.0,0.03952951095340152,1.319680725477281e-07,0.19258695525769465,8.15736661304336e-09,0.35851490914085915,0.0,0.0,3.3781977215596726e-11,1.2212453270876722e-15,0.12365795048184482,0.28923857360496336,7.9456094481678e-12,0.258637578452765,0.04778703383023824,1.3196808770765678e-08,0.010230959865265534,0.06632693329144536,2.420980083073232e-14,0.23517737425465374
2023-10-09,0.0,0.02042755943072344,0.0,0.02209782766056831,2.0119616606600715e-07,0.0296352669645276,2.287537932554283e-08,0.2974902968197277,0.0,0.0,1.5437671974094513e-11,1.4432899320127035e-15,0.09522187230705664,0.1989111239443519,6.1275082230416444e-12,0.11946953075968249,0.03843902122828205,2.0119618207581347e-08,0.00309653565198063,0.12537880184703246,0.0,0.12970086634865413
2023-10-10,0.0,0.059385189036299836,0.0,0.03999054640211659,2.865814408157073e-08,0.07693720337797419,5.3160806414986044e-09,0.027779744202441812,0.0,0.0,5.622877163879991e-11,0.03202522893269916,0.17014058465447027,0.10478389936033085,3.6640259715170487e-09,0.1199157793477221,0.03265917821325269,2.865814772989861e-09,0.006689893275862894,0.04635674647295626,1.8485213360008856e-14,0.07307715551768097
2023-10-11,0.0,0.10691816641061672,0.0,0.06052393839025991,9.24057142457162e-08,0.33757795420471626,2.4157665536012343e-07,0.39178808379105573,0.0,0.0,9.445548510012003e-11,1.6304164020410143,0.2637121817685619,0.28949528616873815,4.53423597279734e-10,0.22588822576680484,0.0617241329617673,9.240571530177988e-09,0.010162962282284423,0.02841533635419765,0.17372129896224514,0.048957356824024176
2023-10-12,0.0,0.025457650169268313,0.0,0.03406569716828356,0.26251042426689897,0.09235968977316036,1.2937262563025483e-06,0.2359499578298037,0.0,0.0,9.027513458992331e-11,0.41231347779693484,0.0749625421729532,0.27193447929467,4.0896581260385645e-10,0.21010521424156647,0.06585295512037287,0.026251042426689804,0.0011022829465438394,0.1540517374630375,3.979433102485608e-12,0.11315523502350652
2023-10-13,0.0,0.06138359846928658,0.0,0.038951337897718666,0.350956275650994,0.07426705171935406,1.3491445821035014e-06,0.6377309867999353,0.0,0.0,6.136214453222877e-11,0.10798061709182667,0.28771811361975674,0.3582370194195979,8.056541336842749e-10,0.20237715242849377,0.06420758034301123,0.03509562756509938,0.0032139944028054326,0.009268680523098581,0.0,0.24911213962124146
2023-10-16,0.0,0.019987121852293534,0.0,0.008399921797550523,0.4422997300354981,0.09934930003018169,7.089035698593885e-08,0.36226808456903875,0.0,0.0,5.836636035594367e-11,1.592476150946709e-13,0.15857082328117061,0.2761821134163067,4.0736141335151466e-09,0.1750247433055589,0.0475029638277189,0.04422997300354992,0.0005026551925274673,0.13160009417920676,1.0666988126128985e-12,0.054877309520106166
2023-10-17,0.0,0.11663975548973834,0.0,0.0832355442263735,0.2771135504310173,0.31106189948690854,4.357908526374538e-07,0.4354470043499241,0.0,0.0,3.3175677482955024e-11,0.03864896908678361,0.11175137476672085,0.3202575707687707,7.42134131925809e-12,0.20517569795261276,0.036216736891174696,0.027711355043101658,0.015223352723988628,0.046271195064189946,0.0,0.06050140598564657
2023-10-18,0.0,0.033643374191509395,0.0,0.038249405048582374,0.17511474337303198,0.4054963852684078,4.3913541073447934e-07,0.17446759295840622,0.0,0.0,3.758277716814362e-11,0.8986829744805711,0.22942942552413848,0.39135147441081597,5.303826822178337e-12,0.1878886417903209,0.07565080738774296,0.01751147433730189,0.00587902708483351,0.05166839870340359,6.8833827526759706e-15,0.0333525080558398
2023-10-19,0.0,0.04392364055311976,0.0,0.0773623232231254,0.34382219851482754,0.24867640833643395,6.138429587527654e-07,0.1825288047698712,0.0,0.0,4.339608533632244e-11,0.02337574952287469,0.16076703584202728,0.343121506821593,6.607443758799292e-12,0.2852262759097171,0.0691912102084029,0.03438221985147563,0.008792696529170158,0.1371169921377115,0.11210098844845673,0.08640920642893514
2023-10-20,0.0,0.033720151447232935,2.0,0.021360622314804276,0.7300051794452376,0.09121259918323829,1.9999997923893478,0.3411701722326504,0.0,0.0,6.499990823360946e-11,0.3493993655765417,0.2409744867565626,0.3587470652632932,8.268254136911679e-12,0.23935795810496008,0.06187713108913143,0.07300051794452364,0.0058758265938297395,0.09170974987194241,0.0,0.11939136656929886
2023-10-23,0.0,0.023491071702646603,2.0,0.042429761025997506,0.3418307792543786,0.07942273376742642,1.9999997803730196,0.12785269340692415,0.0,0.0,4.02643682284598e-11,0.02375290307264563,0.25936690587105204,0.16701834799412135,1.0772861769314801e-11,0.18198018796805476,0.07572416559776322,0.03418307792543909,0.004836426134769107,0.11514404615364116,9.72559706380327e-13,0.1047259533315
2023-10-24,0.0,0.041601681113081934,0.0,0.03970238344197945,0.1319415727791294,0.1176470588235293,0.7309667965200827,0.1741066279442055,0.0,0.0,4.032679051801935e-11,0.21194871312389504,0.239463950687958,0.3508354830698228,6.148082043466729e-12,0.2818616866017971,0.09885516071941616,0.013194157281350309,0.004458027500798472,0.019293615011517093,0.0,0.12162179516072313
2023-10-25,0.0,0.1477826291262644,0.0,0.09642726542266476,0.4023213613056653,0.07647073952304062,0.7309661178938909,0.04533660935650457,0.0,0.0,3.542552362567619e-11,0.21194871312389046,0.2551281300064822,0.2593991310086079,3.326228244227014e-09,0.2901044348150079,0.06986276102477156,0.04023213613230079,0.020332383185433293,0.13126260886240587,0.0,0.15028503272252472
2023-10-26,0.0,0.09227059839933496,0.0,0.06220636416054061,0.48017857355103094,0.07974781817587345,1.1214309567463176e-06,0.599999988263892,0.0,0.0,3.8285527526049634e-11,0.6678275766039556,0.18597899018529662,0.46515670773245416,4.583044846406814e-10,0.4700227869538344,0.08597511243352371,0.04801785735510308,0.009206022387118824,0.0636084485224637,0.0,0.11333760725688886
2023-10-27,0.0,0.03290916959722243,0.0,0.0481500277243332,0.35111614774087596,0.2346738136310062,3.198782750569372e-07,0.412293204719129,0.0,0.0,4.018126803506661e-11,2.581268532253489e-15,0.34522487882537023,0.27241588477901907,3.3878911898099773e-09,0.4336441728642993,0.0801507730123675,0.035111614776509426,0.006755758439065885,0.07021003115514471,9.570408701642386e-13,0.15660949399316568
2023-10-30,0.0,0.12978194770844784,0.0,0.12513551033334458,0.4783200233343018,0.1538705939706032,3.521437107662072e-07,0.6517556299510496,0.0,0.0,1.4018015914718518e-11,1.2238721173237264,0.3806248415758417,0.8411772310244158,1.463816567959242e-11,0.5656757665496049,0.17402660331441294,0.04783200233585186,0.010218856395451767,0.05557569030814771,0.5422295857057406,0.1707842143484283
2023-10-31,0.0,0.06790846217858507,0.0,0.06272226438711914,4.748847380609239e-08,0.15384615384615374,1.1103058444516236e-08,0.19999996266088682,0.0,0.0,1.4142194360022842e-11,1.2238721173237266,0.07277620429569816,0.34530475857160936,8.336144274867507e-12,0.27266601262868095,0.08535973042985581,4.748847363955644e-09,0.007020573528165382,0.07478610752628426,0.0,0.13188979573195855
2023-11-01,0.0,0.10482489700592026,0.0,0.1358253719735691,1.28582817466141e-08,0.3076923076923076,4.616869603506832e-09,7.437334677114572e-08,0.0,0.0,1.575283653520998e-11,1.1102230246251565e-16,0.14786194742670958,0.2637467800680053,7.960992975952763e-12,0.352783287478997,0.07820414622929502,1.2858279302419007e-09,0.016195325028191165,0.06654137462989891,0.0,0.17687294711695603
2023-11-02,0.0,0.016537861263950175,0.0,0.026074524524240094,3.0867404775667565e-09,0.10811442044153176,1.738740270945668e-09,5.933648094452264e-08,0.0,0.0,1.6687491666278476e-11,0.0,0.06913944917554443,0.09091342508619524,8.827001629629905e-12,0.20285283990737457,0.059483585072608605,3.091416324318974e-10,0.002326651210834682,0.06735854510843062,0.0,0.015207034706725808
2023-11-03,0.0,0.05745290290944789,0.0,0.047084566858453025,1.4838702499403444e-09,0.2049541482515745,3.8711726372173216e-09,1.7285562587827842e-08,0.0,0.0,1.509905395158384e-11,2.220446049250313e-16,0.16397575606756787,0.06324756207519967,4.199411651750751e-12,0.09848093666558351,0.029558671488695027,1.4913387885728824e-10,0.0066673141537611745,0.005479257388267501,0.0,0.1206234574134029
2023-11-06,0.0,0.05041326326753137,0.0,0.046450332269367345,1.1926562951461004e-09,0.23121713397184818,2.938811686132912e-09,0.3999999928387514,0.0,0.0,5.848627138149709e-11,5.273559366969494e-16,0.34733508201809016,0.3063745740290237,3.932557342267717e-09,0.2031782783928087,0.08150810319077723,1.195985428747992e-10,0.008357250061704426,0.047093677407336804,0.0,0.02429116692837721
2023-11-07,0.0,0.017041099975504848,0.0,0.02812732558740709,1.1672022525699202e-09,0.15039066719070537,5.074616139351633e-09,0.20000000785251135,0.0,0.0,4.5996290110039695e-11,4.163336342344337e-16,0.27613992724861597,0.15711611157538158,3.929235305177858e-09,0.15360162896517993,0.10271464939453889,1.1799993968053535e-10,0.004020723416855439,0.030126623788994007,1.5954251808558695e-14,0.13777751014407918
2023-11-08,0.0,0.041040699199819,0.0,0.043566024596625195,5.276761723088584e-09,0.3086836491219207,4.0514608696608125e-09,3.0481188851946016e-09,0.0,0.0,3.825110367339235e-11,5.551115123125783e-17,0.09563513705464237,0.4503170052628966,7.436794235982092e-12,0.3054516568879794,0.08729337741470292,5.304045189169493e-10,0.007680097055776547,0.08114190142498451,1.699508589414478e-14,0.08887015288426407
2023-11-09,0.0,0.03646124731430808,0.0,0.039471845703157246,3.4104578822994172e-09,0.04426752375836222,2.8527078670756332e-09,0.03730172252603923,0.0,0.0,1.5136746023269865e-11,2.498001805406602e-16,0.18466755633228685,0.059789426229303416,5.300232475136113e-12,0.12264033854809596,0.04441871268490405,3.4240945495644937e-10,0.004566285689563101,0.08045629252781095,0.0,0.10579044439332391
2023-11-10,0.0,0.04273055093387894,0.0,0.04963849799011989,1.1724549237622215e-09,0.0,3.5619760961011898e-09,0.019354296363935427,0.0,0.0,4.348590931790852e-11,4.718447854656915e-16,0.09582181555691517,0.07994261616912775,4.486633287115183e-12,0.1361096358518699,0.050991130211073765,1.1755238449318028e-10,0.005450420518456844,0.02756040068197361,0.0,0.058419737323143615
2023-11-13,0.0,0.08010778943620281,0.0,0.07652847761850266,1.1575708774185587e-09,0.10802961295895458,6.2475505343505855e-09,0.017947383473298155,0.0,0.0,4.3516336367677155e-11,0.10111514450057398,0.3671702538145708,0.06915157611046772,1.0168310637936884e-11,0.23411135630932448,0.07032359121985439,1.1636332175601893e-10,0.013686620605399723,0.15218436381766487,0.2979278433039845,0.08625683406710127
2023-11-14,0.0,0.17533424703839087,0.0,0.13919640647084253,7.632068722436923e-10,0.2543843176243484,6.0605293317621e-09,2.848449030335711e-08,0.0,0.0,6.054121093335141e-11,0.6625671377375029,0.08192922564850388,0.038901166174519365,1.1815326494968303e-11,0.16567837130550558,0.05580305406948573,7.669661780673742e-11,0.034336721526136094,0.08353187757687164,2.5113591761716236e-14,0.14183953808490973
2023-11-15,0.0,0.055526475687620744,0.0,0.07391838182472989,5.252541901080405e-09,0.13181143771461748,4.1696589180518106e-09,1.4542662659954497e-07,0.0,0.0,8.354613528771537e-11,0.6625671377375036,0.16070874547133812,0.10595493854939193,8.863819400684037e-12,0.21012690138094137,0.053972861451894984,5.262798877248009e-10,0.006006166609483336,0.0501072582207603,0.0,0.1000463864008776
2023-11-16,0.0,0.023956462922347096,0.0,0.026222137603048937,5.40189451540938e-09,0.051711965333807175,4.734425991280931e-09,0.08624969789397544,0.0,0.0,4.562061839408216e-11,0.6625671377375038,0.2666594738528911,0.2180716094716022,1.094022095138314e-11,0.3083106781854951,0.06345252763104121,5.416743512065558e-10,0.004096344046024335,0.004731365776442752,3.0436764220098667e-13,0.13168010461670648
2023-11-17,0.0,0.10579991641184883,0.0,0.10069530180395515,3.6495265674976952e-09,0.10930169052547137,8.73034641860209e-09,0.08624975539208055,0.0,0.0,3.3527576548397775e-11,0.6625671377375024,0.8124540583456387,0.24520633531229727,9.254486066367917e-12,0.2561606243856406,0.09650092326759946,3.6667161668058057e-10,0.0038687369656222152,0.17796239742909473,0.03272719687231999,0.14409159900322158
2023-11-20,0.0,0.021284783848966704,0.0,0.017662462997504014,0.2213172799904489,0.14285714285714282,4.1124279483097394e-07,1.1758906610649328e-09,0.0,0.0,3.138225096455116e-11,2.275957200481571e-15,0.16182100581701575,0.34594755111182496,3.588244423813336e-09,0.3930195064518261,0.08206450449878246,0.02213172799905615,0.0015148103913180527,0.06722461488018162,5.5132764673060386e-14,0.04716859771692364
2023-11-21,0.0,0.03042689261730494,0.0,0.02747317954547013,0.17444144764777186,0.2005787736693836,2.815135241292045e-07,1.401139292612432e-07,0.0,0.0,1.8398761680860076e-11,2.7478019859472624e-15,0.044841296436779636,0.20012819600279658,3.5854833477233505e-09,0.2425091297409038,0.06885812412577066,0.017444144764777226,0.002733361077183853,0.15328668562127123,5.230820117330115e-14,0.04076858411075286
2023-11-22,0.0,0.040968221615090644,0.0,0.025194782531273305,0.11533030751064734,0.28000343915710146,1.301786925784832e-07,0.03636246448670665,0.0,0.0,3.962519201650139e-11,1.762479051592436e-15,0.10320753661120466,0.12651521618522724,3.1878388817574432e-12,0.25575423427086863,0.04679236343356971,0.011533030751064818,0.003993002677475755,0.12305432718494952,2.641613056769687e-13,0.061346325951447386
2023-11-24,0.0,0.016046001824443306,0.0,0.03809235549317099,0.26199702098001837,0.20449335173471295,7.587304856069894e-07,0.03636251648654591,0.0,0.0,4.365503097902845e-11,3.7470027081099033e-16,0.2056169610948853,0.08834096104886352,4.044042878348364e-12,0.1921186571364967,0.053905740143979655,0.026199702098001938,0.0015050513768334814,0.004371331826061954,0.0,0.027800395945299202
2023-11-27,0.0,0.039601858894858594,0.0,0.043857262473757735,0.3289457070442863,0.10898712761933756,8.409705117110809e-07,0.19999989147461272,0.0,0.0,2.5375944401329065e-11,9.575673587391975e-16,0.05109718998448784,0.06287385326508801,3.896108623224759e-09,0.28168954709150396,0.02757651261113228,0.03289457070442868,0.005567504637907027,0.12230699041028609,0.0,0.03915741301252674
2023-11-28,0.0,0.008057748794740036,0.0,0.007046097857583141,0.23565137102222194,0.052278925824958335,4.4047791880651756e-07,0.12808781874013708,0.0,0.0,1.5334081920892473e-10,8.326672684688674e-16,0.04720814655981308,0.09818935548848957,8.277744947826626e-10,0.24563314948989717,0.03973409939650842,0.02356513710221945,0.0011822515976161047,0.027418841164522454,0.0,0.10017493897908444
2023-11-29,0.0,0.013398455615671566,0.0,0.010370441270449029,0.05388533093297746,0.1662269919135208,8.570131777857737e-07,0.07191217115465838,0.0,0.0,1.605331978460356e-10,6.106226635438361e-16,0.010217337876795752,0.10191167984928053,2.5098900041653494e-10,0.22876288802983824,0.03915023510999653,0.00538853309329777,0.0013852538957693436,0.10791832154136291,0.0,0.01025052728081817
2023-11-30,0.0,0.027079789989536855,2.0,0.03204243865586859,0.35800574062722734,0.49625512441370984,1.999996148444265,1.0022852396947488e-06,0.0,0.0,5.449080769936998e-11,5.967448757360216e-16,0.20772022061776563,0.09575369984984458,5.369183292414093e-10,0.3333878545456068,0.04938846881429547,0.03580057406273916,0.0074279345023696396,0.12243653527695564,2.600558657306351e-13,0.148054541660545
2023-12-01,0.0,0.047779514465098406,2.0,0.06024588366586663,1.5509427021185247,0.22773755760994857,1.999999898082701,9.804512408257766e-07,0.0,0.0,5.17030099289606e-11,0.4519331447770561,0.3031370572778931,0.5325830238982004,1.0261199528960319e-09,0.9259131704925542,0.08783990047816206,0.15509427021190214,0.008066663306629671,0.10863588674595562,2.381862068689955e-14,0.021863411885819355
2023-12-04,0.0,0.13469568707718158,0.0,0.08986911270442811,0.4490572061400543,0.19391890530123118,3.9039073827105355e-08,0.19999963161570097,0.0,0.0,4.748663268161479e-11,7.771561172376096e-15,0.24039734625061482,0.223185264417894,8.747801025221769e-10,0.4561868366035073,0.06282812683836544,0.04490572061400584,0.01967043605547254,0.12781345295478694,0.0,0.03744622509916879
2023-12-05,0.0,0.0030697595138808845,0.0,0.026828424018289616,1.0449601838727895e-07,0.1449033444479343,2.9657911450652393e-09,3.5547542484014834e-07,0.0,0.0,5.886479498284913e-11,6.716849298982197e-15,0.2519472675244858,0.3710902862333525,4.3263678750626866e-10,0.4060108986646797,0.09044875609499041,1.0449602773354716e-08,0.0025942049726952777,0.16711067101418162,1.068520705943543e-12,0.027207417208914793
2023-12-06,0.0,0.010911914154715745,0.0,0.03145765635804874,5.677427980880194e-10,0.20953397996890574,2.748003948799738e-09,0.19999998854977497,0.0,0.0,9.453051535990298e-11,5.495603971894525e-15,0.32871700853033725,0.06392230895139499,3.961773409333347e-10,0.1433205900685381,0.05900956002400818,5.686488432909975e-11,0.0018986787265590326,0.005856181503490144,1.067248719954783e-12,0.06898632591500108
2023-12-07,0.0,0.05010724382124423,0.0,0.0593791282648745,1.066355833307505e-09,0.0718475461933504,5.1689012193739255e-09,4.980042704171733e-09,0.0,0.0,8.695102277078703e-11,0.8279801954493985,0.1508849067871803,0.3136105824625438,6.540666966370345e-10,0.15621830374613918,0.09271626818650314,1.0707753433925049e-10,0.008830339222198547,0.06646331446273432,2.839018083122813e-13,0.09758655402940161
2023-12-08,0.0,0.039586640202166255,0.0,0.04388347733953831,2.8885111204923473e-10,0.2285185993608598,3.757810098328129e-09,6.206648529416523e-09,0.0,0.0,3.87175499994008e-11,1.0824674490095276e-15,0.03357416007075757,0.09305982058784527,4.3797016707758374e-10,0.16319703538697605,0.06740971864885431,2.908520993494257e-11,0.006967305347384559,0.006450309628267748,4.315083446809753e-13,0.07065894789518194
2023-12-11,0.0,0.007656382807964262,0.0,0.006959508118246559,8.991398926299525e-11,0.07623122609655797,4.931711939922074e-10,0.023950972923854463,0.0,0.0,1.9619061236708646e-10,6.106226635438361e-16,0.17795777815638933,0.07608389899716547,5.685521081710831e-10,0.08367587935669737,0.056279777604494666,9.092969432966669e-12,0.000473744438424354,0.008524806032486636,0.0,0.03025060622340035
2023-12-12,0.0,0.015630903026261973,0.0,0.0155166890507026,1.4514725236217346e-10,0.1391231059421445,9.041902842825583e-10,0.1760490024354806,0.0,0.0,2.0459201693912021e-10,3.191891195797325e-15,0.11625182265226514,0.18038196414535979,3.0583823668051124e-10,0.05461977811245222,0.0476914091132719,1.459070017584274e-11,0.0030158981341723012,0.0028081327477350523,1.6281919389127264e-13,0.055898110274249804
2023-12-13,0.0,0.05566805216622278,0.0,0.04845197763606735,7.017198497744328e-11,0.23796006860632946,1.4127620970409459e-09,4.7825729461088606e-09,0.0,0.0,3.331757092439602e-11,4.232725281383409e-15,0.16104890740397626,0.05044934642601586,6.133548807740752e-10,0.13268824938879503,0.03613579364927803,7.115464467633004e-12,0.0056313090711605715,0.16406557425254603,1.9593051139854545e-14,0.05416249837084114
2023-12-14,0.0,0.07972821984039727,0.0,0.0666821014778066,6.111412979615383e-11,0.1620676294468622,1.506663787329176e-09,0.1999999541098723,0.0,0.0,1.8031666437767768e-11,2.7478019859472624e-15,0.0990583560742542,0.029410880533475202,6.886271136652411e-10,0.1067630506243583,0.04508095334771823,6.111451622548003e-12,0.011350676821949249,0.16793921963346065,3.052549532589488e-14,0.1464606110321242
2023-12-15,0.0,0.06600001455524974,0.0,0.03230783307691952,3.6037419627892606e-10,0.24205604032486744,2.5188824641318785e-09,0.1888389247307961,0.0,0.0,3.4445973851049416e-11,1.1102230246251565e-15,0.1914051167535419,0.11565832622217988,1.1251484674512646e-09,0.10900941444863294,0.08065171005621646,3.633323850116277e-11,0.0018608379661844872,0.02454932986174876,0.0,0.1602302277749145
2023-12-18,0.0,0.012658735176691277,0.0,0.009088226029485722,3.845160765196142e-10,0.13623223503148013,1.6474006970586112e-09,0.01116088913046402,0.0,0.0,3.797090419865867e-11,0.4742483785305788,0.12125014887531674,0.05431023228100238,2.7940504770951335e-10,0.04786628389323067,0.04258812625985323,3.8451505868231095e-11,0.001629054127201799,0.0757563930808123,5.989306273157524e-14,0.04560142656091682
2023-12-19,0.0,0.10577886395506751,0.0,0.06441291639682067,1.498085445414119e-10,0.19003418936890065,2.9126791779899006e-09,0.19999971465629948,0.0,0.0,5.2284010454428653e-11,0.6413428004829678,0.2328667528160735,0.037035496270205505,6.651644096633547e-10,0.11451344540139619,0.07758573870208307,1.498081173001431e-11,0.01427980310216426,0.09064890442313064,1.0837923274355008,0.0817355930124461
2023-12-20,0.0,0.06582948693486793,0.0,0.05171078166704,3.971384955277313e-10,0.03796933404043422,3.070133413173216e-09,1.2058067043466605e-07,0.0,0.0,5.426625815374564e-11,2.2537527399890678e-14,0.22181618591959207,0.035994932995396585,2.461202561199194e-10,0.04320897402497807,0.046492944319428874,3.971372189437439e-11,0.006217046198006421,0.06997062245513999,0.0,0.07036487711040393
2023-12-21,0.0,0.05491780559308807,0.0,0.03975205581078327,2.8399630433654354e-10,0.03796933404043422,1.8573050849828558e-09,1.1992120160826471e-08,0.0,0.0,5.285857862524779e-11,0.015310357051059507,0.13922215181942493,0.024609445772117346,9.080472276878915e-10,0.07735044133437215,0.0538028590532608,2.8399581297744447e-11,0.00653038814568823,0.006943090601960857,0.12533427537413339,0.09480187778195845
2023-12-22,0.0,0.025548148935859154,0.0,0.02039916859721966,7.451331626546654e-10,0.00027856288680830343,2.2415229313027056e-09,6.289196734225392e-10,0.0,0.0,4.2983595849310774e-11,6.522560269672795e-16,0.04426098486359976,0.03974996537298415,5.224550722604526e-10,0.012695142993403586,0.05496636302085766,7.45132809620852e-11,0.0030893156625084947,0.0028831809903066222,0.0,0.08361463345718853
2023-12-26,0.0,0.04855472766593351,0.0,0.09112596784229618,3.2357757066924773e-09,0.10552705957697604,3.2965027710788645e-09,7.247746052867876e-10,0.0,0.0,2.707677831947919e-11,1.4918621893400541e-15,0.17448186909783014,0.08347727346660251,5.759417248674126e-10,0.028305216529166472,0.04732792593564584,3.235776473153873e-10,0.008900026267109024,0.036763488285298594,4.798939023942239e-14,0.11101198525185406
2023-12-27,0.0,0.031004316948857982,0.0,0.022311270534785925,0.1020740604360486,0.0,2.3556206236054e-07,2.202290861300847e-09,0.0,0.0,4.696546623828013e-11,1.6445178552260131e-15,0.11172290801749184,0.27804841879337705,6.216433132144594e-10,0.45466234182690063,0.08621308897270893,0.010207406043603331,0.004516278183125673,0.021503095364432807,0.0,0.07396076005510166
2023-12-28,0.0,0.015455425551992374,0.0,0.005993232887305011,0.00823929169187537,0.0,4.523047941683759e-09,1.569906988131898e-09,0.0,0.0,4.247149160141461e-11,1.096345236817342e-15,0.009153172100237129,0.0021541054491355026,1.2597626206090062e-09,0.12161291727217685,0.019555120475329923,0.0008239291691876129,0.0016851896631502258,0.002354692684318614,0.0,0.1309773866505104
2023-12-29,0.0,0.011428483069822545,0.0,0.007985633918318693,0.17084414322573446,0.11111111111111127,1.3188032868631627e-07,1.14618141066612e-09,0.0,0.0,6.198228735820877e-11,1.6653345369377348e-15,0.057156230376079295,0.04469164490689934,5.3596666133026716e-09,0.13973847542360965,0.04465931471914107,0.01708441432257359,0.0008446001706855222,0.0018159230370163489,0.0,0.12353119182314713
